# Resource object code (Python 3)
# Created by: object code
# Created by: The Resource Compiler for Qt version 6.6.0
# WARNING! All changes made in this file will be lost!

from PySide6 import QtCore

qt_resource_data = b"\
\x00\x04\x05!\
\xff\
\xd8\xff\xe0\x00\x10JFIF\x00\x01\x02\x01\x00H\x00\
H\x00\x00\xff\xe1\x05\xbbExif\x00\x00MM\x00\
*\x00\x00\x00\x08\x00\x07\x01\x12\x00\x03\x00\x00\x00\x01\x00\
\x01\x00\x00\x01\x1a\x00\x05\x00\x00\x00\x01\x00\x00\x00b\x01\
\x1b\x00\x05\x00\x00\x00\x01\x00\x00\x00j\x01(\x00\x03\x00\
\x00\x00\x01\x00\x02\x00\x00\x011\x00\x02\x00\x00\x00\x14\x00\
\x00\x00r\x012\x00\x02\x00\x00\x00\x14\x00\x00\x00\x86\x87\
i\x00\x04\x00\x00\x00\x01\x00\x00\x00\x9c\x00\x00\x00\xc8\x00\
\x00\x00H\x00\x00\x00\x01\x00\x00\x00H\x00\x00\x00\x01A\
dobe Photoshop 7\
.0\x002024:04:28 17\
:30:08\x00\x00\x00\x00\x03\xa0\x01\x00\x03\x00\
\x00\x00\x01\xff\xff\x00\x00\xa0\x02\x00\x04\x00\x00\x00\x01\x00\
\x00\x08\x00\xa0\x03\x00\x04\x00\x00\x00\x01\x00\x00\x04\x80\x00\
\x00\x00\x00\x00\x00\x00\x06\x01\x03\x00\x03\x00\x00\x00\x01\x00\
\x06\x00\x00\x01\x1a\x00\x05\x00\x00\x00\x01\x00\x00\x01\x16\x01\
\x1b\x00\x05\x00\x00\x00\x01\x00\x00\x01\x1e\x01(\x00\x03\x00\
\x00\x00\x01\x00\x02\x00\x00\x02\x01\x00\x04\x00\x00\x00\x01\x00\
\x00\x01&\x02\x02\x00\x04\x00\x00\x00\x01\x00\x00\x04\x8d\x00\
\x00\x00\x00\x00\x00\x00H\x00\x00\x00\x01\x00\x00\x00H\x00\
\x00\x00\x01\xff\xd8\xff\xe0\x00\x10JFIF\x00\x01\x02\
\x01\x00H\x00H\x00\x00\xff\xed\x00\x0cAdobe\
_CM\x00\x02\xff\xee\x00\x0eAdobe\x00d\
\x80\x00\x00\x00\x01\xff\xdb\x00\x84\x00\x0c\x08\x08\x08\x09\x08\
\x0c\x09\x09\x0c\x11\x0b\x0a\x0b\x11\x15\x0f\x0c\x0c\x0f\x15\x18\
\x13\x13\x15\x13\x13\x18\x11\x0c\x0c\x0c\x0c\x0c\x0c\x11\x0c\x0c\
\x0c\x0c\x0c\x0c\x0c\x0c\x0c\x0c\x0c\x0c\x0c\x0c\x0c\x0c\x0c\x0c\
\x0c\x0c\x0c\x0c\x0c\x0c\x0c\x0c\x0c\x0c\x01\x0d\x0b\x0b\x0d\x0e\
\x0d\x10\x0e\x0e\x10\x14\x0e\x0e\x0e\x14\x14\x0e\x0e\x0e\x0e\x14\
\x11\x0c\x0c\x0c\x0c\x0c\x11\x11\x0c\x0c\x0c\x0c\x0c\x0c\x11\x0c\
\x0c\x0c\x0c\x0c\x0c\x0c\x0c\x0c\x0c\x0c\x0c\x0c\x0c\x0c\x0c\x0c\
\x0c\x0c\x0c\x0c\x0c\x0c\x0c\x0c\x0c\x0c\x0c\xff\xc0\x00\x11\x08\
\x00H\x00\x80\x03\x01\x22\x00\x02\x11\x01\x03\x11\x01\xff\xdd\
\x00\x04\x00\x08\xff\xc4\x01?\x00\x00\x01\x05\x01\x01\x01\x01\
\x01\x01\x00\x00\x00\x00\x00\x00\x00\x03\x00\x01\x02\x04\x05\x06\
\x07\x08\x09\x0a\x0b\x01\x00\x01\x05\x01\x01\x01\x01\x01\x01\x00\
\x00\x00\x00\x00\x00\x00\x01\x00\x02\x03\x04\x05\x06\x07\x08\x09\
\x0a\x0b\x10\x00\x01\x04\x01\x03\x02\x04\x02\x05\x07\x06\x08\x05\
\x03\x0c3\x01\x00\x02\x11\x03\x04!\x121\x05AQa\
\x13\x22q\x812\x06\x14\x91\xa1\xb1B#$\x15R\xc1\
b34r\x82\xd1C\x07%\x92S\xf0\xe1\xf1cs\
5\x16\xa2\xb2\x83&D\x93TdE\xc2\xa3t6\x17\
\xd2U\xe2e\xf2\xb3\x84\xc3\xd3u\xe3\xf3F'\x94\xa4\
\x85\xb4\x95\xc4\xd4\xe4\xf4\xa5\xb5\xc5\xd5\xe5\xf5Vfv\
\x86\x96\xa6\xb6\xc6\xd6\xe6\xf67GWgw\x87\x97\xa7\
\xb7\xc7\xd7\xe7\xf7\x11\x00\x02\x02\x01\x02\x04\x04\x03\x04\x05\
\x06\x07\x07\x06\x055\x01\x00\x02\x11\x03!1\x12\x04A\
Qaq\x22\x13\x052\x81\x91\x14\xa1\xb1B#\xc1R\
\xd1\xf03$b\xe1r\x82\x92CS\x15cs4\xf1\
%\x06\x16\xa2\xb2\x83\x07&5\xc2\xd2D\x93T\xa3\x17\
dEU6te\xe2\xf2\xb3\x84\xc3\xd3u\xe3\xf3F\
\x94\xa4\x85\xb4\x95\xc4\xd4\xe4\xf4\xa5\xb5\xc5\xd5\xe5\xf5V\
fv\x86\x96\xa6\xb6\xc6\xd6\xe6\xf6'7GWgw\
\x87\x97\xa7\xb7\xc7\xff\xda\x00\x0c\x03\x01\x00\x02\x11\x03\x11\
\x00?\x00\xe0\xdf\x91\x8e\xe6\xd6\xd1V\xd2\xc6\x80\xe7H\
\x12`n\xfa#\xf7\xbf}+\xad\xa6\xcb\x0b\x9b^\xd0\
{\x07q\xff\x00EUN\x0c-P[\x07,\x8e\xf5\
\xfe,R\xee\x11\xa0\x83\xf1H<\xa8n\x09\xe4x\xa7\
Z\xdbN\xd7h\xa6,#\xcdWi\x85)N\xb5\xc0\
\xbaX\x17\xb7\x7f\xa4\xe3\xec\xb0\xc0\x9e\xce\xed\xfez\xb5\
eQ\xd9b\xb5\xc4\x19\xfb\xd6\xf65\x83+\x18Xu\
{}\xb6|\x7f5\xff\x00\xdbj\x92\x13\xa1Ev\xed\
7\xb2\x10\x9c\xd8W\xad\xadU{S\x8c\xad4\xd7v\
\x81\x0c\x84g\xb5\x0d\xc1 mi\x08\x9c\xa2T\xc8Q\
)\x12\xb4\xb0)\x8ar\xa0J\x16\xb0\xbf\xff\xd0\xf3p\
\xf5 ACN\x16\x8f\x11_i\x13J\x86\xe2<\xd4\
\x83\x81\xe3\xeeN\x12\x056\xb8\xd1HX{\xfd\xea\x09\
#t\xab\xa6\xc3L\xad.\x91\x94)\xc9\x0dy\x8a\xad\
\xf6;\xca~\x83\xbf\xb2\xf5\x91[\xe0\xc1\xe0\xf0\xac0\
\xf6O\x89\xb6H\x17\xa5\xc8\xaa\x09\x0a\x8d\x8dD\xc3\xce\
\xf5\xab\x15\xda\x7fH\xd1\x12\x7f8x\xff\x00YN\xc6\
\x02\x802\x06\x8bdB\xc5\x86\x83\xda\x82\xe0\xad\xd8\xc5\
]\xcdR\xc4\xb1\xca\x05\x01\x08nFpBr6\xc7\
 \x89\xc8d\xa9\xbc\xa1\x94\x09c/\xff\xd1\xf3T\xe8\
in2\xae\xf1\xae\xb6E$\xdb\x82\x5c\xa1`\xec\xa6\
A\xfe?z\x92\x1aA\xc4|\x13\x84\xfb\xa9\x22-w\
m\xd1\xda\x8f\x14\x10\xe0xN\xa4\x12\xea\x12$F\xae\
\x95O\xd09\xa7\xe0B\xbe\xdc\x82\xe6\x89\xd7\xe2\xb0j\
\xb9\xf5:[\xa8<\xb4\xf0V\x8d\x19\x0c\xb4K\x0e\xa3\
\x96\x9eB\x9e\x13\x12\xd0\xee\xdb\xc3\x94\x1d:\xf6m\xba\
\xc9\xec\x10\x9c\xe5\x1fQD\xbc'\xe8\xcad\x0a\xceA\
\xb0\x80\x14\xde\xf5Z\xc7&\x12\xc12\x11\xb8\xea\xa0O\
d\xcex\xf8\xa8n*36\xb9/\xff\xd2\xf3\x19K\
\x84\xa5%d\x94\xa94\xf7H\x94\xc9\xa9d\x1d\xe2\x9f\
\xe0\xa0\x900\x88\x91\xea\xa6jA\xc7\xba\x80 \xfcS\
\xa9\x01\xec\xa4\x80\xa7\x04\x82\x1c\x0c\x11\xc1\x1c\xa1\x83\x0a\
@\xcax\x92\x9bU\xe6\xe9\x16\x8d\x7fx\x7f\x16\xa2z\
\xccw\xd1p?5@\xa6\xe5I\xee\xcb\xae\xac\x83,\
\xba\xea\xdd\xb1\xe7\xb1U^I:\xa8\xc0KT\xd3;\
Zgk$\x92I\xab_\xff\xd3\xf3\x09H\x94\x14\x94\
\xeb\x92\xa4\x84\x92JJ\x92\x12H)*\x90=\x90\x12\
N\x8d\xda\x9b\x09*\xe9)\x10\xd9\x05%Y$\xedR\
\xd9N\xaa\xa4\x8a\x1bp\x9bEU$R\xff\x00\xff\xd9\
\xff\xed\x0ajPhotoshop 3.\
0\x008BIM\x04%\x00\x00\x00\x00\x00\x10\x00\x00\
\x00\x00\x00\x00\x00\x00\x00\x00\x00\x00\x00\x00\x00\x008B\
IM\x03\xed\x00\x00\x00\x00\x00\x10\x00H\x00\x00\x00\x01\
\x00\x01\x00H\x00\x00\x00\x01\x00\x018BIM\x04&\
\x00\x00\x00\x00\x00\x0e\x00\x00\x00\x00\x00\x00\x00\x00\x00\x00\
?\x80\x00\x008BIM\x04\x0d\x00\x00\x00\x00\x00\x04\
\x00\x00\x00\x1e8BIM\x04\x19\x00\x00\x00\x00\x00\x04\
\x00\x00\x00\x1e8BIM\x03\xf3\x00\x00\x00\x00\x00\x09\
\x00\x00\x00\x00\x00\x00\x00\x00\x01\x008BIM\x04\x0a\
\x00\x00\x00\x00\x00\x01\x00\x008BIM'\x10\x00\x00\
\x00\x00\x00\x0a\x00\x01\x00\x00\x00\x00\x00\x00\x00\x018B\
IM\x03\xf5\x00\x00\x00\x00\x00H\x00/ff\x00\x01\
\x00lff\x00\x06\x00\x00\x00\x00\x00\x01\x00/ff\
\x00\x01\x00\xa1\x99\x9a\x00\x06\x00\x00\x00\x00\x00\x01\x002\
\x00\x00\x00\x01\x00Z\x00\x00\x00\x06\x00\x00\x00\x00\x00\x01\
\x005\x00\x00\x00\x01\x00-\x00\x00\x00\x06\x00\x00\x00\x00\
\x00\x018BIM\x03\xf8\x00\x00\x00\x00\x00p\x00\x00\
\xff\xff\xff\xff\xff\xff\xff\xff\xff\xff\xff\xff\xff\xff\xff\xff\
\xff\xff\xff\xff\xff\xff\x03\xe8\x00\x00\x00\x00\xff\xff\xff\xff\
\xff\xff\xff\xff\xff\xff\xff\xff\xff\xff\xff\xff\xff\xff\xff\xff\
\xff\xff\x03\xe8\x00\x00\x00\x00\xff\xff\xff\xff\xff\xff\xff\xff\
\xff\xff\xff\xff\xff\xff\xff\xff\xff\xff\xff\xff\xff\xff\x03\xe8\
\x00\x00\x00\x00\xff\xff\xff\xff\xff\xff\xff\xff\xff\xff\xff\xff\
\xff\xff\xff\xff\xff\xff\xff\xff\xff\xff\x03\xe8\x00\x008B\
IM\x04\x00\x00\x00\x00\x00\x00\x02\x00\x018BIM\
\x04\x02\x00\x00\x00\x00\x00\x04\x00\x00\x00\x008BIM\
\x04\x08\x00\x00\x00\x00\x00\x10\x00\x00\x00\x01\x00\x00\x02@\
\x00\x00\x02@\x00\x00\x00\x008BIM\x04\x1e\x00\x00\
\x00\x00\x00\x04\x00\x00\x00\x008BIM\x04\x1a\x00\x00\
\x00\x00\x03=\x00\x00\x00\x06\x00\x00\x00\x00\x00\x00\x00\x00\
\x00\x00\x04\x80\x00\x00\x08\x00\x00\x00\x00\x04\x00l\x00o\
\x00g\x00o\x00\x00\x00\x01\x00\x00\x00\x00\x00\x00\x00\x00\
\x00\x00\x00\x00\x00\x00\x00\x00\x00\x00\x00\x01\x00\x00\x00\x00\
\x00\x00\x00\x00\x00\x00\x08\x00\x00\x00\x04\x80\x00\x00\x00\x00\
\x00\x00\x00\x00\x00\x00\x00\x00\x00\x00\x00\x00\x01\x00\x00\x00\
\x00\x00\x00\x00\x00\x00\x00\x00\x00\x00\x00\x00\x00\x00\x00\x00\
\x10\x00\x00\x00\x01\x00\x00\x00\x00\x00\x00null\x00\
\x00\x00\x02\x00\x00\x00\x06boundsObj\
c\x00\x00\x00\x01\x00\x00\x00\x00\x00\x00Rct1\x00\
\x00\x00\x04\x00\x00\x00\x00Top long\x00\
\x00\x00\x00\x00\x00\x00\x00Leftlong\x00\
\x00\x00\x00\x00\x00\x00\x00Btomlong\x00\
\x00\x04\x80\x00\x00\x00\x00Rghtlong\x00\
\x00\x08\x00\x00\x00\x00\x06slicesVlL\
s\x00\x00\x00\x01Objc\x00\x00\x00\x01\x00\x00\x00\
\x00\x00\x05slice\x00\x00\x00\x12\x00\x00\x00\x07\
sliceIDlong\x00\x00\x00\x00\x00\
\x00\x00\x07groupIDlong\x00\x00\
\x00\x00\x00\x00\x00\x06originenum\
\x00\x00\x00\x0cESliceOrigin\
\x00\x00\x00\x0dautoGenerate\
d\x00\x00\x00\x00Typeenum\x00\x00\x00\
\x0aESliceType\x00\x00\x00\x00I\
mg \x00\x00\x00\x06boundsObj\
c\x00\x00\x00\x01\x00\x00\x00\x00\x00\x00Rct1\x00\
\x00\x00\x04\x00\x00\x00\x00Top long\x00\
\x00\x00\x00\x00\x00\x00\x00Leftlong\x00\
\x00\x00\x00\x00\x00\x00\x00Btomlong\x00\
\x00\x04\x80\x00\x00\x00\x00Rghtlong\x00\
\x00\x08\x00\x00\x00\x00\x03urlTEXT\x00\x00\
\x00\x01\x00\x00\x00\x00\x00\x00nullTEXT\
\x00\x00\x00\x01\x00\x00\x00\x00\x00\x00MsgeTE\
XT\x00\x00\x00\x01\x00\x00\x00\x00\x00\x06altT\
agTEXT\x00\x00\x00\x01\x00\x00\x00\x00\x00\x0e\
cellTextIsHTMLbo\
ol\x01\x00\x00\x00\x08cellTextT\
EXT\x00\x00\x00\x01\x00\x00\x00\x00\x00\x09hor\
zAlignenum\x00\x00\x00\x0fES\
liceHorzAlign\x00\x00\x00\
\x07default\x00\x00\x00\x09vert\
Alignenum\x00\x00\x00\x0fESl\
iceVertAlign\x00\x00\x00\x07\
default\x00\x00\x00\x0bbgCol\
orTypeenum\x00\x00\x00\x11ES\
liceBGColorType\x00\
\x00\x00\x00None\x00\x00\x00\x09topOu\
tsetlong\x00\x00\x00\x00\x00\x00\x00\x0a\
leftOutsetlong\x00\x00\
\x00\x00\x00\x00\x00\x0cbottomOuts\
etlong\x00\x00\x00\x00\x00\x00\x00\x0bri\
ghtOutsetlong\x00\x00\x00\
\x00\x008BIM\x04\x11\x00\x00\x00\x00\x00\x01\x01\x00\
8BIM\x04\x14\x00\x00\x00\x00\x00\x04\x00\x00\x00\x12\
8BIM\x04\x0c\x00\x00\x00\x00\x04\xa9\x00\x00\x00\x01\
\x00\x00\x00\x80\x00\x00\x00H\x00\x00\x01\x80\x00\x00l\x00\
\x00\x00\x04\x8d\x00\x18\x00\x01\xff\xd8\xff\xe0\x00\x10JF\
IF\x00\x01\x02\x01\x00H\x00H\x00\x00\xff\xed\x00\x0c\
Adobe_CM\x00\x02\xff\xee\x00\x0eAd\
obe\x00d\x80\x00\x00\x00\x01\xff\xdb\x00\x84\x00\x0c\
\x08\x08\x08\x09\x08\x0c\x09\x09\x0c\x11\x0b\x0a\x0b\x11\x15\x0f\
\x0c\x0c\x0f\x15\x18\x13\x13\x15\x13\x13\x18\x11\x0c\x0c\x0c\x0c\
\x0c\x0c\x11\x0c\x0c\x0c\x0c\x0c\x0c\x0c\x0c\x0c\x0c\x0c\x0c\x0c\
\x0c\x0c\x0c\x0c\x0c\x0c\x0c\x0c\x0c\x0c\x0c\x0c\x0c\x0c\x0c\x01\
\x0d\x0b\x0b\x0d\x0e\x0d\x10\x0e\x0e\x10\x14\x0e\x0e\x0e\x14\x14\
\x0e\x0e\x0e\x0e\x14\x11\x0c\x0c\x0c\x0c\x0c\x11\x11\x0c\x0c\x0c\
\x0c\x0c\x0c\x11\x0c\x0c\x0c\x0c\x0c\x0c\x0c\x0c\x0c\x0c\x0c\x0c\
\x0c\x0c\x0c\x0c\x0c\x0c\x0c\x0c\x0c\x0c\x0c\x0c\x0c\x0c\x0c\x0c\
\xff\xc0\x00\x11\x08\x00H\x00\x80\x03\x01\x22\x00\x02\x11\x01\
\x03\x11\x01\xff\xdd\x00\x04\x00\x08\xff\xc4\x01?\x00\x00\x01\
\x05\x01\x01\x01\x01\x01\x01\x00\x00\x00\x00\x00\x00\x00\x03\x00\
\x01\x02\x04\x05\x06\x07\x08\x09\x0a\x0b\x01\x00\x01\x05\x01\x01\
\x01\x01\x01\x01\x00\x00\x00\x00\x00\x00\x00\x01\x00\x02\x03\x04\
\x05\x06\x07\x08\x09\x0a\x0b\x10\x00\x01\x04\x01\x03\x02\x04\x02\
\x05\x07\x06\x08\x05\x03\x0c3\x01\x00\x02\x11\x03\x04!\x12\
1\x05AQa\x13\x22q\x812\x06\x14\x91\xa1\xb1B\
#$\x15R\xc1b34r\x82\xd1C\x07%\x92S\
\xf0\xe1\xf1cs5\x16\xa2\xb2\x83&D\x93TdE\
\xc2\xa3t6\x17\xd2U\xe2e\xf2\xb3\x84\xc3\xd3u\xe3\
\xf3F'\x94\xa4\x85\xb4\x95\xc4\xd4\xe4\xf4\xa5\xb5\xc5\xd5\
\xe5\xf5Vfv\x86\x96\xa6\xb6\xc6\xd6\xe6\xf67GW\
gw\x87\x97\xa7\xb7\xc7\xd7\xe7\xf7\x11\x00\x02\x02\x01\x02\
\x04\x04\x03\x04\x05\x06\x07\x07\x06\x055\x01\x00\x02\x11\x03\
!1\x12\x04AQaq\x22\x13\x052\x81\x91\x14\xa1\
\xb1B#\xc1R\xd1\xf03$b\xe1r\x82\x92CS\
\x15cs4\xf1%\x06\x16\xa2\xb2\x83\x07&5\xc2\xd2\
D\x93T\xa3\x17dEU6te\xe2\xf2\xb3\x84\xc3\
\xd3u\xe3\xf3F\x94\xa4\x85\xb4\x95\xc4\xd4\xe4\xf4\xa5\xb5\
\xc5\xd5\xe5\xf5Vfv\x86\x96\xa6\xb6\xc6\xd6\xe6\xf6'\
7GWgw\x87\x97\xa7\xb7\xc7\xff\xda\x00\x0c\x03\x01\
\x00\x02\x11\x03\x11\x00?\x00\xe0\xdf\x91\x8e\xe6\xd6\xd1V\
\xd2\xc6\x80\xe7H\x12`n\xfa#\xf7\xbf}+\xad\xa6\
\xcb\x0b\x9b^\xd0{\x07q\xff\x00EUN\x0c-P\
[\x07,\x8e\xf5\xfe,R\xee\x11\xa0\x83\xf1H<\xa8\
n\x09\xe4x\xa7Z\xdbN\xd7h\xa6,#\xcdWi\
\x85)N\xb5\xc0\xbaX\x17\xb7\x7f\xa4\xe3\xec\xb0\xc0\x9e\
\xce\xed\xfez\xb5eQ\xd9b\xb5\xc4\x19\xfb\xd6\xf65\
\x83+\x18Xu{}\xb6|\x7f5\xff\x00\xdbj\x92\
\x13\xa1Ev\xed7\xb2\x10\x9c\xd8W\xad\xadU{S\
\x8c\xad4\xd7v\x81\x0c\x84g\xb5\x0d\xc1 mi\x08\
\x9c\xa2T\xc8Q)\x12\xb4\xb0)\x8ar\xa0J\x16\xb0\
\xbf\xff\xd0\xf3p\xf5 ACN\x16\x8f\x11_i\x13\
J\x86\xe2<\xd4\x83\x81\xe3\xeeN\x12\x056\xb8\xd1H\
X{\xfd\xea\x09#t\xab\xa6\xc3L\xad.\x91\x94)\
\xc9\x0dy\x8a\xad\xf6;\xca~\x83\xbf\xb2\xf5\x91[\xe0\
\xc1\xe0\xf0\xac0\xf6O\x89\xb6H\x17\xa5\xc8\xaa\x09\x0a\
\x8d\x8dD\xc3\xce\xf5\xab\x15\xda\x7fH\xd1\x12\x7f8x\
\xff\x00YN\xc6\x02\x802\x06\x8bdB\xc5\x86\x83\xda\
\x82\xe0\xad\xd8\xc5]\xcdR\xc4\xb1\xca\x05\x01\x08nF\
pBr6\xc7 \x89\xc8d\xa9\xbc\xa1\x94\x09c/\
\xff\xd1\xf3T\xe8in2\xae\xf1\xae\xb6E$\xdb\x82\
\x5c\xa1`\xec\xa6A\xfe?z\x92\x1aA\xc4|\x13\x84\
\xfb\xa9\x22-wm\xd1\xda\x8f\x14\x10\xe0xN\xa4\x12\
\xea\x12$F\xae\x95O\xd09\xa7\xe0B\xbe\xdc\x82\xe6\
\x89\xd7\xe2\xb0j\xb9\xf5:[\xa8<\xb4\xf0V\x8d\x19\
\x0c\xb4K\x0e\xa3\x96\x9eB\x9e\x13\x12\xd0\xee\xdb\xc3\x94\
\x1d:\xf6m\xba\xc9\xec\x10\x9c\xe5\x1fQD\xbc'\xe8\
\xcad\x0a\xceA\xb0\x80\x14\xde\xf5Z\xc7&\x12\xc12\
\x11\xb8\xea\xa0Od\xcex\xf8\xa8n*36\xb9/\
\xff\xd2\xf3\x19K\x84\xa5%d\x94\xa94\xf7H\x94\xc9\
\xa9d\x1d\xe2\x9f\xe0\xa0\x900\x88\x91\xea\xa6jA\xc7\
\xba\x80 \xfcS\xa9\x01\xec\xa4\x80\xa7\x04\x82\x1c\x0c\x11\
\xc1\x1c\xa1\x83\x0a@\xcax\x92\x9bU\xe6\xe9\x16\x8d\x7f\
x\x7f\x16\xa2z\xccw\xd1p?5@\xa6\xe5I\xee\
\xcb\xae\xac\x83,\xba\xea\xdd\xb1\xe7\xb1U^I:\xa8\
\xc0KT\xd3;Zgk$\x92I\xab_\xff\xd3\xf3\
\x09H\x94\x14\x94\xeb\x92\xa4\x84\x92JJ\x92\x12H)\
*\x90=\x90\x12N\x8d\xda\x9b\x09*\xe9)\x10\xd9\x05\
%Y$\xedR\xd9N\xaa\xa4\x8a\x1bp\x9bEU$\
R\xff\x00\xff\xd9\x008BIM\x04!\x00\x00\x00\x00\
\x00U\x00\x00\x00\x01\x01\x00\x00\x00\x0f\x00A\x00d\x00\
o\x00b\x00e\x00 \x00P\x00h\x00o\x00t\x00\
o\x00s\x00h\x00o\x00p\x00\x00\x00\x13\x00A\x00\
d\x00o\x00b\x00e\x00 \x00P\x00h\x00o\x00\
t\x00o\x00s\x00h\x00o\x00p\x00 \x007\x00\
.\x000\x00\x00\x00\x01\x008BIM\x04\x06\x00\x00\
\x00\x00\x00\x07\x00\x08\x01\x01\x00\x03\x01\x00\xff\xe1\x12H\
http://ns.adobe.\
com/xap/1.0/\x00<?x\
packet begin='\xef\xbb\
\xbf' id='W5M0MpCeh\
iHzreSzNTczkc9d'\
?>\x0a<?adobe-xap-f\
ilters esc=\x22CR\x22?\
>\x0a<x:xapmeta xml\
ns:x='adobe:ns:m\
eta/' x:xaptk='X\
MP toolkit 2.8.2\
-33, framework 1\
.5'>\x0a<rdf:RDF xm\
lns:rdf='http://\
www.w3.org/1999/\
02/22-rdf-syntax\
-ns#' xmlns:iX='\
http://ns.adobe.\
com/iX/1.0/'>\x0a\x0a \
<rdf:Description\
 about='uuid:dbe\
f6bf9-0556-11ef-\
93ba-fb6535609ac\
7'\x0a  xmlns:xapMM\
='http://ns.adob\
e.com/xap/1.0/mm\
/'>\x0a  <xapMM:Doc\
umentID>adobe:do\
cid:photoshop:c7\
0ddde3-0551-11ef\
-93ba-fb6535609a\
c7</xapMM:Docume\
ntID>\x0a </rdf:Des\
cription>\x0a\x0a</rdf\
:RDF>\x0a</x:xapmet\
a>\x0a             \
                \
                \
                \
                \
                \
       \x0a        \
                \
                \
                \
                \
                \
            \x0a   \
                \
                \
                \
                \
                \
                \
 \x0a              \
                \
                \
                \
                \
                \
      \x0a         \
                \
                \
                \
                \
                \
           \x0a    \
                \
                \
                \
                \
                \
                \
\x0a               \
                \
                \
                \
                \
                \
     \x0a          \
                \
                \
                \
                \
                \
          \x0a     \
                \
                \
                \
                \
                \
               \x0a\
                \
                \
                \
                \
                \
                \
    \x0a           \
                \
                \
                \
                \
                \
         \x0a      \
                \
                \
                \
                \
                \
              \x0a \
                \
                \
                \
                \
                \
                \
   \x0a            \
                \
                \
                \
                \
                \
        \x0a       \
                \
                \
                \
                \
                \
             \x0a  \
                \
                \
                \
                \
                \
                \
  \x0a             \
                \
                \
                \
                \
                \
       \x0a        \
                \
                \
                \
                \
                \
            \x0a   \
                \
                \
                \
                \
                \
                \
 \x0a              \
                \
                \
                \
                \
                \
      \x0a         \
                \
                \
                \
                \
                \
           \x0a    \
                \
                \
                \
                \
                \
                \
\x0a               \
                \
                \
                \
                \
                \
     \x0a          \
                \
                \
                \
                \
                \
          \x0a     \
                \
                \
                \
                \
                \
               \x0a\
                \
                \
                \
                \
                \
                \
    \x0a           \
                \
                \
                \
                \
                \
         \x0a      \
                \
                \
                \
                \
                \
              \x0a \
                \
                \
                \
                \
                \
                \
   \x0a            \
                \
                \
                \
                \
                \
        \x0a       \
                \
                \
                \
                \
                \
             \x0a  \
                \
                \
                \
                \
                \
                \
  \x0a             \
                \
                \
                \
                \
                \
       \x0a        \
                \
                \
                \
                \
                \
            \x0a   \
                \
                \
                \
                \
                \
                \
 \x0a              \
                \
                \
                \
                \
                \
      \x0a         \
                \
                \
                \
                \
                \
           \x0a    \
                \
                \
                \
                \
                \
                \
\x0a               \
                \
                \
                \
                \
                \
     \x0a          \
                \
                \
                \
                \
                \
          \x0a     \
                \
                \
                \
  \x0a<?xpacket end\
='w'?>\xff\xee\x00&Adobe\x00\
d@\x00\x00\x00\x01\x03\x00\x15\x04\x03\x06\x0a\x0d\x00\x00\
\x00\x00\x00\x00\x00\x00\x00\x00\x00\x00\x00\x00\x00\x00\xff\xdb\
\x00\x84\x00\x01\x01\x01\x01\x01\x01\x01\x01\x01\x01\x01\x01\x01\
\x01\x01\x01\x01\x01\x01\x01\x01\x01\x01\x01\x01\x01\x01\x01\x02\
\x01\x01\x01\x01\x01\x01\x02\x02\x02\x02\x02\x02\x02\x02\x02\x02\
\x02\x02\x02\x02\x03\x03\x03\x03\x03\x03\x03\x03\x03\x03\x03\x03\
\x03\x03\x03\x01\x01\x01\x01\x01\x01\x01\x02\x01\x01\x02\x03\x02\
\x02\x02\x03\x03\x03\x03\x03\x03\x03\x03\x03\x03\x03\x03\x03\x03\
\x03\x03\x03\x03\x03\x03\x03\x03\x03\x03\x03\x03\x03\x03\x03\x03\
\x03\x03\x03\x03\x03\x03\x03\x03\x03\x03\x03\x03\x03\x03\x03\x03\
\x03\x03\x03\x03\xff\xc2\x00\x11\x08\x04\x80\x08\x00\x03\x01\x11\
\x00\x02\x11\x01\x03\x11\x01\xff\xc4\x015\x00\x00\x03\x01\x01\
\x01\x01\x01\x01\x01\x00\x00\x00\x00\x00\x00\x00\x00\x01\x02\x03\
\x04\x05\x06\x07\x08\x09\x01\x01\x00\x03\x01\x01\x01\x01\x01\x00\
\x00\x00\x00\x00\x00\x00\x00\x00\x01\x02\x03\x04\x05\x06\x07\x08\
\x10\x00\x02\x01\x03\x02\x06\x02\x03\x00\x01\x04\x01\x02\x06\x03\
\x01\x00\x01\x11\x10 \x020\x03@P!1\x12\x04A\
\x05`\x13\x06p\x222\x14\x07\x153\x16B#$4\
56\x90\xa0C%\x11\x00\x00\x02\x05\x08\x05\x07\x09\x05\
\x06\x03\x07\x05\x01\x00\x00\x01\x02\x00\x11!1\x03\x10 \
0@PAq\x04Qa\xc1\x12\x05`\x81\x91\xd1\x22\
2\x13\xa1\xb1BRr\x82#\x14\x06p\xe1b\x923\
\xa2\xb2\xc2\xd2S\x15\xf0C$\xe2s4t\x94\xb4u\
c5E\x16v\x07\x12\x00\x01\x01\x05\x02\x08\x08\x08\x0a\
\x07\x09\x01\x00\x00\x00\x00\x01\x02\x00\x11!\x12\x031\x04\
\x10pAQq\x22\x13\x05\x80\x90\xf0a\x91\xa12\x14\
 0\x81\xb1\xc1Br3`\xa0\xd1\xe1\xf1R\x82\xd2\
#\x15\xc0\xd0\x92\xa2\xb2stP\xe0b\xc2CS\x93\
$4\x06\x13\x00\x02\x01\x02\x03\x07\x04\x03\x01\x01\x01\x01\
\x00\x00\x00\x00\x00\x01\x11!1\x10Aa \xf0Qq\
\x81\xa1\xb10@\x91\xc1P\xd1\xe1\xf1`p\x80\xff\xda\
\x00\x0c\x03\x01\x03\x02\x11\x03\x11\x00\x00\x01\xff\x00\x1e?\
\xa5\xbe\xabE\xf5\xae\xbaF\xb7\x1a\x09\x11\x13\x9eS\x8e\
v\xa2\x98i\xd2-\xa3Jk\xacmK\xe9\x17\x09W\
9\xce\x19\xc3,\xa7<\xd4\x96r\xac\xcdl\x92\xc9\x01\
\x8c\x00\x063mt\xdbD\xcc\xd0\xe2\xb4\xba\x98d\x81\
@\x04\x81A\x8d@\xda\xc0R\xad\xd1\xad*\x04\xe8\x1b\
M\xbd\x9e\xae\xa4\x8a\x02\xc0\x91&\x9b\xbdN.MQ\
\xa1\xa9\xa6Z\xa5\xed-kC*\xb2\x87\x15\x99\xd2r\
\xa5/9\x944^\x08f\xe6\x85/\xf7\x9fG\x9f\xe8\
_s\xe1\xe5\x8d\xe1d<!g|\xf2\x9c\x89 \x83\
#\x1d\x22L\xb6\x98\x11\x99\x00fI\x01\xa38\xcf;\
\xe6\x84-5\x86*k\x22\xa5W?E\xf2\xea\x89 \
\x8di(\x0c\xb8&9l\x08\x91\x8c\x82\x89\x99T+\
D\x09P\xc8\x0d4\x04\x18\xed\x90#{\xe6\xcc\xa63\
\xb6r $!\xcd\xcf\xaex$\x82\x02d\xbd)p\
\xcd\x9d\x06\xb3%N\xa4`\x90\x86,\xc6\x88\x0c\xc0\x12\
d0W\x9a0k\x00@\xc9\x02D\x04\xe7\x94\x8c`\
\x04\x120\x01\x08D\xab \x00Q\x02\xd2$\xb2FL\
\xe4f`#2\x80\xac\xe1\x0cFw\xaeF\xd4\xb6A\
\xf1\xde\xbe\xd4\xd7j\xf4m^\x9dcZL\xab\x95\xb2\
\xc2\xdc\xd9\xce9\xcd\x09j\xbe\x8d\xb4\x8d\xba#{i\
q\xa0J\x99NY2\xceq\xc9\x963\x94NQ\x15\
S@\x00\x062FX\x08d\xa6\xf5o7\xd8/f\
\xa16d\x94I@\x00\x01\x8d@\xda\xc0\xe9a5I\
\xb1N\x80+\xdb\xa6\x9e\xa6\xfd(\xa1\x16b0Mk\
\x0a4j\xdc\xee\x1a\x95\x93f\xb2\x96\xbe\xc9\x07Yb\
X\x8c\xcc\xea\x97Y\xd1F\xcdFD\xc1\x17!\xbe\x97\
\xfd\xcf\xf4\xcf\x0f\xa3\xa2\x85%e\x13\x8c\xc6w\x88d\
g7\xc4\x98\xa4\x19i\x10e\xb4\xc8\xb3\x88 \x93-\
%\x12-\x19\xc6y_8\x02&%\xb1\xa7<\x06r\
\xf8\xba\x0c\xec\x10\x225\x89`\x1c\x9eN\xea\x80\x00\x09\
\x11D\xd6f\x87\xacA*\x82 \xad\x0c\xcfHY\xe5\
\x1bH\x17\xcfb&9\xed\x98!\x92g\x0e>\x1dH\
!\x90L\xd4\xbd\xc0$\xb25\x949\x97\x18&\x802\
\x8c\xb7z\xe0\x11\x98\x02L\x80\xce1\xcch\x00\x04d\
\x05\x12#<\xf2\x00\x0a\x00$\x90\x01\x00\x19\xab Q\
%\x10\x1a@\x02\x01NQ\x9b@3\x10\x0cy\xc3\x11\
&\x17\xa8oKf\x1f\x19\xed\xf4W\xa3\xa2\x9d}\x14\
\xec\xfd7\x87\xd7\xfd{\xce\xf6?\x07\xf5\xbc\x1f\x8e\xe9\
\xf3\xb8\xef\xc7\x95\xf9r\x9c\xae\xb5zi\xaco\xd1\x1b\
\xec\xdfH\xdfE\xdc[9\xcf68\xce\x18N\x190\
\xc6p\xc6s\x98\xce&\xad\x00\x860\x10\x80\x00\xd4\x91\
\x8cek;\x1a^\xf4Ufu\x95\x11D\x94\x04\x86\
p\xc7\xa4\x83\xc6\xa4\xc8\xbd\xb4kP\x8a;t\xd7\xbb\
}\xc4\x00\x00H\xf4P\xe6\x1b\xa2\xd3bF\xb1\xa5L\
VZ[P\xa88\x9a \xbc\xa9\x03\x01ef!\x0c\
\x0f\xb0\xf7\xb9\xbfZ\xfbo9\xd5\x9f>\x91\x8a\x0c\xa6\
\xf2ddfd\x11LI\xd2 \x88I\x12\x83;3\
\xd2dZ3\x88\x8bVg,\x89\x19\x0aN\x8b\xe5\xd6\
yv\x92\x06A\x9e\xb5\x96N\x93\xcb\xe5n\xa2\xc8\xb6\
hd\x12J\xe5d\x12\x88\x09\x98SP\xcc\xbd\x19\x0b\
H'\x04)\xbe\xb7\xcd\x10c|\x90\x89#\x09\xe1\xe5\
\xd3IH\xc4D\xb4\xbc@\x9a%\x1a\xf1\xb4\x80\x87\x19\
J\xean\xe3\x95:&3ft\xa5\x08\x08\x11\xcf|\
VP\xa4\xc0\x05I\x9b\xc2\x01g!\x04\x8d\x88 \x10\
\x1003,FJ\x80\x00\x03\x88\xca\xf2\xad\x1a\x08D\
\xd7+\xa1X\x89(\x98\x22\xe9\x08\xcbI\x09\xad5\xad\
\xa0\x93O\x8a\xfa\x0e\x9a\xf6wa\xdb\xfd}\xf3\x9fq\
\xf4\x95\xfa\xaf\x83\xf4=\xbf\xd6\xfc\x8f\x9e\xfc\x17\xd5\xf8\
\xef\xe7_o\xe4\xf9o\xc7\x9cs\xc6\xb5\xb5\xf6o\xd5\
\x1d\x1b\xc7O\xf6G\xcc}\xbf\xec~_\xb7K|W\
W\x9f\xfc\x11\xf6?\x9eb\xe7\xe7\x9e|'\x9f\x17>\
\x16\xca#)\x9a\x88C\x00\x00\x18\x0c\xa2@\xa2F\x22\
\x89\x99\xd0\xb9i\xa4\xe9\xa5\xc1\x88\x0b\x10\xc6!\xe5\x03\
q\x98\xd2\xd6\xa1\x88\xd2k\xd9\xbe\xfd\x97\xd9\x80\x10A\
z$\xd1\x11*J5i\xa4_Y\xbe\xb9h.\x17\
\x16\xb8\x90\x03*\x03\x10e`C\x10\x0em\xfa\xc7\xd8\
y\xbfq\xee\xf2\xc7>\x99\xd5\x99\x9c\xdf2\x0c\xcc\xcc\
\x88\x8aA\x98\x19\x19\x90A\x1bFzJ\x16\x8c\xe23\
\xb5fPC$f\x15>\x0e\x85\xa4M$ \x05\xad\
pe\x9f.\xb1\xc3\xbcEP\x80\x00\x84\x0dJ\xe7\x02\
\x00Rf&k ^\x88#H\x9bg$\x1a\xdf:\
(\xe7\xbeH\xcc\xa3\x83\x8bL\xf3\xd2\xa6\x80\x12)U\
\xe1\x92\xd35\x05\xe7i\x04\x8a\x8c\x85\xe2nEdx\
\xe7$\xda\x80\x00\x18\x98_\x17\x94\x12\x00\x05I\x9b\xc2\
$y\xc8f11\x00\x00\x81\x08b$D+@\x02\
$Q\x05\xe5\xda \xa1\x13\x96E\xd5\x08\x00\x1ep\xc4\
\x02\xd2`+G[H\x8d\xfe\x1f\xe9{)\xdf\xf5\x1c\
\xde\xa7\xf6\xdf\xcd~\xb9\xfc\xeb\xefz\xff\x00\x9d\xdf\xf3\
?\xd5\xeb\xfb\x0f\xf4/\xce~w\xfe{\xfd\x8f\xe6<\
\x97\xe1\xc2\xf8\xcd\xb2\xb8\x9d\xed\xd3\xb4t\xf4\xc7G\xfa\
1\xf0\xff\x00\xa5\xff\x00\x9e\x9fo\xf0!\xed\xe1\xaf\xcd\
o\xc1\xcf<\xd89\xb0\xb76\x0el-\x8eq\x9c\xcd\
\x04\x00\x00\x00\x00\x03\x19\x05\x80\xc6\x00\x06e\x8cf\xba\
\xdfS[\xcd\x0aK!\xb4\x98\xd6\xa6&.O@Q\
e\x08\xa2\xa3>\xce\x9e\x9e\x9b\xf4&@\x01$\xeb,\
\xa1\x00\xe6\x0c\xc5\xef\xb6{\xf5^t\xcf}\x17\xaa\xe9\
J\x91I\xcd\xa1$\x96,\xac\x14\x04\x04\xce\xb7~\xf1\
\xf7~O\xb3\xaex.\x8cf\xf9\x99\x99\x98\x92c\x15\
\x934\x04\x10bI\x17\x8c\xf4\x9c\xe5:\xa9\x9e6\x9c\
\xe4\x88$\xceq\xae\x0e\x8c\xeb(D\x80\x11x\x8d+\
\xcd\xe5\xde0\xdaT@\x02\x19\x8dT\x22@\x80RG\
h\x0c\x95z\x09\xb2\x8a\xadk\x8c\xe6'KR\xa6\x11\
\x9c\xe3\x16\x98\x15\x1c\x5c\x1a\xccYM]\x81 !\xe9\
\x0cF\xa6M1\x0d\xa5\x80\x80\xc8\xach\x99\xc4\xd5\x08\
\xa2Q\xcb\x14wNr\xe70U;\x88@\x08Y\xca\
\x11$\xb1\xa0\x01\x10!\x80\x08\x935B\x89(\x82d\
^(\x05)\xa4\xe5\x5cm\xadNP\x00Vp\xc9(\
\x80\x11\x04\x8c\xcb\xf3\x9f\x7f\xd8\xbf\xaf\xfb\xbf\x9f\xf5_\
\xb3\xf3~\xdd\xfc\x9b\xea~,\xa6\xbf[O\xb2\xfe\xbb\
\xf9\xdfW\xf8\xdb\xea\xbe7\xf3\xbe\x9f\xcf\xbe\xa6>\xb7\
\xce\xbf\x9b\xc8\xe1\xed\x9e\xee\xb8\xec\xf1g\xc3\xfe\xe0\xf9\
?\xbc\xfdo\xcd\xf6Y\xfc\xdb\xee\xfc\xd7\xe0\xfe\xf5\xf7\
t|\xad\xbeG\xb2;\xfeGO\x8a\xfa\x9c\xfe\xc3\xa6\
:\xbeG_\x8b\xfa\x0c\xfe\x93\xd2\xaf\xab\xe0i\xf3\x9f\
1\xa7\xc9}\x0d>\x97\xe5\xf4\xf96}n_g\xf2\
Z\xfcg\xd3\xe7\xf5\xb2\xa7\xdbc\xf7\xbf\x92u~0\
\x1f\xb8\xf1\x7f@~9\xd7\xf8\x8f\x15\xbc\xd6Q !\
\x8c`;\xcd\x9b\xcd\xde\xad&Lj\xe6\x08\xbbh\x87\
:h\x22\x86Tf\xf5\xafF\x9b\xf4\xdfz\x10\x8a#\
Y\x06!\x85\x2248Ve\xa4\xbc\xa3m4\xe9\xcf\
\xaf\xb6\x9a\xc4\xdd\xe5F\x05\x00\xb2\xb01\x00\xa6L\xde\
\xef\xa3\x97\xef\x9fk\xe7\x13\x10g7\xc4\x8c\xa3#\x1d\
e\x1c\xe6d[4eI\x92\x08\x22\x19\xe9\x19k1\
\xa9\xb3\xca\xd32\x83 &\x95\x9e\x0d\xe6\xb5\x91\xe8\x81\
\x01\x11\x19i^\x7f'h\x80\x02\x032\xc8\xa82\x11\
#$Al\xe4\x85^\x89\x9b8\xaa\xd6\xb19\xe4\x9d\
mK\x98B\x9a\xc4\xa1<\xdc\xb3\x8e\x09\x8bg5\xab\
\x10\x0c\x93M!\x0c\x0cZ@\xf6\x9430\x01\xe3I\
f\x92\x114\x08F1H\xbb<\xe7I\xcc\x09*\x1d\
\x81$\x8b9\x00\x911@!\x92\x04\x80\x08D*\x01\
\x22\x19t\x8c4\x98,%w\x88\xc8\x99T\x91 V\
p\x80b$\x82DQ\xc5\xf9\xaf\xbd\xe8\xe7\xea\xfd\xcd\
=\xbf\xed\x7f\x1f\xf6_\xe6?{\x87\xe0\xb5\xfc\xf7\xf5\
\xbc\xbfd\xfe\x82\xf9\xef\x86\xfeK\xfa\x9cx4\xf3\xbf\
G\xcf\xf4\xef\xcbz\x7f)\xfa*\xfd\x17\x93\x7f#\xba\
;\x7f<\xd3\xf3\x9fJ\xbd\x9c\xf6TO\xfaI\xf0\xbf\
\xa2\xff\x00\x15}\xb7g\xcb\xdb\xe5~\x0bO\xce\xff\x00\
I\xc7\xf5\x1f:|\xdfb\x9e\xe7\xcf\xdf\xe7=J\xfa\
\xde\x06\x9f9\xf0;~s\xfa\x87?\xeb|s\xc1\xf5\
\x99}\x9f\xe1]\xbf\xcfl\xfd3\x9b\xf5\x7f\x9d\xd3\xe6\
6o\xf1\xfa\xfcG\xea\x9c\xdf\xaf\xfeW\xd3\xf9\x00~\
\x8d\xcf\xfa\x7f\xc2\xef\xf9\xf7\x1c\xf0\x83\x01\x14\x04\x9a\x00\
\x84\x22\xce\x9dgp\x8b\x00\xda\xa7Dh%4\x12\xf6\
\xa6\xd7\x80\xadm\xb5\xba.dM\x12\x00\x00!n0\
\x01p\x14\x22\xa2\xddt\xe8\xee\x8e\x87\x9c\x96\x9dJ3\
\x1e`\xa8\xb2\x19\x22\x98\xfdC\xe8\xf9?O\xf7\xf9\xb2\
\xa2S\x99\x91\x89\x91\x99\x96\xb3\x99\x89\x02\x8a\xe6B$\
\x93#=\x226\x94\xcdh\xe7\xb4\xc1&c\xe7\x9c\xf8\
\xf5\x94$\x1aD\x88\x81Z1\xc20\xf3\xb5Fe\x0e\
\xc8\x195\x04\x08\xccd\x902TV\xa17\x8d\x17|\
\xd6s\x9d\xa3-syFz\xce\x95\xce\xb4\x22L\xec\
\xe5\xf3\x13d\x08\xceD\x82\x80ZC(\x81i9\xb4\
\x9b\x18\xc4f<a\xb3D.\x99\x09S\x9e\x17\xa5\x92\
s\xe7 \xc4S0Fy\xcb\x10\x86H\x08L@\x03\
0\x00\x01\x10!\xd2\x8c\x92\x8c\x82\xf3\x0c\xe8\x96\x95\xa4\
M2\x82\xc8+8b$\x9b\xcdR,\x91\x08\x8c\xe8\
\x8e?\xce\xbd\xee\xfc\xfdOS/[\xfd\x16\xf9\x8f\xd2\
\xbf4\xf5\xfe\x97\xf3\x7fO\xd0\xfd\x9b\xc9\xf9\xff\x00\x84\
\xe8\xf8\x9f\xc5\xbd\xbfK\xa6\xdd\x153\xe4\xeb\xe5\xfey\
\xbf\xe6\xbf\xd1\x9c\x7f\xd2\xff\x00\x1b\xaf\xc4~u\xa7\xe6\
\x7f\xe9\x8f\xc1\xfe\xa5\xfc\xa5\xf4\x7f/\xe3\xeb\x97\xf6o\
\xca\xfd\x7f\xf0\xef\xdc\xf5\xfc\xfd\xbeq\xc3wO\xa9\x9f\
\xad\xe0\xdf\xe7\xfeG_\x8c\xf4k\xe9\xfdf_e\xe1\
_\xe7}\xaa{\xff\x00\x90u\xfe%\xfag7\xea\xff\
\x00\x94\xf5~:\x8d#_\xe9o?\xfa\xa7\xf9\x9b\xd1\
\xfeQi\xfd[\x97\xf6/\x93\xd7\xe3~W_\x90\xfd\
\x1b\x9f\xf4\xff\x00\x88\xdb\xe0|\xfby\x80\x00\x00\x00\x86\
\x00\x00\x06\xe7^\x97\xa0mS\xa0\x03,e)\xad\xe2\
\xc2ah\xd2\xbbo\xae\xc2d\xa2F\x22\x8c\x860\x80\
\x12\x90\x88\xab\xab;tS\x7fF\xbd\x96X\xc9\xcc\x0e\
,\x00\x85{mz\x7fB}g\x9d\xebz,\xa9X\
2 \xc0\x83\x9fYFfFD\x19\x88\x98\xa4\x99i\
\x18\xed)\x9c\xe8\xc6\xd3\x02 <\xfd2\xcd)h\x8d\
 \x11\x06W\x8cx59/\x04\xcer+$\x09\xa9\
\x01\x02$\x81\x00\x94\xce\xd4\xb9\xbez*(i\x19X\
\xa9\x9cDN\xb2W;\xd1\xa0\x8eNg7 \xd5$\
\x11)\x93\x18\x15\xa4\x00\x06q2\xba\xdeP\x80dc\
\x036B\xed\x94\xa7)\xceoI\x19\xcf\x9c\xb0\x00f\
\xc0Y\xca2(\x08\x00!\x88Q\x22$b\x19\x98\x00\
\xa9J\x02H\x22\xf2\xf4\x8a\x119\xcb\x9cQ\x91c\xce\
\x18\x01\x8d\xe7Z@f!\x15\x9d$\xe1\xfc\xe7\xe8{\
\xe9\xdf\xeb\xe7\xe9\xff\x00\xb9\x7f\x9e~\xeb\xfes\xfdO\
\xe7\xff\x00U\x8e\xff\x00\x81\xfb\x9f=\xf9\x0f\xab\xe1q\
\xeb\xe7s\xdf\x9ag\x18\x9a\xea\xd7F\xfd\x13\xbe\xf6\xea\
\xf4\xf2\xea\xfe\xa0\xf0>\xab\xd4\xcf_\xe5\xbf\xa0\xf9O\
\x9b\xdf\x83\x076S\x9f4\xf3\x8cq\x9c\xa63\x99\xab\
\x1aeP\x00\x00\x00\x04RR\x01\x0c\x00\x00\x00\x00\x00\
\x040\x11s=z\xb5\xae\xcet\xd1dI\xa0\xca5\
\xd3&i\x12\xc4;\xed\xad\xee\xad-dQ \x02\x02\
\x84P\x08\x06@\xeb^\xfav\xfa\x15\xd7F\x80\x0c\x82\
\xb2\xb0+U\xdd\xf4\xfd\xb9~\xfd\xf5|\x99^\xb8\x90\
ffdbA\x9e\xd3\x81\x10\xcc\x83!\x13\x14\xcc\xcf\
H\xc7\xa2Kg\x138\xdf\x12\xda\xc6\x13>v\xb2A\
\x00V\x95\xc8\x93\x18\x9c|\xeb\x19iD\x12\x06`\x06\
7\x97\x9cgL\xa4\x9de\x12\x22PFe\xe5\x07L\
\xa25\xa2\x0e\x5cd\xcfi\x92\xd4wy\xfe}\xcc\xf3\
\x98\x87\xb4\xe4@\xac\x00b\x95\x05\xe2\x86s\xb4\x9d\xa5\
\x14!\x99\x8f\x1aH,\x99\xa8\xb6\x1a\xf3$P\x19\x19\
\xe7 \x866a9\xc8H\x89\x11%\x99\xb1\xa0$\x08\
\xa8\x01\xd9\x04\xd2\x81@H\x18^Y6ix \x88\
\xa6H\xac\xe1\x14!\x81\x9c\x8c\xd3r\x0c\xe8\xb4\xb6\x99\
\xd6\x0f7\xf3\xafo\xae\xbd\x9d\xb4\xed\xfd\xb3\xcf\xfaO\
\xc8{\xbc\x9c\xe7<-\x86z\xf3\xc7g<[\x9et\
\xa6\x89\xa5\xf6ou\xdf\xa6\xdb]\xb6\xb8\xd0\x22i\x9b\
\x1c\xa7\x1c'\x1c\xd8J\x98\xceDRf\xa2\x00\x00\x00\
\x00\x00\x10\xc0\x00\x00\x00\x00\x00\x00\x00\x00\x00+%\xdd\
:[\xa64\xa9\xda\xc0\x00\xa3M2\x0d\xe2@\xb8\xa0\
\xb5\xb4\xd3z\xb5\xd9#\x10\x00\x00\x15\x19\xa0\x9d\x01\xc6\
rM\xa6i;e\xa7\xa8\xeb\xeen\xc4Id\x1aP\
\xee\x9a\xc7\xed?K\xc9\xf7\xde\xb6X\x99\x19\x19\x9c\xe4\
\xda1\x22g3=\x19\x98\x90d\x11H2\xd23\xd2\
f\xf9\xc6\x93\x95\xf1V\x99\xe1\xddr\xdf1\x19\x08z\
V\x081\xcd\x97\x9dz\xae\x90@\xc4@\x89\x22\x13I\
\x92\x08\xd7 D\x02\x14gW\x9c\xc9\xe9\x90Z\xd03\
\xcf$dIFY\xc7'\x9f\xb6\x97\xc8\x8c\xa3i\x08\
3\xb1\x80\xcb\xd2(\xc8\x06d\xd2v\x941\x08\x82\xb1\
\xa4\x0dd\xceb\xb8\xeb\x82M\x00\x19\xe79\x00\x8af\
\x13\x9c\x84\x88\x00\x04C\x10\x92J\x22\xa42l\xa3:\
R\x80\x00\x0c/(q\x0e\xf2\xad\x00\xa9\x94\x17\x9c\x02\
,\x90\x14\xb1\xcd\xa5\xd0Vt\xcfK<\xea\xcf\x13\xf3\
\xcfK\xa2\xbd=u\xeb\xe9\xafM&f\x99\xce\x5c\xb3\
\xcf\x95\xf9\xb5\xe9\xb5\xf4\xb5\x9d6\x83\x8dt\xae\xdb\xdb\
[\xb6\xb4\xb0%r\x9c\xf3\x9c\xb3e\x9b,\xd5'8\
\x8a\xcc\xd1\x8c\x040\x00\x00\x00\x00\x00\x10\x0c\x00\x00\x00\
\x00\x00\x00\x00\x00\xe9[\xa3M\xeat\xd0\x042\xd3z\
g\xacE\x00\x00\x0e\xfb]\xefS\x12\xbd%\x0e\xb9\x84\
N\x80\x0c#6\x13\xa4\x92P\x01\xd5^\x8f_.\xad\
ml\xd3\xa2\x01P\xcb\xbcw\xef?\xd1\xff\x00]\xe7\
\xebh\x8b2311\x22\xec\xe213\xd2r2\x96\
d\x10LS;\xc6\x1a\xca\xd13\x96w\xa4D/?\
\xaeS4\x8c\x893\x04=\x22\x0e~\x1b\xe7\xcb\xa1 \
\x09 D\x12g\x9c\xa1\x10\x22X\xcc\xca\xd51I\x1d\
\xa2\x05\xac\x97)\xa3\xbey\xc4F45\xb8M+\xc5\
\xc9\xa6t\xb8K:\xd2\x955F6@\xc69ix\
B \xa2\x0c6\xd6\x84\x18\xc2\x12R\x82\xc9\x9f>\xb9\
\x91\x98\x00H\x18g \x81FNwj\x04\x88\x00\xc8\
\x15L\xca\x98\xec\xccU\x02\x11%E\x22\xca\xa1\xc8 \
\xca\xf2\xe2\x0d\x13%\x9c\xd4\xe3\x05\xe7\x12h!\x01\x00\
Nt\x00@3\xe7\x7f=\xee\xde\xba\xef\x1d\x1bF\xad\
\x22\xb19\xe58\xe5l\xa6k{_\xaf}\xb5i\xac\
^\xe6\xf7m.w\xd1%\xa2f\xb2\xce\x14\x86yM\
\x12\x14PUMX\x08`\x00\x00!\x80\x00\x00\x00\x00\
\x00\x00\x00\x00\x00\x00\x80k%zt\xd3\xa9\xab\x9d\x01\
\x9454\xd2\x9aE\xa8\xb2K\x10D-/V\xd9\xcd\
\xdad`\x22\x80\x00D\x80\xca\x10\xcc\xcb\xa6\x9e\xedz\
\xba\x9b\x88`0%\x1f\xaa\xfb\x5c\xff\x00\xab\xfb\x9c\xf8\
\xdd\x06F&5gfv\x8c\xcc\x22`\x8d\x99\x99\x19\
\x8a\xd9\xcd'=#\x0d%m\x19Z\x91\x94\x1eOR\
\xd2\xf3fs\x8eD\x12\x83H\x93\x9f\xc7\xdf:h\x94\
\x07\xa4f\x04\x08Dg8\x81$\x12\xc5L\xce\xa9\x82\
\x1d\xb3Dk*\xe54\x9b\xe6\xe2'\x1ae\xad\xec\xcf\
\x0a\xf0r\xe9K\xc1)\xbd3S\x8a\x15\x98\x80\x15*\
\xbc1\x00\x890\xdbW\x8c\x00\x22\x15\x17h\x96|\xfa\
\xe6\xe30\x92\x80\x93<\xe6\x00@,\xd4\xa2 \x00D\
\x82\xb0\xcd\xd4\x0e\xc9\x22\xa0\x0c\xc0\xa8\xa2\x81s\xa9\x19\
2\x9b\xd8\x8b\xbd\x0eS\x9c\xaa`\xc6Ib\x11\x223\
':X\xc4Q\x89\xe1\xfe{\xdb(\xde5\xa8\xb5\x84\
\xc4\xab\x13IU \x89\xbd\xad\xd7\xb7N\xfam\xa6\x8a\
\x8bTY\xde\xf6(\x855\x85\x22bT\x95e] \
\xa6\x00\x01\x80\x00\x00\x00\x00\x00\x00\x86\x00\x00\x02\x18\x00\
\x00\x00\x00\x00\x8e\xa6\xfd:\xd8\x8d*T%,\xd2\xf1\
e\x94\x03\x01\x0aCg\xa6\xb5b\x89\xa0 \xb1\x0c\x00\
\x81\x94@\x89(\x0f_.\xefI\xd0\xd5`\x02:6\
\x8f\xe9_\xa7\xe2\xef\xb51&\xfa\xe2D9\xf4E\xd9\
]\x99\x9b\x1c\x9bf\xc7-g\x12mI\xa4\xc5\xab\xcf\
\xac\xd6\x95\x8bS\x1f3\xa5r&\xfa-\x19\xed\x8eD\
\x12>\x88\xc3\x8d\x1e?VDm(\xab\xe5\x22$Q\
9\xe6\x89#!\x99\x92$g\xaeI2U\xb3Fz\
I\xa0\x92\xbe\x05\xb4\x822\xc8\x8aq\xf1k\x9e\x09\xb0\
\xd3H\x88ei\x82\x9a\xc5\x93\xa4,\xe5\x13v\xfa\xa3\
8b\x18\x892h\x01\x04\x8cT\xa6\x1ae\x98\x01W\
\xcc$\xa2L\xa93\x05\x98\xd19\xa9\x9aL\x80\x86\x22\
D\xc6j`I\x03\x10\xc9\x8a\x00\x00I\x0cF\xb9i\
\x98\x06\x99\xc5\x122L\xc4,\xe6Kg \x05\x19\x16\
b\xbf\x81\xf9\xf6\x95\x1aR\x04\xb4P\x02\x00\x16\x96\xac\
\xcfI\xde\xfa\xf5t\xf4T\xcdVj\xf2\xad50\x91\
(J\xa4B\xad\x096\x8a\x10\xc0\x00\x00\x00\x00\x00\x04\
\x03\x00\x00\x00\x00\x00\x00\x01\x08\xa0\x00\x11\xdb\xae\x9a\xb5\
\xb6\x94Ib\xbe{\x16X\xc4X\x08R\x174\xe8S\
(\xb2\x00`1\x14 $\xa03*\x22r{3\xd3\
\xea\xba\xe9(\x04+?H\xf4\xb0\xfd\xab\xd7\xe5\xc8\x88\
\xd7\x13\x1d\x19\xdd\x9d\xe3='\x0b\xa1\x8eM\xb3c\x8e\
\xb3\x90\xa1\x9d\xd3\x19\xc6\xb3\x94B\xa5\xb2\xf3\xfa#4\
\x22.\x9e\xacd\xc8\xccW\x8c\xfc\xed\xf2\xe1\xbc\x91\xb4\
\xc0FhzD\x19\xc4\x99\xa6P#!\x08\x84g\xae\
R\x94\x16\xcc'IZ%J\xd1\x16!C\x1el\xb8\
\xf86Fu\xe7/\xa3\xbd\xd8\xf4\xc1Mf\xc9\xd2#\
9\xa0\xba\xb5\x19\xc4\x94d\x02\x04\xe4%\xc1\x10\x14\xa7\
6\x99\x05\x10+\xe7`\x00#\x9b\x09.\x8c\xc8Kj\
\xcaD\x02\x19&l]@\x10H\x0c\x92D\x5cP\x00\
%\x12\xcat\x94I\xa6p\x00\x0c\xe7l\x11\x9e@\xd9\
\xd0\x00\x10Q\xce\xbf\xcf~|\xd67h\x061\x8c\x00\
\x06\x91\x22k{uo\xbe\xbaj^\xa1r\x22\x12\x01\
\x22P\x22\x92\x160\x00\x01\x0c\x00\x00\x00\x00\x00\x00\x00\
\x00\x92\x80\x00\x00\x00\x04\x03\x00Ok}\xb5\xbb\x05\xac\
@m|\xec\xa0(\x92\xc0b3\x9e\x81g\xad\xa8B\
*\xa4,\xe0\xda@\x18\x00FyN\x80\xb2\xaf\xba\xed\
\xf5\x9dB\x8bIb\x9d5?\xa3\xbd\xfe/\xa0\xe8\xcb\
\x9e4\x83\x033-c;\xb1\xd1\x9d\xd9\x99\x19N9\
\x91\xac\xe2DQ\x19Z\x17&\xf9\xe3\xaeI\x22\x90\xcb\
-\xa2vB23\xb2|m\xf3\xcbyd\x8c\xb6\x94\
H\x88\x8c\xcb\xb3\xcd3y\xcc\xb4\xa4\x12I\x0c`\x09\
\xd6R\x1d\xb3\x88\x95\xd3$\x90\xa30\xce\xf3\xcd\xc0\xe6\
\xe3\xbb\xd23\x9a\x9a(\x07\xa5fpR\x8b\x8b@-\
$/8\xcc\x04!\x10K@\x08 \x89\xe7\x81\x00\x10\
\x17\xcc\x1d\x81\x95%\x99\xc4V\x13\x9c\xa5f\xca\x88\x0a\
\x8b\x110\x90\x8c@ @\x00f!\x95\x14\x00D1\
\x00\x04\x02 \x09\x8d\xa0T&T\xce\x80\x00\x801i\
\xe0~}\x22t\x8b\x80X\x8a\x00\x00\x04\x80\x97-\xfa\
5\xdb\xabJ\xb4\xa1\x96\x80H\x01\x02QI\xa2\x840\
\x00\x00\x00\x00\x00\x00\x10\xc0\x00\x00\x00C\x10\xc0\x00\x04\
\x05\x00\xd3\xdf\xa6\xb4\x13\xbd\x92P_=MDP\x12\
Q#\x09KE\xa4\xd4\xee\x80x@-\xe4\xc6'i\
\x0b\x19!\x19\x93\xa4\x84f\x96\xf7\xf3\xed\xf5\x1dKJ\
\xb1N\x8c\xfb>\xac\x7f\xa0\xbd\xce|H131\x96\
zFp\xcbFp\xcb\xa1\x8c\xe3\x91\x1a\xcefD\x11\
\x8d\xdf\x1e\xf1\x95p\xdd\x09\x88\xa2\x98\x8e\x86W\xc72\
k|\xfc~\x8c\xebxe$m2I$Fs\x17\
\x9c\xe2i3tMs/H\x82\x04K\x18\xd6DM\
\xb3\x22g\xa6T\x8343,\x5c\x9c,\xf2\x95\xa4L\
\xd4\xd0\xc0zCFV\xc1\xdd\x16\x80\x22d\xa9\x89\x10\
\x86\x04\x19\xb4\x91\x01&S\xce\x89\x01\x99\x8a(\x0aA\
5Q\x8c*\x13\x08ZYP\x82\xa5e\x0e\xa8!\x88\
AD\x08`I\x008\xa5\x10\x02b\x00\x19\x9a\x01\x04\
\x99\xe5\xb4\x95(e\xa30\x00D\x92d\xd3\xe7\xbf>\
\x8d\x1aU,\xac\xb2\xc0\x00\x00\x00\x00\x0c\xed\x1bt_\
\xa7m\xb4\xdek(w\x90\x00\x00k\x05\x00\xc6\x00\x00\
\x00\x00\x00\x00\x00\x00\x00\x00\x04\x94\x00 \x18\x00\x00\x01\
\xa0\x9aw\xdfG2\xc2f\x97\x00\xab\xe6\xa6\xfb\xc5,\
\x09(\x00\x81\xcc\xc8\x9d ,3J\xb6\x82\xc8\xa0&\
\x22\x88\xd6\xb4Nt\xbd/,\xfe\x99\xea\xf67\x056\
\xa2\xea\xfe\x83\xfa\x0eo\xb1\xe8\xcb\x13#\x13#3\x13\
\x127\x88\xd9\x85\xb2\xcc\xcac25\x98'\x87U\x86\
\xf39\xe1\xac\xe7\x11\x9cR!\x1d\x0c\xb5\xc6H\xe5\xd2\
<\xce\xbc\xade\x1c\xf0\x226\x9c\x83\x18\x82\x04I\x06\
fsRahP\xcc\x9dr\x91\x0es%\x04\xf4I\
)\xa8\xbb\x97\x85\x87\x10\x96b\xd4(\xf4IR\x9d\x22\
-\x83\xd2\x04I\x22\xa4\xab\xc0X\x80\xccBi\x00A\
\x0c\xf2\x9c\xec\xc8`# \x1e\x99\xac\xe62\x02(\xcc\
\x95\xa5\x030ET\xc0\x811\x91\x99\x88\x00\x92@h\
q\x9c\xadD\x92\xc4$\xa0$\x823\xd8\x02FK6\
\xcd\xa1\x81\x04\x0eYf\xf0>\x06\xf4\xd2\xa9ge\x8c\
\x00@0\x00\x01\x116sGkuto\xbe\xcb\xbc\
\x80\x00\x03X\x02\xc0`\x02\x18\x00\x00\x00\x00\x120\x18\
\x08\x06 \x18\x00\x00\x00\x00\x86\x00\x9d\xafn\xc9\xda\x82\
f\x17b4\xbed\xde\xc6TQ\x90Q\xa1\x99\xa4\xcc\
\x80\x81\xd0(3\x96\x94\x845\xe4\xa8\xbb'\x5c\x19\x19\
\xebzf\x99\xea\xe8\xfa\x97\xb1\xa0\xe6\xc8\xd2\x93\xefu\
\xe7\xfd)\xefr\x06fFg9\x06&V\x8c\xac\x9b\
\xb2\xe8c8\xc1\x91\x02\xf3{rYN3f:2\
\x8afD3\xed\xc6\x08\xf3\xba\xf3\xe3\xd6&\xb2\x88f\
\x88 \x82\x09\x10\x8c\x883\x9a\xaaFz*\xe83\xd7\
 \xccs\x9a\x94\x84\xc9\xbaa\x96n?9\x15Q\x22\
\xd5*-\x08$i\x15\x0c\xaf\x82\xd2\xa8\xb3\x1aM\xde\
 e\x01\x05\x194\xc4\xa2\x08g\x8c\xe7b3\x19 \
bR\x8b3\x84\x0c\x08!iJV\xd9\xb0\xaa\x892\
\x13\x10T\x98\x08\x02\xd2\x11\x22\x04Tf\xd6\x90%\x88\
!\x12\x02#=\xa8\x80\x11,\xd3Js\xb4 9\xc2\
\x88\xa4\xf8\xff\x00\x07\xd0\x8a\x14\xd2\xa2\xe0\xcb\x10\x8a\x00\
\x00\x10\x0cD\x9a\xf4\xdb\xb3\xaf\xa2\xa5SE\x16`\x03\
Y\x0ce\x921\x80\x00\x00\x00\x00\x00\x12P\x00\x80\x09\
,\x00\x00\x00\x00\x00\x0a$\xec\xbfGE\xc5d\x00$\
\xa0\x9d\x1d\xe2\xa4\x0c\x90(\x00@\x03\x11d\x94[\x1c\
\xdb\xa6\xb6%@`\x8a\xd2\xcd~\xd7O\xd2=W \
\xa0\xb4~\xcd\xe9\xe1\xfa\x97\xa7\x865\x9c\x8c\xcc\x8cH\
312\xde33\xbb#2(\xcf\x9b\xa7!\x139\
eh\x9dg*\xe7\x89\x13\x94h\xcb\x83\xaap\xd0\x98\
\x83\x14\xcb8VI \x81\x19\x92b\x22&\xb0\x1a@\
C\x13Y\xc8\x95]\xaa\x13\x09\xbc\xcd+\xcd\xcb~|\
\xee\x85\x19\x83\xd2\x02%:V\x85\xa4 \x22\xf8-\x22\
P\x8c\xf3\x90\xd3H@ 1\x13@\x8c\xe9\x98\x96L\
\xb3\xd7=\x0c\x96QC;\x22\x15e\x10\x04\x95H\xcc\
\x81MY\x06\xc0d\x22\x8cs\xc83\x18\x89\x02\x00/\
@h\xb2\x18\xa3,\xf6Ei\x92#=A\x00\x01%\
\x10\xa0\xcd*\x88$y\xcex\xdb\xc7\xf8}\xa8\x99\xa3\
\x8b\xb0\x02\xc6\x00\x00\x00\x00\x22@%Z[\xa7\xa7^\
\x9d\xee\xd0\x00\x0d`\x00\xa0$\xb1\x80\x00\x00\x00\x12P\
\x86\x00\x00H\xc0`\x00\x00\x00P\x84P\x8b&\x1d\x9a\
tm2\x00\x00\x13\xa5\xdd%\xe9\x0c\x00\xa2@\xa1\x90\
P\x00\xc0\x01)\x03f&\x0cK\xb2\xf4J\x89?@\
\xf5}Y\xebe\x11h\xed\xd5\xfd?\xedp\xf7\xeb9\
\x18\x99\x90s\x90\x9c\x8co\x5c\x8c\xe5&1y\xce3\
\xcbh1\xd2T\xe5\x08\xca\xcc\xafL\x88&\x8c\xf95\
\xce4\x98\x892R\x1aC\x18$\x823f\x22\x08$\
\xcfZ\xc8i\x12K\x19\xd6d\x95f\xd5d\xc3:J\
\xe7\x9eZ^\x08&3\x07\xa4Q\x9c\x8d*\x13\xa4\x02\
2\xbd\x16\x9c\xf4\xb6d\xe7!zD\x0c\xc8\xd4\xc8\x86\
\x8c\xcb:f5\x93)\xd6\x10\x90\xa2\x8b;\x06j\xd8\
\x08\x91\x15H\x93!\xcd@\x19\x04\x00c\x0bl\xb3\xce\
BD\x023\x01\xe92\x5cd\x19\xe6D\x88\xa2I\x02\
\x00B\x19 \xa3gJ\xe2FsD\xe6Qo\x07\xe1\
\xda\xb4qf\x00\x05\x14\x00\x00\x02\x18\x89(\x09\x00\xd2\
4\xe8\xbf^\x9a\xeb{\xbd \x81\x04R\xc1D\x940\
$\xa1\x0c\x06\x02\x01\x80\x122\x0a\x19\x05\x8c\x00\x00\x00\
\x0a\x18\x8a$\xa2Fu:w\xd0\x08`ID\x81z\
\x02sV\x8c\xe8\xa2\xae\x91\xcd\xe8jJ\xf5\x05I`\
\x12w\x80D\xafCP\x1e\x97\xa9}l{\x1a\xb5\xbb\
\x93F\xcf\xf4n\xfc?y\xf4\xb9\xb2_\x1bN$C\
\x13(gff&wdDN8\xcc\xd2\xf2ev\
7\xcf4M\xd9#\x1di\x15N7\xc7\x93y&b\
\x08\x9b\xe5\x1c\xf1{A5\xaeY\xa6\x08\xcc\xcc\x99-\
\x11\x0c\xa6\xa0\xf4\x84C\x1c\xc5\xac\xca\xb2,\x99g~\
h\xaa\xa4\xa4\xe4@\x15|\x81\x13\xa5jKH\x92\x02\
\xf5\x9d3j#<\xe6@\x0c\x86\x22\xc8\xd2\xf0C0\
Y\xcc\x122X\xa2\x15\xa1\x1202\x18\x15H\x91\x08\
SY\x11FY\xc4\xc8\x15\x19[6\x02$D\x94I\
(#6\x94f1\x01 bh@\xcc\xf3\x90\xad2\
\x8c\xe9Kf%\x1eh\x8b\x07\x87\xf0\xebiqi(\
\x00\xa2\x88,\x00\x08(\x04P\x89(Z\xd9E*Z\
\xdfN\x9e\x8d\xb4\xdc\xea\x06\xb0\x00\x00P\x00\xc8,C\
\x10\xc6!\x00\xc0\x91\x01c\x00\x00\x00\x00\x03@\x02D\
1\xad\xd7\xae\xf7\x00\xb1\x19\x9a\x80\x12I\xa0\xb4\x14\x01\
p,\xd4L\xca^\xca\xbc\x14\x96);\xc00@$\
\x84\xeb\xb3c\xeb;\xbe\x81\xe8\x96\x9aiPr\xfe\x96\
\xf5\xb8\xbe\x9f|\xf3\xac\xe4ey\xe7$\xce\xf1\xcf,\
\xc8\x96&Q\x13\xcf\xbev\x84e\x0ct\xcf\x14gr\
\x9b\xe5l\xe2\x18\xe3\xa4r\xc4\x19\x08\xcfK\xc2\x15m\
\x89\x11\x8cVbc!\x10LJ\xb4gvsX/\
H\xccLd\x9dd\xca \xc7;NZe\x8cE\xd9\
\xe9H \x0b\xbeA\x1a\xcc\xe7E\xa1\xe9\x01\x02Nw\
\xa2\xd3\x0a3\xce`B\x02@d4\x92Y\xa0 \xa2\
Hb\x89T\x19 \x04\x92\x05R\x01\x10)\xac\x88f\
y\xc4I\x95FV\xces\x84F\x92\x121g\x0c\xcf\
D\xc6z&I\x032@\xa2\x00B\x16sC\xd1\x86\
y\xe8\xae%\xa8\xb3LX</\x87\x8bop\x00b\
,b\x01\x80\x08\x00\x00\x09(\x9d\xa4\x1e1d\xde\xfa\
\xee\xe8\xe8\xd3k\xcaX\x95E\xa5ZH\x05\x0c\x82\xc0\
B(\x06!\x14I%\x12X\x8a\x00\x00\x00\x00\x11c\
$\x0b$\x83F\xdd\x1a\xed\xa4R\x86\x22E2\xca\x88\
\x0b E\x14djH\x14I@g7\xa5Z\xf6\x05\
i\x00\x08\x93M5g\xd2=.\xfb\xf5\xd0\x0d\xa7\xd4\
tr\xff\x00Nwr\xc5\x98\x90\x9cL\x93\x91\x85\x9c\
\xfa\xccC\x12\x223i\x86z\xc0_<\xcce\x96\x99\
ed\x19\xd1\x1c\x8c\xa1\x99\x04\x10fL\xb2\xac\xcc\xc6\
D\xb6\x935%\x96k#-\x08\xcaj\x0fH\xcc\x18\
\xe6Ns\x04\xe3\xac\xe4\xcd1xwc9\xe2\x06\x97\
\xc9\x12\x02\xb4\xe5\xa2\xaf\x98A$\xdf\x09/J\xc9\x8e\
s \x22J%|\xc1I\x01\x92I\x0cP\x95E\x12\
:D\x0c@ $\x093\x9a\x98\xc2$B\x19&v\
\x85L\xd4\x14&KI\xa2\x08\x84\xe7\x0fJQ\x91D\
\x19\x93\x9c\xd0\x80`\x22@\x81[\x132\x9d\x8c\xf0d\
\x9e'\xc3\xd5'h\xde@\xa0,`!\x80\x01\x05\x0c\
D\x81#\xdaQ\xa60\xc8\xb41']\x1d};i\
\xb0h-HC(\x09\x00\x02\xc8\x02\xc4IC E\
\x16H\x0c\x06\x00\x00\x00\x00\x05\x0c\x0c\xd6i\xe8\xd3j\
\x9b\x89\xa2\x8c\xc0\x00\xb2\xccF\x03\x01\x08\xda3\xd0\x08\
\x1c\xde\xa2\x932\x97\x0a,\x90\xd2,a\xa6\xb2\x8e\xa6\
\x9fW\x7fY\x96\xe8l\xd6\x94\xfd\xefz~\xa1\xb6x\
\x98\xde11S\x9c\xce\xdbc\xa4b\xcb3(\xe8\xce\
)\x9ew\x83-)\x04h\xe7\xaeX\xcaI\xab,\xd3\
\x1bdd\xc6L\x89\x22YVfu\xccFD)\x9b\
)[2I#Z\xc9$\x08\x91e\x19\x91\x8aS9\
D\xeb/h\xe6\x9c\xe0\x07\xa4\x01\x19\xc16\x98\xd0_\
6A\x22\xd3(\x1d\xf3D\xe70IF@%\xd1*\
\x00\x02 \x091s\xb0\x01R\x02@\x06I\x99fB\
\xca\x8fi\x8ca\x08\x00\x92\x22'J\x04\xf3A\xa24\
\x93\x18\xa3:\x22\xe9\xb5A^\x10\xb3\x9c\x8a\x10\x00\x84\
\x02\x10\x05\x8b(2M\xf1\x04x\x1f\x11j\x19\xb5t\
\x00\x92\x8d\x08,\x00\x00\x00@0\x11\x22\x1d\xd6*\x02\
J\xdaHU\xe3}\xf7\xda\xfaihz\x5c\xac\x01\x10\
\x00\x00\xc0b$\x92\xc8V\x86\xb0!\x941\x80\x00\x00\
\x00\xca\x01\x09\xa4\x88\xd4\x16\xd1\xa5\xebf\x90\x040\x01\
\x00\xc0C\x00\x01\x1a\xa9b\x88\xb1\x00\xc9\x18\x8d'G\
\xa4\x00\xd9k{\x8a{.\xcfq\xdfW\xa8M\xfa\xbb\
\xf5\xc3\xfa\xbe\xbc\xdd\xba\xb3Dk|\x15\xe6\xbd9\xd1\
\x9d\xef\x8c\xe7\x9bL#8\xab%\xb2&\xec'|\xe6\
\xb0c\x18A\x9e{fI\x99\x9b<\x88W\x22\x16D\
F\x93HR\xe6\xbc\xa3\x22X\xc1\x99$i@\xcef\
\x05\x11\x999\x22\xac\xa92\x00g0\xb5c9\xc9z\
E)1\x10f-\xa4P\xd2\x14$\x91^a\x84\x93\
j\xd9\x9dP!\x10\x9btb\xc1\xae2b$\x81\x99\
\xab\x0c\xee\x94Fs\xa0AL\xc0&\x19\xe7 \x19\x14\
8\xce\x04\x00#,\xe6B\xf8\xac\x85\x88\x08'9B\
3\xd6\x88\x09$\x00\x00\x04\x22J$$\xf2\x89\x84\x83\
\x1c\xcf\x0f\xe2-C6\xae\x81#\x19c\x00\x00\x00\x01\
\x00\xc0B\x10\xae\xa2\xa8B+iPYB\xb4i\xa6\
\x95\xa4o}7\xda\xec-f\x02\x18\x00\x08`\x02T\
\x05\x99%\x12h\x03\x18\x80\x06\x00X\x08\x96\x88E\x8d\
Q\xa6\xda\xdbH\xddM@\x00\x00\x10\x0c\x00@0\x11\
d\x9a\x9aFr1\x88\x09\x9d/H\xb1\xb6\x9d\x177\
\xd6#\xe9\x9e\xafM\xedd\xe9z\xd1\xfa\xb6Y~\xef\
Az\xf3kL\xf4\xb6:\xdb\x18\xae7\xaf<\xe7\x8b\
I\x89\xcf66\x9c\xce{\xe5\x92r[#\x16rC\
h33\x11\x91\x91\x90\x8cE\x09\xa4EY]\x95\xe6\
L\x98\xc9$\x89I \xcc\x92\x08\xc2\xf8fZ\x11\x13\
P\x89\x83Vs\x9eei\x02\x93\x10\x10g\xb4\xca\x8f\
H \x10E\xe6TAjA5\xa4\x05,\x85z\xca\
e\xa3R\x15`\x22\x06%\xa1\x99Z#2G\x9ey\
\xce\x8e3d\xdd9\xcb3$\xa1\xc6a\x02\x02I\xce\
s*\xf5\x9c\xa6m\x93 \x09\xceBI\xd6\x99\x92!\
\x00\x00\x01\x98\x00\x00g\x05\x19\xd8\x0d\x8c\x1e/\xc3\x90\
\xd6\xd5w\x12\x19\xcd4\x8b\xb2\xc0\x08,\x00\x00C\x01\
\x12\x02\xd6k(6\x90\x04V0\xc9({K3\x88\
\xbdZ[mn\xda\xfa;\x98\x00\xa4\xe0\x81\x0c\x16b\
\x12\xb4\xb0\x00\x05\x01@\x00\x00\x06\x84\x03I\x02\x80E\
\xe8\xd1\xbe\x94\x99\x08\x1aMR\x192ayy\xc2\xbc\
\xd6p\xaeT+\xc9*\xca\x0d\x0a\xd2\x15X\xa2\xe6\x94\
,\xce\xe9\xb6\x88\xa4i\xa6\x8e4f\x9bGTo\xf4\
\xf7\xf4mh\xd7F\x9d\x18\x7fX\xe5_f+\x17\xa6\
V\x9e}f5\x9c\x8cf20\x98\x83\x9e\xbafg\
l\xf9\xef9\xcex\x99!5\xc8\xc8\xcc\x82\x05H\xc6\
\xd1\x9d\xd8\xd2\xd9\x99\xc5\xa0\x9c\xe6\x08\xbey\xded\xc9\
\x8a2\x11&$A\xd62\xa23\x9c\xc2\x12ga\xad\
&\x0bR0\x9c\xefH\x92\x94\x92\x22 \x9d\xa72\xaf\
\x9b \x0c\xef0H\x02\x99\xc6q5\x95\xd2\x8c\x1aI\
\x02)@\x9aJ$\x09\x9c$U\xaesr\x90\x10(\
\xa16\x22\x82s\x00\x01Fr!\x13\x9c\xb2I\x02X\
\x84\x11\x9c\xb0\x02\x0ct\x875\x81\x00\x80E\x12H\x00\
\xf2\x80\xcc\x04\xc6a\x9d'\xc7\xf8\xb8c\x99\xb8\xa3\x8e\
\x86D\xd3H\xb8hAC\x10\x0c\x00C\x00\x00 Z\
\xca\x95\x08F\x98\xc4\x16\x03\xdaY9\xc1\xa21\xad\xe8\
+5\xa4^\xdaQ\xa4i{\xae\xfa0@\x02\x02\xd6\
@0\x02\xc0`\x00\x002\x8c\xc1\xa2,\x0a\x02J7\
\xae\xacp\x9b\xcdV\x116\xb8\x12\xad%A\xe7\x13u\
PBz&\xf3\x834\xed,u\x80\xd2\x95\xb0C\xb8\
\x90L\xde\xb4\xd3H\xd2\xc7\xac3\xdc\xbf\xa1\xea\xb6z\
\xde\xa3w<\xff\x00\xa6e_\xe8\xac\xf2\xe7\xbd\xf0\x9a\
\xe7\xa3\x19\x8etg\xb4bs\xcd\xe0\xc2\xdafE\xb3\
\xc2\xf3\x9c\xb33\xa4c7\xcc\xc4\xce(\x8c\xaf3H\
\xca/\x8d\xd9R\x90c]$\xcc\x92\x19\x97gy\xc9\
\x8c\x19\x88\xcc\x8a3\xe7D\xddf\xc5PW\x88\x15\x91\
\xad*\xc4+9\xa73H\x92\xd4\xcc\x98\x89#iA\
|\xc1\x12\x022\x18\x92\x99\xe5z\x8ad\x02\xa5\xa8\xce\
\xf6\x92\xa9Vf!\x12\x14\xaa2\xaep\xa9i\x91\xc5\
&o(\x22\x82B\x09\x02\xa38\xcePi\x13\x9c\x84\
\x01\x04\xb1\xa2L\xf3\x96\x04\xd5\x9e\xd0\x855\x81\x00\x80\
`H\xb2\x80Z\xc9\x94\x22@\x863\x9c\xcf+\xcb\xf9\
(\x8d,Euh\xd2\x05E\x8e'A\x0c\x040\x00\
\x00\x00\x02\x0a\x01\x13\xb4\x81\x8cY%\x01;H^0\
\x88\xdaXc\x14\x04\x81A\xa2\x87}5\xd1zZ\xee\
\xd1\xa3\xb9\x0c\x076\x22(c\x10\x0c\x00`C@`\
hH\x14\x00\xb7M.\xd0\x89(\x00&ca\x9d\xd8\
hX\x9d\x94%&\xeb\x8b\xad%\xd2\x16\x82\x93\xaet\
\x0b\xd2\x18\x19\xde\xf4\xd2\xed]\x1a\x5cYm:\xad\xf5\
V\xf4\xb6\xd2\x5c\xdc\x8c\xdd\x1f\xd6\x99\xc7\xd2gN-\
c;\xdf\x1bFze\x8dg\x13\x03\x9c\xc7M \xca\
\xcc\xf5\x8c\xa5\x91\x9a\xfc\xf4\x9cl\xcc\x8bFfD\x18\
\xd6`\x8c#35d\xcc\xc4/b\xf4\xcbI\xces\
\x85r\x114N:g\xcc\x9b I\x93\x9es\xbd\x22\
6g\xa4\xccEZ\x88\xcc\xcb\x5c\xa0\xd4\xccQ\x9eD\
\x93\xb4\x84\xe8q\x98@\xcc\xc0\x00\x86y\x10\xa8!\x88\
\x92\x00\x08$dg,\x88\xcem\x9cc\x08\x99\xac\x81\
\x98\xf4@\xf3H\x8a\x0be+\x94\x80\x82@\x81\x08+\
\x8c\xd6Q$\xd5\x9d\x84\xc0E\xea\x87\x9c\x02\xd6P\xb2\
\x84\x00\x02\x11 EQ\xca\xaa<\x8f\x93\xc64\xb5E\
i\xa5$%\x99S\x9dhe\x80\x00\x00\x00\x00\x00\x86\
!\x91\xb4\xd0c\x0c@\x04\xed c\x14-\xa4\x160\
\x00\x0c\xa2D8\x97r\x98Y\xae\xf3Z\x1d\xe6\xcd-\
\xa6\xbb\xdd\xde\xd62\x86\x00\x00\x05\x10\xd0\x11d\x941\
\x0c\x15\xaa\xdfx\xba\x01\x88\x0b\x09\x95\x11%\xcc\xa8\x86\
\x04%\xdc\xe2\xe5\xcaN\x85\xa4\xbc\xe8\x17\xa4YB\xac\
\x13\xa5ma\xa6\xf1k\xdaf+\xe9_\xaf\xde\xd7\xbf\
X\xa2\x98W\x8f\xd1\xb9\xe7\xfac\x93<5\xaf.\x94\
\xe7\x9e\x95\xa52\x98\xc8\xc0\xc8\xc4\xc4\xe5Rt\xdb\x09\
\xa4\x18\xaf\x9d\x18\x08\xc6\xf4\xcc\xcbD\x19a|\xcc\xa1\
\x81\x17A3X3\x8c\xcd4\x9d#9\xce%\x06u\
\xd3<\xd1\xcbx\xb1\x12Z\x98\x98Nq\xa4U\x99\xe8\
\x9b\x8bP\x11\x86\xb9\x22H\x1cg\x022\xda@\xd0\x12\
g\x19\xd0\x89\x10\x0d0f\xc1\x12H\x80\x80'9\x81\
\x0c\x0c\xc23\xce\xd9\xe7\x95\x19D\x92# $\x00\x81\
R\xa9J\xb5\x91\x19\xb3/B D\xd7\x15Y(\xcc\
R\x8b\x1c\x02g6H\x85\xac\xc8e\x08\x00@E@\
\x18\xf1\xab!w\x93\xf2\x98\xc8\xafP\x02t\xda\xbaI\
b\x01\x96\x02\x18\x80`\x00\x00\x06e\x12\x1bH<`\
+i\x81\xe3\x00\xb6\x90x\xc0N\xd2\xc3\x185\x9d2\
\x86\x22\x06P\x80`\x00H\xc5s\xba\xe7M\xf7Z\xda\
\xe9}mr\xc6)Z3\x8b\xb8\x90`\x03(\x041\
\xb6\xd6\x95\xce\xf6\x07J\xb2of]*\x16I@I\
f\x84\x8a\xd2\x87$M\xae\xcdmF\x08\xa6\x94\xd4\xd6\
\xdaVt\xd6]\x8c\xfa+z}\x9aK\x83\xd2\xce\xcf\
\xeb?6\xbfUJa\xa4s_,/\xae3\x18\xad\
\xcf7\xcc\x9d3\xc0\xc19\x99##\x0d-\x93ls\
\xcf3#25\xa6\x04d\xc4\xcd|\xcc\x8c\xc9\xd6\x86\
Q\x84\xe7\x1ai33\xbcLe\x06t\xd7\x1e{\xe5\
\x94\xa2eW\xcd\x10A\x96\xb9\x16N\xac\xe56\xa1)\
9\xe75\xa4Y!\x19\xe4@\x88\xdaP\x84E\xf3\xa1\
\x08@\x04\x92K\x14\x06\x05\x12\x06y\xca\x10\x08\x95'\
\x221\x9ciF\x90\x82DH\x80\x0epY)YT\
\xba(D\x14fH\x99*\x98\x19\x00\x12E\x94\xcd\xd5\
\x9d\x80\x88\x01\x0c\x9b&\x80|\xec\xf3,\xd3ig\x91\
\xf2x\x02\xbdBK\x9d.\xbaP\x00\x14\x05\x00\x80`\
\x00\x00\x00 $\xa0\x19\x03\xda`\xac`\x00\x00(f\
z\xce\x99@\x00!\x14\x00\x00\x00!\x8a\xe34\xdaX\
\xa37}\x22\xadtm}+gE\xad\xae\xfa\x15\xd2\
\xc9(\x00b(\x04\xdbJW;\xdbB\xe9TM\xed\
\x99Ld\xd2\x9a2\xc0\x0b\x00\x15\xa4*@$ \xd4\
\xbd*4\xd1\xa9\xad\xaa\xb3z\xcdX\xce\x8bm\xf4\xda\
v\xd5\xce\xf6\x9d'\xf4^:\xff\x00N\xf9\xd4\x9b\xb1\
\xbc\xe1\xa5p\xbc`\xcf\x16\xdc\xe7=\xaf\x89\x94\xceF\
7\x8cL\xe1\x81\x9c\xb310'F&y\xcefh\
\x83\x0a \x9b\x96\x90\xa6\x9c\xb9\xe7\x1aI,\xa6\xb2g\
\x8fFx^mX\x14\xda/JQ\x19\x19\xeb\x92\xb2\
5g'j)#\x9as4\x80\x90\x8c\xe0\x931\x08\
\x8d\xa5\x12\x22H5\xbe`\x01\x99,P\x19\x08b#\
9\xccd\x06s\x9a\x8e 1\x9b(\xce\xa7\x10\x82\x00\
B\x11\x04\x12\xb2R\xb2\xa9tQ\x04\x81#%\x94U\
D\x92\x00@\xac\x96n\xa9\xb0\x02\x04\x00L&\x87V\
x\x16cDVC\xca\xf9<\x02t\xb0\x00TV\x9a\
:B\xbc\xb8\xb5\x81C\x00\x00\x00\x00\x10\xc0\x00\x04H\
\x8b$\xa1\x90X\x80\x92\x86\x00\x00\x00!\x80\x00\x00\x00\
\x86@\x01D\xa79\xcd\xc5\xc38\xc9^zV\xdf}\
\xfav\xb7E\xf4\xad\x15:\x11$@\x00IM\x99\xad\
+\x95\xec1\x91\x1a\x09\xb0$m\x99\xccP\xc42\x8a\
\x10\xc0\x9b\xda\x86\xa9}4\x8d/K\xaa\xda\xf4\x8d,\
zL\xcb\xdb\xbf\x7f\xa96\xbb\xdc\xde\xcc\xfe\xb8\xf1r\
\xfa\xbc\xf2\xe5\xb6\xb9h\x8b_\x03\x9ek\xcf\xa6y\xc5\
\xb9\xef8\x18\xb5\xc2k\x99\x89\x81\x13l\xcc\x15\xc4\xce\
\xd3\x99\x95o\x99\x92\xb8\x99\xa75f\xf3:R&&\
k\x93,\x89\xa5\xa7-2\xa6\xd0L\xc6W\x99\xad \
4h\xce\x0eY\xce\xf7\x89\xd1\x95KI\x9bf\x18\xcd\
0+J\xb01\x12\x92LD\x88\x0cv\x99\x11%\xe8\
\x07\x19\x80\x88f6\xcd\x94NJ.eJ1\x99\x95\
\xe4\x90\xcedQ\x98ff9\xe7\xa2I$\x08$\xa3\
\x12r\x8a!\x933\x5c\x02\x04\x04\x19\xb2\xd2\xac\xc41\
\x10\x02&\xd9\x80H\x89\x18\x88\xaaj\x5c\x93 \x00#\
\xc7\xf9<,\x8d,\x00\x04V\x9a:C\xbc\xb8\xb5\x00\
\xca$\xb0\x00\x00\x02J\x00\x00\x10\x8a\x10\x0c\x04\x000\
\x00\x00\x00\x01\x12X\x00\x00\x12P\x84P\x80\xc8SI\
Q\xcd\xa4\x82\xe9\x135\xa9\x9b\xa4\x16\xbe\xb3\xafN\xf7\
\xe8\xdbN\x9e\x8d\xea\x00\x01-\x99\xad+\x9d\xec1`\
\x046\xa1\xa3\x5c\xd30\x1a\x81E\x88` \x00\xb9\xdf\
K\xcdw\xd0\xb6\xafH\xbb5\xd2I]\xe7\xeat\xf4\
.\x97:\xac\x1f\xa7\xf1\xd7\xfa{\xc7\xa7.\xb9\xe3y\
\xe6\x9d\xb39\xed\x5ct\xbeQ\x96z1\x86\x09\xe7\xbc\
\xe6b\x8cLglL\xe3<Ny\xb4\x18\xc4A\x9a\
$\xe5\xbd\xb2X\x88\xcfJ\xc6\xb5\x89\xabO9\x9f;\
*\xddE\xe0\xce\x13h\xcej\x85\xa1\xb3G4\xe77\
\x85\xa0\xb3=&-\x9a\x12`\xcf\x5cdB2(\xce\
3\x80 \xa2\x08\xdad\x81\x15|\xe83\x9c\x16zU\
2\x95\x9b3*Q\x84\xcc\xaf\x04\x0f9\x92c6I\
\x881b\x9a\xc9\x05\x12@\xcc\xca\xca \x10\x19\xa2@\
\x81\x00\x18\xb2\xaa\x91\x00ID\x10;f\x80\x81\x08\x08\
\x0c\xcb\x06Y\xcb\x02J \xf3>O\x06L\xd5X\xa7\
I4\x88\x17\x99\xae\x85\xd7@\x93a\x12X\x00\x00\x00\
\x00\x00\x00\x80b\x10\xc6\x00\x00!\x14 \x18\x00\x00\x00\
\x00\x00\x00\x10\x02\x02I\x9c\xd9\x12\xac\xeb7\xa8L\xe9\
\xa6u\x0b\x00&d\xbb\xb3~\x9e\xbd\xb7\xea\xdbR`\
\xb9fC\x11b\x00\x02J\x18\x0d\xb5\x9aR\xacE\x94\
\x00\x02.\xf6\x95\xf5\xd3J\x12\xfah\xd0{N\x92\xf4\
\xb4\xe9\xf6t\xeb\x8b^\xef\x15W\xf6G\x85_\xa2\xac\
azsLds\xcd\xb09\xe6\xd9\xeb8K#\x98\
\xc4\xc6\xcc\x0c\x8cL\xaf\x19\x13,LgL\xc9\x8c\xf1\
 \xc8\xe7\xb5\xa6\xf6\xcehi\x10\x8cs\x8cq\xbeY\
\xe9\x08zg\x13\xa4\x91h\xcc\x84V\x99\x88\xe7\x9aF\
\x95\xbd\x19\xcb\x0d$\xb5Z\xb9\x88\xc0Z\xcbc\x00#\
\x15\x10D\x06c$FF;M\x12i\x14\x0c\xe6\xf0\
LCs\x8a\x5cFS\xa6D\xe70\x04\x80Frd\
(S)\x9aH\x86Nq\x00 $@d\xaa\x11$\
\x16)E\x22Y\xc8\x01\x02\x00\x11\x9d\xb3D\x8eHT\
,\xd3\x9ah\x9a\xc8\x04\x91\x8c\x1bO\x9d\xf2x\x05\x19\
ik \xa8\xc8i36]tb(\xa1\x80\x00\x10\
X\x00\x00\x12Q\x05\x0c\x08(`\x00\x00\x00\x02\x01\x80\
\x00\x00\x12P\x121\x92\x22\x0a\x03)\xcc\x22U\x9d\x5c\
\xd43\xbe\x9a\xe7[\x01\x12PV]\x99\xcbM/\xd9\
\xbe\xfd\xfd=Uc\x10\xc6\x04\x94\x00\x00Y-\xac\xba\
V\x86Q@!\x80^\xc8\xbdoq\xa5.\xf4ji\
\xb4\xd4\xa9o\xa0\xd3\xd3\xe8\xda\xd5x\x98~\xb9\xe7\xd7\
\xfaK\xcb\xce4\xbc\xcb\x90\xcei\xcea.k\xce5\
\xb6'-\xe73\x1b[\x13\x09bcz\xf3\x98\xc9\x1c\
\xfa\xde\x08\x8c\xf2 \x83\x152\xb6\xb0\x98\xd1\x9d#*\
FxL^\xf3\x17\x8d\xb3\x80 \x83;#J\xa46\
yk\x92\xd0\xa5\x96\x936\xac\xab bg\xac\xb6!\
\x90\x12d\x04\x8a3\x09 F;H@!\x90\x90q\
\x13%\x19[\x1c\xd7\x83,\xe6\x8c\xc0\x90\x8c\xe0fY\
\xda\x15\x19dh\xcc\x031\x00\xc8\x11 H\x95\xcc\x00\
R\x8aC\x88\x92&\x88\x09\x10\x12gl\xc1\x05\x12L\
\x1eLsNj\xb4\xc8\x08x\xc4m<\x1f'\x8a\x96\
V\x06\xd4\x88\xbc\xe6Z\x84\xe8\xc0E\xc5\x81\xc5\xa8\xb1\
\x81\x05\x80\x00\x00\x08`!\x80\x00\x00\x00\x00\x00\x08\x06\
\x00\x00!\x88`!\x08C\x10\x93\x13\x98\xc6\x1a)\x96\
^u\xa2\x06P\xc0D\x80\x80\x00V\x9e\xce\x8d\xfd\x1d\
\xf7\xd7~\x92,ND$\xd0\x00\x00F\xd4\xb8$\xea\
0\x03@\x00\x19;\xebq\xa6\x92\x07\xac\xeb\x16\xd06\
\xd6\xe5\xdf}\xfd\xab\xf4\x9a\xe9w\xad\xd2\x7f\xb4\xfeo\
\x1f^\x19NX\xe9\xa65\xd3\x9fF\x11\x18]\xcdf\
\x079\x93Ns\x13\x13\x12/\x5c\x8c%\x89\x8c3\xd1\
\x95\xed\x89\x9cP\xd2\x22k\x89\x99\x9d\xf4\xcf\x14c\xa6\
V\xac\x11H\xc7iC\xd1\x996\x88 \x9d*\xd9\xf3\
\xe9\x91\xa6\xb79be\xb5\x22\xe5R#D\x119\x00\
@\x19\x10\x22\x00Q\x9c\x08\x08\xdas\x10\xc9\x10D\x06\
9\xc3e(@A$\x93\x95 \xb1\x10@\x8c\xc9V\
\x99\xa2\x0af\x00\x88$\x08\x02U\x90\x10R\x11&\x13\
\x9d\x01\x00I\x916Tf\xa8\xaaFa\x0c\xf3\x99\xe6\
P\x08\xc4\x03ig\xcf\xfc/7F\xeb\xde\xcc\xa2/\
!J\x00k\x1d\x01\x13P\xb8\xb02\xc0Ff\xa4\x81\
@\x00\x00\x00A`\x00\x00\x00\x00\x00\x00\x00\x00Ab\
\x00$\xa2\x00\x92\x8c\xe6\x90\xa5\xd2\xe2\x99ik\x1eu\
\xb1\x88\x92\xc0C\x11\x00\x00\x11$B\x99\xeb\xdf\xa3\xd2\
\xeb\xe9\xdbk\xc0\x0ce\x12P\x1aU \x06\xf1\xa3\x02\
\x8a\x00\x18^\xc9}t\xd2\x80\xb6\x9bi\x0bmu\x98\
\xbb\xbd\xdb\xf7tkqr\xf1\xfbg\x8d_\xe8\xbf%\
\x99\xcf\xa6yM\xf9\xb5\x9cb\x9c\xbak\xcfv&)\
\xca4\xc4\xe79/l\xceu1132_\x1b\xf3\
\x938\x99kY\xd21\xces'Z\xe3K\xe3\x8e\x93\
\x1agXD\xdb\x1e}\xa6CB3\xb4I\x06zV\
\xd9\xf2\xcee\xf5\xadq\x93\x0b\xb3\xb8\x9aA\x22$D\
\xeb\x96d\x8c\xc4B$#9\x11\x99Ff[J\x02\
\x02 \x1eq\x93*Fb$\x82\x89\xca\x92H\x12\x04\
\x99\x09Yg 6r!\x01\x02\xac\x82\xb4f\xa8\x00\
*B$\xces\x82\x88$\xa3\x12l#7D\xd2\x19\
\x9eS\x9ei\x99\xa2\xb1\x89\x11\x90\xec\x0f\x9e\xfc\xe7\x8d\
\x0bX\xbd\xef\xb7E\xaf\xaaj\xd1C\x9b\x82\x99D\x9b\
\xd7F1\x0c\xb0\x00\x18\x86\x00\x00\x00\x00\x00\x00!\x80\
\x00\x00\x00\x00\x00\x08b\x02\x00SG\x17\x82g\x11v\
K%:\x04\x81\xaeu\x0b\x00\x00\x10\x01\x22\x00\x00\x00\
\x05\xbbzz=\x0e\xae\x9b\xd7G\x15\x90(\xa1\x0cE\
6e\x14iJ\x85\x8c\x00\x99\xd3[\xea\xee\xb0)\xa6\
\xb7\x87\xac\xdd\xb4\xd2u\xe9\xd2}\xad:\xaf\xa2\xc6n\
\xaa\xd7\xfbw\xe4\xab\xdd\x16\xe7\xbb;\xdb\x96)\x9d\xd8\
\x18[Nc\x05\xf1i\xcfj\xe3\xa4e1\xcee3\
\xcfy\xc2r\xc8\xc26\xc4W\xc33)fa\xadd\
\xcd8\xf3\xe9\x94Li\xa6y\xc1x!\x86\xb9\xe7x\
\x91hD\x19\xda\x14\xa6\xf5\x86yk\x92\xbe\xebLs\
\x98\xce\xe9%DI$\x11\xa2A\x9a2\x98\x09\x01\x19\
\x04g%\x10e5\x083+B\x16s\x0c\xe1Zk\
\x19cFd\x88fj\x83\xa5`\x92\x0c\xefi\x06\x10\
\xa3i\x02\x02I\x0a\xd2K\xb4I\x0a\x80E!\x14e\
1,\xe5(\x00\xe73*3\xac\xe2`\xb3\x9c\xe9(\
1\x80\xa2H \x00\xf9\xff\x00\xce\xf8\xd0\xd6SB,\
\xb5WM\xf7\xdd\xd1\xd3fM\xeb%N\x9bWI\x01\
\x88\xa0\x18\x8b\x01\x80\x00\x01\x03(\x00\x09\x00\x18\xc0\x00\
\x00\x040\x00\x01\x00\x01\x84\xd3H\xb8D\xd35)2\
\x82l\xc8,\xd3:\xc9d\x88\xb0$\x91\x80\x80\x00\x00\
\x02!R]\xb4\xf5=.\xce\xad\xf5`\x06\x82\x18\x0d\
\xb0\x06\xc5\xd2\xa1c\x01\x15:U\xf5wP\xcbi\xa8\
\xef\x17\xbe\xa5\xb5\xd2\xf4\xf6u\xeb\xec\xbe\xa6\x8a\xa5\xbf\
z\xf0\xa9\xfd\x01\xe4g\xcfw<\xdf\x15\xb9\xf4\x9c\x0c\
i\xaf9\xce\xb6\x0b\xf2\xde\xb9h\xcec3\x9fZ\xe1\
x\xe7\xb6x\x98\xce\xd8\x98\x88\xcfL \x83\x13\x0ao\
\x9ci\x92cL\xf3\xce\x22\xf0Ak\x9e7\x8c\xc5\xa1\
\x10E\xa2%\x9d\xebL\xf1\xd7,\xa2kH\x8dX\xdc\
\x89S1\x90I\x03!0N\xb8\xc1\x22$\x81\xc6a\
\x02&j\x8c\xc9 \xa2\x14\x96\x89\x03#(\xcc@I\
D+\x98R\xb4gI\x93=\xa6ID\xb1\x12\x88$\
\x00U\xa2\x19\x98Fl\x9b\xcc\xd2\x00%l\xe6\x99\xa8\
\x89\x032\x0b\xcb)\xcef\x19\xe6y\x02I\x032\x89\
\x00>\x7f\xf3\xbe9\x9d \xb2\x06 /L\xf4\xeb\xd3\
n\x9bi\xbc\x96iDZv\x8b\xcc\xd2\x97q(d\
\x94Q\x13J\x8b\xd8\x86\x00\x00\x00\x04\x80\x0c`\x00\x00\
\x02\x01\x08\xa3)\xa5E\xc1\x16H\xa1\x95\xf3\xb8\xb6j\
\x132i\x9dX\x86P\x0c\x00B$\x00\x00\x00\x00\x00\
\x00\x00\xea\xd7\xa7\xd2\xef\xeb\xbb\xdc\x98q\x0c\xa1\x0cm\
4\xa2\x8b\x004\x00\x04T\xf4\xa5\xb6\xd6&\x9ai\xa3\
q\x17\xb5\xafMng\xa3\xa3Of\xfd4\x9b\xd1\xdd\
\xc9?\xdc\x1f!M\xe5\x9d\xe3\x03\x95l\xd7\xc6u\xe7\
_\x9ec\x9c\xe5\x967a,\xb4c,5d\xa6\x1a\
FF\x17\x9cS\x913\x18\x99\xceySLgH2\
\x96B\x8c\xb1\x9b\xdcD\xe9\x19)\x96\xb4K=3\xc6\
o3\x19\xdas\xd0\xf4\xc6\x19g:\xad\x22g,\xb4\
\x9c\xe16\x89Q\x01\x04\x94d@\x88#\x5c\xa4D\x10\
\x0aLC f3V@\x84\xb4\x06UJ%$\x0c\
\x82A1D:C \x91g9\x11\xa3+\xe4\x86#\
\x22\xabG\x9d\xd6\x84\xa4\xe6\x81^\x8ehE\xb3\xa1\x0a\
\xe5]\x22\xd9\xe59\x80@\x88\x1eY,\xe6*\xcb5\
fb2\x10\x80b\x03\xe7\xff\x00;\xe3\xcete\x12\
1\x01\x1a\xaf,\xd5\xb4\xad\xdb\xf5\xdf~\xa5Z\x83F\
\x8ah\x95\x0d\x22\xf2P\xc8\x9a\x5c^\x86\x00\x00 \x19\
\x05\x80\x00\x00\x00\x86\x22J\x19$\x99\xcd4\x8b\xa1\x13\
4\x82\xe6&\x94-f\xcegPy\xd7BFP\x08\
b\x10\x84\x00\x00\x00\x00\x00\x00,\xe4\x15gM\xf4\xf5\
\xfb\xfa\xf5\xdfaP\xd0`&\x9aP\xca(\xa2\x8a\x01\
#I\xe9\x95\xa8-}\xb4Yc\xda\xda\xe9\xae\x937\
\xd1\xa7\xa3]:\xe7j\xd1Z?\xa2\xfef\xbf\xb7x\
\xec\xe2\xd9\x98\xeb~x\xbf5\xb4\xc1\xaeR\xe43\xb4\
r\xd9\x94\xc7>\x8ey\xcf-\x18\xcb\x1d\x19M0\xbc\
c{bEc\x13)E/\x12\xc8\xc7I\xcc\x8b\xd7\
8\xa2\xa5\x9e\x91\x9a\x99kIX\xd38\x9b\xe71\x95\
\xa7-\x05\xf3S\x5c\xf3\x8c\xf5\x958\xad\x19^r\xb4\
H\x84\xa4\x88d\x90A\x99\x9c\xe7!\xa4H\x88QD\
\x02\x113TH\x89\xca u\xaai\x16\xac\x93\x5c\x82\
\x00\x9a\xe6\x0a@\x10Ns\x99:0\xbeLD\xd5\x03\
\x15(\xe2\xf9\xcd\x1c3\x09\x95\x14\xbb\xd7:\x10\x5c\xab\
\xa6v\xcf\x09\xcd\x81\x99\x22\x1eY,\xe7\x0cU\x9b2\
\x84d\x00\x00\x02>o\xe0p\x04\x001\x0c\x04\x00U\
`\xd1\xd1\xd1\x1a\xf5\xe9\xbe\x8b\xbe\xa6s7\xcc)\xa1\
\x10\x8a,\x92\x840\x18\x80`\x00\x00\x00\x00 $\xb2\
\x00C\x10\x0al)\x08d\x92\xa12\x01E\xe7V\x00\
!\x01D\x16\x22D\x00\x00\x00\x00,\xe4\x01\x0c\x00.\
\xf4\xfb\xbb\xbb:\xb5\xa0M\x0cB,\xaa\xb6\x8d\x18\x8d\
@\x07:Sb\xd1zh\xcdK/[i\xa6\xb7i\
\xab\xdfe\xfdmw\xd2\xd6/\x1e\xce/\xed\xef\x86\xae\
\xb0\xc1\xa67\xd3\x91|\xd7\xe61\x9b\xf3\x19i\x1c\xfa\
0\x96\x17r\xb3\xc3H\xceX]\x9d\x98\xe8\x88\xa6&\
6\x8c\xdagM\xb13\xce2\xdb9\xbcay\xcaS\
\x14\xcc\x09\xd2$\xc3L\xa3U3\xce\xd6\xc6f\x09\xe8\
\xa15\xc3<\xa7Hw\xdat\xa4\xd2\x98\xee\x83!\xd9\
\x9d\x0aH\x15\x89\xcdE\xc32\x08\x10\xf5\xca\x09\x11\x0a\
\xc2\x97\x11\x04\xc9\x13\x94P\xab(V\x881\x8cUd\
\x94\x04f\x841\x08\x8c\xe5\x19\x10\xc6u\x99$\x81\x14\
Mi\x03\xa9\x10\x22B(\x01:F@e9\xc8\x19\
\x80\xf0\xcf\x0ec\xa0\x0330\x00\x00\x01\x1f1\xf08\
\x05\x00\x00\x00\x00\x00\xeb\x0f5Nq\xad\xf6\xda7\xeb\
\xb6\xfd\x136\xbe\x89\x1a8\x861\x94H\x86I\xa0\xc4\
H\x16AC\x01\x0c\x08\x10\x0cD\x85Hv\x02\x98\x86\
m\x08\x12\x99\x93\xac\x943\x5c\xea\x00\x00\x8433Q\
\x10\x00\x00\x00\x00,\xe5\xe9\x0b9\x00C\x02`\xe5\xe8\
wvz=\xbb\x0bQ@\x02.\xad\xe3F\x05\x14\x04\
\xce\x9a6\x9bC\xd3MM\x0d\x87\xad\xb4\xd3]-.\
\xf7\xd2]\xd7\xdf\xb6\xfa\x97\x8a\xab\xfaG\xe6\xab\xfbG\
\x8d\x5c\xd6\xcd\xd1\xce\xbe\x14\xdf\x13\x96\xf6\xe72\xbe|\
\xda\xcf=\xef\x9d\xd8\xc6xY\x94\xc6\x1a\xb9\xe7<\xf4\
gX\xc4\xc2\xb3\x93H\x99\xc8\xceY\xed\x9c^0\xbc\
\xe3)\x8aA\x02\xd2\x11\x86\x99e\xaa\x99\xab[\x09\x98\
\x17E3\x9a\xe7\x9eY\xe9\x13\x17z]N9\x19\xeb\
0*\xc4]\x12\x934\xe8\xa2C \xcc\xc8\x0c\xa74\
V\x90\x8c\x95Jg\x95\xb3\x02@\xa1\xd6\x88\x8bY\x98\
 \xcf\x9em2\x11\x98@\xc4H\xb3\x98$\x869\xeb\
(\x08\x10`\xa53&\xe8\x11 (\xa2\x11\x1aD\x81\
\x84\xe7Y@c\xac\xb3<3\xcb\x98\xe8\x91\x99\x00\x00\
\x00\x00\x1f3\xf08\x00\x00\x00\x04\x94\x00Ub@\x07\
E\x95\xb5v\xee\xbe\xfb\xae\xf7S$\xd2\xd7q\xa3B\
(@\x002J\x02\x88\x11b&iQtg4\xa8\
\xb8)\xab\x1a`\xaad\x11{%\x04\x00\x06\x94\xb4\x8a\
j\x8db\xc8`\x00\x02 ` \x00\x00\x99\x9c\xd5x\
@0\x01g \x00\x09\x9eK\xfa=]~\xa7\x7fU\
\x5c\xe1D\x96IUm\x1aP\xcb\x04\xa9\xda\xd7\x9b[\
T\x97m-\x05\xa5\xb5\xd3M\xadj\xdbMsh\xd7\
\xd0\xd2\xfbh\xbd\xaf\xed\xf2G\xf6\xc7\xc2\xd6\xf4e\x1a\
\xe3\x1b`\xe9\xc4\xe7\xacs\xdep9\x8cn\xc7w4\
\xd3;\xb0FZ1\xb5y\xcc\xd4\xc9\xb6)\xc4\xcd\x19\
\x11\xa4fM\xf3\xcfJsm|\xee\x8c\xe9\x88\x06\x99\
\xe4\xa6z\xe8\x98\xce\x91\x04^\xf9\xdd\x9e\x94\xaaS\x09\
\xa6V\x89\xbcU\xa7=%M\xf2\x02'92\x22\xd1\
#(\x95 \x82\x0c\xe70D\x99\x0c\x98\xcf\x22\x8c\xc4\
\x03\xad,\xce\xd7\xcc\xcd\x03\x9e\xa9Y\x99\x84\x86q\x9b\
\x16s\x033\x003\xb6y\xde\x90\xb5\x11B\x0a\xc4\xcd\
!2,`\xdas$\xa8\xa23\xb4H\xab#\x18\x03\
;\xdac>o>,\xcc\x91\x00\x00\x00\x00\x01\xf3?\
\x03\x80\x00\x00\x00\x00\x00\x15\x80c\x0a\x11v\xab\x8c\xd6\
\x97\xd7\xabN\x9e\x99\xd3{\xc4\xd2\xd7\xa2\x06\x06\x91y\
(\x09(\x00\x00\x00\x89\xa5(\x97\x22\xf4\x04M@P\
!@i\x95\xdb9\x02\x8a\xa5\x82\x80`\x02\x00\x18\x88\
\x00\x00\x01\x0c&Vgx\x00C\x01g(E\x12\x0c\
\xf1\xa5\xab8\xef\xf4z\xbdoK\xb4\x85\x81@]N\
4\xd8\x06X\x92\xa7\xa5\xda\xc2u\xbbY3M-\xa6\
\x9atZ\xd5\xb6\x97\x9bV\xbb\xe8\xec\xd7z\x984\x7f\
F|\xab\xf6\xef\x0d\x9ez\xe0\xdf\x0d4\xc4\xe6\xb5\xf0\
\xbd\xb9\xef\x18\x18\xd6\x98\x98l\xc7FL\xf0\xb3\x19\xb6\
fS^y\xbeI\xc0\xca\xf4\xcc\x9d\x22\x0c\xef9k\
\x9f>\xb1\x17g\x9d1\x06kM\x12\xbc\xfbg\x11E\
\xa4#\x0b\xdea\x96\x95R\x19\xc4g\xcf\xa1N\xafF\
S\x08R\x96Q\xa4\xa3\x18\x86E\xc8\x14\x08\x02\x093\
\x9c\xf3\x11\x04\x10Tg$\x0c\xcc\x0431!V\x1c\
sD\xd9\x19\x882\xa0\x22I\x11\x15\x98\xd3(\xbcQ\
\x95\x08\xaa\xc6SD\x94N0\xf6\x98 2\xa2\x22\xc0\
VK\x19\x03*\xdb\x9f\x0c\xcc\xa2H\x01\x00\x00\x00\x01\
%\x1f3\xf08\x00\x00\x00\x00\x00\x00\x00\x001\xe7\x14\
Us\x05{\xd7C\xa3\xb6u\xda\xcfY\xba\xeb\x9b6\
\x05\x09[n\xe2\x02&\x8ci\x95ZP*\xd6S\x12\
]t\xce\xd9\xd4\x10\x8aS4\x02\x9d(q\x9dR\xd1\
z\xb0\x9d\x19\xa6u\x00\x00@ID\x88\x00\x00\x00\x00\
\x00\x05\x9c\x80\x00\x02\x134\xd6iE\x9a\xa3\x04\xd7\xd1\
\xf5{=>\xee\xea\x99qJ\x12\xcc\xaa\xd7x\xd1\x81\
c&u\xb5\xdd\xa7K.\xdaYr\xbd/\xbe\x9a\xe9\
k\x5c\xd9\xb5\xd2]\xbd\x17\xe9\xd2\xc1\xe8\xf3W\xfbS\
\xe0\xb7\xee\xc3l\xa7\x5c6\x9ei\xd3\x0bFg-\xad\
\x8e\x91\x8c\xb0\xd29\xe99\xa9\x96\xec\x8etcfr\
\xc4\xce\x1c\xe6V\x9ct-\x19\xc6y\x98\xed1|p\
\xbc\xe5,\xc9\x8a\x02\xd212\xd3)\xd0C+\xc4Y\
\x06\x1a@\xce\x91\x99\x9d\xe7\x09\xa4L2gE\xa4E\
\xe9Ve\x10\x88\xb4@\x105\x10\x8c\x8c\xe79$B\
$\xcdD(\x88 \x0a\xb2ju\xa4\x12\x94\xc6Z\xc8\
\x94\x86ef2*\xd4\x22-$\xe9\x06\x98M\x92\x14\
g\xa0\xa5\x115I\x19\xc5\x19\xdeL\xa1\x19\xcdT\x82\
l\xccl`\xe7\xca\x93\x82 \x80d\x00\x00\x00\x00\xaa\
\x93\xe7>\x0f\x00\x00\x00\x00\x00\x00\x00\x040/8E\
\xd76\x11\x0aD\xcb\xde\xfa\xf6OOE\xde\xb2\x00\x81\
T\x5c\xd8\x1cH\x08\xa5\xa5\x14I\x9a\x976\x07]\x22\
\xd9\xccR\x80\x85\xdb:\x22t\x0b\x8c\xdd,^\xa8s\
\xa3/:\x86e\x0c\x82\x89\x00\x00\x00\x00\x00\x00\x00\x16\
r\x00\x08`K9I\x9d\x1et\x16Q*m\xeaz\
\xdd\x9e\x87ou\xaa\x02\xd6Uk\xa4i`\x06\x84N\
\xba.\xed:\xd9V\xd1\x9a\xca\xb4\xbe\xadv\xd2\xd5{\
h\xd6\xc7m;\xf5\xb6\xdbAZ~\xdb\xf3\xdb\xff\x00\
B|\x8fF-9\xb7\xb63|.\xc8\x8bi\x8d\xdc\
\xd3L4\x8ct\x8c\xa6\xb8\xd5\x91\xcf\xb5\xf1\xb4d\x9c\
\x0c\xd1\x063\x5c4g\xa1Fy\x19\xed8\xdf\x1co\
9\xcb\x22\x22\x92i\xa4bdE\xe3\x1d3/\x19Y\
&zD\xb3h\x82b\xb0\xbes\x12D\xa7Y\x8bB\
\xd1R\x82\x19A\x9d\xc8\xa53\x031\x12g9\xc1#\
33*3\x81\x12!f\xbc\xf3\x93;Jg+\xa1\
i\x8c\xb4\xce\xb4\x9c\x8a\xb5\x81E\x81B5\x89\x9ez\
3\xac\xc6\x87\x9d\x03;\xa0\x9e`\x17\x8c\xb3\x9b\xd22\
\x9a\xceqB\xb4\xe7\xd1\x13\x8ey\x9c\xfc\xd9\xa8d\x00\
\x00\x00\x00\x00HT\x1f7\xf0x\x00\x00\x00\x00\x00\x00\
\x00\x00\x00\x06\xb8\xe4\xc9\x18\xc0@_v\x9a\xf5_\xa3\
X\x8d\x1aI\x04U\x09}\x17\x00SY\x01\x15\x19\xa0\
\x00\x113\xa004\xce\xb4\x03\x11%\x80\x00\x80`H\
\x12\x00\x00\x00\x00\x012\x0b \x00\x00fP\xd5J\xe7\
Y\xbe\x5c\xcb\xc8\x00)\xb7\xad\xec\xfa=\xfd]5'\
\x15\x01\xb6\xb4\xae\xa0\x06\x84\xafn\x851v\x8b\xd3K\
.\xd1Zi\xbau\xbe\x9a[[\xbe\x9aT\xdak\xac\
wob\xf3\xd3\xcc\xfe\xc7\xfc\xef\xaf\xd7\xc3n{_\
=$\xbe\x99\xe6\xe6\xder\xbccfg6\xb5\xcbH\
\xc1\x9eg<\xdb\x9fD\x18\xd9\x89\x06l\xf9\xf5\x9c\xe5\
\x9e\x88\xaeym9\xce3vg>\x93\x17eE[\
9322\xde\x91|\xe1i\xb4A\x91\x96\x95\x08\x11\
\x91D\xb3FZ\xca\xd2'HK\x93Dc4\x89\x88\
\x02\x94\x92\x06al\xc2\x10\x88\x89\xcc\x98\x89\x0a\xd1\x99\
\x80\xe9H\xcf9\x9b\xd1\x90\x19\xdb,\xcaL\x93\x9er\
DK\xca\x16\xb6\xcd\x9c)q\x9co(u\xbeA\x14\
\x8c\xd3\x09\xd18$wdM\xa8\xc34\x19+\xcfL\
\x22\x89$\x00\x00\x00\x00C\x01T\x1f5\xf0x\x00\x00\
\x00\x00\x00\x00\x00\x00\x00\x06\x98\xe4\xc0\x06\x00\x01\x09\xbd\
\xe7Y\xe9\xebm\xdb6M\xa0-\x12\xd0@\x0a\x83\x9d\
\x10\xa362@b\x9d\x18\x01\xa6uc\x00 \xb0\x00\
\x11\x05\x12\x00\x00\x00\x00\x00\x00*H\x10\x00\x00\x09\x11\
,\xd2\xc6QYf\xe6@\x00\x8a\xce\xda\xfb~\xc7\xa5\
\xdb\xbe\xedP\x96\xda\xd2\xb6h\x05\x84\xc3t\xa5\xae\xd1\
\xa6\x9aY\xa5KK\xdaw\xd3]\xed5{\xeb:&\
\x9ai\x1d\x13n\xae\x83\xb4\xfe\xa3\xf3{\xff\x00F\xfc\
_n:l\xad\x19\xb4\x9b\xc4]\x9e\x8cubd\x8c\
u`\x8cLe\x95\xe3$e\xa3;\xb9\xcc\x99\xe5\xa4\
ej\xce\x8c\xeb\x9e\x1bLK;\xb2c\x8e\x93\x04]\
1\x9c\x90#\x0b\xd24\xce/l\xed\x08\xc0\xcePg\
\xa2G\x15\xccb#Z-\x22\x11-+J\xa2)\x19\
\xdd\x95\xf2\x09\x02Tfu\x98!P\xc6\xf4\x81\xe5\x01\
\x9d\xa8\xc9$S3\x96e` \x92f\xb2\xc2\x13F\
\x5c\xea1\xd2VQ\x1a\xda\x19\xa55\x8c\xf3\xb4\x84^\
\xf9\x0e)9\xb3\xba\xb3gD\x8a\xe8&\xd4df\x0e\
FY\xe7\xcf\x9dt@\x00\x00\x00\x00H\x14*\xa4\xf9\
\xcf\x83\xc0\x00\x00\x00\x00\x00\x00\x00\x00\x00\x1eP\x1a\xb2\
\x02$\x00$c\x11\x9d\xe7~\xbd::\xa7^\x82\xb5\
J\x8a\xd9\x8bK \x1d \xb5\x00Y\x09,t\x8a\x00\
(E\x00\x80\x00b\x02\x06 \x00\x00\x00\x00\x01\x0c\x00\
\x22Vb@\x12P\x88\xad#\x05\xa8\xc0\x00\x00\x0a\xda\
\xfe\xe7\xb5\xea\xef\xa5\x82\xe9z\x15\xef\xa1\xa5*\xcb\x14\
\xe8\xdb8\x9b\xbd\xb4\xd1F\xc2\xd2\xdb\xe9\xa6\x93m-\
}gA\xa5\xa5\x9d\xdd\x11\xafF\x8b:\xff\x00S\xfe\
k\xed\xfdg\x97\xdc\xf4N\xb5.\xca\xd1\x9e\x88\xb6y\
\xe9|\xa61\xbex^3S+\xdb\x19\xae2\xc7K\
\xcb\x0c4\x9c%\x8d\xd9k\x5ct\xa4\xd9\x0aBp\x9a\
F\xcc\x88G<\xe6i9\x10\x043\xce\xf1\x9e\xd3\x06\
v\xcf\x15 \x08NDk0!\xc52M\xb3\x9d\xa2\
4&\x80\xb4\x84e\x5c\xe4\x8d\xb3(\xce\xa0\x89\xa4\x14\
gFs\x9b2\xacQ\x98\xc8\x9aF\x89\xa9\x0b:K\
5\x17\x81LNy\x96\xa4dU\x022'[\xe6\xaa\
eL\xea\x22\x0c\xb6\x9c\xf2\x852\x88\xc4\x84\x020\x1e\
\xb49\xd3\x0c\xd1\xcb\x1c\xf0I \x00\x00\x00\x00H\xea\
@\xa4\x9f;\xf0y\x80\x00\x00\x00\x00\x00\x00\x00\x03\x11\
YC\x04I\xacP\x00\x10\x0c\x0c\xd3t\xbc\xda/\xa2\
5\xee\xb6\xfdH\xbe\x94X\x8a\xa4gy\xd3:\x81t\
\x1bP\xc0\xc8\xd4\x00\x00FF\xa0\x03$d\x88\x00\x00\
\x00\x00\x00\x00\x00\x02%f% I@F4\x93J\
P\x00\x00\x00\x08\x8d\xbb:=\xafg\xd3\xd4\xa0\x1bm\
\x8b\xa5X\xc2tm\xaa%\xde\xdah\xb3rV\xd7M\
v\x99\xbd/w\xd3V\x82h\xad\x1e\x86\xf6\xab\xdb\xe9\
|\xad\xff\x00\xa9?4\xfa[\xccjw\x85\xa2o\x19\
Z\xb9^\x8bY\xe7\xd2\xb1x\xc1\x9eka\xb5\xb3\x9a\
g\xa6xMcH\xc6g\x1b\xb1\x98\xcbL\xa3y\xc2\
3\x84\xca\x98\xef8\x90\xac\xa9\x86\xb4\x83\x22\x8c\x99\x97\
\x8eM\xb5\x92\x12\x99\xabW2S\xceN\xb3\x04\x90\xc5\
%\xc5\x0bV4F\x92\xc8\x01V\xa8\x9b\xd7=\x11\x5c\
\x90\xa8\x82f\x93\x9ar\x99'\xa3\x18\x01\x11JF\x88\
\xa2\x88\x94\xa99@N\xb6\xcf:+a9\x0a\x82\x0c\
\xc59\xc4^u\xa2gQ\x00K\x0dfe<\xc8\xa9\
\x08\x081*\x94!\x08\xe2`\xa2$D\x00\x00\x00\x00\
\x12\x03\xa9\x02\x99\x1e\x07\xc1\xe6\x00\x00\x0c@\x00\x00\x02\
\x18\x00\x00\x0c\xd7\x1c\x80\x00\x00\x00 \x88\xd3BH\x00\
\xd5\xd1\xd9\x1d=W\xd7I-]+0!\x903A\
\x81\x05\x80\x08\x09\x01\x81#\x10\x00\x00\x00\x00\x00\x12P\
\x839\x07r\x0a\x00\x10\xc9$\x91\xe1\x8b\xa1\xc8\x00\x00\
\x00\x01\x1d\xfe\x9fw\xad\xe9\xf7\xaa\xd3@\x95U\xbdt\
`Y3\xbe\xb1\xa4\xcckx\xd2\xfajL\xb4\xd2\xfb\
5\xa5\xf6\xd5\xad\xb5\xa6\x8c\xad\x16wt\xd8?c\xf8\
\xcf[\xf6\x1f\x92\xf6u\xb1\xeb|\xe60\xd5\x95\xad\x1a\
\xb2\xd0\xf4\xcf\x06qy\xcd\x9c]\x1bFL\xf2\xbc\xc4\
\xb2DY\x94\xb9\xf4\xce&\xb9\xdf<t\xaez\xa1L\
/Y\x88\xcc\xc7h\x86y*\xc8\xd230\xd6q\x19\
\x99\x16H\x8c\x84\xcf#=fE5W\xcat\x04\x88\
\x8c\xe9\x1a\xca\x10\xc9&*\xb6\xceq\xceH\xac\xe2E\
#L\xe9\x9d\xe5\x11j\xe6\xcd\xa7\x1d\x13\x19\xe8D\xa4\
\x95'4itgHYs\x11\x12I\x22\x9c\xd1&\
:@TgG6\x92\x89\xce\x0c\xe70\x02L\xa8\xab\
f\xa9<\xa8\xe6\x8ez\x11\x88\x00\x00\x00\x0a\xa0\x042\
B\x18\xe7\x97\x85\xf1\x15\x00\x00\x00\x00\x00\x00\x00\x00\x00\
\x00e\xe3\x93\x18\x00\x00\x01$\xc6\x94@\x00\xab\x19\xce\
oM7\xd2:{\xaf\xd3\xd523A\x00\x00\xc4\x00\
\x03\x00\x10\xc4@\x00\x00\x00\x00\x00\x00\x00\x00\xb3\x90 \
\x04\x80 \xb2L\xf2\xcc+*\xbb\x8a\x80\x00\x01\x0c\x00\
R\xf5\xfd\xafW\xb3\xa7]\x07'V\xd5\xd2\xc4hL\
\xde\xda\x0b\xebxw\xd3B\xe5z_f\xad}-:\
_]\xad\x09\xb5\xe9Vo{\xf5m\x1aWO\xe8\xdf\
\xcd\xfe\x83\xea<\xce\xf7\xa6\x8ak\x1a\xcb\xb5\x96\x912\
\xcfJN\x8c\xae\xe6\x9a\xab\x94\xc4\xc51\x98\xcf\xa1,\
\xb2\xb3)\x85\xa6y+\x86\xb9E\xe3=f\x14\xe6\xbe\
y\xda2&\xd5\xcak(\xc04I*\xe0F\xa81\
\xb5 \x81\x89\x9c\x98itgb\xbes\xa6HD\x93\
5YF})\x16sA\x15\x89\xbc\xc6\x19\x85\xa9\x80\
R\xf3\x9es\x95`-l\xe3(W=IJ\x16\x91\
\x04\xe7H\xd0\x97DR'.h\x88\xa1\x12L\xe7\x91\
\x98\xb4\x84i\x19\xe2-&H\xce\x16s\x22\x03\x9ct\
])\x95\x9cQ\xcc\x00\x8c\x89\x00\x00\x00\x15TH\x00\
\x11\x0c\xb3\xcb\xc2\xf8\x8a\x80\x00\x00Y\x22\x00\x00\x00\x00\
\x01\x86P\xb5\x9dq\xc9\x80\x00\x00\x86\x00\x983\x8b\xd0\
\x00\x89`\x99\xa3I\xbf_\xa5\xbfWU\xebET\x00\
\x01%\x101\x14\x03$B\x00\x00\x00\x00\x00\x00\x00\x01\
g \x12P\x12Z\x89r\x22\x08\x8a\xbc\x14\xa0\x00\x00\
\x00\x00\x00\x0c\xde\xfb\xfb\x9e\xcf\xa7\xd1\xae\x95\x00\xbai\
\xa1c\x1a\x1c\xf4\xd4\xda\xed\x17e4\xa8^\xb7\xd2\xcd\
Z\xd1\xb6\xb7\xbbmk\xdc\xae\xe5.\x8b\xc6\xfb_\xd5\
\xf3\xb7\xfe\x8e\xfc\xf3\xea;\xf0\xe9\xd2\xd55\xca\xad\xa1\
}\x1c\xd25\x95t^3\x96Fw\xa6D^\x91\xa2\
/\x5c\xec\xcar\xcd\x5c\xaf\x5c\xf4\x8c\xad\x19]\x1a\xd3\
\x13-3\xc9\x9a\xbdy\xc5zbE+\x06z\xda\x15\
\xce\x19\xe8SLI\x9c\xf3\xb1&\x19\xc6\x96\xcc\x92\x09\
\xbaz9\xd5A$\xa8g\x18\xeb0\x00I\x19\xc6z\
I9\x86U\xc8\x22\x94y\xb2\xaa\x01\x9c\x19\xa0\x16\xd9\
A+@Y\x04P\x98NXZ\xd0#9\xce\x08\x11\
\x1aR\xd4\x22y\xb6\x97\x08\x81\xce\x91\x12d\x14\xab\x87\
\x13,\xa3$#0\x00\x00\x01T\x14!\x00\x01\x86p\
\xdc\xfe\x07\xc3\xd8\x00\x01\x80\x86 \x00\x00\x00\x00\x00/\
(q\x9b\x18\x00\x00\x00\x8c\xa3PH\xa2c49\xd2\
c\x9chN\x05!UZ\xe9\xd9\xe9o\xd9\xdb{\x00\
\x02\x0b\x11%\x01\x05\x92 \x00\x00\x00\x00\x00\x00\x00\x01\
g \x01\x03\x01\x14\xa6y\x18g@`\x00\x00\x00\x00\
\x00\x08\x13\xaf_G\xb9\xec\xfa:\xa5\x81\xa1\xb54\x06\
\x87=7Y/:\xcc\x0d.\xca\xd6\xfbM*o\xab\
]5\xbe\xf6\x96\xd6\xa6\xf5uQz6\xd6t\xd2~\
\xe7\xc2\xef\xfd\xd3\xe1>\x93H\xbb\xd7+\xb7E\xe9b\
b\xf4\x87\x0c\xb5\x9c\xb4\xba2\xae\x19\x98\xde\xb9h\x9b\
\xe7\x9e\x93\x9d\xd0\xcf\x1b\xb2\xd53\x96:\x22k\x91:\
S\x9dI\xb6y\x98]\x06v\xa4\x13\xa51S\x18\x98\
\xd53X&3\xca\xf3\x0c\xe5\x9cih$\x939M\
\x8a\xd4FZCf\xb3\xcdQ6H\x8c\x89\xaa4L\
\xd5\x11lQ\x9c\x96h\xc8\x85\x15\xc8lY\x9d\xab\x22\
\xd22\x0a\xb2\x14\x822\xc2Y\x88fS\x98fI:\
L\xb3\x22\xb9m3d\xf3C\xa4\xc9\x05\x1c\xc1J\xe7\
\x19qFi\x12Y\x98\x00\x00\x00\xea\x90\x00\x00\x11\x9e\
iG\x83\xf0\xf8\x801\x17\xa4hf2I\xce@\x00\
\x00\x00\x00\x02\xf2\x8a\x8c\xd8\x00\x00\x0atFC\x18T\
\x01(Q\x9cN,\x09+8Y\x8b\xe9\xdb\xeao\xdb\
\xdf\xa5\xda\x5cT\x11\x03\x01\x00\x00\x00\x00\x00\x00\x00\x00\
\x019\xcb\x1d\xcb2\x93\x00 \x0aB%Y\xe7\xad\xc4\
\x00\x00\x00\x00\x00I@\x00\x15\x8e\xefW\xd1\xf5=>\
\xadh%\xa5Z\xc6\x8c\x0d\x09\x9d\xad\xa3\xb5\xf4\xd1F\
\xe4\xcbm/\xb3V\xbe\xba\xb4\xb6\xb5\x17\xd2\xf6v\xcc\
\x9d\xe9\xaf^\x98_F\x7f\xa7|\x97\xd1\xfe\xa7\xf2~\
\xb5\xda\xd5{\xb1\xe8\xa1iz#Zg{\xc1\x89\x9c\
RL\xa6&3\xca\xf6\x9d2\xcaj\xf4A\x9fC9\
\xcb=g=+\x9a\x90\xa1\xa3\x03\x1b\xceq\x8c\xb3\xcb\
f7B!\x94^3\xbdbbL\xc8\x16\x98I\x92\
3\x11\x06[HD'HS\x8df\x88\xceTQ0\
*2&\xf1\x0c\xcbLQ\x16\xcen,\xcb\x9e]s\
\x0ey\xbc\xb9\xdci3\x94\xdeeL\xa9(ZD\x0a\
&2\xe3s\x01\x06s\x9c\x19\x92\x9ag\x92\xe8/\x9c\
h2\x85\x9c\xa9dfg\x9b\x9e8\xd1\x99\x98\x00\xa0\
\xec \x00\x0e\xa0\x90\x01\x19fd\x89\x97\x85\xf0\xf5\x00\
\x06k\xa4Fs%\xe9\x19\x86r\x00\x00\x00\x00\x00\x17\
\x94Tf\xc0\x00\x00S\xa2\x19\x90\x8a\xaaJ%\x04g\
\x13\x88\x02\x0c\xe1f\x9a\x0b.\xf6\xef\xf5\xb7\xec\xef\xd6\
\x89\x01\x00\x00\x00\x00\x00\x00\x00\x00\x00\x00\xb3\x90w,\
\xcaP2\xc9(\x8aR\x05\x94\xd4R\x90\x00\x00\x00\x00\
\x00\x19\x96ICB\x9d=\xafo\xd0\xeb\xea\xde\xea\xaa\
\xb5\x8d(\xa1\x84\xedm\x08\xb3\xbc\xeb\xa2\xcdd\xf4\xbf\
CQz\xb4\xeb}w\x9b;\xda\xed\x0c\xa9\xe8\xd3G\
F\xfc\xfaM\xbfZ\xf8\xff\x00\xa4\xfb\xbf\x99\xf5.\xd6\
\xb1\xe9z\x1e\x9a\xc9\x13\x0bL\xf3\xba\x0c\xc8!\x0dI\
\x89\xce\xd4V\xa2\xd0\xa9\xa1\xbb-s\xcfDtg\x0a\
a\xacM\xa3\x0a\xe7\x96\x937\x8cb\x918F\x93\x9e\
\x91,\xf3\x86\x1af\x8c\x84\x882\xd6\x90(\xa8f\xae\
Bg\x04\x11\xac\xa9N\x91\x9eP\xd9%$\x89@Z\
\x17=2\xbc\x99\xa2\xb4Wg\xb6S\x0c3\x9d\x08!\
\x0a3\x89\xc8\xac\xe54\x99\x90\xcfH\x80\x84eG<\
\xc0\x8c'8\x11\x09\x96y\xae\xc3|\xf2\xcc\xe2#9\
%\x81\x9a0\xcf\x0c\xa3:\x11\x91 \x12U9\x03\xa8\
\x19\x00\x02 y\xa4FL\xbc_\x87\xa8\x00\x05\x85\xe2\
\x89\xa4\xc0\xc4\x00\x00\x00\x00\x00VQEF`\x00\x00\
\xa7@*\xcc\x82\xc0\x09\x8c&h\x90\x0e!\xe7\x01$\
g \x08\xbd\xf6\xee\xf56\xeb\xec\xb1\xac\xbc\xe0\x00\x00\
\x00\x00\x00\x00\x00\x00\x16r\x00\x00\x08`\x02\x05%1\
\x95L\xeb`\x00\x00\x00\x00\x00\x00 $\x00\xbd\xf7\xf7\
\xfd\x9fGm-B:\xa9\xa3\x18-S\xd0\xca\xb4h\
\xd2\xee\xb8i\xad\xf6\xb4\xdbW7\xd7H\xd5\xb3\xb6\xba\
\xca\xafRz6\xd2\xfa[=w\xe7\xe8\x8e\xcf\xd8\xfe\
?\xe9\xfe\x97\xe6\xfb.\xd3\xd1i\xde.L-&&\
j\xe8\x84\x11z\xe5\xa4\xcd\xa9\x04*\x19\xc5'C\xd2\
]\xd8\xe8\x9d)\x13\x19\xeb\x9e;\xd3\x22#\x1cte\
h\xc5+L\xd4R\x11\xcf4Ze\x04\x18\xdaq\x94\
\xb2QL\xb4\x98\xb4dLV\xf4\x8c\x91\x99\x16\xceE\
\x94D\x16\xf3\x99PDF\x0d\x94#\x1a\x14L\xc5&\
\x90\xab&\x91\x8e\x94\x8d\xab\x9e\x13P\xc8\x91F\x19\xcd\
\x14!*k\x9cB\xd0Mr\xceTb\xd92Lg\
<FdH\x88\x02c0\xc4\x83,\xe9\xca\xe4\xa8\xb0\
A$\x00\xc4\x15P\x80\x09\x0a\x82j\x09\x119Dk\
\x87\x89\xf0\xf2\x00\xc4\x00\x03\x00\x10\x00\x00\x00\x00\x0c\xac\
\xa1\x1aF`\x00\x00\xa7@\x8a\xa4D\x9a\x01\x11\x897\
\x9788\x838\x91\x0b9\x00\x02\xb4\x97F\xbd7\xf4\
=\x8d\xbaz@\x00\x00\x00\x08`\x02\x18\x00\x0b9\x00\
\x00\x040\x02TK\xa6s\x9d\xef,\x80\x00\x00\x00\x01\
\x0c\x00\x04Ib -\x1d\x1d\x9d~\xe7\xad\xe8n#\
zi\xa0\xc75\x96\xfa\xb5v\x8d\x1a\x17i\x0d5\xbe\
\xf6\x9bjM\xf7\xd2-j\xb6\xfa\xcd\x9d\xebS\xd1\xa6\
\x97\xd2\xb7\xbe\x9c4\xd2\xfe\x95;?[\xf9\x1f\xa2\xfa\
?\x07mV\xd1\xa6\x8bV\xb2\xf3\xa3\xb8\xb2\x09\x9be\
tL\x86z\xa0QX\xd3\x09\xbd\xe6\xf0\xb5e|\xc8\
e\xa52\xde\xb9\x19\xc6y\xdd\x953\xc7Tk\xcf1\
L\xe6\xf1\x19\xe5\xacb&\x19Zs\x9bf\xac_<\
\xb5Nu\x92f\xb3\xa3;\xc0Nt\x82&\x08Es\
\xc84\x94g\x12\x99\x93\x8ezA\x13\x97=\x123\xa4\
\x94\xa4k\x9cZ\x22\x01\x91\x22%Ys\xccL\xcdf\
\x224L\xd5g9\xab\x11\x9d\xb2\x83\x19\xce\x04f!\
\x10HFrc\x9c\xc1\xc8\xe7Q\x9bB\x03\x11\x00\x00\
\xaa\xa1\x08\x00*\x81T\xc9$\x8c\xf3ZG\x8b\xf0\xf5\
\x00\x00b(\x90\x00\x00\x00\x00$\xa0\x00\x03lr\x00\
\x00\x00\x0c\xe3H(\x91\xaa\x12\xcc\x08\xaa\x9c\xca\x02k\
\x019\xc8\x02\x12\xef+\xca\xd6tz\x16\xee\xf6o\xae\
\x96$\xe2\x00\x00\x02J\x00\x00\x16r\x12Q%\x00\x00\
\x99\xcbVN9\xc9T\xa00\x00\x00\x00\x00\x00\x10\xc0\
\x0c\xb5\xb9\x99\xa5\x06\x90\x8fK\xbf\xb7\xdb\xf4z\x883\
C\x5c\xf5&\x19W\xd5\xb5k\xed\xa2\x8b.o\xb6\x9a\
\xd1s\xa6\xfa^\xad\xa6\x8b\xd8k\xa6\xf1\xd0\xf5\xadK\
m\xa3[\xbd\xf7\xa9\xfa?\xce\xfb\x7fA\xf3w\xeb\xaf\
F\xa8\xb8U\xa6\x9d\x12Iw\xaez\x96\xd6\x91W,\
\xee\x83)\xa2\x99\xcf@\xcf=Q4\x9b\xe7\x95\xa7\x1b\
\xb3f\x8eh\xa4^\x98\xda\x99\xe9\x86r\xcfY\xca\xec\
\x81DEs\xc2\xf9\xc5\xe325\xce\x08\xc6\x88\x8bD\
\x13\xbcL\xd1\xe4\xc4[T\x8c\xb3\xc2`\x9d&\x02)\
\x02\xd7(\xe7\xa2\xb5s\xcef\x84DRt\xcc_\x09\
\xcd\xe5\x19\x99\xb9\xd1$\x06\xb5\x81ML\xa9\x15\x8c\xa7\
H\xd3\x9aTB\x9ag\x16\x96\x99\xce!\x98\x89g\x8d\
\x05\x5cjf\xc4\x11\x03\x8a\x22j\x91\x88\xa2\x88\x10\x00\
\xb3=\x19\xe6@\x06Ye\x9e\x8f#\xe2*\x00\x00\x00\
\x00\x00\x00\x00\x00\x00\x00\x0cf\x98\xe4\x00\x00\x00\x0a4\
\x81\x12R\xa8\x19\xc81#H\xcb0S\x00\xb3\x90\x04\
4FW\xa6\xc0\xd55\xd3\xb7\xd3vz\xba\xda\x00\x00\
\x00\x01\x0c\x00Y\xc8I@\x00H\x03<\x92\xca\xad\x1f\
<\x13 \x00\x00\x00\x00\x86\x00!\x81\x02\x9b\xad\x00\x00\
\x0a#\xdb\xf4\xfd\x1fG\xb7z,\xdb=I\x8b\x0b\xeb\
MJZ\xaf:h\xd0\xd2o\xae\x9a\xe8\x13\xa7N\x97\
\xabi\xa2\xf4\x1a\xe9\xbcti4}\x0a5\xba\xec\xfb\
\x08\xf7~\xaf\x8f\xd2\xfaO\x95\xdf\xbb\x96\xfa\x1a\xdbM\
p\xe8W1\xeb\x05\xcbID\xa2.\x8bFs\x92\xd2\
\xd9^\x15s\xc7YJe|q\xb3;2\xadd\xca\
\xb4\xce\xf9\xe5j\xe7x\xca\xd5\x9d\x19k\x9eD\xc5Q\
\x9c\xe7\x96\xb9\xc4VH\xbd \x98\xac\x11JA\x92\x0e\
\x8ag0\x10\x854\xce\x94\x82`\x8c\xe2dR\x98\xcd\
G,\xe79\x88\x91gH\x98\x86YA\x10\xac\x12\xc6\
IRE14\xa4\xdb8\x8b\xc5\xa2\x14\x8a\xe9\x94\xe6\
\xf4\xcaZe8\xc9\x04\x0a\x99\xcd\x18M9Y\x08\x00\
\x92\xe2\x90eS\x02\x89(\xcc\x00\x04,\xc8\x91\x12g\
\x96KG\x8f\xf1\x15\x00\x00\x00\x00\x00\x00\x00\x00\x00\x04\
\x06\xf8\xe4\x00\x00\x00\x8c\x8d\x09\x8d\x01\x01%\x11\x18\x12\
\x96`\xf2\xa8Fr\x80\x05I\x07\xa5g+\xb8\xd8\x18\
\x0a\xb3}q\xdf\xeai\xd1\xdfj\x99`\x80Y\xcb\xd2\
\x08\x90T\x02\x11B\x22\xad.\x88\x86:T3\xa9\x15\
\x9d\x01\x80\x00\x00\x00\x08\x92\xc0\x09\x99\x07\x11\x22\x9d\x16\
\x90\x00\x00\x08\xfa\x0fg\xd3\xee\xdfG\x0di\xa5\x81h\
\x96\xaev\xd6\xd6\xd3I\xa3Y\xb5i\xafBI\xd3]\
'[]\xc5\xf5\xbd\x95\xe7\xa2:\x1e\xd6\xb3@\xbct\
m}\xad\xa7\xdc\xc7\xbd\xea\xbb=?\x1bOW\xcd\xd5\
\xc6\x96\x9du\xa4,L\xc9y\xeb\xad3\xe9\xc7Z*\
\x19j\xceei\x86Jg\xa3519\xf4\x8c\xd9\xa6\
p+#:E\xab\x9e\xf7\xceq\xcbJg,\xad\x9e\
\x11\x9b\xd2%hS\x09\x84\xc95\xcfD\xe9\x9et\x9c\
\xb1\xceH\xdb\x08\x16PtS $\xcei5\x99\xce\
#<\xa4\xc7I\x90\x98\x96\x0b*K1|(\x98\xae\
l\xda\x92d\xa8b\xa0\xce\x12\x94\x91E\x1a \xc4\xc4\
\x0c\xe78\xb2H\xaeI\x96[L\xe4\xce+\x820s\
!\x08dE&\xa4\x03\x18\x10 \x00\x01fC \x98\
gJL\xd5C\xc7\xf8\xba\x80\x00\x00\x00\x00\x00\x00\x00\
\x00\x00\x06\xb8\xe4\xc0\x00\x00\x00\x0c\xa3I(\x08\x18\x99\
\x89Yr\xb1\x0c\xcf9@\x00\x04\xe7eM.\xd6\x00\
\x05'I\x8bg\xd1\xbd\xfd\x0fo}\xb7= \x01g\
$\x00\x90\x00H\xc2h\xb3(AY\xd1\x84\x00\x00\x00\
\x00\x00\x00\x003,A2\x0e\x22L\xe7J\xd2\x00\x00\
\x00\x1d\xed\xf4^\xaf\xa3\xd3\xbe\x9aSK,\x10\xda\xdc\
\xec\xedm\xb4\x9a*m\xae\x9a\xee\x97:i3w\xd3\
Y\xb6\xb7\xb4\xdev\x8e\x8d\x93a\xb4\x97\x8d/~\x9b\
\xe9\xd3;}\xdb\xe87\x9d{94\xf6\xfc\x9d{0\
\x8a\xb5\xd4\xf4Ug0Vm\x9a\x8bIS\x11tM\
q\xd1\x94Ri1H\x81\xeb\xcf\x11H\xb4A\xcfi\
/\x9c\xa7)\xcf+Fs\x9a\x87=\xb3\x98\xcd\xe9\x19\
\xad*Js\x9a\xa3=\x05h\x5c\xeb\x94\x8d^rs\
g9D\x8d\xc8\x953\x8a\xc6p\xe6$\xcf\x1c\xe0\x99\
I\x13\x84\xc5\x04E\x11\x13\x8a\x82$\x96\x12A\x93:\
S5&)3w\x19\xa3\x02\x082\x9c\xe2!\x98\xcc\
C\x99Z2\xa3\x09s\xb9\xe5\x10\x033\x1cQT\x01\
 \x00H\x00\x00\xb3AD\x13\xceZg(\xc7\x85\xe5\
|\xcd@\x00\x00\x00\x00\x00\x00\x00$\xa2\xb2\x87\xac\xc9\
YV\xd9\x91 \x00\x00\x01\x11\xa2\x11\x22\x8c\xdc\xe8\xd5\
\x87:EeY$3\x94\x00\x00NWmX\x00\x00\
\x08D\xd6;}\x8b\xfa\x1e\x96\xd5a\x10\x00\x08\x92\x84\
gZ\x14\x14\x80\xb8\xa8\x00\x00\x00\x00\x00\x00\x00\x00\x04\
\x14I@D\xe9#\xd2\x00\x00\x00\x00\xaa\xefo\xa2\xf6\
\xbd-\xf5\xd7H\xae\xd9\xeaLQS\xadF\xce\xf6\xde\
\xea\xb2\xf4\xbe\xcdZ\xfaD\xde\xb1\xb3\xa3[\xdc+N\
\x8d\xd3\xa9[ji:iF\xd3\xa2\xcfI\xdd\xf6\x8f\
q\xce\xb7X\xf5\xfc\xdd\xbd\xcf3m/\xa3\xce&\xf2\
*\x88@A\x89:W-y\xf3i\x02\x96x\x02H\
\xb7.Z\xd6\x13\x02\xbeh\xc2\xf4\x96y\xad\x99(\x86\
\x06\xb3\x9cg\x1a\xcc+\x91\x9b4\xb4\x89\x80\xcdgl\
I\x86\x22\xdb)\x16uzB\xad\x11\x11\x08\x8aJc\
\x91$\x134\x9c\xb1D\x10\xaejI5\xc4\x8acy\
Fu\xc9\x0a\xd1*(H\xab\xcf\x0dp\xb4I\x9c\xe7\
&Lsd\xa60\xa5y-\x86b\xac\xa0\x02#9\
(\x00\x92@ \x04\x81f\x04\x22@UM3\xc7\x96\
3\xe4y\x9e\x0d@\x00\x00\x00\x00\x00\x00\x00\x00\x1eP\
\xb5\x9b\x1eU\xa6dH\x00\x00\x00g\x1aH\xc0\x91\xc6\
d\xda\x1c\xe9\x0f*\xa2E\x9c\x80\x00!eq\xab\x18\
\x00\x00\x80\xce2\x9a\xd3}\xf6\xf4\xfd\xdd\xfa:,\x12\
P\x99\x80\x9c\xf0*\x8b\xaa\x990X\x00\x00\x00\x00\x00\
\x00\x00\x00\x01\x0c\x82\xcc\xc5\xad\xc0\x00\x00\x00\x00\x9b\x14\
\xa6\x9a\xeb\xf4^\xc7\xa1\xd5\xa5\xf5\xcfW0\xcaMO\
F\x96\xd3K\xae\xcb\xd2\xfb5K\xeb\x13\xa6\xb1\xa4\xed\
V\xbe\xeb\x1atl\x9d\x8a\x9d^\xaa\xe8\xaai\xad\x9d\
\x07\xb0\xf4\xbe\xad\xeb\xa9\xd0\xb3\xaf\x9e\xdfI\xe3u\xfa\
X\xe9:\x09A9\x91\x9cS#-+\x1a\xf3\xcbI\
 \x89)@\xab\x8ckD\xa4\x19B\x09\xbda\x9c+\
\x04\x89\x11\xadsg\x1a3S\x10U+\x89+C:\
a&y3\x123&i\x1a\x88\xceI\xc6\x88R\x86\
9\x1036\x8b>) \xcdQL\x89\xa91\x8bT\
0\xaeH\x913\x82J\x8e|\xda\xe3h\x82k\x96F\
LS\x1eyrZ3a$VB\x00\x98\xce\x80\x09\
$\x9c\xccPa \x00\x04@\x85\x8b\x0e\x5c\xf2\xe5\x8b\
\xd1\xe5|\xed@\x00\x00\x00\x00\x00\x00\x18\x80\x06#L\
\xa9QP\x00\x00\x00\x98\xd0$@H\xe30\x89\xc1\x04\
D\xe7\x14Fr\x00\x01+\x05e#T0\x00\x10\x80\
\xcf<\x88\xa3(\xe9\xf6:\xbd/WG2\xc8\xad\x01\
aF0\x00\x00\x00\x00\x00\x00\x00\x00\x00\x00\x10\x11:\
 \xd2\x00\x00\x00\x00\x00\x00\x00N\xba_\xe8}_C\
\xafMt\x8b\x05!\xcfN\x96\xd7M\x1b\x157\xd3F\
\xadI\xd3CM'i\xdfY\xb2m\xa6\x97\xdc\xab5\
\xd3Y\xd6\xb5})ft\xda\xff\x00J\xf5}\xa7\xa6\
I\x9a\x9e\xbf\x9b\xd1\xf4\x1c\x9bi\x9d\xc8\x88LQ\x0a\
g\xa4g\xad\xf3T\x94\x13|`)L\x8c\xf4\x98\x15\
\xb2\x14\x22\xb0c0\x94\x85r\x15\xeb:\x96q\x89\x13\
T\xcb=#-\x0b:bDL\xe8\x8aBs\xb8\xa0\
c\x9b\x22X\xce\xd3\x91\x01\x14\x07\x95$\xc9\x94\xcdg\
+I\x0c\xd3(D\x19+5\xa0K\x183\x1cR\x09\
\x9c\xe0\x96s\x9cF\x93\x99\x9a\x229\xd1\xce\x88\x9c0\
\x8c\xf9f\xbc\xe2d\x89$D\x0e3\xa1\x10\x19\x90\x00\
\x00\x86\x00\x02$\xcd\x9e>|O9\x01\xe5\xfc\xfd@\
\x00\x00\x00\x00\x00\x00\x00\x00\x19\xa6\x14-\x9b\x8b\x00\x00\
\x00\x02\x8d1$\xa1\x16\x11\x9a3\x9c\x00\x88y\xc32\
\xce@\x00!fVR5\x00\x00\x91\x0cfY\xe5q\
@\x05-7\xbf\xa5\xed\xf4\xed\xb9\xe1\x9a\x15\xa5\x80\x00\
\x00\x00\x01\x05\x80\x00\x00\x01\x05\x0c\x09\x10\xa7D-!\
\x80\x00\x00\x00\x00\x00\x02Vy\xde\xfb}\x07\xa5\xe8\xfa\
\x1b\xef`\x8a\x9e\x9d#M/;hs{\xd1\xb3R\
\x97\xd0\xdb\xa2\xdaN\xfaM\xa9\xb6\x9a_S[4\xd3\
X\xd6\xba_D\xb5\x9a\xda\xdb'\xea\x9e\xcf\xa0\xef\xb9\
hR5\xce}^M\xbd^\x1d\xf7\xcbL\xf4L\xc6\
ZLXFy\xcaH\x8c\x839\x99%I0\xb1\xb2\
\xd62\xc8\x99\x9c\x95\x84A\x17=\x22)X2g\x9c\
\xd6t\x8c\xef\x19Nh\xcf*\xce\x8c\xa8H\x95t\x8e\
hD\x18g3\xa4gl\xe4\x88\xa2'*\x06d\xb2\
\x11\x98\xb3\x98g,`\x90\xa53\x9a\xe4\xc6L\xca\x8a\
\x22g<\x04\xces\x89\xd2d\x84g\x1c\xf9\xa3\x09\xc3\
\x13\x95Ne\x11\x9b \x801\x11q\x98f2s0\
\x00\x02\x0a\x18\x00\x8c\xe1\x87\x0ey\xf3E\x08\x0f+\xe7\
\xea\x00\x00\x00\x00\x00\x00\x00\x04E\xe4R\xa2\xa30\x00\
\x00Q\xa09\xcc2\x9d3\xa49\x9b\x00!\x98\xac\xb2\
\x04VUd\x13\x9c\x80\x02\xceH\xb4\xb5\xb0\x00\x00$\
fY\xe6Fv\x00\x00M\xa7\xb3\xd4\xdf\xd0\xef\xb3P\
X\x00\x00\x00\x01\x0cC\x10\xc9\x01\x0cd\x0cS\xa2\x16\
\x91B\x00\x00\x00\x00\x00\x00\x00\x10\x00\xc0\xf7}OK\
\xd7\xe8\xeah'M[ik\xd6\x8df\xf5.\x8b\xea\
N\x9a\x973\xb5\xf4\xbb_U\x89\xdb]o\xbdA\xae\
\xfa\xad\x15}\x19I\xde\xd7\xdd\x7f\xac{\x9dm\xad\x1a\
M\xe8c:i\xb7V\x1at\xe1mh\xa5\x95\x19\xb2\
\xce\xf2R\xe5\xd9\xd5\x22\x8c1\x22e\x0ey\xda\x93T\
\x13,\xd5W#;\xa1\x9c\x19\xcd1\xb4I:\xd79\
\xa6y\xd6\x0c\xa2\xa0\x93\x9b\x078\xe3\x93:\xb3c2\
D\xdef\x89\x8a\x0a\x13\x5c\xd9\xe5\x9c\xa2\x08\x1b\x9a\x11\
1hgQLYJ \x88\x8aS9\xae\x22A\x96\
yjD#(\xe7\xcf:\xe0\xa7&\xb4\xe7c\x99$\
\xe5\x84\x88\xcc\xcfY\xa8\xc9E\x82(\x91\x8c\x00@0\
\x10\x01\x9eq\xcf\x8ek\x84\xc7\xa4Fs\xa6\x91\xe3|\
\xdc\x00\x00\x00\x00\x00\x00\x00\x05D^F\xcc\x00\x00\x00\
\x14h\x0es\x0c\xe7L\xe9\x152\xc0\x05\x14\x19g4\
\x00\xac\xab$\x8b9\x00\x05\x9c\x91f\xd4\x00\x00\x02A\
\x92\xca\x80\x00\x00\x00\xa6o}\xbd/V\xfb\xf4@\x00\
\x00\x00\x04\x16\x04\xce\x90Q!\xa4\x01\x00$\x00\x00\x00\
\x00\x00\x00\x00\x80b\x01\x88`\x00E^\xcf\x7f_\xbb\
\xdf\xe8i:Sj\xb5\xf5\xd1\xb4\xde\xe5\xbd\xf5\x99\xd3\
B\xe6z/\xa1k\xea\xb6\xb1:\xdb[\xbd\xd9W\xd7\
M%oz\x1av\xb5\xf7W\xb1\xd3\xf5\x0f_\xa5\xbb\
\x9bX\xcb\x1cU\xb4v\xbb\xa1\xa7Z.\x8b\xa2\xb3\xde\
\xb3g\x19\xa38\x90V\xa4\x91|\xe5GJdL\xd2\
YF\x93$\xd9\x0c\xe58\xa9\x17\xa4\x13d3\xcf;\
fDV\x09\xbe\x12\xaeu\xbeyb\xad\x19No8\
\x81D\xcd\x0a3\x95\x5c\xd53I\xcc\x80%Y`\xab\
$g\x08&\xb81\x81.\xa34\xac\x19g\x94\xebY\
\xc6\xb0)\x8c\x18b\xaf\x1a\x9czc\x08\x99\xaeb\xcb\
\x04gI\x92:\x04d\xb2\xb0)\x00\x00\x02\x18\x80\x81\
\x93\x9d\xb1\xe5\xc3.S\x85Ii\x06szG\x8f\xf3\
p\x86\x22\xb2\x89\xd6@\x02\xb2\x89\xd6P\xc0\x00\xbc\xab\
l\xc8\x90\x00\x00\x00\x99\xd0 \xb0\xab\x22\x80\x09\x12\x89\
\x82@8\x87\x92f\x119\xc8\x04\x02\xcf-)`\x00\
\x00\x00\xcb<\x94R\xc0\x00\x00\x09\x08\x17v\xfa]\x1d\
\xfe\x8c\xbbB\x89p\x00\x00\x92'F\x1aB\x10\x0c\x00\
\x00\x00C\x00\x00\x00\x00\x10\xc0\x00\x00\x09(\x00\x043\
\xa3m\xfe\x9b\xd2\xf4zv\xea\xb9\xd7m&\x8d&\xfa\
h\xd9\xaa\x9d55\xd3[\x8b\xef{\xb8\xd3K\xde\xed\
:\x95\xb6\xaegM.h\xb8\x9d\x22\xdah\xde\xbaz\
\x13\xd1\xf4o[U\xaao\xbe\x92\x9a\xd6up&\xe8\
\x09*&F\x90qIfV\xf0\xcc\xd0\xa9E\x98R\
)\x5c\xd9\xe7d\x05\xa2\x09\x8c\xc0\x86w\x9c\x99\xab&\
\x99\xe7\x9c\xbbg\x06m2%\x8af\xa2#\x9d:T\
\x14F9\xe7\x13g4\x84^Q(NyW&\x92\
\x04T\x99\xa6LQX\x9c\xa1\x18\xb3Y\xcc\x93\x10i\
L\x919\xe5\x9cRL\xe6qrr\xa9\xc0\xc72\x09\
\xbd \xcf\x9e\xb39\x97c\x9au\xa0\x02\xcc\xf4@\xc4\
 \x18\x83(\xa2u\x97\x93\x9f\x0c\xb2\xe5\x15=#@\
\x00<o\x9b\x80\xbc\xa1\x01:\xc8\x05\xe5\x11\xac\x80\x03\
4\xc79\x1c\xda\x99\x91 \x00\x00\x01\x9c\xe8\x85R\x11\
`\x00I.F\x99@<c:\x00\x00\x00%g\x96\
\x82\xcc\x00\x09%\x95\x0b1\x14\x00\x00\x09(\x09\xb0\xa0\
\x8du\xebz~\xbd\xefip\x83@\x11$\xce\x8cZ\
@\x00 \x18\x86\x02\x01\x80\x80`\x00\x00\x00\x00\x00\x00\
\x04\x94\x00\x03\xac-4\xfa\x0e\xefG\xda\xee\xf4\xb4\xd6\
\xda\x1bM\xcd\x1b\xb5\x89\xd3cM5\xde&\xaf}k\
/Mj\xdal;m\xaa+\xa7J\xd0\xe2v\x8b=\
\x1d\x15\xd3y\x9fI\xdf\xf41\xdb\x13}\xb5\xb5-m\
4\x8d\xf3\x9a\xb1\xe5\x08\x94\x03L\x85\xe8\x99\xba^Y\
\xa9\x14\xa2L\xb3\xc2k\x839S#(I\x9b\x14L\
\xae\xaa\x8a\xeb)\x8b\xe7\x91Z\x90A$\xb1\x86h\x98\
\x9c\xf3\xce\xcc\xe21\xcf56\x99\xa0\x87\x94f\x84\xe7\
\x15\xc9\xa4\x81\x15&i\x90\x08\x223Rf\x99\xe7I\
\x22!iL\xd1\x96y(\xa6DL\xf29|\xe9\xc6\
\x11\x11L\xc8\xaercHs\x9ep\x9d\x19\xcd\x00\x0c\
\xd3\xa2\x89\x11YD\x86\xb3%e\x0c&y\xf9\x19a\
\x91\x90\xb9\xe9\x1a\x08`y\x1f-V\x1a\xcc\x14H\x00\
\x00D0\xcdc\x8c\xc1\x80\x00\x00\x00\x08\x99\xd2\x05P\
%@\x00I\x19\xcc\xe2\x15\x95A\x19g,\x00\x03\x02\
\xe8F7\xd1\xaa\x18\x00\x01,\x822\xa5\x00\x00\x00\x00\
\x0a\xc9\xae\x80\x0e\xdaw\xfa\xae\xde\xe8\x9bhV\xb4N\
\xb7\x90\x10\xc0\x00C\x10\x0b9zC\x02h\xab\x90\x00\
\xc0\x04\x02\xa8*\xc0\x00\x04\x03\x00\x10\xc0\x05Y\xed\xea\
\xeb\xfaoS\xd2\xed\xdf\xafY\x9ak\xb6\x92/Q=\
\x1aks\x1a\xdbM&m\xa5k\xa7D]#V\xda\
i\x17\xad\xd6\xb3k;_v\x9a-\xd4\xd7\xd4t{\
\x0e\xe7\xac\xd2\xdaM\x86\xa5\xac\x0e\xb6\x90\x98\x90\xa4B\
\x8a3\x07h\x83\x09\x99S$\x19\xe77\xcc\x14f\x8c\
\xb2\x983c\xa1\x99\x8d\xe8\xe2`\xb8^*\xca\x02H\
%iQi\x8c\x11X\x8c\xa8\xab\x10\xc9\x90\x19\xd1\x19\
\xab,\xa8\xcc\xccD\x88\x8a\xe4FD\xcd\x19\xc6s5\
\x82r\xcdLbLg\x9b,\xeb\x9e8O?M8\
s\xc2#\x9f\x0d\xac\xa2\xb8\x84c\x99(\x8ag\x96s\
$_&-d\xca\x10\x84\x22\xb3\x904\x86E\xeeg\
N~\x5c\xe3\x9c\x00UZ.\xd0\x00\x1eg\xca\xe2\x19\
m\xa8[9\x13@\x04k\x8eL\x00\x00\x00\x00\x00\x00\
\x04)\xd2\x05U\x12\x90J2\x22\x83%0\x06U\xa3\
0\xceP\x00\x0b9\x99:\xd9\xb5`\x00 !\x95\x0b\
*\x00\x00\x00\x04\x81\x0d/=*@\xa6R:=\x08\
\xec\xf54\xd3y\xa1I\x00\x00\x80\x05\x9c\xb0\xd2\x01g\
5\xa4\x02\x194;\x98\x00\x08b&\xab&\xca\x00\x00\
\x01\x00\xc40\x01\x85ji\xa7\xbf\xdf\xe9{\xfe\x97\xa7\
\xb4\xde\xb4\xdbu\xdeMo\xadl\xe8\xb6\x9a\xcc\xb6\x8f\
]6\x8b\xec\x8d[=!\xeb{\xd6ij\xb5\xf5h\
\xd7\xdd\xa7f\xbaw\xb7\xf5\x1d\x14\xd2\xb4\x92ow\xd1\
\x12\x98\x1a\xc8\x85!\x94R@\x10Jb\x82\x16y\xcc\
Y\x12\xc6\x05\x9d$\x11\x22\xca\x22\xf9\xe1j\xa1BG\
\x1c\xf0\x19\xc3\x15j4\x10\x05!gL+\x12\xca\x00\
y\xd1\x10%sd\x88$\x04Ea\xb3\x96a1\x9a\
\x9a\xe6,\xb3\x89\x883\x8c\xf3e\x8a9\xa3\x1eI\xc7\
\x9f9\xce9\xb3\xda\xd9EdQ\x8eFy\xc4\xd2\x92\
f+\xe4\x85\xac\xbc\xa0\x01\x08\xa0\x00#7/.K\
)\x00\x02\xc3F\xb5\x80\x00\xf3>W\x10\x00\x00\x00\x00\
\x00\x00\x00\x00\x00\x00\x00\x98\xd31\xd95\x05\x01#d\
\xdaLs\xa39\xae\x99T\x99\x8c\xca\x08\x00\x00\x09\xca\
\xed\xa80\x00\x13&,\xe74TP\x00\x00\x00\x14\xda\
D\x9amT\x80\x04\x22\xf7v\xfbV\xe8\xec\xbc\xe4\xad\
 \x10\x0c\x9c\xe4\x1d\xe0\x15N\x82hir\xa9\xa2\x86\
M\xce\xe2\x13\x9a\xb4U\xd3@\x10\xad\x0a\xa0\x00C\x08\
\x12\x00@,\xc2kH@\x07n\xdd_U\xec{\x1e\
\x86\xfd;\xce\x8a\xfa\xec^\x9a\xeat\xc5\x9d\xef\xabj\
\xd2\xfa\x16\xd3M&\xb4\xbdm:,N\xbb\x13:\xee\
\xd7\xa7K\xf5\x1ds\xa7{\xafI\xd5\xe9u\xa6\x80\x01\
\x09\x05\x9eP!\x94A\x22\x1cU3H\x9c\xe6X\xa0\
\x223\x90\x16s5\xcb\x1bD\x135\xa32\x09\x8c\xe9\
\x94V\x86i\xad\x8c\xa0\xd2\xd5\x0cq\xa4\x89\x8c\x05j\
R\x14\x92\xa9\x96b3\x0a\xa0\xa8\xbes\x83\x8c$j\
\xc8\x892\xcf,\x19\xca\xb8NxF<\xacs\xce\xb8\
\x1c\xeeX2\xd6\xe4g\x19W2'\x18\xce`\x98\xcc\
#H\x00\x00\x00\x04Jc\x17?6&r\x01%\x00\
\x1a\xe9\x00\x01\xe6|\xae \x00\x00\x00\x00\x00\x00\x00\x00\
\x00\x00\x011\xa4\x95dT\x00\x08\x11,\xe5\x88\x01\x95\
\x5c\xccfP\x00\x00\x04,\xafM@\x00\x012\x09\xcf\
\x5c\xdc\xf5\x0a\x00\x00\x02E6\x04\x96\xda\xe9\x08\x09\x02\
\x88\x9a\xf5zZv\xfa\xb7\xad \x10\xc6g\x9c\xd1\x22\
4\xacM\xc5UL\xc8\xd1\xdc\x848\x1a\x08,\xcfa\
B\x99\x05\x11w\x16\x00\x02\x01b\xadD\x80\x01\x91\x80\
\xdc\x14 \xa4\x1ai\xf4^\x87\xa7\xf5>\xaf\xb1\xa5\xf6\
\xa2\xf4\x9e\x83X\xdbK\xde\x9b^\x97\xd4\xa6\x9b\xe9/\
K\xd6\xd2\xd6\xb9\xd7Q\xcc\xd3MZ\xf5\x1d:\xed\xd7\
\x1aon\x9d/\xa6\x9a\x00\x9bHg!\x05\x10\x00\x04\
\x88\x98\xabf\x22s\x98b\x12Lf\x80\xcf9u\xc9\
Z2&k$\x0c\xcc#9s:\xccRb\x88\xc6\
$\xaa\xa4Ldu\xacR\x1c\xb3U2\x92\x04*\xb3\
,\x94%\x5cs\xa5`\xccf\x19\xe5\x93<g\x1e~\
|\xf1\xde\xb81\xcf:\xe0C\x97\x13\x19\xb4)5\xac\
\x99\xce+9\xc8#:1\xd2\x18\x01%\x12,\xe6\x0c\
\xf2\xcb>qTg5\xa40\x00\x00,\xad <\xcf\
\x95\xc4\x00\x00\x00\x00\x00\x00\x00\x00\x00\x10\xc0\x0c\xe3@\
\xa4\xc0 \x12R\x8e\x22\x19\x13DVU\x00\x8c\xe5\x08\
\x00C#+\xd3P`\x00H\xd9\x22 g@\xa0\x00\
\x00$\x00+\xa4\xddt\xd0$\xa1\x88\x094\xec\x9fG\
\xd9\xbb\xd0IP\xe4\xd2\x0e\xb0\x0e\xb1&\x8c\x93AT\
\xb8\xa2\x05\xe8J3=4c\x00\xce\x10\xb4\x9a%,\
w\x80\x00*C\xb9\x8a\xa0 \x0e\xe0\x80\x1dg\xb7\xab\
\xab\xec\xbd\x9fo\xd2\xe8\xef\xd2\xd1\xad\xb5\xd6\xdal\xb5\
4\xbd/\xd0\x90\xd6oz\xe8^nt\xd6\xf6\xa9\xd7\
KT^\x9blvM\xf6\xd2\xfb\xb7\xd9\xa6\xf7\xb9\xa5\
\x95n\xc6\xb32C\x02FH\xa2\x80f\x95\x18\x89b\
\x88\xa4\xc0\xe75D\xd5 \xcb\x1b@D\xc0\x88 \x05\
\x19\xa6J\xb50\x8c\xa8Y\xb2Tgf3T^l\
\xe2\xb0\xcd\xaa\x89$\x8a\x98\x80\xcdK\x8e|\xa2\xac\x9a\
2\xa4c^~}i\x8ex\xe7\x14\xe7\xd6#<9\
\xd6\xca3\x89\xe7\x83\x135f\x22'\x18\x86t\x90\x98\
\xce\x8cBA\x10\x0a\xa9Y\x14\xae\x18g\x19HP\x08\
\x06\x00\x00V\x90L\xdd\x1eg\xcb\xe0\x00\x00\x00\x00\x00\
\x00\x00\x00\x00\x00\x85\x1ad\x05\x04Q\x04\xdd\x89Y\x8c\
\xda\xb35H\x0a\xca\xb2\x04g \x00\x08\x08\xca\xf4\xd5\
\x8c\x00\x00L\x82 gF\x00\x00\x00H\x00L\x94\xda\
\x93%\x08\x92\x88\x9aH\x91zk\xe8z\xd7\xdb\xb9\xa6\
I)\x08V\x94]`\x04J\xfa\xb2\xc5v\xa3%p\
\xb5\x19 e:Y\xa4f\x10\xd0'IE\x0c\x09*\
a\x8a\xea\x15H\xbb\x90\xa0\x08eIgW}>\xa3\
\xd6\xf7>\x9f\xd1\xf5w\xbe\xbakm\xd7\xa6\xd7\xa5\xf6\
M\x1aM\xef]4\xbc\x93\xa6\xf7\xb3\x9dj\xd5\xa5\xed\
\xb5\x9aM\xfbt\xbfL^\xe7J\x8bi\xa6\xael\xc1\
d\x08\x09\xa2B\x08\x15\xa1 e)@\xac\x8f\x04\x13\
j\x15@\x84\xcb;@D\xc4!\x0c\x82\x07\x19\xaa\x93\
\x09\xc7X\xcf\x18\xce\xd2\xcd3SX3\xcc\xe2\xb2\xcd\
+\x00\x04\xd4\x08\x90\x8eL\xc9\xca$S^za\x84\
R4\xcb<\xeb\x9cS\x0dc<\xf0\xc5l#9\x9e\
x2!\x5c\xe23\x9cT1\xa4\xc0\xe34HUB\
\x02L)\x86|\xd5Qt\x96\x22J\x18\x8a\x00\x00\xd2\
*\xb3w|\xf7\xc3\xf3i\xbb}tz\x9d!\xc0\x98\
V:\x00\x00\x00\x00\x00\x02gFcT\x9a\x00+\x05\
,\x81D\xc1Bf\x1cA\x9c2\x05\x9c\x80\x00*I\
YK\x8b\xb1\x80\x00\x84\x0c\x91\x19R\xc0\x00\x00\x00\x90\
\x14\xdc\xa6\xb6\x02\x01\x88\x0c\x8a\x12\xb0\x13\x1d\xfe\x9d\xfb\
\xfb\xac\xa6\xb5 K\x80\xa3(\xc8\xa2F!\x14\x02\x18\
\x86\x86\xbbT\x11d\x0c\xc7Mlq@&\xc0\xb4,\
\xd5\xa0\x18\x00\x86\x00\x02\x03\xd4\xe8\xeb\xfb\x9fs\xe9\xbb\
z\xf7\xd9\xae\x8b\xd3^\x8d-eM\xef].\xf2\xd7\
\xd2n\xf4\xe9\xda\xd9\xe8\xd7E\xe4\xd2m\xb1\xdd}\xf4\
\x9b\xd2Yv\xd6\x85Y\x00\x04!\x92& \x0a\x92\x89\
\x0a\xc2&\xb4@\x99d\xed\x5c\xc9\x11\x13T2\x04f\
8\x14\xa4NT\xcde9gb3\xcf9\x946Y\
Md\x98\xce\xb3\xbc0\x92DMA\x03a\x9cb\xb3\
\x94\xaek\xe3L3g\x8d\xf3\xcb<\xe6\xb4\xc6\xe8\xbe\
XgL\x91\x934\xc7##8\xa4\x19\xce3IT\
\x8c%L\xea\xb2\x10\xa2i3\x5c\xa3<y\xc6\x05b\
\x00\xca\xb2\xb8\xa1\xa5h'J\x00\x02K\xd2(\xf9O\
\xcd\xbc\xf5*\x9d+H\xd3\xabM\xf7m{\xed\xb8\xa8\
\x00\x00\x00\x10\xc5\x1a \xb02\xa8(\x01Y)i%\
\xca\x04\x14\xc1\x11Y\xc69\xc80\x00\x02).\xba6\
\x82\x18\x00\x00\x00\x99f\x19R\x80\x00\x00\x00\x81\x937\
\xbaj\xc0D\x00\xca \x08T\x04Z\xf7\xd3\x97\xa9\xea\
\xe9{K\x12\xf0h\xa6F\x82\x10\xc0\x00\x00\x00\x04\x81\
v\xa8\x00\x02\x05\xc1L\x03\x8b\x01%yz@P\x80\
`!\x80\x10U#\xa3\xa3O\xb8\xf6\xfe\x8f\xdd\xee\xf6\
6\x98\xb5\xf6\xd3}\x877\xadt\xab\xce\x8b\xe91z\
t\xd5\x96\xd7U\x00\x9e\x8dN\xa8\xbfKM5\xd2\x85\
P;X\x02F\xd1\x839#8\xa1H\xce\x02EU\
\x91j\x04\xa6YE\xaa\x12\x04\xcd`\xa03\x18\xa1\x14\
\xa4Hd\xb2\xa4\xe7i\x8c\xe79\x84K)\x9a\xc1\x01\
\x95\x06A\x04\x93U\x99\x92\xc0\x8cp\xceEsg\xcd\
L\xf3\x9ael\xa3*D1\xbb;\xe5\x9ey\xe4d\
\xccc\x99\x91\x9cS2g\x1c\xb1*2\xd1\xa3<\xab\
4Jsg\x96\x19g\xcfw)\x86u\x96]\xf3\xc7\
=-B3z\xd9\x01\xa0\xe7@\x00z@|\xc7\xe6\
\xdc \x00\x01%\xec\xd3\xa3]\xba\x1b\xed\xae\x9a\x9d%\
M\x5c\x5c\x08\xcc3\xb6\x810E\x80\x00\x10R3r\
TjM%\x08\xac\xaa\xccs\x96\x00\x00\x0c\xd3R\x92\
M\xdd.\x00\x00\x01\x04g@\xb8\xc8\x00\x00\x00$\xa2\
+\xac\xe9J\xcfk\x10\x10\x89-4d\xad/*\xa6\
jf\x82\xa3w\xa5\xea\xeb\xbf]\xea\xb9\xa1\xa5*\xd2\
\x08\x06\x02\x18\x01\x03(\x00\x00\x00\x00\x04\x03(D\x8a\
\xfaV\x87 C\x10\x8a\x01\x0c\x00)?O\xec\xfb\x7f\
k\xeb}\x1fF\xba\xdd\xaf\xd2\x06\xbakz\xde\x97\xd3\
E[Z\x8b\xedmm`\xb0\x9b\xe8m\x1a\xf5\xb4\xad\
.T\xc0E\x08Pe\xa31%\x86udH%[\
$\x81\xceXX\xe2$d\x8ak%K:\x95 *\
Y\xab\x04\xb1y\xc4\xe7\xacW5\x95\x22q\xb3\x139\
\xaa\xb9\xe5ED2\x92GY\x81G\x0edg1\xa4\
e\x9drg\x9b,\x99c\x9dY\x923\x8ac9f\
\xa78\xdc\xf9\xa3<\xa3;\xd6\x0c\xe9\x19Nk:\xe5\
5\xa1\x12E\x18\xe7\x96\x5c\xe2\xb3\x05\xc6hS\xa4\x0a\
\x22KeD\xad%oGE\xac\xc6\xb8\x13!\xf3?\
\x9dp\x00\x00\x00(\x09%3:^6\xeb\xd7}\xed\
\xb7N\x97\x0c\x8a\x22H\xb8\x00!\x80\x011\xcd3V\
\x92/\x9c\xe6\xc5\x95h\x8c\xe4\x00\x00\x0c\xe6W)4\
\xd1Z\x18\x00\x00\x84,\xb0C@\x00\x00\x00H\x0al\
gz\x9b\x84\x16B(\x94\xa2TSG\x1a\x8c\xd4\xc8\
i\x9e\x8aD\xe7\xd5\xe8\xeb\xdf\xeaC\x12\x05\x92\x18\xc4\
\x04\x96\x22&\x94\x11tP\xc8(b\x01\x80\x00\x00\x00\
\x0cW\x99\x9d\x10\xd1Rw\x00AC\x00\x1cFu\x9f\
_\xb3\xb7\xf4/\xa0\xfa\xefC\xab\xb3\xa8F\xfajk\
{^\x93\xa5\xf5\xbb[kkk\x22\xc77\xa1\x1d\x11\
\xa7eu\xa5\xa4\x00\x00q\x0cs(\x8b\xcb\x1d3\x92\
K$\x0c\x99\x02\x94\xd8\xe2$\x04D\xd5\x0e\x0b8\x99\
PK\x05@b\xb9\xe3<\xf6V\xca2\xa2\x9cP\x8c\
\xe6\xb9\xddYRh\x19A\x04V\x88#\x96\x08#9\
\xc1\x8e\x0c\xd2\xb822\xca\x0c\x91\x8c\xe7\x9a3S\x12\
\x5c\xf0\x88\xca1W3:U\xb2\xcc\xcaj\xf3#\x1c\
Y\xe5\x82[9E%\x8e3\x0c\xe7I.3cT\
%f\x11G\xa8\x908\xb2\x02\xcf\x9a\xfc\xef\x90\x00\x00\
\x00\x00\x00\x01\x0ao\xb7Di\xd3\xa5\xef}\xf4\x92n\
\xd5\x013\x19\x93\xaaR\xd6\x88\xa2\x9c\x05\x12\xc0\xe2\x1e\
p\x84Fr\x00\x04\x00\x98\x96\x8f-X\x00\x00\x08U\
\xceJ\xa6`\x80\x00\x00\x09\x113\xa5Vj.\xc4!\
\x14#0&s\xa2Up%q\xbc(\x16\xbes\x9f\
F\xf5\xee\xf5\xf4\xdbY\x998\xaa\x9c\xe5j\x00.4\
S\x9c\x96\x04\x80\x89(\x0a\x8d\x01\x14A`\x02\x18\x00\
\x11\xa6\xb4T\xc4\x0e%\xde\x1c\x90\xc0\x00\x00q\x1ao\
\xbf\xe8>\xe7\xd4\xfd7\xa5\xec\xdc\xdfB\xf7\xd2\xd7\xb4\
^\xbd4\x9b6\xb6\xcc\xb5\x13K\x9b\x00\x8d\x96\xeb\x8d\
%\xa6\x95\x90\x95X\x00\xd6\x04\xa8 \x00$\xa3;D\
\xb2\x00\x91\xb4\x953\x9a\x93\x0e\xa7H\x82FL\xa1R\
\x88\xa4E3\x9c\xd3\x19\x82c$\xea\x14\xcf9\xa8\xa6\
Y\xe4\x84d\x82\xb9\xc4f\xd9\xe4c\x95\x22i\xcfZ\
\xe7|\xd3<\xf3\xcek8\x90\xcf\x14e9d\xbc\xb1\
\x968\xe52\xa63\x5c\xe7\x19\xa2(\x9c\xe9\x96eI\
\xce\x22g('*HN\x8cQ\x19\xa9E\x00\x00\x00\
\x80`!\xd8\x0a\xf4g\xce\xfeu\xcc\x00\x00\x00\x00\x00\
\x00\x0a@V\xaatzN\x9b\xe9\xd1\xd7:\xee\xa1N\
\x82\xae3Sd\xa2R\x14\xa5\x81DVq\x00,\xe4\
\x00\x08AY\xd94k0\x00\x003\x0a\xe6\x0e\x99\x80\
\x00\x00\x04\x81\x11\xa3\x8a\x13\xa5\xc5\xd9\x05\x101\x92\x06\
s\x9d\x0a-(rbP\x01/\xadm\x1a\xe7\xe8z\
Z\xf5w\x12\xa4\xe7+\x05\x81\xa4i3\x9b \x00\x0b\
3\x02M#DQ\x9c\xe6\xcb\x8d\x10\xc40\x00\x00\x14\
\xe8\xc5yw\x82@\x0cC\x00\x1a\x08\x11o\xae\xf6~\
\x83\xef=\xaf\xa5\xe9\xe8\xe8\xbb\xcd/h\xbdzi4\
mm\x83V\x12\xd1\xce\xc1i\xb5j/\xd0\xbe\xb5\xb8\
 \x00\x00\x00$E\x12&L\x8bh2\x04\x22&\xa5\
)1b\xf3Y\xc2\x92$\x05\x9b5\x141\xceI\x85\
\x96\x12\x84&2F\xa1I\xe7\xac\xb2\x98\x22\x10\x98e\
HjJ9\xcc\xf2\xa6SL\xe7\x1ci\x9cA\xe7L\
\xac\xc4\x96X\xce\x19\xe5nvc\x19FfJgi\
\xcf\x0cr\xaa3(\xa6Y\xc8\x88a*\xc9\x19\xcb\x09\
\xd1\x0a!)@\x02\x01\x12X\x80\x06(I{Q\x1f\
?\xf9\xd70\x00\x00\x00\x00\x00\x00\x00\x00!fw!\
\xf5\xed\xd1\xbb^\xbaXZ\x91\x9a\xee\x92\x83\x22\x98D\
\xe7 \x00\x082\xb4\x94\xd9\x80\x00\x08\x06\x84C6\x19\
P\x00\x00$\xa2&\xe1T\xd0\x9af\x9b\x8b\xb2@\x0c\
\xe76I\xa4]-3\x9c)k\xb8\xb2P\x9a\x91\xa5\
\x22B`\x88R\xea\xed\xd3\xb7\xd4\xae\xb2V\x860\x11\
&\x84\x16\x00\x22J\x18\x80\x81\x80\xe3FH\xc6\x00!\
\x80\x86\x00+\xe8\xf49!\x88b\x01\x80\x8fg\xb7\xbf\
\xf4\xaf\xa0\xfb_S\xb3\xaa\xa6j\xfai\x1a\xe9\xa5\xdd\
\xd4\xd1\x9a\xb3\xa2\x1b\xd1S44\xd0\xd3\xd3\x17\xd2\xb7\
\x04\x22\xac@\xcb!\x88\x00\xa2\x04\x849\x80\x8c\xe1\x00\
\x86I%\x19\xcdL\xa2-.\x91\x08Y\xb3\xcf\x04\x0c\
dDMK\xb3\xca\x8ak$\xe7H&\xb9\xe6\x11\xcc\
\x8etFt\xc9\x18\xb3\x96yS9\xade\x9eV\x98\
\xa50\x9a\xc1\x96t\xc5\x9c\xa9\x0ag\x11\x9d2\xca+\
\x85\x05\x09\x9ey\xd8\x03\x16+*H\x01\x9c\xe8\x0e3\
b \xa2@\x00\x02J\x04\x1e\x830)I\xe2~\x7f\
\xc6\x00\x00\x00\x00\x00\x00\x00\x00\x08Y\x81\x18E\x9c\x8d\
'\xa3f\xfd4\xdf\xadq\x0113B\x00\x00\x00 \
yY\x14\xd9\x80\x00\x08\x08d\x00\x8a\xca\x80\x00\x00\x01\
\x13y.(\xa7GY\xa8\xb8IB$D\xa2f\x8d\
)J]\xc6\x89\x95/\x94\xe5Q\xa0\x89\x99\xa8\x9a\x11\
\x9c\xe7\xb6\xb6\xf4}WOT\x02\x02\x0d\x00C\x00\x00\
 E\x92X\x01\x9aB\xa2\xec\x00B\x18\x8a\x00(\x96\
\x86\x84\x90\xad \x00\x01\x0cEV6\xd3\x7f\xd2~\x97\
\xec>\xa3\xd5\xf6\xaao\xd1\x1a\xce\x97\xbb\x9db\x8a\xb4\
\xe8\x09\xa2Z\xea\x00%\xaem\xa2\xa1Qpc\x10\x08\
\x02k#$\x22\x02fA\xe7\x0cD\x80\x19\xcdBG\
\x94D'9\x86\x05&\x22\x80\xd8\xc9&sUr\xca\
\x93L\xb3$DW9\x8c\x12\xb9\x18Ns\x9eyD\
C<Y\xe7\x9d\x14N,\xe2+\x96y\xc5k\x91\x85\
\xe9,\xe1\x5cTY\xdb,\xf3W\xa69\x95C<\xb3\
\xb3\x11\x9b\x1c\xb2\xa0\x023\x02\x80\xcc`\x00\x00\x04\xc3\
,\x19f\x9c\xd9\xd4\xf0Ndr\xfc\xe7\x18\x00\x00\x00\
\x00\x00\x00\x00\x00#<\xd6#\x19\xd2F\x03\xac\x16\x9d\
\xfa3\xdff\xfd*\xd1\x19\x00\xb0\x00\x02i.\xb2\x97\
k\xb0\x00\x00\x03,\xea\xd9\xca\x5cR\x80\x00\x00B&\
o\xa4R\x22\xca/k\xb1\x10Q\x94\xd1 \x1c\x5c\x1c\
\xd1\x17\x1ag9\xb8\xcd\xb7\x12\x09\x03;h\x10\x8a\x14\
\xd5E\xfb=\x0c\xfa\xbd&\xf7\x19\x9e\xcc\x87Y\xb2\x00\
\xa2J\x18\x88\x03BD\x22\xc9\x00\x8b\x83J(\x00\x00\
\x09\xb4\xb1\xae\xeeD\x85\x17\xaai \xf4\x86\x009\xaf\
\xd9\xfa\xff\x00O\xfa\x1f\xd0\xfdV\xdbl\xed\xad\xb5\xa6\
e\x9a\xa5\xb6\x11\xa0\x8b \xb9\xb5D!\xcd\x88\xa3\x9b\
\xd1C\x01\x14fT\x8a\x94\x10\xa2\xacK%ml\xd5\
hD\xab+:a4\xd4\xad\x96\x98\xd4_\x0e|H\
\x22\x18\x84\x0ak\x9aH\xa2$\x9c\xf1\x82I\xad!E\
\x18fa5\x8cc\x0bg1\x9ae\x85K*ah\
\x952\xcf\x05J\xe5{b\xc6\x08f\x8c\x15\x9c\x19\xb1\
P\xc6\x92\xd9\xc1$\xe70\xc5Fx\xd3V(\xceI\
\x02\x8c\xc2\xa7c\x94Bh\xcb\x0683\xc19\x9d\x04\
\x18\x120\x8c\xf9|\x0ep\x00\x00\x00\x00\x00\x00\x00\x00\
\x05\x98 \xcat@\x00\x15\x8dr\xa5\x0eO\xad\xb7K\
M\xd5p*J\x18\xaf\x06Z\xb6\x8d\x00\x00\x08\x92\x89\
\xcf\x18PiQF\x00\x02\x10\xc9&oqB\xbbR\
\xe2\x02D\x02\x9aB\x10\xe2\x01\xb5\x00\x99\xcc\x00$\xb8\
\xbd\xaf\x9b\x06)\x80KTfR\xf7\xd8\xef\xf4\x9d=\
Eff\xd5\x90\x91\x12#RH\xb4\x06\x95\x9b\x02\x0a\
$\xa2\x0b@(\xd4\x01\x0cE\x00\xa0\x03Gr\x85\xf4\
&\xa7 \x00\x00\x00T\xaf\xb5\xdd\xe9~\xa7\xf4\xdfw\
\xe8\xf7\xf6\x5c\xdcN\xb64\xdba\x001\xa2\xda\xcb:\
$\xd52\xd2\x80\x0a&n\x14\x05Bs\x86\xac\x93j\
\xd9+\xcb!D\xd2\xb3\x88\x08\xac\xa6q\xab\xd7Y\xa5\
\x22\x99\xb8L\x062H\x10L\xd6s\xaag\x10\x08U\
\x19\xb3\x9a\xe7\x11\x94\x99Mre\x96i\x8c\xe4\xc5\x91\
L\xf0\xce\x91k\xc2\x98\xe7\x84\xd2\xb8\xde\xd8\xb1\x913\
\xcc\x85c\x041\x88gIl\xe0\x91g9\xb1\x88\xcf\
*j\xc23\x80$\x91\x8a\xa8\xa3\x9f\x99\x9e\x08\xcc`\
4(\x12\xaa\x08\x02\x10\x0a3\xe7\xf09\xc0\x00\x00\x00\
\x00\x00\x00\x00\x01\x00f\x83\x19\xd1\x88\x00\xd38\x14p\
\xd2\x80\x09\x16\xedz\xdbj{\x9cY\xce\x85,\x0c\x00\
\x09\x00R3Td\x00\x00\x00\x00\x01%\x19\xc6\x8d7\
\x17C\x001(JH\x22\xa4\xe3d\xa2M\x139\xa1\
\xc5\xd9\x94\xd0./D\xa0]N\x0e4\xa4\xcc\xe7S\
n\xbfE\xdd\xdb\x5c\xba\x17\x08\x00\x1dH,\x02\x05\x84\
(\xd2\xb3\x00X\x00\x01\x00\x00\x5ch\x86\x00!-F\
z\xda\x8a\xa0\xdcT\x08EJ3\x9a+Hq\x1bo\
\xbf\xe8\xfe\xff\x00\xd7\xfd\x97\xad\xf4\x86\xdah\xce\xad\xb0\
\x0bX*\x14\xb2\x1b\x1a\x12)\xa8\xa4\xb4\xb9K7H\
\xb2\x0a\x1c\xd9\x0a%\xa9\x00\x14\xa9K\xbbi\x19\xaa\xd9\
\x86y\xc2\x16t\x90\x02\x18\x85-\x99\x96\x95Y\x0bE\
E2\xce\xa1\x9b9&\xa9S5*0\xc6k\x99\x93\
\x183\xca\xa8\xcd\x8et\xa1W1*f\xa69b\xaa\
\xca\xf1\x8b4\xceL\xd1\x04\xe1\x191\xcc\x8c\xe7Vy\
\x99\xc3<\xe8Mq\x19\x14\x92\xb1\x16\xa4\xd0\x8c\xb2e\
\x83\x1cY\xe0\xb8\xba!P\xb0\x15af\xb9\x04\x04f\
\xa7@\xc3\xe7\xf8\xc0\x00\x00\x00\x00\x00\x00\x00\x01\x01\x19\
\xa4\xcat`\x00<\xe2\xedW\xcf\x1aX\xc4I0\x8a\
\x1eC\xa1\xbfM\xaf\xb6\xfam}\x00\x00\x00\x91,\xb3\
\xe7\x12\x8a\x8a\x00\x00\x00\x00H\x11\x1aRn.\x00\x10\
 %DJ(\x17S\x98\x90\xd24\x04\x80\x89\xa0\x5c\
\x5c3\x9c\xa9v\xa2\x8d)f\xb4\xb2uWM{=\
f\xdd@\x00U0\xb0\x09*\x9c\x82\x80\x92\xcd+0\
P\xc0D\x00F\x8cc\x01\x02\x03D\xa2BS}X\
\x84V\x91\x19\xcd\x95\xa4\x10s\x04\xdf\xeb}_w\xf4\
\xaf\xa3\xfbN\x9e\x8e\xaa\xb5\x18\xd2\xc6\x86[p\x96!\
H\xb6\xb0\xce\xd4\x98\xd1\xc6dV\xc9\x9b\xd8\xaaB\xac\
%\xaa\x108\xb4eGh\xce\x92\xec\xccy\xd6D\x90\
\x96(\x08*b\x09\xbdVB\xb1\x0c\xe6+\x04T\x84\
\xa42q\x96f\x13P\xc3<\xa0q\xcf\x91\x9a&\x94\
\xaa\xb9\x88c\x8c\xe7\x8c\xd4\xc0\xa61g\x0c\xd1\x08\xcc\
\xca\x22q\xc7\x10\xce[83\x84gBk\x04\x91I\
U\x8cs\xa6\x1clqe\x8d\x81\xda\x5c%P\x00\x00\
x\xc1\xa1\xd0\x12(\xcd\xce\x92a\xf3\xfc`\x00\x00\x00\
\x00\x00\x00\x00\x00\x85\x9b2'D\x00\x00<\xe3E+\
5\x81$\x91Q\x99\xd6@\x01D_R\xfb/\xa6\xed\
\xfa/4\x135,\xf3\x84\xa1\x14\xa1\x80\x00\x013t\
S9\xae\x92\x95\x11\xb3Y\x19%\x90@\x14\x98\x9c\xea\
\x0aiQ\xb0J\x01\x92\xcc]\xceu\x1b!\x81\x9c\xe6\
\xc6\x9a\x8d%\x14L\xe7%E\xd3>\x9e\xf7g\xa8z\
\x00\x91\x9e\x85\xa8P^+=R\x14\xe76\x90\xabF\
\xb5$\xd0\xc8,\xcc`Y\x99q\xa0!\x80\x0c`Q\
%\x19\xa6\xc9\xd3H\xbc)XA\x84\x99\xdf\xd1\xdf\xfa\
\x7f\xd3}\x9f\xd1\xfa~\xb96pc\xb1\x15\x0b&f\
\x82\x08\xba\xe7B$\xaa\xa8b\x22\x89.\x93$\xd6\xac\
T\x9c\xc1\x08d\x8dDLU\x04\xa0\x8d\x0dEI\x22\
\x93\x9c\xc2\x89I$\x9a\x92\x12\x14r\xe6I\x9a\xb3\x95\
q\xb6s\x11\x9a\x94d\xcb:f\xa9*s\xc8\xc9\x19\
g\x92\x8a\xc9\x83,\x82sFJ\xe2F\x18\xe4LZ\
)KW23\x99b\xac\xcb2\xa59\xb0s\xf3_\
\x9f\x11\x91\x80\x08d\xaa\x08c\xca\x01\x88\x91\x0e3\xa2\
@\xe7\xf09\xc0\x00\x00\x00\x00\x00\x00\x00\x10\x11\x99\x19\
\xce\x88\x00\x04k\x9c%/6\x80I$\xd4\xb3\x15\x96\
\x00;B\xa4\xb8\x89+k_Z\xfb'm\xd1L\xc5\
\xea*\xc6\x00\x00I\x13p\xa4*iI\x0aJ\x18\x84\
H\x01\x9c\xe2.\xd4\x22\xf6\xb8c9Qq\xa4\xb3\x17\
S\x9c\xad@IE\x12\xab]\xc5\xd9\x13\x988\xb8\xcc\
\x85\xf4:\xbd7Oh\xae\x8f=\x0a\xd1\xdd\x9e\x99^\
z\xb1M\xca\xd0\x14\xe4X\xae\xb0\xac\xa1Z\x19\xadd\
\x02G\x1a!\x80\xc0\x041\x81 \x9a3\xd3Gx\x9a\
M\x92\x22\xe6\x14.\xf5\xd3m\xbe\xdb\xd4\xfa?\xd0\xfe\
\x93\xecv\xd2\xec,\x90\x85\x93\x13a$]s\x0d(\
\xcc\xaa$\xa2GH\x05J\xa2ky\x1c\x99,P\x84\
L\xc2&\xf0\x85B\x14B\x8a\x15\xd2T\x88\xa3g\x0b\
\x04\x13P\xc6c\x0c\xd5\x92S\x9c\xd21\x9c\xed\x9eq\
\x1a)\x9b,T\x9cE\xe2+L\x89FY\xe51\x5c\
\xcc\xd9fL\xe6\x8c\x15\x93<1\xc4Q\x13L\xd2\xc8\
\xc79\x18\xf2s9\xb9\x18R\x91\x80\x8b\xa80\x01\x09\
Y\x02\x80\x07\x94 \x10\x80q\x98\x00s\xf8\x1c\xe0\x00\
\x00\x00\x00\x00\x00\x00\x019\x83\x19\xd0$\x00\x07JQ\
Y\xc3\xcd\xa5\xc1\x04\x93\x90\xca]\x80\x00\x00\x00\x00\xd1\
;/f\xbdmv\x1a\x1c\x1d@\x00\x01#3\x9d5\
\xa6\x80\x12 \x02'4\x94839\x8a.4d\xce\
p\x08\xd24\x94\x0c\xe9\xaaQ \x1be9\x90\x92\x93\
%$f$)\xa4\xaa\xd6\xd7\xb5\xdd\xde\xd7Bh\x00\
\x86\x94\xc1h\xb6\x93\x99i\x995C\x98\x02VP\x8a\
\xac\x84\x94@\x17\x1aH\xc0\x06\x00\x00\x001\x90\xba\x1c\
\x95\xa6\x954\xba\xa5}~\xefG\xf5O\xa6\xfb\x8f_\
\xd0\xf4\xeatL\xda\xb4%\xa4J\xda\xe2\x00\xa0/\x0c\
\xd8\xc4NcH\x8c\xf3\x92\x84J\xc0+\x22\xd6\xb2,\
\xd22G\x95%\x12\x22Y\xd1\x04\x05I\x02\x13%\x19\
A\x84\xd1\x0b)\xc9L\xa6\x88\x22\x90\xca\x11\x19R\xcc\
\x8c\xd9\xc9\x96\x5c\xf9\xdc\xa9*\x99\xf3\xe9Y\x1382\
\xb53\xa3,r\xcc\x9a\x8c\xeb\x9c\xe7\xcf\xcf<|\xd9\
\xe1\xc9L\xe99\xe7e\xa4\x81\x98\x18\x12\xa8!\x140\
\xca\x18\x13\x19\xa4\x93pd\x8c#0\xe7\xf09\xc0\x00\
\x00\x00\x00\x00\x00\x01\x00\xb3\x06s\xa6`\x00\x05\xd2\x8c\
\xac\xe2\xf3;\x82\x04FG\x94\x96\x00\x00\x00\x00\x01\x02\
N\x90\xb5\x92\xf1\xa7S^\x96\xbb\x88ID\x8an\x05\
f\xa3@\x06\x22D\x22'=#@J\x04L\x03\x8d\
,\xces\x92\xd1Q\xa4\xa0f\xda\xca\x94\xbb\x22r\x17\
p\x92\x92\x0aj\xe2\xc2\xa0-k \x16\x94\xe9\xeav\
z[\xd8\x00\xd5\x09KY\x0fL\xf3\x9c\x82\xeb\xa0F\
\x9905\x15f\x80`Aq\xa6c\x01\x80\xc40\x00\
\x00\x10\xc9]Rt\xb63\xa6\x8d\x05\xb6\xd6\xd5\xfb\xdf\
\xa2\xfa\xef\xbc\xf7~\xa2\xa2\xe6\x92\x8b\x11I|\xf4\x9b\
\xcd\x0a\xb5\x07H\x0c\xed\x9a\x00\xc6\x19\x03\x02&\x19\x9e\
\x91D\x88\x5c\xf5\x04\x80Qd\xc2@B3\xa8\x12&\
0JJ\x90\x89'(Ft\x8c\xe78\xd2Y1L\
\xd9J\x0c\xa9\x06d\xb3\x82+\xcf\x14E&/\x9es\
\x5c\xc4\xce\x0c\xa2\x91F4\xca\x0c\xb1\xa7\x17&||\
T\xcf\x02\x9a\xceW5\xacga \x00\x12\x0a\x84\x94\
\x03\x1eP\x84(\xcd\xa5\xcd\xd0\x8a\x01Fh\xe7\xf09\
\xc0\x00\x00\x00\x00\x00\x00\x10\x0c\xcb4\x84\xe9\x00\x00\x05\
V\x97\x9cUV\x02$\x929\xe6\x80\x00\x00\x00\x00\x00\
\x00\x00\x83;Z\xfa\x1d\x1dm\xfa\x85\xa0\xa8X.\x9a\
\x00!\x99\x81%\x08i\x86b\x82\xf33BT*4\
\x0a$jL\xd1\xc6\xc1I\xcap\xa4\x11q*h\xe0\
.\x12)\x8d\x22\xf4\x90\x113B4\x07wWs\xaf\
\xb5S\xa12\x94k\x00\x00\xa4\x82\xa6\xc4\x84:P\xba\
\xa2Q\xa8\xc0\xcc\xb2H\xb43Jk\x04\xcd5\x8b\x80\
\x00!\x80\x00\x00\x08\xb2C}=\xce\xafK\xf5/\xad\
\xfb\xcfC\xaf\xba\xa2\xaae\x15\x95Q\xa6U\x0c\xb5<\
\xa2t\xa3\xcd\x104,&\x89V\x8c\xb5\x05\xab\x03\x84\
\x06uL\xe7;\x82B\x06sQd\x08dT\x90\x98\
\xd4c\x91$\xe70\x17\xa69\xe7\x19\xd6f\xb2\x04\xb1\
\x80\x8aI\x8c\x11\x15\xcf6\x0f:\xa2\x11\x8d\xe9\x04\xb3\
\x99\x8c\xea\xce\x8e~|\xbc\xeelx\xb8i\xcb\xcf\x9d\
\x08D\x91:\x19C\x00\x12 \xa4IC\x0c\xa0\x00 \
b\x00\x00(\x0a\x11\x06\x1f?\xc6\x00\x00\x00\x00\x00\x00\
\x00\x01\x22\xcd\x99\x13\xa0\x02+8c\xb5k8\xaa\xac\
\x0c\xc0\x91s\xcb\x00\x00\x00\x00\x00\x00\x00\x03\x22\xe2\xd8\
B\xb4\x9a\xd27\xeb\x8e\x8e\x91\xad\x99T\xd1\x80\x10\x02\
\x00$J\xa9\xcd\xc5\xd2\x84\x83H\xdaJ$\x99\xceJ\
T\x8b\xe8\xbc\x8ai\x06\xb1\x04\xd2\x12\xe2\xeeh\xa3A\
\x00\xd6\x99\xa5F\x94D\xc1\x19\xdbY\x1d@\xba)\xd5\
\xdb\xa7ol\xb5\xc4\x00\x00\x90J\xb1^\xa8LK\x94\
J,\xb2\xc8(\x81Z4\x22\xb3&\x89qy\x18\xc9\
$\xb1\x80\x00\x00\x86!N\x8a+\xd1\xb6\xdf\xa3\xfd\x0f\
\xd7}\x97\xd0}3\xb4\xc99R\x8c\xe6\x94I9\xae\
\xc7\x9a h+Y\x12,\x84\x01\x15\x91\xe4\x82+[\
^c\x10\x90\x19\x15Q\x89d\x90\x820l\xb3\x11\x04\
g(\x8a\xe7\x8d3H\x89\xac3Bd\x85\x082\xcd\
\x05W\x92P\xa23%\x18\xde\x88\x96xV<\xde,\
<\xff\x007.,3\x9aV\xa2\x84\xdeI3\x19\x13\
{\xc8\x00\x19\xaa\x14\x001\xe5\x08\x08(@2@\x0a\
\x14gDN\x81\x87\xcf\xf1\x80\x00\x00\x00\x00\x00\x02\x18\
\x8c\xe8M @\x00:\xc5\xe7Gc\xcdc\x10\x10F\
g\x9c\x80\x00\x00\x00\x00\x00\x00\x00I\x94Y\x0cB+\
F\xdds\xd3\xd7\x0f[Uo@1\x10D\xd2\xa2\xe1\
\x13\x88\x5ci\x014\xa8\xbc\xcci\x1aJ\xb9\xcd.3\
S\xa5\x00\x10\x5ch\x09Z\x1a\xd9\xceh\xa8\xcd\xba\x02\
Yh\xd0Ns\x9b\x8b\x02\x9a\x80Ip\x0b\xe8\x8e\xee\
\xed7\xeb\xdaiK\xb5\x80\x00\x01(\xda\x0c\xc2oU\
|\xc4\x03\x99\xa0\xac\xe8A@\x22F\x04\x17\x1aP\x84\
P\x84P\x00\x00\x00\x01\x99\xf4\x9e\xa7\xbf\xfaw\xd5\xfd\
\xa7n\xba\xcc\xc4\x8c\x90(\x90\xcc\xaf\x00\xb3\xa8\x13\x01\
5\x94<\xe9$g\x14\xce@\x90\x0a\xa0\x08*HQ\
F\xbeL\xc8\xe7H\x938,\xe5W7\xa3\x1cf\x19\
\xc2\x98\xcc\x0cl\xcc\x98\xa4\xc2h\x9a\xe7\x11\x98\xc9\x19\
\xc5\xa2\xd1\xcf\xa69\xe1_;\x8f??\x8b\x9f\x8b\x9f\
\x9f*&\xaa\x18\x88\x94gwt\x8f0$\x04 +\
(\xa1\x0cB\x19\x03\x8c\xc2\xa7I$c\x8c\xc0(\x90\
\x009\xfc\x0ep\x00\x00\x00\x00\x00C\x10\x0b\x19\xca\xd1\
\x13\xa0\x00\x00:\xc6\x99\xd1\xd8\xf3X\x10!\x13\x98\xce\
X\x00\x00\x00\x00\x00\x00\x00\x19\x04Z@\x09\x99w,\
\xc6\x8e\x8e\xd9\xec\xea\xbdY%\x10\x04M\x1c\x5c\x05P\
\x00\xa6\x97\x19L\xe9K\xc2*.\xc8\x9a\x00\x00\x5ch\
\x84\xab)l\xa7;\x8d&s\xd24D\xb2\x1aRb\
sqj\x22j\x86\x03\x80\x0d\x14\xe5\xbe\xf7\xec\xf4\xb4\
\xd7kAb,\x90Pi@(\xc9\xe9d\xa0N\x99\
\x82\xac\xeaM\xa2M\xab! P\xcc\xd2\x87\x17\xa1\x88\
@\x05\x01\x05\x00\x8a3\xb4\x93^\x9bt\xfe\x91\xf4\xff\
\x00]\xf5~\xcf\xd0\xa1\x88\x90\x1cg9\xca\xd2%\x06\
v\x08\xa1\x1aR\x90:\xa4\x22%\x9a$\x0c\xc7P\x04\
\x95\x9eR\x1aL\xc6r\xcd\x22I#)3Ms\x9d\
\x19\xd6\x934\x88D\xc41\xb3!E&\x13Ft\xe7\
l\xe1\x08\xe5\xce\xbeg6\x1c\x5c8\xf1aH\xaep\
\xc2kh\xccX\x12#:\x16ww1\x00\x95\x90\x19\
YC\x10\x85\x19\xb2gF\x11\x98)\xd0\x18\xc23@\
\x00\x00\x07?\x81\xce\x00\x00\x00\x00\x08d\x8c\x05B\x86\
fs\xa3\x00\x02\xebI\x85\x97\x942\x84\x04\x11\x91\xe5\
%\x80\x00\x00\x00\x00\x00\x00\x01\x00g\x16b\x01\x0c(\
W*+y\xea\xed\xb6\xfde}\x14dE\x92\x82\xe1\
i\x08C\x1aB\x19[@\x96r\xbd9\xd4\xe8\x02\xd5\
\x17J\x05\xb4\x913\x02d\x12\xae4S\x95F\xf39\
\x05E\xe6h\xc8(\x0d#DD\xe6\x0cGW}\xfa\
{\xe3\xa2m\x95&\xefi\x04\xc8\x1a\x80\x00\x8a\xd39\
&\xf9\x95\x16\x80\xb2\xc9\xac\xd1\x91b\x02M\x024d\
Nh\xb8\xd1\x88D\xdc\x05\x1a\x18\xdeh\x90>\xbb\xd4\
\xf7?G\xfa\x7f\xb5\xdb[\xcdf\xafH*\x13IZ\
FxK\x82*(\xc8\xcc\x09T\x0a 2\x10\x13P\
\x0c\xc1bS\x9c\xeb\xa1\x1c\xf3\x9b\x12\xc9\x22\x0e\x8c\xa6\
\xb1L\x5c\xc63Y%\x995\x8c\xe6Y\xd5\x18\xcd\x22\
\x99\xf3\xd3\x9f\x9f:rs\xd7\x8f\x93\x9f\x9e\xb1\x9et\
\x8aNL\xe1L\xe9Y\xa8\x19\x99\x9a\xe6`\x06\x22\x15\
ee\x0c@2\x0b\x14g \x00\x00\x00\x00\x00\x00\x00\
\x00s\xf8\x1c\xe0\x00\x00\x00\x00\x00\x014gIv\x80\
\xcat\x00\x00u\xa5\xc0/(\xa1\x08d\x91\x91\xe5%\
\x80\x00\x00\x00\x00\x00\x00\x00\x19\x0a,\x80C\x10\xf4\x95\
\x9c\x03&\xb1Z6\xeftu\xd8\x93]\x88\xceiC\
\x8b\xb2\x93$2\xb6\x94&q \xa4Tn\x95\x89\xa2\
\x83)\xa0&am\x02'\x224sT$\x00\x5c^\
&\x80\x01Q\xa0L\xe7B\x02\xa9g\xd1=]\x95\xd7\
\xaa\x1a\xf0m\xa4\x83h\x0c\x92\xc0\x00SX\xd3\x17h\
\x00\xa1\xd6d\xb2\x86\x22J3\xb4I\xa5g0M\x8e\
.\x05\xf2\x09\xa6\xac\x8b\xcd\x10\xc5\x84\xcfv\x9d\x7f\xa6\
\xfd7\xdc{\xde\xc7\xa8T\x0b\x9eU\xd9\xd4A\xc5\x18\
\x893\xcc\xc1\x88f\x98(\x91\x0c\xce\xa6<r\x054\
\x14\x8d\x22P\xb3\x94I\x18.\xd4T\x8e{f\xef\x0a\
\xacf\xab$Nd\xc6\x19\xe3\x8ds\xe7\xcd\xcd\x8f>\
\x19\xe7\x9d3\xc2\xb4\xce\x94\xcf8\xc39\x9aS8\xce\
Y\xe7I\x8c\xea\xac`dB\xe6f\x22\x15\x0a\x01\xe5\
\x00\x08b\x01F`\x00\x00\x00\x00\x0c@\x00\x00\x07?\
\x81\xce\x00\x00\x00\x86\x00@\xb3\x02\x193\xa6`\x00\x03\
\xacVt\xab+5\x0c\x08\x11\x9eg\x9c\xb0\x00\x00\x00\
\x00\x00\x00\x00\x10\xa2\xd9\x05\x84\x15\x88\xaa\x18\xa6g8\
ra\x14A\x03v\xfe\x8c\xf4\xef\xbc\xdb\x22\x15:L\
\xd0$q@\xa9\xd2\xa3I\x9c\xa4\xa8Z\xf9\xcd\x02\xe3\
F\x22AP\x15\x91\x94\xd2M\x09BaN\x80\x95\x02\
\xd7\x08V\xd6C3\x9c\xae4i\x00\x0cm\x9e\xfdQ\
\xd7\xd8\xad\x03dP\x1aiQ\xa5\xac\x02\x00$\xb5r\
\xdb:\x80B\xb5hE\x92Q`\x06E\xd6@ -\
\x08`\x00\x00\x00\x005\xbe\xd3\xd8\xfa\x9f\xbd\xfa\x0f\xa8\
\xabjD\xa1\xc5\x01f\x80@\xcc \xa3\x12\xc92\x15\
M\x9d\x11\x8cL\xe6j\x92\xe38#9DIg.\
\x99\x86sl\xc6\xc7,\xf3\x88\xcf\x9c\xca\xb9Ft\xe7\
\xa61\x93(\xaej,\xb0F\x11L\xa8\xcb\x1c\xb1#\
:g\x92/U\x5c\xf9\xf3\xab\x00&X\xe6\x98\xbd\x99\
\xabD\xc4P\xf3\x00\x02$\xb8\xce@\x00\x00\x00s\xa2\
\x8c\xc0\x00\x01M\xe8Q@\x00\xe7\xf09\xc0\x00\x00\x00\
\x003+2$f3\xa0\x00:C\x14\xb4\xce\x85\x9a\
f`\x22\x09\x16e\x9c\xd0\x00\x00\x00\x00\x00\x00\x00\x01\
1lCy\x5c\xd1Z\x81\xd0\x89\xa0\xd2]!\x84S\
1\xc1\x04/y\xe8\xf4c\xa7\xa9\x13\xa5E\xe6h\x8a\
\x89\xa2$)k\x03\x8b\xc2\x8d\xa5\x08\x92\x86C\x01\x22\
\xc1L\xc6\x99J\x8a\x8d\x04Rd\x95(R\x07\x17J\
\xa9\xa8T^\x97\x95@\x18\xc5T\xeb\x97W\xa2\xe8\xe8\
\x00\xb0\x0a\xb6\x95\xa5\x90\xd7\xa2\x844\xb5&HZb\
Z\x01\x0c\x00C(\x99\x00\x01\x00\x00\x00\x00\x00\x00S\
\x13Y\xf5:;\xff\x00I\xfa?\xb4\xf6\xfb\xbd:$\
\x83<\xf2\xa14\x96l\x81\x12E@\xe33(\x89\xa0\
f\x8bRt\x80\x8c\xe6\x09\xa1\x12\xa2\xces\xaeRB\
\x99\x98\xb2T\xce3\xa0b\x89\xcf,\xa6#&ql\
'\x95c\x98c\x9d0\xces\xae8\x93\x8d$\xcd\x8e\
t\xcf*Y\x81\x90\xa9y\xcdW\x22Uec\x00H\
&3C\x9d\x01\xc6r\x00\x00\x00\x01:\x11\x98\x00\x00\
\x13\x00D\x80\x07?\x81\xce\x00\x0aE\x0e\xc4\x10\x05@\
e:\x04\x920\x00+8sV<\xa2\x8a\x19\x98\xc4\
)O<\xb8\x00\x00\x00\x00\x00\x00\x00\x00\x04\x19\xc5\x95\
\xc6G`\x10\x9b\x9dL\x9a\x16\xb2\xb0\xce\x89\x18\xac\x02\
\x1a\xf5:;\xa7N\xbd\xc8\xa6\x91l\xe6\x80\xa3;\x9d\
\x02K\x8d\x18#9\xa3T\x8b\xb5\xc13\x055\x0aY\
\x08\x0a\x8b\xc3\x0bn\x94%Q|\xa6\x97\x17\xa5\x89\xce\
\x14q\xa5,\xc0\x09&seF\x919\x86\xbb\xc7W\
sMD\x80\x06\xc1D\xae\xf4\xad\x1a,\x00\x0dXf\
ia\x0a\x99\xad%\xcc\x15\x1a\x15$\x1d\xe0\x80\x00\x00\
\x00\x00\x00!\x93\x00\xa2\x0f\xb4\xf5\xfe\x9f\xee\xbd\xdf\xab\
\xd9\xb2\xb71\x15\x09\x014\xc4!(PyDk\x90\
B\xee9\xe32\x19\x06y\x81\x10:\xd3\x1af!3\
\x82\x0c\xeb\x8e%eLC*C,3A\x8b%\x96\
\x19U\x0a\xe3\x9dr\xa6yB3\xa2\xa4\xe4\xca\x19\xe3\
DUc1\xce\xd2\x96$B. \xc8I\x0c\x81\xc6\
l@)\xd0*3@\x00\x00\x00\x00\x00\x00\x00\x00\x07\
/\x81\xcfD\x94*\x8b\x9c\x10f\x81\x12L\xe8\xc9\x00\
\x00\x11y\xc3\x9a\xb0\xca,\xb1\x00\x89#5s\x96\x92\
\x00\x00\x00\x00\x00\x00\x00\x12 \x22-\x17<\x8e\xc0V\
:\x09!QZ\xcb\xc38$\x02\x00H\xa8\xb2\xfa\xe7\
\xab\xd1\xbe\x9b\xd0^\x89*4'9\x10\xc0\xb8\xb8\xac\
M4\x8d\x82\x19\x82\x9a\xdco\x13\x90\x00!\x8e(\xd7\
K\x93G\x17\x89\xa5&\x14\xb2\xa3D\xb0P\x013\x9c\
\x97\x1aD\xe6\x1aF\x93-\xfbr\xe8\xedT\x80\x00K\
k:R\xcd[\x04\x94$\xd2\x82Q3B\xe9d\xac\
\xab\x0aL\x95x \x00\x00\x00\x00\x00\x00\x0a\x88\x10\xc7\
\x9e\xdd\xfb\xf4}\xef\xd0\xfdW\xd1\xfa\xde\xc5\xd2\x92e\
]\x11\x98\x87\x9dS\x12*\xb4J\x02P\xd1\x19\xcc\x93\
C\x22\x10\x19C1\xbdU3\x11,\xe4\xc8\x9a\xe3\x81\
YS1eL\x99a\x9b3&K,2\xaaU\xc3\
:\xe7L\xf2\xces\xa5\x1c0e4\xcf,\xca\xcb \
\xcb;4\x82D\xa1\xc4<\x84\x91%\x15\x19\xc0\x00\xa7\
J\x14f\x00\x00\x00\x00\x00\x00\x00\x00\x00\xceO\x9f\xe7\
D\xcbAf\x00\x92\x80\xc6t\x91\x14H\xc0\x05\x0a\xad\
,\xac\xa0(`\x04\x88\x08\xc2]\x05\x80\x00\x00\x00\x00\
\x00\x00\x01\x00L\xd9fS2V\x90P\x00\xc8\x10\xc9\
\xca\x8c@\x00\x00\x00\x12\xd3\xb9\xd3\xd5\xa7F\xfa$M\
\xa8\xa5&\x91d5\x82\x8c\xe7;3\x18\x0d7\x17\xce\
s\x01W\x1a)\xaa4\x8d\x11D\x89@\x054a\x17\
&$`\x00\x5ch\xc9(\x00\x9a\x9e\xf9uz\x0d\xb7\
\x12 \x00\x12[dV\xba\xd4g9\xdf] \x00$\
l\xc2o\x05\xf3U+*@\x00\x00\x05\x06\x80 \x13\
YC\xce\xf9\xe8yk\xa0\x00\x99\xfb\xbe\x87\xaf\xf7^\
\xef\xd3z=\x9e\x82\x9c\xc8J\x102\x92\xa39#9\
\xa3  \x034\x92 \x16T\x96P!3\x83*\xdb\
7:\x8aEK*Ec\x0c\xf2\xcd0\xae9r\xe5\
T\xcb:S,\xf2\xcb9\xce\x95\x9a\xe7\x0b\xe2\xc6r\
\xa4\x80\xcc\xb3\xbc\x0c\x04%`\xb1\xe5\x00\x85\x19\x80\x00\
\x00\x00\x00\x00\x00\x00\x00\x00\x00\x00\x00r|\xe7;\x1e\
\x80Y\x99\x05\x18.\x0ee\x08\x00\x00\x0a\xce4\xce\x93\
\xac\xd6Qc\x00 Df\x03\x19w\x10\x00\x00\x00\x00\
\x00\x00\x00\x0c\x8c\xc7\xad\xdep\xad g\x06\x92\xf3\x80\
\x04\x04\x8b*1\x00\x00\x00\x00\x00]\xa7F\x9d\x1d\xed\
w\xcc\xb6\x81J\xc9Q\xb5\x01\x94\xe7@ \x04\xe9\x17\
\x99\xceF\xa9\x1a9\xac\x95\x1a2'0q \xa6\x8e\
.\x154\x95\x90\x14!\x95\x1a\x00I@MSl\xea\
\xf1{\xba\xfb\x17\xb8\x80\x00\x00=/\xa3Ls\xbe\xfa\
C\x00$\xb4\x01\x05\xa6y\xdf;\xaan\x0a\xa6\xa8B\
\x06N\xe2\xb3\x22\xb4Q\x9dd\x1ew4,\xb5\xd0C\
\x1d\x85!^\xdfI\xe9z\xbfe\xec}'\x7fgt\
\xcer\x11\xcd#\x119\xceB\x18\xf3\x22I\x10\x85\x14\
\xcf<\xed\x10A,\xc4\xe3N|\xe9i\x8c\xe2\xc3*\
cX\xcb<\xa18+\x9e\x5c\xb1TD\xe7\x951c\
\x9es4\xacW<\x97\x869eF\x030\xce\xf2X\
\x80\x95X\x0f(\x0c\xc7\x19\x85\x12\x00\x00\x00\x00\x00\x00\
\x00\x00\x00\x00\x00\x07\x07\xces\xea\x04\x0cDN\x921\
\x00\x00\x00\x04N\x98flt\x82\x8b\x18\x0c\xccr\x92\
q<\xa4\xb0\x00\x00\x00\x00\x00\x00\x00\x003\x8bg\xa4\
\x92y@\x02\xb1\xd0\x06\xa5T\xd0\x01Y\xd1\x12\x00\x01\
Q`\x01`\x15\x00_S\xab\xbe\xdao\xa3\xd0\xeaH\
SA`\xa8\xd0\x02g;\x8c\xe2tp\x96nt\xa1\
\xc6\x82\x22h\x01Q\xa5#9\xa0\x05\xc6\x8c\xc6s\xda\
/\x9c\xd0\x004\x8d!U5F\x91yf\xda\xd1\x9c\
\xe6\x15h\xe9\xeeo\xd4a \x00\x00\x12\x9b\xef\xa4\xb2\
D2\x80\x03JQ\x08A\x9e\x80[9\xbd\x0aX\xbe\
w\x1a\xaa#L\xea5\x98\x884\xa6\x921\x80\x01\x05\
\x815}'\xa9\xeb}g\xb5\xef\xfa\x1d{\xba\xb3\xac\
\xd4\xc4\x99\x80\xb3\x00H\x01\x11\x0f:BFA\x00\xce\
\x08\xacf\xcb<\xa2\x14\x98\x99\xce\x99FY\xe78U\
\x11\x864\xc6H\xce\x98\xd2f1\xc39t\xa4\x98(\
\x99cH3*\xd9\xe9\x5c\xe6\xf0\x19\x18\x08\x10\x90\xc0\
y@DgD\x80\x00\x00\x00\x00\x00\x00\x00\x00\x00\x00\
\x01\xcb\xf3\x9c\xf9\x02\xf9\x96\xa3\x22td\x8c\x00\x00t\
\x80\xa5[7[\xd6j\x90\x00I!B\x1dK),\
\x00\x00\x00\x00\x00\x00\x00\x00\x83\x1b\xdd\xe7\x0bY\xac\xa1\
\x00A]T\x1a\xa7#\xb9P\xc3:@\x00\x00TX\
\x00@\x09\x01aRF\x9b\xdf\x7fA\xbfZeqx\
\x98\xa2J.4\x89\xce\xe2\xf14\xb8\xbesF\x03\x8b\
\xcb\x07:IF\x91\xa6s\x9e\x91q2P\x12\x854\
B\x18\x17\x16kg9\xb1\xc5\xe1\x9e\xadQ\x13\x9d\x13\
X-:\xf4GWsM@\x00\x00\x12\x916=7\
\xa1\x94\x00\x09\x01\x00\x12M\xf0\xab\xdd\xd6\x0a\xdeb\xa5\
\xca\x88\x9d\x1dU\x10L\x80\x00\x00!\x904\xa9\xa4R\
\xfe\xc7_o\xd3\xfa\xfe\xaf\xb3\xe8\xfa\x9a\xdfV\x02'\
4\x8c\x92\xb2\x8c\xd8\x9al\xb3\xa0\x91\x94\x01\x936e\
X\x96Y\xe5\x12\xa4D\xe5\x9d\x222\xcf9\xce\xaeh\
\xc2i\x8c\x99\xe7L\xa91\x18\xe7\x9c\xc5)\x06j&\
QH\xcf3\xad\xa7J\xd9\x02\xce\xf01\x09\x09\x00\xc7\
\x942#0\x00\x00\x00\x00\x00\x00\x00\x00\x00\x00\x00\x00\
\xe3\xf9\xce|\x82tB(@\x00\x05R\x14\x01\xcdY\
Q\x00\xf3X\x0c\x04f\x16O<\x83\xa8\x00\x00\x00\x00\
\x00\x00\x00\x00\x03!\xc5\xa0ZMg\x120\x10\xc0 \
\xaeXRJ$\x00\x00\x00\x00\x00\x00\x00*\x05-:\
\x9d]\xd7\xbe\xb5\x0aM`\x110m\x09\xcc\x11\xa4_\
6$\xcdF\x8d`\x99\xce\xe2\xe2P\x14H\x013\x9e\
\x91\xa4\x89@S\x14Aqq!Fs\x98I\xb4i\
%\x01\xb7\xa1\x96\xfdJ\xb0\x00\x00\x00%\xa0k\xa5\x9a\
\xe1d\x16\x00\x00\x00ID\x92!\x88`\x00\x00Iv\
E\x01!I\xc8j\xb5\xa62\xab\xe9\xee\xfa\x1d~\xef\
\x7f\xb5\xee\xf5\xf6o\xbe\xf9\xb4\xa9M!\xc8\xb4\xa8\xa6\
y\xe25l\xe4\x90g\x98\x8c#(\xcd\x0c\xd0cL\
Y\xc6q\x8d':\xd7\x07$\xd1\x04\xe7Li9\xc6\
1\x9c\xaaRL\xd9\xa6y\xc5r\xa5\xdeR\x83J3\
<\xef \x00@\xd5\x07\x94\x04\xc6`\x00\x00\x00\x00\x00\
\x00\x86\x22J\x01\x88'@q\x98y\x9f;\x9b\x00\x00\
\x00\x00\x00\xa4T(&\xa1YC(\x00d\x016O\
<\x99E\x0a\xf2\x00\x00\x00\x00\x00\x00\x00\x00\x19\x8c\x88\
\xb4\x94N\x92g\x0c@\x05\x13d\xd0gFH\x00\x00\
\x00\x05@X\x00\x00\x05@h*%\xa7[\xa7\xd0\xbe\
\x9b\xce\x91\xa2%\x03\x05:8\xcdN\x80\xe0\x0ajF\
\x9a-#DM*4`\x22g4\x5ci3\x9e\x91\
\xa2%J\x22b\x87\x17\x89\xa6\x91\xa0I3\x98\x06\x91\
\xa4\x94\x22'-5uw5\xe8\x00\x00\x00\x11\x00M\
\x9bW\xa4Q-4\x18\x00\x00\x10Q\x22\x00\x00\x00\x00\
\x00\x14#4\xcc\x823\x066\xd1Z\x854\x96\x15:\
\x13_C~\x8fS\xab\xd0\xf4\xfb\xbb}^\x9e\xee\xce\
\x8e\x87[\xa6ize\x09@d\xcd\x99\x99\xe5\x92\xcd\
\x9e\x99\xc9\x18\xd3&q\x9ceI\x8a\xd7\x9d\xc8\xa8\x82\
s\xa64\x9c\xe3\x18\xcef\x94D\xe6\xc9\x9ci\x9a\xca\
\xb3\x9e\x80\xb4\xa3#;\xc0\x08\x00\x95X\xf2\x80\x98\xcc\
\x00\x00\x00\x00\x00\x00 \x00c\x02F\x5c\xe9\x03\x8c\xd9\
\xe6\xfc\xee`\x00\x00\xe9\x0bIP\x0a\xa5(`VP\
\x16\x03\x00\x11\x04f\x039`\x00\x00\x00\x00\x00\x00\x00\
\x00\x04\x8c\xcc\xcfK\x83\xa4\x01U\x0a\xc0\x99P\xe8\xcc\
\xd3*H\x89\x00\x00\x00\x00\x0b\x00\xa8\x00\x0a\x8b\x00\x0a\
\x8b\x14\xdf\xa3\xd2t\xf7\xcb\x9d*!0\x1a\xd1$\xcd\
*\x03A#12\x13V\xbb\x88k\xa9\xac)K\xb1\
\xc5\xa6iQ\xa5\x134\xa8\xba\x01\x92D\xe3K\xc9\xa0\
\xa2\xecfSK\x8b\x85\x00\x99\xeb\xdd==\x95\xa9\x12\
\x00\x00\x00\x01\xb4\x89}\x8d4\x04\x8cE\x12!\x00\x00\
\x01#\x18\x01\x19\xca$\x80\x1b9^\x89R\x96\x96b\
B\xe3\x00\x8a^\xb4\x89\x80vm\xbfn\xfd}[t\
\xf6o\xbfN\xdb\xf4\xe9\xa7M\xedzi\xa6\x9agJ\
c6\xaa\xe7\x8cT\xce\x91\x9cc\xa5#(\xca\x8c\xaa\
\xc9\xcc\xabL\xf3\x95\x19\xe2Mr\xcf9\x8a\x95(\x8c\
A\x86yQ&\x05\x9d\xd6\xb3\xa4g\x919\xdd\x80\x12\
\xa8<\xa1\x99\x948\xce@\x00\x00\x00\x04\x04A\xca\xca\
1\xb6tUt\xa0$\x99\xb3\x8a\xf9\xdf;\x98\x02\x01\
\x8e\x91T+\xd5\x8c\x0a\xca\x01\x94\x00Id\x08Fy\
\xa8y\xc8\x00\x00\x00\x00\x00\x00\x00\x00\x04\x80\x8cG\x16\
\xa2l\x02\xaa&\xc4<\xccvfVT\x81\x88\x00\x00\
\x00\x00 \x04\x80\x00\x0a\x8b\x00\xa8\xb0\x0a\x9fC\xaf\xd4\
\xd3^\x908\x99\x1c\xd1\xc5\xc5\x06\x915\xb8\xb0\xa8[\
X\x9c\xdcY)MT\xe7Qp\xces\xd2.&E\
4\xb8\xb8I@L\xd2\xa3A\x00\x00\x114qz\x02\
\x0a\x18m\x97Wk^\x90\x00\x00\x00\x02\x13J+M\
t\x18\x08\x08\x00\x00\x00\x01\x10X\xc4Fs$\x81 \
\xcd\xa8 i*\xd4g@g7\xb1)\x19\xc9\x00s\
e4u\x99E!^\xea\xa7{\xeb3\xb6\x9ao\xa6\
\x9b\xe9}\xaf\xae\xf7\xbe\x9ai\xa6\x9ah\x17\xdf*\xe5\
\x11\x81\x0c\xb3\x95\x19\xe6g\x5c\xb3\xcef\xa8\xa5\x19\x91\
*g\x9eq\x15eg|\xf5\x97\x19\xa1gx\x00\x12\
\xa82\x86\x00\x11\x9c\x80\x00\x00\x89(\x00Q\x9dZ\x5c\
\xc2\x10\xc4\x22\xe2P*4\xe0\xf9\x9cd\x06)X\xa0\
\x0c\x0a\xca,\x90\x02\x80\x90\x01\x015N3@\x00\x00\
\x00\x00\x00\x00\x00\x00\x00*\xb2\xbau\xbb\xe6\x89\xb1\x86\
\x92Is\x1e\x90\xc0,(\x9bLg\x17ZH\x00\x00\
U%\x00X\x00\x05\x85\x04\x80\x0a\x8b\x00\xa8\x09\x01 \
\xdb\xbe{=-\xd5\xb2T]\xb5\x02s\x92\xe3@\x15\
k\x00J\x14\xd1\x01\xa4h\x19\xcd4\x8b\xa1\x09@S\
\x15\x1a)\xa5\xc5\xe0c\x18\x84\x03\x10\x14I@\x02W\
N\xfauu*\xc2@\x00\x00\x00\x12\xb3j.\xcb\xd2\
\xb6\x98\x00\x00\x00\x02@\x98Q4\x98\x05Q,\xe8\x95\
\x86t\xd1\x0eq).\xd0\x12<\xe4$\x90\x00\x00\x01\
\x00\xc4Ib\x18\x00\x84#kF\x9at]\xa3[\xe9\
\xa6\xbbQKQ\x11*\x91\x9c\xc5\x13\x9dq\xd2\x99e\
\x98^w\x81iFg\x9c\xb5\xa4\x04%X\x87\x94\x04\
\x0e3\x00\x00\x00\x91\x88-\x98\x06\x82\x18\x80\x92\xc8(\
\xcc\xe4\xf9\x8a!\x80\xe9\x00\xaf \x01YF\x80\x02\x18\
\x80\x91\x12\x02\xe7\x90`\x00\x00\x00\x00\x00\x00\x00\x00\x02\
\x22N\x8c\xefb\x0bI\x05\xcc\xae\x84\xf3\xafH\x90&\
\x05\xcf$i/\x1c\xc0\x00\x00\x00\x00\x00\x00\xb0\xa0\x90\
\x01Q`\x00\x16\x01P*4\xeb\x9e\xbfa\xa5\xf6\xb8\
\x99&s\x0d#@\x0c\x95sP\x07\x17S@i\xa2\
K\x8b\xa1\x90\xa5\x111q\xa4\xcd*.\x00\xc0\x09\x00\
\x00(\x92\x80\xcd]\x16 \xf4tz9m\xb8\x90\x00\
\x00\x00\x11Rt\x96\x81\xa6\x90\xe7|\xe2\x94P\x00\x01\
# \x9c\xe4\x01\x08LH\xca\x850\x9aR\xa0\xab.\
\xf0A\x08\x8c\xe4(\x90\x00\x00\x01\x00\xc9(@I@\
1\x00\xa5U\x88+M\x1e9H\xad.f\xa6\xf7u\
N\xd4\x5c\xa7K\xc5s\xa2\xb3\xbc\x91\xa5,\x0c\xe7I\
\xca\x00\x12\xa8\x07\x94\x00Lf\x00\x00\x08\x92\xc0v\xce\
J\x18\x86\x04\x8c\x00\x098\xbeb\x80\xe2\x01\xe6\x06P\
\x0c\x040\x01\x13)\xccJh+%\x0e\xc0\x00\x00\x00\
\x00\x00\x00\x00\x00\x00\x91\x92DZ@\xa1\x08\x02\xa7\xaa\
p\x96\x1a\xd0\xc2\x09\x04\x00\x00\x00@\x00\x09\x15\x01a\
Q`\x00\x01P\x16\x00\x01aP\x15V\x8e\xafa\xb7\
N\xb6\xd3(\xc85i%'9\xc2\xe2\xf32E\x1b\
F!\x92\xccJ.e\xc5\xc4g4\x0a\x1cX\x1a\xd9\
\xcezF\x92\x03\x05dkQ#\x18\x00\x12PJ\xfa\
\xdd]\xb9V\x82\x00\x00\x00\x00&[\x8a\xa5\xda\x94\xd2\
\xf4\x8c\xc6#J\xa4\x9a\xcef\x8a\x8bC4\xc5\xacE\
\x09\x90\x00\x04NszB\xceQ\x02\x18\x00\x00\x00\x00\
\x80\x09(\x09,D\x80\x00\x14H\x14\x02\x18\x0c\x08(\
\x90\x02\xaf\xb5\x84\xd8.RLH\xba\x90(\xa0VP\
\x80\x09\x8c\xc0\x00 \xa3Bm\x9b E\x92Q\x22,\
b\x008\xbeO:\x11D\x940\x00 \x00\x04\x02\x94\
fu,\xe6\xa0\x5c@\x00\x00\x00\x00\x00\x00\x00\x00\x00\
 \x91\x11\x16\xb2@\x00b\xa9j\xaa\x10gD\x10\x90\
\x00\x00\x00\x80\x00\x12*\x02\xc2\xa2\xc0\x00\x00\x00\x00\x00\
T\x970XQ:\xbb=;tw\x5c\x88\x06\xd0&\
q\x93H\xba\x05[I\x18\xc4\xcd&\xc9\x99\xb8\xbes\
\x9dE\xc4\xb2U\xa1\xad\x9c\xe7\xa4h\x19\xceaq`\
KP\x00\x08\x04Q\x05\x85Kl\xba\xbd\x16\xdb\x80\x00\
\x00\x00\x04\x845\xa0h\x12\x00U\xa1\x0a\xb4\x01d\xcd\
\xac\x98\x91\x04\xdcT\x00\x01\x00g2\x04\x80\x00\x00\x00\
\x00\x08`\x04\x01D\x80\x00\xc9(@Q 1\x00\x14\
H\x01@(2\x11C\xb5\x81VE\xdc\xdc'I\xa1\
\xe5\x0c\x04(\xcd\x00\x08\x91[;\x02\x89\x01\x00\xca$\
b(\x92\x8e?\x93\xce\xc0\x00\x00\x00\x04H\x86f<\
\xca\xb3#\xa9\x8c\x00\x00\x00\x00\x00\x00\x00\x00\x00\x00\x04\
\x8cb\xc9cA\x8c\x1a\x9d\x00ZD\x14H\xe5A\x95\
$\xa31\x00\x00\x00TX\x00\x00\x00\x00\x00\x00\x00T\
\x05\x80\x00\x00\x00\xb4\x9e\x8e\xe8\xeb\xf4l\xe9z\xb5\xa1\
F\xbc\xcd.4d(\xa6\x8c\xa8\xd2S@\x96f\xcd\
\x84\xca\x18\x17\x17\x94L\xd2\xe3FD\xd1\xc4\xa2\xd6\xca\
s\xb8\xd2\x80\x92\x89\x18\x8a\x00\x10\xc95\xed\xa7Wn\
u6$\x00\x00\x00\x01+\x0dE\x85\x1a\xe0\x89Q*\
\xcaZD\xc5\x80\x00\x00\x08A\x9c\xc0\x00\x00\x00\x01\x05\
\x80\x08\x90\x02\xc8+8\x05\xa4\xa3L\xe02\xd2j3\
t\xb8N\x92\xc6H\xe9@/pE\x12!\x8cd\x94\
0 \x0a\x00$eE\x85\xdcB$C sjR\
\xa6\x88\x92\xc8\x01\x92X\x12Q%\x12\x06\x1f'\x98!\
\x80\x08\x06\x22\x06\x22H\xc2j\xf0VXT\x00\x00\x00\
\x00\x00\x00\x00\x00\x00\x00\x08FzY.EL\xce\xb0\
\xb5\x14\x01\x09KB\x15%\x9a\xc6rd\x00\x00\x00\x00\
\x15\x16\x00\x00\x00\x00\x00\x00\x01P\x16\x00\x00\x00\x00\x06\
\xde\x95\xbb=\x1d\x08\xad/\x13J\x8b\xcc\xd0\x05\x5c]\
M\x1ciI\x91NZF\xd0\xcd\x1a4\x00\x04\x8c\xd8\
9\xd3H\xd0\x22hD\xb2\x96\xcasE\x0d!qy\
\x01\x8c\x00\x041V_F}]\xd5\xd7\xa0\x00\x00\x00\
\x00Eft\x01\xa0\x89)$f\xa6\xc8\xa4!(\x00\
\x00\x00\x0b9@!\x08\x00\x00\x00\x00\x00D\x94H\x8b\
\x0c\xe0\x0d&M3\x80\xcfI\xa8\xce\xa9p\xcfI\xa2\
@T\xa5\x94\xb4\x05\xe4\x10\x14\x00H\x0cd\x16IC\
$c\x89\x95)tH\xc0\x82\xd6S\x98\x90E\x08\x00\
c\xa4\x04\xdeX\x80\x00\xe6\xf9<\xd0\x00\x86\x02\x18\x85\
)\xc8\xb3\x940(\x00\x00\x00\x00\x00\x00\x00\x00\x00\x00\
\x00\x02-\x89:\xcb\xca\x19 1\x88@\x15\x83UR\
g*H\x80\x02\xc2\xa2\xa0,\x00\x00\x00\x00\x00\x02\xa0\
\x00\x02\xc0\x02\xa0$\x0aL\x00*,P\xd7\xb9\xdb\xea\
h\xe7F\xe7m\xd4\xd2K\x8b\xc4\xd2\xa2\xf34q`\
sP\x90\x12\xbaF\x915\x06\x9b\x8d\x12\x22h\x91\xa4\
i*\xd0\x97J5\xa6s\xd24\x0c\xd9\xa2\xa51\x1a\
-%\xaf%\x00\x80\x0d\xfbi\xd3\xddR@\x00\x00\x00\
\x00\x19\xb6\xa4\x8b&\x0dVH\x80\x00\x00\x00\x05\x9c\x86\
`\x00\x00\x00\x00!\x14\x04\x01b$\xa2k\x16LT\
(\x09(\x00B\x18\xc0\x01*.\xe79\x09\x8a\x22\xda\
2F\x00\x05\x12P\x00\x0cC\x01\x08\xa0\x00\x00 \xa0\
$\x0a\x0aAy\x90\x00\x01\x8c\xe2\xf9<\xc1\x0c\x00\x8c\
\xc8`\x12y\xca\x82(\x00\x00\x00\x00\x00\x00\x00\x00\x00\
\x00\x00\x08,\xca,\x19\xeb/(\x06!\x0c\xa1\x00\xeb\
\x11\xa9\xd2g* \x00\x01R]\xe0\x00\x00\x00\x00\x00\
\x00\x0a\x80\xb0\x0a\x8b\x0a\x80\xb0\x0b\x00\xcc\x00\x00XB\
Mz\xa7\xb7\xd5\xb5i \xa5%\x1aE\xf3\x9a\x5c^\
g)\x12\xda\x01%*\xa3E5\xa1&T\xd66\x89\
\xa4#h\xd2\x15\x01\x0d\xa3FS\x9e\x91\xa5\x190\xb6\
\xccCT\x05\xc0\x18\x12T\x14\xd2\xba\xeb\xd9\xdc\xab\x80\
\x00\x00\x00\x11+0)\x10\x8a\x02\x00\x00\x00\x00\x05\x9c\
\xa2\x00\x00\x00\x00\x04 \x10\x01d\x00\xc6*\xc08\xab\
\x00$\xa0\x00\x00\x00\x10*.\xd0\x87Hf{h\x86\
 (C(\x91\x00\xca\x10\xc0\x04IC\x00\x00$\xa1\
\x00\x05 \xbc\xc8\xc4!\x80\xce\x0f\x8d\xa0\x1aE\x00\x08\
X\xca(\x00\x00\x00\x00\x00\x00\x00\x00\x00\x00\x00\x00\x00\
\x00\xc4\xd8\xe6\xbd\x98\xe928\x8a&\xe7\x90\x93\xa4\xa1\
lQ\x09R\x90\xaa \x00\x00\x00\x05E\x80\x00\x00\x00\
\x00\x00\x04\x00\x90\x00\x00\x00\x00\x01Q`\x00\x15WS\
\xb7\xd5\xda\xf5SF\xaaD\xcen4\x89\xa3$\xa1\x15\
\x14\x1aL\xc3(\x05\x17\x14\x17\xa39\xa3)\x04iI\
B\x18\xd1\x0c\x09\xb1\x1a5\xa8\x99\xcc\x1ch\xc0\x0c\xe7\
0\xd24\x02\xa9\xe8\xa7guu\xe8\x00\x00\x00\x00\x00\
\x04\x88\x91\x80\x00\x00\x00\xb3\x90\x09 `\x00\x00\x04\x94\
\x22@\x0a\x00\x10R\x8c`\x00!\x80\x00\x00\x00\x01%\
\x08\x06\x00 \x01\x15{\xc0\x00\x14!\x01D\x96\x00\x02\
\x01\x80\x00\x89,\x00\x91\x8c\x80\x01\x14Q\x07\x1f\xc4f\
\x0a\xf2\x00\x00\x00\x00\x00\x00\x00\x00\x00\x00\x00\x00\x00\x00\
\x00\x00\x01\x22,\xc6\xf6\x91\xd2AD1\x5c\xf2\x12W\
\x97H\x08\xa9(H\xa8\x80\x00\x00\x00\x15\x16\x00\x00\x00\
\x00\x00\x00\x10\x02@\x00\x00\x00\x00\x05E\x80\x00\x05J\
\xf6\xec\xf6Z\xf4\xce\xb1\xa2&sI\x22\xf4\x90\x06\x0a\
\x0d2\x9c\xb4$\xa1\x93\x17\x06)\xa24\x8d\x92\xb9\xce\
h\xd24\x0a\x12&r\xa8\xd1\xad$\xce`\x01q\xa2\
&s\xa2\xa3@(\x8bfi\x1d]\xcd\xfa\xcc\x00\x04\
\x22\x80\x09\x10\xc4 \x00\x00\x00\x16r\x01$\x80\x00\x00\
\x08\x06H\xc6@\x01Y\xc0)\xab\x18\x00\x00\x00\x00\x00\
\x00\x00\x84P\x00\x01%\x08C\xbd\xe0\xa1\x00\x00\x80\xd0\
\x00\x00\x04IC\x10\x0c@\x04\x80\x14ID\x80\x00\x1c\
_\x17@\x00\x00\x00\x00\x00\x00\x00\x00\x00\x00\x00\x00\x00\
\x00\x00\x00\x09(\x0c\xb4\xbc\x05 \xa0\x83\xd4\xaa\xbc\xd3\
pM\x1a\x19\xdcI\xc0\xceTg \x00\x00\x00\x15\x16\
\x00\x00\x01aA \x00\x00\x00\x00\x02\xa2\xc0\x00\x00\x00\
\x00\x00\x00\x04o\xe8\xcfWv\xf5l\xc9\xbbH)\xa5\
\xc6\x919\x22\xc8\x1cB4k\x13D\x8a3V\xe3J\
H\xa0\x98\x1a\xc0\xc4\xcc\x9b @Th\x0ar\xb8\xdc\
T$\xa2&\x97\x17\x00\x92\x80\x0a\xeb\xcb\xaf\xb9Z\x15\
%\xda\x00\x00\x00$\x04 \x00\x00\x15@H\x0aH@\
\x80\x00\x00\x82\x86@\xc4\x05R\x80\x00\xc0\x00\x00\x00C\
\x02F0\x00\x00\x00\x00\x00\x00\x10\x08\xa2/z\x88+\
Y\xbd\xc2\xeb\x13i\x06H\x16\x22J\x18\x00\x80\x92\x84\
2\x0a\xa6tgk\x813t\xa1\x22\xfap|V`\
\x00\x00\x00\x00\x00\x00\x00\x00\x00\x00\x00\x00\x00\x00\x00\x01\
\x88\xca3'K\xb1\xe3\x13s\xcc\xf5N*\xd0\xa0\xc5\
2\x838\x02\xe5\x9c\xa8\xcc\x00\x00\x00\x00\xa8\xb0\x0a\x80\
\xb0\x0b\x0a\x09\x00\x00\x00\x01P\x01`\x00\x00\x01P\x16\
\x00\x00\x00\x01\x07\xbc\xf4v\xc6\xfd\xdai:\x22g\x16\
\xba@0\x14E\x8d\xaa\x9aB\x00U\xc6\x94\xc9.\xd3\
#X(\x86m\xb2\x9c\x05\x91Q\xa3\x12)!\x13\x8d\
\xc6\xc8\xcei\xac\x5c\x02@`\x05n\xe9\xef\xca\xf4\x97\
h`\x04\x80\xc8\x00\x00\x00\x00\x15@RP\xa5 \x00\
\x00 \x18\x86@\xc4P\xe9@\x00\x00\x00\x00\x00\x92\x84\
\x22\x80\x00B(\x00\x00\x00\x00@ &\xf7\xa8\x87Z\
\xcd\xee\x14:\xc4Z@\x02\xc8\x10\xcb\x00$d\x81D\
\x88\xb0\x1d(\x89\xbd\xee\x94+\x9a\xbe\x9c\x1f\x1a\x00\x00\
\x00\x00\x00\x00\x00\x00\x00\x00\x00\x00\x00\x00\x00\x00\x91\x19\
\xe9r\x91#\x16gc\x15\x0fIq\x08\x00@VT\
\xc8\x0a$\x00\x00*,\x00\x00\x00\x00\x00\x00\x00\x00\x02\
\xa2\xc0\x00\x00\x00\x02\x82\xe0\x00\x00\x09\xaa\x82\xc0\x00 \
\xf7t\xfaV\xe8\xea\xd2b\x96\xd5LL\xd1\x921\x8e\
.\xc9\x9ai\x1aJ&iQ\xa0L\xe2\x8a\x8d\x10M\
CH\xd2F\x22g0\x0a\x8d\x1a\xb2Z\xc0\x08\x00@\
%h\x08\x0bS\xab\xb5\xd3\xd8%%\x00\x11 P\x00\
\x00\x05\x00) \x00\x08\x80\x00\x01\x12\x05\x12\x05\x05(\
\xc0\x00\x00\x00\x09(\x92\x89$\xb1\x14\x00!\x80\x00\x00\
\x00\x00\x00\x08d\x84Y\x93\xa4\xd1\x05\x80\x0c\x80\x18\xc9\
\x18\xe9\x05\xe6J$)\x9d_I\x10\xc0t\xa3\x08\xb5\
\x135g\x9f\xf1\xc0\x00\x00\x00\x00\x00\x00\x00\x00\x00\x00\
\x00\x00\x00\x00\x00\x09\x11\x8e\x97\xbc!\x91\xa1\xe6v\x02\
\xa1i. \x10\x00\x83*1\x12\x00\x00\x01Q`\x00\
\x00\x15\x01`\x00\x00\x00\x00\x15\x16\x00\x00\x00\x00\x14\x17\
\x00\x00\x00\x15\x01`\x00L*Ea\xf5\xe9\xd9\xe8\xba\
7\xd6g4\xcdN\x81q\xa2\x22re\xc5\x14\xe8\x15\
\x17\x12\x10\xab\x19\x22\x9a\x86\x91\xa2\x10\xc8\x9c\xc0*4\
J\xc9\xa2\xcc\x92\x80\x91\x81*\x80Q\x13A:\xf5G\
_q\xdc\x00\x13I\x02\xf0\x00\x0b9\x02\x00H\x00\x11\
\x00\x00\x02$\x00\xa2K\xa6`$\x00\x01\x08c\x10\x12\
\x22\x80\xa1\x10hH\xc4\x05\x00\x00\x00\x00\x86\x00\x00\x03\
\x8bHi(@\x00\x02\x18\xc4Q#\xa4+\xca,\x07\
L\xd5\xf4@1\x15J\x02\x8bQ\x13Z<\xff\x00\x8e\
\x00\x00\x00\x00\x00\x00\x00\x00\x00\x00\x00\x00\x00\x00\x00\x06\
f\x81\x16\xc8D\x8a\xea\x08\x01\x98\x00\x15\x85\x0a\xb4\x09\
\xdaQX\xc2\x00\x00\x00\x00\x00\x00\x00\x00\x00\x0a\x80\x0b\
\x0b\x0a\x09\x00\x01Q`\x00\x01Qa\x05Yw\x80*\
\x02\xc0\x00\x02\xa0\x02\xc0*\xdb\xb5\xbf}\xb5\xe89\xb4\
\x95\x1a\x03%\x9cMn4\x95-q`\x99\xc9\xc5\xd2\
\x8cS!Q\xa5\x08\xcesj\xb8\xb86\x82\xa4\xd0\x8d\
\x19\x13\x98\x5ci$Nt5j7H\x09\x9c\xee/\
3Sh\xeb\xee\x8b\xdc\x00\x00\x00\xa0g$\x80\x00\x00\
\x01\x10\x00\x00\x02\x01\x8f8\x91\xcdA\x00\x08\x00`\x22\
F \x00(\x90\x02\x80\x91\x96I@I@\x00\x00\x00\
\x00\x00\x02\x18\x84\x16\xba\x93\x10\x80e\x00\x05i+1\
\xd4\x13\xa4\xb2\xf3\x89\x1c\xd4\x00\x00<\xff\x00\x8e\x00\x00\
\x00\x00\x00\x00\x00\x00\x00\x00\x00\x00\x00\x00\x00dLM\
\x89(\x9d%\xe1\x04\x82t1\xc8\x0c\x810WVT\
\x08\xdaP\xf1\x840\x00\x00\x00\x00\x00\x00\x00\x00\x0a\x80\
\x0b\x0b\x0a\x09\x00\x01Q`\x00\x01QaaA \x00\
\x00\x00\x02\xa0\x02\xc0\x02R\xb7Os\xab\xd4\xb0i\x1a\
\x22Y\x8c\xd4\xd9\xc6\x94\x9c\xe6\x88\x0dc%:(Q\
\x13!%\x1aF\x99\xcedU\xae\x99\xb6\xaakqq\
!\x13\x9a4\x8d\x10\x00\xd4\x84\xd2\xc13\x9a\x8c\xf5t\
\x06w\xcf\xab\xba4\xeb1g \x00^\x0c\xe4\x90\x00\
\x00\x00I \x02\x02DiL\xe4\xb8\xbc\x8aj\xc6H\
\x0c\x80\x00\x00\x00\x00\x00\x00\x18\x80\x00\xa2J(@0\
$\xa0\x00\x00\x00\x10\xc0B\xb5\xea\xb4W\xb8H\x00\x14\
\x02\xad\x1d\xaeV\x18\xaa\x05\xa4\xa2\xb3\x8b&j\x00\x00\
\x1e\x7f\xc7\x00\x00\x00\x00\x00\x00\x00\x00\x00\x00\x00\x00\x00\
\x02D\x06Qb\xc5\xac\xd74-\x05LZ\xca\x1e0\
\xc5&\x14\x17H\xc9\x8a\xb0\xce$\x00\x00\x00\x00\x00\x00\
\x00\x02\xa2\xc0\x00\x00\x00\x00\x00*\x00\x02\xc0\x00\x00\x00\
\x00\x00\x00 \x87 \x00\x00\x00\x02\xa7\xd7n\xcfWM\
u\x84\xa3\x8dE)\x94M\xdci%Nn7\x99\xc9\
\xc6jmB\x08\xba\x98\xa1\xc5\xc52\x96\x91\xa0\xa4M\
*4E\x22f\x95\x1bQ\x8c\xe7F\x91\xa6s\x9a\x8a\
Sbr#KZF\xabZ\x15\x0dz\xeb\xbfq\xcc\
\x14\x92@\x00\x00\x00\x00\x84H\x01\x05\x12Vp\xa6\xb4\
\x00H\xc8\x00(\x90\x00\x00\x00\x00\x00\x00\x00\x00\x00\x00\
\x02\xc8(\x0a\x00\x00\x00\x00\x00\x00\x01\x0a\xd7u\xa2\x15\
\xee\x82\x94\xd0\x9b\xdd\x08\xb1D\x02\x99\x07JP\x00\x00\
\x00\x86y\xff\x00\x1c\x00\x00\x00\x00\x00\x00\x00\x00\x00\x00\
\x00\x00\x09(\x0c\x8a\x22-2tH\xf4:\x81\x88 \
\x05&G\xa4:3\xbbA\xe5L\x80\x00\x00\x00\x00\x02\
\xa0,\x00\x00*,\x00\x00\x00\x00\x00\x00\x00\x00\x00\x00\
\x00\x00\x00\x00\x02\x00H\x00\x00\x00\x00\xa9^\x09\xd3\xab\
\xd3\x8e\x9e\xeb\xccE\xaf3\x95E\x09\xbc\x8dpH\xb8\
\xce&\xd7\x1b\xcb:\x9aJ\xc8d\xc6jt\xd24\x99\
\xc5\xc5\xd4\xd0\x01\xc5\xe9t1\x81\x9c\xe7PdM\x5c\
h\xa6\xa1\xa4h\x95\x89\xcc\x1cY\xee\xea\xed\x8a\xbc\x92\
\x00\x00\x00\x00\x92\x00\x09(\x09\x18\xf3\x855\xa0\x11\x05\
\x12\x00\x00\x00\x00\x00\x00\x00\x00VU\x90\xd6\xc0\x00\x00\
\x00\x00\x141\x14\x00\x00I@\x00\x02\x22\xd7\xaa\xd1\x8c\
\x8b\xdc\x1d)B\xbd\xe0\xaaR\x80\x08\xbd\xc2\xa9F\x00\
\x00\x02\x11G\x9f\xf1\xc0\x00\x00\x00\x00\x00\x00\x00\x00\x00\
\x00\x00\x00\x82\xcc\x88*,\x82\x82\xe2\xe9*\x84\x16\x97\
\x94N\xaa\xa1\xc8'9#9*\xf2\xa9\x12\x00\x00\x15\
\x01`\x15\x16\x00\x00\x00\x00\x00\x00\x00\x00\x16\x01P\x00\
\x00\x00\x15\x01`\x15\x00\x16\x00\x00\x00\x01Q`\x00\x00\
\x00\x00\x12\xe9\xf4m\xd1\xe8h\xec*&\x88\xa1E\x18\
\x92\xa6\xe0\x17\x19\xa1\xb6\x90T&kQ\xa10\xe3A\
\x9aJ\x9c\xdc]\xae\x94\x99\xa5E\xd4\xc5F\x8dX\x9c\
\xdchNdUN\x95\x1aL\xe7J\x82\x8a\xa9\xba\x97\
Okn\xb1Y\x00\x00@\x00fIC \x07J0\
\x01\x81$\x80\x00\x00eU\xad\x98\x00\xe6\x0a\x94\xcde\
Y\xd6\xc0\x00eV9\x99\xd0$\x00\x00\x00\x00\x02\x80\
\x00\xa0\x00\x00\x00\x10\x0cD\x96\x00\x00I%\x8c\x040\
\x01\x0c\x00\x00\x00\xf3\xfe8\x00\x00\x00\x00\x00\x00\x00\x00\
\x00\x00\x01\x03(\xc4d\xc5\x90\xc0ZMg\x13R\x1d\
\x8c\x9bI\x94;\x0b\x8a\x81\xe79\xc6j\xf3t\x86@\
\x00T\x00\x05\x80\x05@\x05\x80\x00\x00\x00\x00\x00\x00@\
\x09\x00\x00\x00\x00\x00\x01P\x01`\x00\x00\x01Q`\x01\
P\x16\x00\x00\x00*\xdf\x7fB:}U&\xa36\x90\
\x92\x88\x9d.(!7l\x10M\x90\xd5fkTh\
\xa6\x1a\x8a\x04\x88\xbb\x9a\x10\x1aJ)E6\xb8\xd2U\
S\x9b\x8d\x09\xce\xa2\xaat\x92\xe356\x07\x15\x89\xb8\
4\xe9\xd7\x1b\xf5\x9c\xcc\x01@\x04\x80\x89\x02\x89\x01\xd2\
\x94\x02\x01\x12\x00\x00\x00VU\x9dl\x00\x06\x10\xf5+\
MeX\xd6\xcc\x00\x00\x10f4\x940\x00\x00\x00\x00\
(\x92\xc4Q#\x18\x00\x12P\x01%\x00\x00\x00\x00\x00\
\x01%\x00\x00\x00\x08\x0e\x0f\x8e\x00\x00\x00\x00\x00\x00\x00\
\x00H\x14\x00d\x01\x16\x81\x88\x00.2\x12.tM\
\xd7T\x86s%\xe9\x08@<\xa9D\x12\x00\x00\x00\x01\
Q`\x10\x02@T\x05\x80TX\x00\x00\x00T\x05\x80\
\x00\x00\x00\x00\x00\x00\x00\x05E\x80XPH\x00\x0b\x0a\
\x09\x00\x00\x00\x00\x15\x06\xde\xa3\xab\xd1\xbdID2\xa2\
\xa12c\x88\x96\xe365@\x02f\xc4i\x13J\x04\
\xd4i\x13\x96\x91D\x84\xddMj4\x86t)\x86T\
P\x05&w#:\x00\x003(\xab\x0d\x9d\x1d\xd7%\
\x9c\xcb\x18\xc41\x01 Vu\x07!D\xb2\x02@\x04\
0\x00\x01\xcc\x14+J/8\x8d\x0d eW\xa4\x94\
N\x81,\x040\x00\x00+*\xce\xb6\x00\x00\x00\x00e\
\x08`2J\x00\x00\x00\x00\x1cB\x00\x01\x8a\xc0Pc\
\x00\x84\x8a@$8~8\x00\x00\x00\x00\x00\x00\x00\x01\
\x91E\x0c\x81\x88\xca,\xc0C\x00\xb8\xc8h(W\x14\
T\x81\x00\xc4\x22\x0b\xca\x90\x00\x00\x00\x00\x01Q`\x16\
\x01P\x00\x00\x15\x16\x15\x01`\x00\x15\x01`\x00\x00\x00\
\x00\x00\x00\x00\x15\x16\x00\x10.*\x00\x02\xc2\x82@\x00\
\x00\x00\x05E\x88\xea\xf5]}\xc8Y\x95\x15\x90h\x0d\
\x9b@\x90\x00\xcetcV\xa3I)\xcf\x94\xed\xb4i\
3\x93\x8aL\xda\xa2bf\xa3D\xcd\x8d\x98\x00\x00\x91\
\x00\x08`\x02\x09\x12/{\xeei\xac\x80\x04\x16@\xc7\
JP\x00+\x0b\xca(@\x00\x00\x00\x02*\xb0f[\
J\x1a\x0c\xc5\xec\x13\x9d\x0d&\xa4\xf3g\xa4\xd8\x00\x00\
\x00\x01YVu\xb0\x00\x00\x00\x05\x01%\x12X\xc0\x00\
\x00v\x80K\xd8\xf4\x00P\x0c\x00\xa9A (2i\
!\x228>.\x80\x00\x00\x00\x00\x00\x00\x00\x19\x14\x04\
Z\xc0\xe8@\x02\x1951\xd8\x85\xac\xbc\xa1\x88Z\x8c\
\xa6\xe9I\xbd\xdeY\xc8iy\xa1E\x00\x00\x00\x00\x00\
\xa8\xb0\x0a\x8b\x00\xb0\xa0\x90\x00\x00\x00\x00\x00\x00\x00\x00\
\x15\x00\x01`\x15\x01`\x15\x16\x00\x00\x00\x15\x01aP\
\x01`\x00\x00\x00\x00\x00\x16vz\xad\xba\xceJ\x14I\
@\x00\x22f\xe1qI\x1c\xdd\x15\x103\x127A4\
\x90.(\x12\x001\x80\x00\x00\x00\x00\x0e\xc0\x92\x89/\
\xba\xd7\xbc\x95\xab\x18\x80\x041\x80\x88\x00\x00\x00\x00+\
\x08]\x02\x85\x98\xd1\x19\xd9\xcc\x85^\x86b\xc9\x08\xbd\
\xdd5\x22\xa35\xad\x98\x06U\x03[\x00\x00\x00\x00\x00\
\x00\x03\x18\x12\x05\x04E\x0a\xf6\xa2\xa6\xd4V\x90\x14\x00\
\x00\x00\x00ID\x94H\x12\x04\xe75\xa4#\xcb\xf8z\
\x80\x00\x00\x00\x00\x04\x16\x04\x0c\x82\x8c\x8a\xb5\xa8\x9a\x10\
\x12P\x87R\xe8\x97\x8c\x02\x1er\xb4\x80aB\xd2]\
)\x9d \x16\x92\xf3\x80C\x00\x10\xc0\x00\x02\xa0,\x00\
,($\x00\x00\x00\x00\x00\x00\x00\x00\x00\x00\x00\x05A\
6PTX\x00\x00\x00\x00\x05@\x05\x80\x00\x00\x00\x00\
\x00H\x97o\xb2\xdft\x8cE\x00\x00\x08`\x00\x02U\
4\xa5R\x09\xd1\xc6b@\x02J\x00\x00\x00\x00\x00\x02\
@\xbb\x00\x00\x15\x95\xd0\xd3\xa6X\x80`!\x01 \x00\
\x00\x00\x00\x03\xac)\x10\x9c\xd5\xa0\xce\xceg2\xefC\
2\x8b\x82\xa9\xe8\x9aM\x0e\xf9-l\x00\xf2\xa8\x0b\xa1\
\xeb\x00\x00\x86\x00\x00\x00\x00\x00;E\x95\xa5\xf5\x1a\xe0\
\xe6\x80\x00\x00\x01%\x01\x03(\x08(d\x08\x05\x9c\xbd\
 <\xaf\x87\xa8\x00\x00fh\x00\x00\x04\x00\xc2-\x96\
\x92\xa5yD\xe9+4\xc2\xb5Vp\x84\x03\x10\x868\
\x04\xc9\x88b\xa1\x8a\xb4\x90\x00\x00\x00\x0a\x8b\x00\x00\x00\
\x00\x00\x00\x00\x00\xaaJ\xb0\x00\x00\x00\x00\x00\x00\x00\xa8\
\xb0\x02j\xab\x00\xa8\xb0\x00\xaaJ\x0b\x00\x00\x00\x00\x00\
\x08\x01 (.*,\x00:\x1e\x97\xb0\xabP\x9d\xc8\
\xcc\x00\x02&\xf5\x14`\x00\x00\x00\x00\x00\x00\x00\x00\x00\
\x00\x00\x00\x04\x80J\x87 \x00\x00\x9d[\xf6\x15\xa4\x01\
\x08\x00\x00\x00\x070fp\x8d,gZ\xd0\xa8\x06\x98\
\xce\xed\x12\x15\x90c\x19#\xbc\x03\xb5(\x8c\xb4\x07h\
B\xb9\x8e\xc4TQ\x15X\x09\xd6\xc0\x00\x00\xe9\x00\x5c\
\x0eozN\xb6\x8b\x00\x00\x00\x00\x00\x00\x00\x00$c\
 \xb1\x10 \x81\x9c\x92\x0f#\xe2\xe9`\x00bh!\
\x92F\x96\xb0\xce\xa8\x8d.\x04\x1ep\xb5\x97\x94$\x9a\
\x16G\xa9\xe7\x08y\xcc\x9ai\x08\x90\x14\x18\xe4\x0cf\
TIu\xa0H\x00\x00\x05E\x80\x00\x00\x00\x00\x00\x05\
@X\x00\x00\x00\x00\x00\x00\x00\x00\x00TX\x00TX\
\x00TX\x05@\x05\x80\x05@X\x00\x00\x05\x80T\x13\
E\x5c\x05E\x814m\xe9=\x0fL\x92\xd0\x00\x013\
z\x8a\x00\x00\x00\x00\x00\x00\x00\x00\x00\x00\x00\x00\x00\x03\
\xb0\x14\x01\xc8\x10\xc0\x05%\xa2\xfb\xa5\x80\x00\x00\x00\x00\
\x05`\xc9Ve[\xb8\xa6\x9a\x22\xb6C\xca\xc6\x94\x95\
\x81\xd6B\x80\x09\x18\xc2A0\x07h\x05\x12\xc5xc\
\x8a\x011Dk``!\x84\xda\x8a\xb4\xeai\xac*\
K\xb4\x00\x00\x00I@\x00\x00\x00\x04\x8cd\x92P\x12\
\x02\x81\x9c\x92\x0f\x13\xe3\xf3\xd2\x93p\x81\x902I\xd2\
\xe8c\xce\x15N\xe5R,\x00A\x05s\x91\x91\xd9#\
\x99\x22$c\x01\x08\x06\x19Q\x01%\x01 \x00\x00\x00\
\x00\x15\x01`\x00\x16\x14\x12\x00\x02\xc2\x82@\x00\x00\x00\
\x00\x00\x00@\xb8\xcc\x05\x80\x00\x00XP@\x0b\x00\x00\
&\xaa\xb0\x00\x00\x00\x00\x00\x00\x00\x0a\x80\xb1\x1d^\xb3\
\xaf\xacH\x00\x00\x00\x00\x00\x00\x00\x00\x00\x00\x00\x00\x00\
\x00\x00\x01\x05\x80\x0c`!\x80\x00\x0a\xeb\xec;\x94\x9d\
Hr\x90\xce,\x8ai!\x12\x8a\x01\x92Y Q\x05\
\x0c\x00\x09\x02\x80\x00\x90*\xd0\x82\xb2\x83Hd\xd2\x8f\
B\x8b\xd0kV\x19Elv\xd2\x8b\x00\xd2,\xa9\x01\
\x09(\x00\x00\x92\x80\x82\xc0\x92\x80\x08\x01\x85fo\x04\
\x01g \x00\x01\xe1\xfcyg\x0fIeg@\x8d.\
\x00\x00\xf3\x85'D\xc8\x0dd/(\x05aB\xd0\xf2\
\x16!\x88\x06 \x00\x01\x06T\x90\x00\x00\x00\x00\x10\xc0\
\x00*\x92\xac\x00\x02\xc2\x82@\x86\x10.*\x00\x00\x00\
\x00\x00\x00\x02\xc2\x82\x00X\x00\x00\x04\x0b\x8c\xc0X\x00\
\x00TX\x00\x00\x00\x00\x00\x00\x00\x0a\xa6\x16\x03\xd1\xdd\
\xec\xb5\xd4\x00\x00\x00\x00\x00\x00\x00\x00\x00\x00\x00\x00\x00\
\x00\x00\x12PX\x08\xa0\x00\x10\xc0\x00Aq\xa5\xab\xa0\
\xab4L\xc5\x0b;\x011#\x89\x00\x00\xa0$\x0a \
\xa1\x92\x03\x10\x14\x04\x94IB\xb4\x03\xac\x84\xe9\x01S\
E\xa1\xc5\xe8zM\x8e\x0e@\x00\x0fH\x02\x93ax\
\x82\x84X\x01#\x19%\x01  \x10\x08rT\x97h\
\x05\x9c\x801\x01\xe1\xfcT0\x19\x16VbfuV\
P\xae1\x92\xf0\xe4\x80\xa1\x00\x86\x15\x95\xac:\x1d\x0a\
\xe6(Jjbh\xa9\x04\x5c\x0f\x1a\x05\x19\x80\x00\x00\
\x00\x00\x05E\x80\x00\x00\x00\x05@X\x00\x00\x05@X\
\x00\x00\x00\x00\x00\x00\x00\x00\x00T\x00\x05\x80TX\x04\
\x00\x90\x00\x00\x00\x00\x00\x00\x15\x16\x00\x00\x00,\xe7N\
\xe8\xef\xf5\xd5 \x00\x00\x00\x00\x00\x00\x00\x00\x00\x00\x00\
\x00\x00\x00\x00\x07`\x00\x04\x94\x00\x00\x00\x02\xb1\xf4\x1c\
\xe8g\x11ye\x08C\x00%\x0c\xa0\x00\x16uc\xd2\
\xf2\x02\x1a\xd4J\xb4\x04\x81@H\xe4\x0fL\xd1ZM\
\x08W\xbd\x0ce\x80\x00\x00\x0fH\x039z@\x05\x12\
\x22\x80\xa0\x02\x061\x08\x04\x00\x01%AY@0\x00\
\x03\xc4\xf8\xa8\x04\x01c\xcc\xa6MJ\xb1T\x02\xd0P\
\xc4Q 0&\xb2\xf5\x87\x88\xb8\x10A\x15R\xbaj\
\x0b\x84\x93Z\x00\x00\x00\x00\x01P\x16\x01Q`\x00\x00\
\x00\x00\x00\x00\x00\x00\x00\x00\x00\x00\x00\x00\x00\x00\x00\x00\
\x15\x00\x16\x15\x01`\x01`\x15\x00\x00\x00\x00\x00IU\
\x00\x16\x00\x00\x00\x10\x0d\xfdGop\x90\x00\x00\x00\x00\
\x00\x00\x00\x00\x00\x00\x00\x00!\x14\x04\x81v\x04\x16\x00\
\x00\x00\x00\x00\x02\xb1k{\xd2L\xe8\xc0\x00E^$\
t\x90w\x84\x19\xca$\xa2t\xb8\x02\x1a\xa0,\xc60\
\x10\xb4\xca\x85\xac\xd0\x00\xd3B\x0b\xdc\x03A\x80\x00\x00\
\x0fH\x05\x9c\xbd \x00\x00\x00\x18\x80c'9C\xd2\
\x00\x01g Z\x0c\xc5\xa4\x00\x00\x00<O\x8a\x80\x9d\
$\xce\x18\x04I\xa4:\x02F\x15\x1a\x8c\x88\xbb\x02F\
*\x9e\x85\x84\xbe\x88(@0\xa9R\x93\xa4\x83\xce$\
\x00\x00\x00\x00\x00\x00\x00\x00\x00\x00\x00\x00\x00\x00\x00\x00\
\x00\x00\x00\x00\x00\x00\x00\x00*\x02\xc0\x00\x02\xa2\xc0\x00\
\x02\xa2\xc0\x02\xa2\xc0\x00\x00\x00*\x02EE\xc0\x00X\
\x05@\x00\x8e\xefq\xbe\xc0\x00\x00\x00\x00\x00\x00\x00\x00\
\x00\x00\x00\x00\x92\x89\x00\xb1\x8c`I@\x00\x00\x00\x00\
\x00\x22\xb4\x97`\x00\x00\x00\x008\x80S \x00\x08b\
\x18\x83K\x82(\x09\x1c\x9e\xf0M@\x02\x8a\x02G{\
\xb0(\x0a\x00\x00\x00\x00\x0b\xc09\x00\x01\x05I/\x00\
\x00R@\x00\x00\x00\x00\x00\x00\x00\x03\xc3\xf8\xa8`-\
&\xb3\x80\x98\x97\xa4*\x00\x18g%\xe0\xd1%P\xc5\
\x9c\xa1\xda\x0d\x0a\x80\xa9H\xb2\xa5\x99\xde\xfa\xd2\x92Q\
\x99 \x00\x00\x00\x00\x00\x00\x00\x00\x00\x00\x00\x00\x00\x00\
\x00\x00\x00\x00\x00\x00\x00\x00\x00\x01P\x16\x00\x00\x15\x16\
\x00\x00\x15\x16\x01Q`\x01P\x16\x00\x01P\x10,$\
\x00\x04\x00\x90\x00\x10}\x0fG\xdbP\x00\x00\x00\x00\x00\
\x00\x00\x00\x00\x01 P\x05\x8cU\x02\xb0(\x00\x04\x03\
\x00\x00\x00\x00\x00'IvX\x00\x10X\x00\x0e \x14\
\xc8\x02\x18\x00\x00\x13\xa5\xc1\x16\x00AR/\x95\x93\xad\
\x81\x940\x22\xf7\xa0,\xa0\x00\x00\x00\x10\xc2\x00\xf5\x80\
\x000+\xc9\x00\x00$\x00\x00\x00\x00\x00\x00\x00\x00\x1f\
\xff\xda\x00\x08\x01\x01\x00\x01\x05\x02\xa4\x10A\x04\x10E\
\x8a\xc4\x88 \x8b\x22\xde\x96\xcd\xc9\xc0\xb2N\xce\x96t\
\xd6\x9b0\xcf\xc7)\xd0\x9aMT\x09\x92|\xdd7\xf7\
\xb3\xea}\x98\xdc\x1a \x83\xc4\x81\xaaE \x81\x9f\x15\
\x8b\xdd\xd1X\x1a\xa7\xc4E\x99w\xd5Z1G~t\
v3\xa0\xe9\x15\x8e#\xe5\xdf\xdfC\xaf\x10\xeb\xd6\x88\
H\x82\x08 h\x8a\xa2+\x04\x10A\x04p\x9d\x05\x93\
B\xc93\xa5>I\xab\xd5T\x8am\xe7\x0c\xeeL\x0f\
\xa9\xf1r\xd1T\xefg\xc5\xdb[\x8fg=\x8d\xd5\xbf\
\xb5\x04\x1d\x88 \x82\x08\x22\xadR\x08 h\x82\x08\x22\
\x90=?\x83*\xbd\x08\xb5\xd2)\xdfO\xad\x1d_{\
\xa3\x81dS-8\xb3\xe3\x80\x8d/\x97s\xafj!\
\x08\x83\xe9\x7f\x91\xfe\x93\xfa\x05\x9f\xfd;\xfd\xbe;_\
m\xf4?q\xf4{\xcc\x8b\x92\xa4\x09H\xd3DQ\xaa\
\xbe\x03\xa2\xb1fy.\x1fo2t\xa4\x9b\x13\x1b&\
\xee\x84\x9dn\x9a}W\xbb\xfa7 \x8aE\x22\xb02\
)\x04]\x03\xb1\x91\xa1\x15u\xf8\x8a\xab\x9d\xf3WN\
\x83\xeeH\xee\xcb\xa2\xbd\xae\x0f\xb1\x13\xa8\x88\xd2tv\
\xf4\xe0\xba\x8cT}\xc4$b\x8f\xe0\xbf\x8d\xfa\xed\xdf\
K\xec\xff\x00\xec_\xea>\xf3<s\xff\x00\xb16s\
\xfa\x8f\xfb\x17/h\xfe\xff\x00\xf8\x9c\xff\x00\x93\xf7\xda\
\x1d\x15\x10\x84\x7f\xd7_\xf5\xef\xa7\xf7^\xae\xef\xfd\xa3\
\xfc7\xd0e\xb7\xff\x00j\xff\x00\x11\xf7G\xf5\xbf\xc2\
\x7f\x13\x8f\xd2Q\xd1\xeb\xc5U\x9dIg\x9b<\xd12\
M\x91\xad\x8ewMUf\x0f!d\x84@\xf8\x1f\xa7\
\xf7\xff\x00~\x10A\x04\x10@\xd0\xc6\x88\xab \x82(\
\xc8<H\xa3Rv\xa4h\xc3\xa7\xc0\xe9\x1a\xd0A\x16\
\xf5\xac[\xf1\x93\x97N\xba\x11j\xa7[>I\x10\xc7\
\xd4\xf8\xd4\x9d8;\xde\xedtT\xec;\xfb\x89\x19\x0e\
\x88G\xd6z;\x9fc\xef\xff\x00\xd8\x9b\xab\x7f\xec\xfe\
\xdf\xees\xda\xcb\x1fk\xda\xc3/G\xd9_\xd1z\xbf\
\xcc<\xff\x00\xb3\xff\x00\xaf\xb2\x1d\x88T\xfe\xa1\xee\xec\
\x7f\xd3t_c\xec\xaf\xabt|o\x93\x16g\x92\xd1\
\xe9H\xbb\x1c\xc9\xacX\xbaY\xf3\x22l[\x8d\x0bu\
\x09\xce\xbfco<\xb6\xf3\xf4=\xac=\xdd\x88\x1a \
\x81\xaa\xc1\x14}\xa0\x82(\xd1\x16\xbb#\xab\xa4\x11c\
\xb3.\xe7[b\xc8\x22\xd8$\x92O\x97UI t\
\x98O\xb5\x8e\x8cG\xc5\x22\xe7d\xd8\xc9\xeb\xf1\x7f}\
?\x8d7\xa0\x95\x22\xf6!\xbb1\xc9\x98e'\xfdx\
\xb1\x7f\xda}\xb6Ye\xff\x00a|\x9f@\xf2\xc7\xee\
?\xea\xac\x9e\xdf\xf6~\xa7\xd3n\xfd\xd7\xb7\xb9\x8f\x86\
\x7fQ\xf4^\xd7\xdd\x1f[\xf5{\x9fi\xee}\x87\xa5\
\xb9\xf5\xde\xdf\xa5\xf5\xf9{\xbb\x7f_\xf5\xb9\xfd\x86\x08\
\xff\x00\xaf\x7f\xec\x1f\xa9\xf4\xbe\xa7\xff\x00b\xff\x00\xd4\
\xff\x00h\xdf\xfd;\xfcw\xb2\x7fk\xff\x00X\xfd\x97\
\xf2\x9e\xbf\xa5\xf4\xf9\xfb\xfe\xb7\xfe\x0b\x03\xec=5\xe9\
n\xfdO\xd3{\x1fs\x9e\xf6\xdb\xda\xdd\xf4\xfe\x8f?\
s\xd2\xff\x00\xdb\xcb#\xdf\xf4=\xaf\xad\xf6=/\xa0\
\xf7=\xaf_\xff\x00mg\xbcz\x7fM\xed{\x7fc\
\xb9\x8f\x86~\x9f\xd6g\xeez\x94\xc3\xeaw7>\xac\
\xf7>\xb3?K\xd5\xfa\xcd\xaf\xae\xdd\xde\xfe\xb7\x1f[\
\x0fb\x9f\xcbz\xff\x00I\x9e\xff\x00\xb5\x93\xcb\xd9d\
\xd2i\x16\xac\x99\xe6\xcf9\xd7Y\x934\x91\x0e\xb2H\
\xec\x9a\xad\xcc\x91\x8e\xee,]i$\x9d\xe9#\xee\x95\
\xdf]\xee\xbfK\xd8\xc7%\x9e\x10A\x03D\x11F5\
c\xab \x8b\x19\x14\x8d7|V4b\xb1d\xd3\xb5\
:O\xcen\xafBQ\xd9h\xbb[ z\x0f\x81\xed\
l\x9f7\xad&E\x98\x18\x9fI\xf6Y\xfdW\xda\x7f\
\x7f\xb5\x87\xd6\xff\x00O\xf7\x7fU\x9f\xa3\xec\x1fI\xea\
\x7f\xe3\xb6\xff\x00\x8a\xf3\xfe{\xf8\xcf\xa6\xde\xdc\xf5\xfd\
\x1f\xe8v\xb0\xcfw\xe9?\xfa\x0f\xb0\xfeg\xff\x00\xc8\
\xfa\xf9\xe1\xfdG\xa7\xf4\xf8g\xb7\xeb\xff\x009\xff\x00\
\xa2\x8c\xb67\xb6\xf6\xc4\xda?\xea\xff\x00\xb5\xf7?\xa5\
\xfe_\xea}u\xec\xfd\x06\x7fK\x86\x1bl\xdf\xde\xcf\
\xe9>\xa3\xfaM\x9d\xbd\xcd\xefC\xd4\xcb\xdd\xfeS\x0f\
\xe5\xbd\xbd\xcc}\xcc\xfd?\xb3\xfb?\xe9\xfd\xbd\xdfc\
\xed\xf1\xcb,2\xfeO<\xf7\xbf\xa2\xcf\xf9\xf6\xf3\xf5\
>\xbb\xfe\x0f\xd2S\xf9\x8fco\xfeW\xad\xf5[\xdb\
\xdfo\xf7\xbe\xee>\xef\xd8\x9f\xd4\xff\x00\xba\x9f\xc9\xff\
\x00\xfb\x07\xb1\xff\x00\xaf\xaa\xb3hY\xac\xa8\xad\x91u\
\xb98&t\xbaZ\xe8\x9b\xc4[\xd2&\xa9\xdcW\xc5\
~\x8b\xdf\x8b\x22\x90:\xb4A\x16;\xbaX\xeedU\
\xf6\xe2\xfb\x91l\x11\xa0\xe8\x96\xb3\xa3\xd5\xe9\xab\x16E\
^\xaf{WZ\xe2#\x03\xfe\xb4Y\xff\x00g\xfc\xcf\
\xda\xff\x009\xfd\x87\xf1y/\xe8\x7f\xd5\xf4\xbf\xc3\xfd\
\xf7\xf4\xdb\x9f\xf6/\xf6^\xaf\xdd\xe7\xf5X\xe5\x97\xd5\
\xfd\x17\xd8zX\xfa\xdf\xcco\xee{?\xd1\xff\x005\
\xb7\x9a\xfb-\xbc\xb76s\xd9\xf6v>\xdb\xe9\xff\x00\
\x9b\xc7,\xb66\xd7\x96[?\xcc\xff\x00\x0d\xfd\xe7\xf3\
\xff\x00m\xff\x00Y\xff\x00g\xf5[\xbe\x87\xfd}\xfd\
\x9f\xd8\xee\xfb\x9b?_\xff\x00T\xff\x00\x0b\xf5\x1e\xae\
\xf7\xb7\xfc\xff\x00\xfe\xd9\xfbs\xd4\xfa\x1d\xff\x00\xfc\xaf\
\xbf\xfdG\xd8e\xeez\xfe\xd6\xff\x00\xf4\x7fV\xb6\xf3\
_\xc8}/\xd9?\xab\xf7\xbe\xe3\xd1\xcb\xe9>\xcf\xde\
\xf4}\x7f\xe92\xdb\xfe_\xdb\xdb\x7fB\xbd\x15\xfdF\
\xf6/\x0d\xef\xa3\xc3'\xf4\xb4\xc3,\xb0\xcb\xde\xcbo\
\x1fB\x9f\xd5b\xd3\xfa\x8f\xaa\xcf\xed\xf7\xcf\xe4\xff\x00\
\xfc\xf7\xb7\x8eX{:\xf8\xe7\x04\x93\xa0\x85bv\xf5\
&\xc4\xe8\xee\xea\x85\xbc':\x13\x5crxe\xf5\xfe\
\xe6>\xf7\xac\xd0\xe8\xc6EZ\xa4\x10\xc7l_\x03 \
\x8a@\xd5\x8c\x89 \x82\x1d>k$Mb\xc8\xa2\xa4\
U\xdd\x9b\xb2\x08\xd0\xf8\xef{\xa7\xc5%\x0d\xd1\xa9\xd3\
}lv\xbb\x9d\xcc\x9d\x1f\x8b\xfe\x09\xaa1f\xc6/\
ww\xea\xfd\x1f\xaa\xfe\x03\xf9L?\xee\x1f\xeb6\xbe\
\xcf/\xfb\xbf\xed\xe3\xfa\x0f\xee\xbf\xa3\xfe\x98\xcb3.\
\xa4\xd2)\xd2\x89\x9e\xaf\xb7\xecz\x9b\xff\x00]\xff\x00\
q\xff\x00c\xe8\xed\xfb\x7f\xf7g\xf5\xde\xc6\xdf\xd9}\
\xa7\xd8}\xbf\xb4\xe0\x84d\xe6\x8e\xd6\xdb\xe3\xd3\x819\
 UV+S&\xe7\xa8\x9c\x18\xefI:_U\xee\
\xff\x00\xc2\xf6;\x90E j\x8d\x11X\x22\x91O\x82\
(\xd1\x95\x22\xd6!\x8e\x8c\xefj\x22\x8c\xea;\x9d{\
\xaaM\x8dW\xe0o\xad\x18\xd9=/\xeftQ\xdc\xec\
z\xbd\xc7\xa4\xf5>I\xd1\x9b_A\x09\x98\xe4}\xef\
\xf7\xdf\xd3\x7fG\xe8\xf9\x12<\x8f3\xcem\x91:I\
$\x93F\xf9N9N\x8fzM{i|\xdb6c\
\x93\xc4\xc3w\x1c\xae\xedg\xd0\xfb\xdf\xbfddR)\
\x04\x1d*\xe9\x04S\xe2\x8cu\xf8\x1d\x8e\x8d\x0e\xb1c\
\xa3\xd0\x8au\x1d\xa9@\xc9\xb3.\xd6\xb4v\xb1W\xb1\
\xdc\x8b:\x8e\xe7s\xed\xc0\xbdWwm\x08;\x13j\
hY\x09\x89\x9eD\x9eCd\xc1\xe7$\xdb$\x92I\
$\xf2\xbcr\xd0B\xa7bt]\xdd\xec\x9b0\xdex\
\x89\xa6\x8e\xe7k}_c?S\xd8\xda\xdd\xc3\xd8\xda\
v>\x87q\x91VE\xb0u\xacU\xa1\xabb\x8c\x8a\
\xf4\x1d\x9f\x11WH\x8b:\x8e\xe8\xe9\xf0@\xd1\x97V\
v\xb7+{\x1d\xc7\xd8gGl\x0e\xc7s\xe3\x9d`\
\x8a\xfc\x9d\xa8\xeb7E\x10\x89\x16D\x92H\xea\xb2&\
mL\x92I\xb6yF\x19\x12#\xbdf\x93\xa1\x22\xe0\
\x96O\x07\xb7\xbb\xfb\x0e\xc3\xa4Y\xfc\xef\xbb\xd6\x10\xe8\
\xd0\xe9\x95\x22\xc7\x172\x06\x84:1\xdb\xda\xc8\x22\xb1\
N\x94}\xf4\xbe]\x1d\x17J.\xf98\xa4R*\xd4\
\xd5\x90v\x22\xd6\xb4^\x83\xd0vu\x96\xf8>\xb5h\
VI$\xdc\xdcQ\xd2z\xc9#d\x93jp&N\
\x84\xf2\xccr\xb1\xd1p\xee\xee\xa8\xda\xde\xf2\xa7j\xa1\
\x9b[\xb9\xec\xe7\xe9\xfb\x18{~\xbc&5H\xacR\
\x06\x87F\xa4\x8b\xe2\xc6E\x8cc\xb3\xad]~)\x17\
3\xe1\x91d\x10\xe9\x97{\x22\xc7g\xc1\x1d \x81\xf5\
#A\xe8\xc5\x93O\x9b_\x0f\x15v\xc5\x8e\xb3d\x93\
\xa0\xb2\x13\xa4\x92I:\x0b\x90\xab\xb1\xcaP\xa8\xaa\x9d\
\x9f6\xc94\xf8\xd1\x9b\xb6w\xa6\xff\x00\xe7\xbd\xdf\xd1\
\xbe4u\x1d\x22\xb042(\xc8\x22\x91H\x1cQ\xd1\
\x91GGH\xe32\xe9\xa2\xce\xf4Hj\xee\xd4|\x1a\
ZOA\xf1Nh\xfb\xadi\x819\xd2\xeb\xc5\xbdn\
\xc69M\xe9\x93Y\x15\xc9\x8cW.\xb4V\xb2i\xb3\
\xbd7,\xa1\xfdo\xb8\xbd\xefT\x8a41\xaa\xc0\xc8\
\x22\xce\xb5\x82\x06A\x1aqdS\xae\x84^\xec\xcbE\
\x88bGQvw5s\xb5\xda\xfb\xc5Y\x1d\x15\xd0\
8\xb1\xf0O\xad$d\xe81\x0d\xd2u\xd6VN\x84\
\x9d\xf9/bD\xe6\xc8\xd4U\x92i5\x9b:_\xeb\
\xefy\xdb\xf1\xf4\x9e\xf7\xfc?n\x8d\x0ccDU\xa1\
\xf6v4A\x1d`\x81\x8e\xc7\xa9\xda\x8fU\x91c\xd4\
ga\xf5\xd0v\xb1\xda\xec\x9a:\xba+\xbbY\xf3k\
\xbb\xb5\xb3X\x1b\xd2\xec:\xae\x01e\x02tZ(\xea\
O%\xc5\xc3\xbeD+\xd9\x04_\xd3I8{;\xbf\
\xb3\x1a\xf7\x11\xf4\x9e\xf7\xfc\xcfQ\x901\xaa\xb2,d\
\x11GkV2(\xe9\x14\x81\xa2*\xe8\xe8\xeev;\
\xb2c\xb1\x9do\xf9\x18\xafv=UO\x97\xd0W\xcd\
\x8e\xc7\xa5\xd7Nm\x5c,\x8b$.a\xf1\x83>k\
'\xc95D\xf4\x92k$\xda\xed\x9d\x0c2\xfdya\
\x92\xcdW\xb1\xf5\xbe\xeb\xf4}\xa5\x92\xdc\xc4t\x82\x08\
\x1a\x1d:R\x07V\xa8\xc8\x1d\x1dY\x171\xd8\xf4>\
\x0f\x8b;\xe8\xc6\x87z\xabf\x99\x1f4z\x8e\xc7X\
\xb1\xd7\xb7\x06\xaf\xedEI\x91\xe9N\xb2\xc8NV\x9c\
\xf2\x5cr\x9b\xbeI\xd4\x9a\xcd$\x91\xe8\xecn\xac2\
\xb7\xf9\xbf\x7f\xcf\x06\xaa\xc7\xd8d\x0f\xa9\x15d\x5c\xd5\
\x1d\x1d\x905Gk\xac\xdb:\x1d\x07L\xab\xd0\x9a\xbb\
 \x9a\xc1#\xb1\x0e\x8e\xae\xe9\xa4h\xc1\x177\xa1\x16\
\xfc'wrt\xd9\xf15\xf9\xe1f\x05\x99:O\x84\
\xf9\xd2\x8a\xc5\x98\xb9\xd2\x91\x13Y\xd6\xebI\xab\xa7\xad\
\xb8\xf2T\x8alog\xeb\xee\xfa\x9e\xce\x1e\xe7\xaf\x03\
CTj\x905Gs\xb5\xaa:E\x8fJ(\xf4\xd8\
\xdfB.v\xf4\xb5\x9f4\xecw\x1fK\x19\x14z\xef\
BI\x1f\x04\xdcQ\xd8\xfbV\x075|Jb\xc9j\
\xf7\xa4\xea*\xbdO\x92)'ae\xa95n\xb2I\
:\xaf\xad1\xcd\xe1\x96\x19,\xf1UG\xf3\xbe\xff\x00\
\xfc\x7fb\x8c\x81\xaa:A\x04\x1e#U\x82,}\x86\
;\x99\x17Ec\xa5{\x8e\xc7W\xa1\xd4\x8aM\xee\xde\
\xf4f=\x87tS\xb6\xa4\xf0Q\xa3'z\xb2I\xb1\
\xde\xb8i\xa2\xcd\xa1e:\xca\x91H\x22\xaa\xc8\xe0]\
{\x12.\xce\xa9p\x1d\xf5:S\xd7\xdc\xf1\xca\x9f\x04\
\xb4\xfe\x9f\xdf\xff\x00\xc8z\x84\x1e#D\x0d\x0dS\xe6\
.pB\xb2\x06A\x0bA\xd9\xd6\xf4:A\xd2\x8cc\
\xb9R(\xf4]dT]\xe8\xc8\xa3\x22\xc7W\xad4\
u\x8b~t]\x19:.\xf5\xd6\xc9\xe0\xd5Vpy\
N\x8ck\xcf\x0a\x99=\x10\xbaQv\x92O\x22I\xaf\
j\xcdb\xf9\xd2\xd8\xdc\xfd\x98\xd9\xf5\x1e\xfb\xfa\xff\x00\
qCC\x1a\x1fJ4:44A\x16E~]\x91\
k\xa4\x11H\xd1\xeds\xab\xd0dX\xf4\xd3\xb1\xdc\x89\
\xa3\x1d[\x8bf\xc8\xba,\xef\xa15\xef\xa5\xe4>A\
6,\xc5\x92\xa4\xeaw\xb6xx\xa2})'ud\
\x8d\xd9$\x9eR|\xcd\x8a\xc9\x16\x86\xde\x7f\xaf$\xfc\
\x95\x9f\xcd}\x8f\xef\xd9\xf1CCCD\x11H\x19\x14\
h\x81\x91GV42$j\xd7dQ\xdc\xe9\xdfY\
+~4\x22\x93\xa4\xeb\x14C\x1e\x9c\xba3\xe7B4\
\x15z\xe8\xc5\x91j\xb9Qk\xf5\xa3\xb2Y'\x91:\
\x0a\x9dI\xe2d\x9bg\x83\x9e\xa4\xdf\xf3w\xad\xb9\x14\
tG\xaf\xbf\x9f\xab\xbf\xea{\x18{\xbe\xb7Q\xd1\xa4\
45GX\xac\x0d\x0e\x8ct\x8b;[\x161\xa1\xde\
\xecn\xf8gau\x1e\xac\x107\xa5\x1a.\x9d\xa9\xf1\
{\xd6\x83\xb6\xa4\xd1\xd9\xf3gn'\xbdU\x88Y4\
y\x89\xe8\xcf\x13\x16u;\x0b\x83\x9a'z\xb5Sk\
s\xf6`:\xff\x00/\xef\xfe\x9fb\x8f\xbd\x22F\xa9\
\x0c\x8a\xb1\xa1\xd9\x16\xc0\xd6\xb4Q\x8e\x8f\xa1\x03\xe9{\
>,\x8aEb\xf9\xacZ\xf5\x9c\x88\x9dH\x1d\xd3d\
\x0f\x85\xe9\xc7.\xf4U\xeayA\xe6~\xc2Q<\x91\
::.\x06zc\xa4\x85\xdbgw\xf5\xe5N\xf4\xc3\
<\xb0\xcb\xeb\xbd\xcc~\xc3\xd3d\x19*\xb2\x08\x1d\x18\
\xd1\x10w\x1a\x1a c\xb9\xd1\xe8A\x03\xac\x11c\x1c\
\x9d\xae\x8a|F\x9bD\x0e\xb1g\xc1\xdfA\xd5\xbb\x1e\
\xb3\xaf\xc5\xf9i=\x16M\xeb\x90\xc5:\x9eM\x1f\xb0\
\xfd\x88\xf2D\xf0\xee\x93\xc6N\x92$g\xad\xb9\xe5\x8d\
\x9f\xcc\xfd\x87\xfcon\x0f\x11\x8d\x0ctsGGW\
G\xd0\x93\xb5\x1d\xce\xe6E]\xff\x00\x14\xeaE\xf2*\
:DY\xd4\xf8\xa3 \x8a\xbd7GX\xbf\xe7\x84}\
\x09\xd2v\xba\xbeD\xc42n\x9b\xe4Y\xb4~\xc6~\
\xc4yc\xc0\xbb\xbej\x9f\x095\x92mTGjc\
\x97\x86X\xe4\xb2UO\xc5\xfdG\xbc\xbe\xc3\xd1\x89M\
S\xa1\x03D\x0f\x11\xa2\x07Gc\xefGV\xa8\xedj\
\x91F2,\xf8\x8b\x1fzE\x9f\x0e\x8a\x8fZ\x06\x88\
\xd5W\xc1\x1a\x93Wc\xa4\x8e4\xbb\x5c\xeb7.*\
\x09\xa4W\xb5#\x80\x9c\x8f\xd9\x91\xfb\x0f4y&J\
\xd3zI\xc5\x8e\x93\xa3\xdc\x87\x11l\xd1^\xa8\xcf[\
r\x19\xf1O\xe6~\xc3\xfe'\xbc\xc6\x87\xd2\x8e\xc8\xa4\
\x0d\x102*\xc8\xa3D\x11W\xa2\xed\x9a\xa1\x8c\x8aw\
\xa4X\xf4#R)\x04j;\xddd\x81\xea:%d\
\x9f0v\xacZ\xf5UU{k\xf4\xd4\x8e\x17\xcb#\
\xcf#\xf6\x0bu\x0b4t\xe0\x17A\xd5_6+&\
\x8e\xa8\x9d\x0e\xc6\xd6\xe7\xec\xc6\xcf\xa5\xf7\xff\x00\xf2>\
\x89\x96$\x1044\xea\xc68\xa4\x0d@\xce\x83\xa3>\
Ft\xb6*\xeev\xab\x1d\x1c[\x16|*\xfc\xdb\xd8\
\x9b\x22\xf8:^\xf4\x22\xd7\xde\xc9\xbf\xe6\x8e\xee\xfa\xd1\
H\x22\xc5\xcd\xdd`\xec,\xf3G\xedg\xeeB\xdc\xc5\
\x8a\x88\x8d\x19\x115\x92n\xf8\xb1\xcb<k\x04Q(\
\xd0f\xd6\x7f\xaf+?\x9a\xfb\x0f\xf8^\xfbR:4\
<F\xa9\x03C\x22\x9d\xa8\xd5\x18\xe8\xc7GF\xac\x8a\
\xb5\xd7S*\xf7 \xedH\x1d&\xde\x94dS\xa5d\
\x8b\x1fr-CQl\xd5\xe9>\xa3\xe9\xa34u\x9b\
\x1df\xc7\xa4\xe8\xf4f\x93\xcc\x91\x17\xcb\x16\xe6h[\
\xec[\xd8\x8b,^\x8a>F*\xa5\xd3\xb1$\xd1i\
.\xee\xaa\xb3F\xe9\xeb\xeeJ\xafc\xe9=\xdf\xfc\x8f\
\xd7\xb44\x865N\x83C\xec\xd0\xd0\xf1 cCC\
Tj\xc6\x87\xd2\x8e\xf7\xd2\xc8\xb7\xe6\x99v\x83\xe2\xd6\
E\xcd_\x03Bv\xf4\xa3\x22\x9d\xaf\x8a\xbb\xe4v|\
\xd5\xdc\xf5f\xef\x87|QY\xda\x91t\xe8G)Z\
K,\xf1?{1\xdd\xc1\xe8w\xaa\xebl\xaa|\xad\
>\xf4\x9b\xf1\xcb\xc3$\xfc\x95\x7f\x96\xf7\xff\x00\xe2\xfb\
\xfd\xc6\x86\xa4x\x8dtc\xa4\x0dQ\xa1\xa1\x8ct\x81\
\xa1\xa2,c\xbb\xb9\x03\xab\xef{\xb1\xdc\xe8\xe2\xae\xd7\
F\x88\xbaoj\xc8\xaf}\x06I#\xb5\xd5\x9dmu\
\x9dWb\xab\xe7m\x5c\xf5\x13h[\xd9\x18\xee`\xc9\
\xben\x92I&\x09\xe01\xa7\xc7\xaf\x9d\x98\xb7\x8b\xfa\
\x8f{\x1f\xb2\xf4\x18\xd0\xd1\x03C\xc4t}lcV\
1\xf6\xb9\xd5\xc0\xce\x83\x1d\x8e\x91Tt\x19\xd2\x8cv\
;\x1e\x8b\xab\x11$\x9d,z\xee\xc6\xf4\x98\xec\x9a:\
\xbe\x11\xa1M\x15\xdd\xac\x9e^\xec\xf9\x91\xd6(\xb4V\
ybc\xbe,\x96W\xcd\xca\xe5\xa0\x8f\x92EYf\
\x19yc_\xe4\xbe\xc7\xfe?\xb7F:41\xd1\xd1\
\xf4\xa3C\xa4\x0d\x22\x18\xc65GcUi\x8fV(\
\xc8\xb5\xcd\xdd`g\xc5\xae\xd4>\xb4d\xdd6A\xf1\
\x14z=\xea\xeeuw\xb2ov3\xe1\xea\xa1\xd2m\
\xeb<\xa1\xd5\xdd:\xd8\xefd\x8c3\xc7*1i\xce\
\xa4\xd5Y\xb3\x9f\x8b\xae\x1b\x99mg\xf5\xbe\xde\x1e\xff\
\x00\xa3\x14cC\xe843!\x8ccCV:5G\
GO\x81\xd1\x8e\x90A\x1a,z\x1dl\xf9t\x81\xf0\
oK\xe65\x1e\xbb\xd0v\xb2k\xe6-\xc3\xcaEl\
\x8a\xafB+\x1a=x\x89\xb9\xe8\xc6\xb6;\xcf\x13\x1c\
\xf1\xca\x93UI\xab\x11'{&\xf5UE\x5c2\xf2\
\xc6k\xfcw\xd8\xfe\xbf`hj\xachh\x81\xa3(\
\x1a\x1fx\x1a\x18\xc7\xd2\xf6\xaa\xd5\x8cCW\xb5{;\
\xd3\xb0\xeev\xc0\xe9\xde\xad9\xa3\xa3:\xe8\xfc\xba\xc5\
]\xd2M\x8fE\xd3\xe6\x8a\x8dX\xef\x91\xd3\xa5\xab&\
\x85\x9c\x9d\xee\x9b\xa7\x95M\xce\x93N\xdc\x16\x1b\xd0'\
6\xf7\xb6EE\xae\xa9\xb7\x97\x8eT\x83g{?_\
{\xd2\xf6v\xfd\xefQ\x8c\x82\x06:1\xa1\x8e)\x03\
\x1a\x18\xd0\xd1\xf3\x03\x18\xd6\x83\x15\x1d\x91F:\xb3\xb5\
\xae\x90v\xa7S\xa8\x87{\x22\x8c\xf9\x81\x91W\xa3\x17\
::|j\xfc\xba;\x9f{\xe4ZqE\x93\x16d\
\xc8\x8f\x9e\x0d\x8a\xd9'\x84\xf9\xd3}\xedz\xa9\xbcL\
7|\xb85UUn\xdb\x95_\xe3>\xc6(\xc6\xa8\
\xd0\xd0\xd5\x18\xc8\xa3\x22\x8cuw:24;\xd1\x8c\
uuwE \x83\xa0\xc5c\xb1\xf0q\xaf\x1al\xf8\
\xa2\x1d{\xdb\x04\x93\xa9\xde\x9d\x85\xb8,\x93\xd3\x9a\xae\
\xba\x90F\xbc\xd6I\xb1\xd8\x86\xa9\x1c>\x1b\xb0'<\
\x0a\xb9[\x83\x8c\xa6\xbe\xaf\xb3\xb9\xe9\xfb>\xbe\xfe\x1e\
\xd7\xaf\x14ucPd4\x8c\x95\xach\x83\xb5\x1a\xb5\
\x9dj\xeb\x07a\xd9\xf0:\xc4\x91H\xe9\xd8uC\xb1\
\xa3\xe1\xf4$tv|U\xd1\x9d\xce\x97\xfc\xe8\xba;\
U\xae\xe4\xc6>\xd6:||7\xc3t<\x85\xb9Y\
\xac\x93g\xc7av\xe3\xba\x9du\xe7\x83\xc7'\x81\x8e\
k%|\xd1i***M6\xf2\xe9_\xe2\xfe\xc7\
\xcfm\xd1\xaa1\x8ci\x8cc c\x91\x8dV&\x8c\
j\x90|\x8e\x8e\xe6E\x22\xce\x94z\x0c\xe9H\xa3\x1f\
[d}H\xab\xab\xb2)\x04\x0e\xe7c\xa2\x1d\x9d\xeb\
\x17u\xb9\xbd\x07d\x93\xa1:\x90&\xc5\x99\xe5$\xd5\
\x91T\xf8ud\xe8>D\xba<7<\xae\xeb\xac\x89\
\xaa\xaap\xfb\xaa}\x7f\xb9\x9f\xd7\xfb\x9b[\x98o\xed\
@\xe8\xc8\x1a\x18\xc7\xdd\x8chc\x18\xc7k\x1a\x19\x14\
uj\xf7WWO\x8a5c\xb5t\x1e6\xc5\x9f4\
g\xc5b\xb9S\xa8\xf4\x99\x04\x5c\xf4\x9d\xb1g~3\
\xb1\xe6,\x914\x9d\x041^\xef\x92t\xfaUQ\xf1\
\xf1M\xbd\xca\xae\x01S\xe0C\xae\xdbug\xf1\xdfc\
\xfb\xbd~\xb4ttc\x1a\xebF44t\x1d\x19\x03\
\xb3\xa5\x8d\x0d\x103\xe2\xc8\x1ch\xb1\xaa\xc5;\x0e\xb0\
\x88\x1e\x87j;\xa6\xc7\xdfA\xda\xee\x82-\x9a\xa1\xf7\
\xbd\xd1\x0c\x9e\x0b\xe6\xe9\xac\xb4y\x89\xc9:rw\xac\
\xe8\xfc\xd2k\x1a0@\xf8\xff\x00\x83kv\xee\xd4W\
\xfc\x11Y\xa6#\xa2>S\xaf\xd7{\x99\xfd\x7f\xbb\xb5\
\xb9\x86\xfe\xd5\x1a\x1c\xd5\x8e\xc6>\xa3DQ\xd5\xd1\xc0\
\xd0\xc7s\xa3:RF>\x94\x8b{\x12;Z\xbd\xa3\
\xe6\x91o\xc0\xefl\x8b]f\xadV,\xe9Y\xa3\xab\
\xd2d\xc1\xde\x8f\xbc\xf1P@\xab\xd8Y\xc0\xb2N\xb3\
Y&\xf9\xd4\x8b\xba\x5c\xc5\xc6\xcd\xdb[\x91VF\xba\
\xa2\xaa$\xc7(u\xfe?\xec\xff\x00f\xcc\x8e\x8cp\
1\x8d\x0chu}\x87Fw\xac\x13H\xab\xa4Z\xea\
\xc7c\x22\x91F;\x1a!\xd1\xdb\x03\xb1\xe8\xce\x87\xc6\
\xa7K~~l}\xee\x92f\x8eH\xe3\xd7j\xac\x98\
\xb3N\x9d\xa8\x87I\xe0d\x93\xe5\x9d\xed\xf8\xaa\xbe\x06\
|pp:\xf5\xae\xd6\xe5\xdd\xc5\xa4\x85\xdf\xe4N\xa8\
\x83\x17_S\xda\xdc\xf4\xfd\x9fS\xda\xda\xf7}a\x8e\
\x8e\xc7k\x1c\xde\xd1\x04\xd6\x06\x87Dt\xa3U\xec;\
\xdd>/\xf1\xab\xd1w\xc6\xbc\xd1\x91VE\x1d\x1e\xa3\
\x1b>$\xf2<\x89\xd2\x5c\x1c\x89\xdc\x9bB\xccM:\
=\x09'\x8bC\xe2{\xdf\xb5\xb96\xa3\xa5\x93Gt\
\xd1QV`\xc7)\xa3g\xf2?g\xfa\xf7\x1d\x1fw\
F1\xd1\xaa\xb1\xa6:\xb1\x8e\x8cv1\x9d\x88\xacj\
u:\x1d\xaftzL\xf9\x81\xaa|X\xab\xd3E\xde\
\xfa\x90GW\xdcuuv:d!\xf2\xb5\x93\x16k\
\x88\xebtq\xdf\x04\xe8m\xeey\x13ok\x95\x15\x15\
U\x10\xab\x8b\x87M\x9d\xdc\xf67>\xbf\xde\xc3\xec}\
)\x1b\xacQ\x901\x90:1\xa1\xa1\xd1\xf6v1\xf7\
\x1a\x1d>-v\xb5\xa1\x15T\xee@\xf4\xe4\x81\xea-\
&*e\xa0\xea\xed\x93\xbbn\x06\xf9jpy\xea=\
/\x82y\x0b\x1e\x97co5\x92\xb6oUG\xcd:\
[\x86U\xfe_\xec\xbf\xe2\xfb27Ic\xab\x1d\x18\
\xe8\xc74\x8a\xb44E\xce\x8e\xe6\xaddj\xc5\x19\x17\
:E\xb1X\xa3\x22\xc7{\xb6i\xd0pt\xb5\xdd\xd2\
\x99\xba=y\xe3[\xb1\x0b3\xcel\x9d>\xa4V4\
\xa7\x92\xe3\x97\x83\xc5\xf9*&M\x15\xaa\x8b\xad\xff\x00\
\x09\xd9\x8b\x9a.\x8f\xe9>\xc7\xff\x00#\xe9\x92t\x81\
\xd5\x8c\x81\x8c\xe9GH\x18\xc8\x22\x9d\x07F5F\xa4\
j\xd65N\xf6D\x9d\xaa\xeb\xd2\xf7H\xb5\xd1\x8f\xa5\
\x9d\xac\xefWg\xc5\x8c\x9d\x06\xb4f\xb0>\x88Lz\
\xf3\x1cG]E\x93B\xdcGz|\xfc\x10u\xd6|\
c\xac\xd1\x8bKo7\x83N\xde\x95\x9e\xb5TG\xc0\
\xa8\xbb+\x17A9\x1b>\xa7\xecr\xfa\xefo\x1c\xf1\
\xcf\x19\xd0gA\xa1\xd5\xd2\x06\x86\x87L\xacc\xa4R\
+\x03\x19\x15\x8a4A\x14\xedk\x18\xact\xeaA\x03\
\x22\xb3s:R4]\x91\xa6\xea\xeclyK\xeev\
\x1f/\x92-R\x85\xb9\x02\xc92l\x9a2t\xfb\x88\
|\xabg;gE\x13\xd2D.\xa4\xd2l\xc5\xc5\x7f\
\x9c\xfb8\xaf\x91\xe4\x87\x99\xe4\xe9\xd4m\x9eC\xcc\xf2\
\x1b$l\x92N\xa7a\xc0\xd5b\x9f\x14c\x1d\xac\xf9\
\xb1\xd2+\x16\xba:u\xb1\x91dU\xd1\xd5\xd3\xb0\xd6\
\xac\x19\x12u\xab\xa7J8\xab\xa3>2\x22\x8fZ\x07\
\x1c<\xe9w\xd1Y\xb1n&&2-\x5c\xdbo?\
%UlQ\x8a\xaa\x93I\x9b\x11\x06.\x98\xe5\x96\x19\
}W\xda\x7f\xcf\xf5\xfc\x996\xbaA\x03Tth\x81\
\x8d\x0d\x105dQ\xaa\xc1\x16\xb4A\x15}\xc8\xa3\xac\
U\xdd4u\x9b\x9d\x1d\x88u\xf8\xd1o\xadb\xc7N\
\xf5b\xa6M\xa3\xbd\x8fG\xb5\xafE\xf1s\xa0\xb2x\
\x8bt\x95\xa56\xcf\x0b\x1c:~/\x0c\xbc\xd5dU\
UN\xa8TZ\x18\xbaz^\xde~\x97\xb1\xeb\xfb\x18\
{\x1b3t\x0e\x90B\x1a \x8a\xc0\xc8\xab\xc6\x90@\
\xc8 i\xd1\xd2*\xec\x81\xd5\xe9\xc7Wc:\xe8A\
\x14\x8a\xb9\x22\x88oB+\xd8\x92h\xedU\xf8\xcb)\
'\xaeB\xed\xa2\xae\xeb\x7fjw'\x88\x9aEb\xbf\
\x14\xe8&\xd1\x8e\xe8\x9c\xf2>\xb4u\x96u\xe0v\xf3\
\xf0\xc99\xb3\xe6\x8a\xe4&H\xb4VJ\x9fO\xf6_\
\xf0\xf7\x13\x95\xe4yS\xb5\xcfF\x08\xb7\xa1\x16\xb4\xeb\
\xd2\x8e\xc7lR(\xe9\xd6\xce\xe4\x0e\x92E\x91Y\xe1\
\x1d\x19\xdcwv\xb3,\xa1\x11\x04\x8b\xb6\x87\xce\xac\xd1\
\xf1=\x87\xa8\xcc[F;\xa8\x99\xbex\xc8\x15\x1e\xaf\
[\xb6s\xb2o\x9a\xae\xa2\xa2\xbd1\x09\xd3\xe9\xbe\xd2\
\x0f#\xc8\xf3<\xcf1\xe6~\xc3\xf6\x1f\xb1\x1eh\xf3\
C\xdcG\xec\x1eg\x93%\x92\xc9\xa3\x19\x14iZ\xd5\
\x22\x90@\xd5\x8cj\xc62\x07\xa7\x1a\x0c\xf8\xa3\xe0\xd8\
\xaa\xedu\xc9\xcb\x1f\x10\x87\xd4\x98\x19\x1a\xcbM\x93\xac\
\x9b\xc4\xc3u\x13\xc7w\xa4\xd1\xcf\x04\xeb\xd4\xda\xcf\xc9\
*-\x09\xb5\x12H\xba\xabP\x8e\xcf\xea\xfe\xc5o`\
\x89&\x8e\xc6E\x91GH\xaf\xc4\x10A\x04\x1044\
\xe8\xc8\x18\xd1\x04\x0e\x8e\xce\xa7J1\xd2*\x87gr\
GGd\x0c\x8a;\x22\xde\x9a\x1d\xa8\xd5\x8e\xd61\xb8\
U\x9e!\x0d\x88|Lj;q\xcb,Lw\x93\xe4\
/\x81\x9a\xc9\xf3\x8e^/\x0c\x96B\xd1UTZ\x0a\
\x8b\xa0\x8d\xad\xc7\xb5\x97\xa3\xee\xe3\xbb\x81\x22\x13:]\
\x08\x8a@\xc8d\x11k\xab\xa3C\x9bY\xd8\x841\x8d\
\x0c\xe9I\xd5\x8a\xb5s\xa3Uc\xbb\xae\x83tz\x0d\
\xd1\xbb_k\xe7\x83\x9du\xa2\xd9=4\xa7C\x1c\xda\
\x16k.5\xf0\xf04mnx4\xe9\xd4V\xa1w\
\xaa\xaa\x15\xd8\xd3\xb5=m\xf7\xb3\x9f\xad\xed\xf9$\xc9\
\x17mh\x8a>\xd4vu>\x1aWM\x1d\x19\x16|\
\x90E`\xefY&\x89\xb3\xbdb\x8e\xe6:\xba:E\
b\xc6;\x22\xae\xaco\xae\x92\xbd:\xbd.\x9a\x7f:\
\xaf\x86[\xad\x0b)\xe0gFx\xbd\x8d\xca\xabU\x8a\
\xb8\xe8cUOO\xd9\xfdog\xd8x\x18\xe5\xe4\x93\
$\x92U\x9d\x08\xb2.qc\xee@\xedv\xb2+\x03\
G[\xbaVh\xf4\xd9\x14z.\xe7{\xa3t\xc9\xd9\
\x02C\xd5\xed\xc6\xc6\xa7[Uz=N\xc6;\xa2i\
\xeb\xc5\xf1\xc36|]\xb3\xbb\xe4\x88\x91-\x04L\x8c\
W\xae\xf4TT\xf4\xfd\x9f%\xb7\xbb\x96\xdb\xdb\xde\xc3\
2Q\xd0L\x9dGF@\xd0\xfa_\x17\xb2\x19\x15d\
i\xe5V\x88\xab\xb2\x07s\xab\xb6I\xa4U\x90v\xa3\
\xaeY[\xd6\x99[\x1a\x0e\x90O!\xea\x22x\x88\x13\
h\xc7q=U^\xd6I\xd0|\x13\x16\x97Tmn\
\xf9\xad\x15Tt\x10\xafU\x918~\xb6\xfa\xde\xc53\
o|\xe8\xce\xa2\xc9\x92\xec\xf2\xc8\xfd\xb9\x1f\xb7\x114\
\xe8\xecm\x0fs\x03\xcf\x11\xe7\x8c\xf9\xa3\xc9\x12\x89\xc4\
\xe8I\xde\x92H\xc6\xe9(\xe9{\xa4R.\x8at\xa3\
\xd0\xf8\xf9\xb1\xf7\xb9\xead\xee\xf9>9\xb3&\x8fS\
\xae\x869\xe5\x89\x8ek-y>:\xf0_$\xd1i\
\xcb\xc5\xed\xee,\xf1$\x9b{S\xe1h\xa1:|W\
os-\xac\xb6\xb7q\xdd\xc0\xdb\xdd\xcbl\xc3w\x0c\
\xcf\x9b\x1d\x1d<\x9a<\xb2\x1eLyH\xe4vt\xa3\
\xb1\xc8\xe6\xd8\x9bf\x0f#\xc8\xf2\xac\x927I\xab$\
tt\x82)4v\xbd'\xda\xc8\xab\xa3Cz\xb3\xa0\
\xec\x92I\xe1\xd6\xab\xbd\xe8|\xe9a\xbaL\xe9M#\
\x85tU\x9d<[\xc1\xed\xe6\xb3\xc4W+\xd5\x15\x11\
\x8d>\x09&)\xb1\xbd\xfasY,\x97q3k\xda\
1sX!\x1d\x08\xa4H\xf4X\xc7F\x88\x1dY\x03\
<F\xa0\x8a\xc1\x16\xb9\xb7\xad];Y\x16\xbb]\x1a\
\xb9\x8e\x8e\xae\xc6\xc6\xe5\xda\xde\xbf\xc5\x8d\xf2~\xbcN\
\x19\xbcLsYVm\x97\xcav\xf3x=\xbd\xc5\x9a\
\xb7\xe0UD\x12M\x15S\xa2\xb3\x1e\x94\xf5}\x8f\xd6\
\xeb\x86\xf6{ok\x7f\x0d\xdd\x0c\x87d\x11g\xccV\
4\x19\x03])\x16\xf4d[\x16\xc0\xc8\xaf{_Z\
\xc1\x14u\xebc\x1fq\x8e\xcc\xb2\x9b\xa7\x84o\x86\xf8\
\x17\x09\xdc\x8b\xe7_\x0d\xd8%3\xb5g\x8a\x9av\xe0\
0\xc9\xe0\xf6\xf3Y\xaa\xae\xba\xc8\xefrb=]\xfa\
\xa3\xb1\xb5\xed\xe5\x89\x8e\xe69\x8d\x92:\xb8:U\xe9\
\xc1\x16@\xc8\xb2*\xd1\x165\xa3\xf1\x16:\xba1\xdf\
\xde\xe7^\x94cdq3\xc8\xdf\x03\x1aS~9\xf8\
\x98n,\xeb\x1a\x93\xa2\xef\xeb\xc0\xe2\xde\x0fkun\
i\xaa+Uz\xd8\x85'\xaf\xbf\xfb1\x15>1o\
\x17\x8f\xb6\xd1\x86\xf6\xdeTv3\xbd\x8cw\xbaw \
\x8b`\x83\xa5\x93\xd2\xb3s'\xa1\xd8Z_\x105\xa8\
\xe8\xc6d\xf86\x85s|\x8d\xea\xbe\x05_\x8e\xe93\
\xc0\xc9$\x93N\xfcJ\xe8\xf6w\xfc\xa9\xf3b\xaa\xa2\
\xb5W\xb1\xd6\x8c\x91\x18\xe4\xf1{[\xbf\xb7\x15Ef\
;\x99\xe2/c#\xf7\xe2~\xcc\x09$\x93\xe4w\xba\
\xbb\xbaQ\xc0\xe8\xf4:D\x92\x89D\x93IT\x92N\
\x93\xf3c>)\xf1X\xa7[]X\xde\x9b\xa7\xce\x84\
\xd5\x8d\x88t\xf9\xe0V\xb3\xe4\xd8\xe6\xf0\x16k-(\
\xb6y\x0e\xd7\xb1\x02s\xa4\xa8\xa8\xad\x9bWSo<\
\xb0{y,\xd4\x92**\xc9\x22p~\xcc\x85\xba-\
\xd4y#\xc8\x99&\xb01\xb4yb<\x91\xe4\x89D\
\xa3\xcd\x1eH\xf3G\x99\xfb\x11\xe4\x87\x99\xe4y\x1eH\
\x92Q'\x91$\x8e\xb0E\xae\xc6N\x83W;\x9fC\
,\xa2\x9dk\xf2I:\xd2w\xa3\x1b\xe1\xd6\xa2\xd1z\
\x8bE\xeaa\xbb\xa7<\x97ow-\xb7\x86\xee;\x98\
\xda\x9d>h\xab\x22\xbd\x09\x08\xda\xdc\xfdm9\x16\xa7\
\xc1,\xf2gS\xae\x94\xe8\xba@\xee\x8d\x08\xb9\xda\xee\
veL\xf2\xa3\xab\xab\xd0\x92I&\x93^\xd4oJ\
8\x87O\x99#\x8cg\xc6\x9e9\xbcLsY\x0e\x9d\
\xect\x9eL\x9b\xc5\xec\xfb)\x8a\xc5\xd2\xc9\x15\x8a\x89\
\xdc\x84|l\xeex\x1f\x02d\xd5\xd6l\x9aM\xbd\x87\
\x92\x1eh\xf3<\xd9\xe4\xcf,\xc9c\xc9\x93\x91\xe5\x91\
\xe6~\xc4t\xd3\x9a7\xd5\xda\xe8\xd5\xecC\xba\x07V\
3'\x03\xa6V:N\x84\x8a\xd9\x1d\x1b\xd1zq\xaf\
\xdc\xedb\x194\x9e\x16\x07\xae\xba<7f\x9d\x89\xe9\
\xcb6\xfd\x8c\xf6\xcd\xbd\xdc7\x114TB&\x88]\
\xc5Ej$\xc5\x98\x9b;\x9e$\xd2I\xbaG\x91\xe4\
y\x1eH\xf3<\xcf3\xf61\xe4\xf4>Z\xa4Y\xe4\
\xd1\xe6y-'{\xa3\xbf\xb1\xde\xae\xce\xf6e\x95\x8e\
\xc7WH\xab\xd1\xf8oR-\x8aG\x076t\xbb\xe7\
\x91t1\xdcx\x89\xcf/M\xe2\xf6\xbd\xc4L\xd7\xe0\
TB\xa7C\x1a**\xa4\x22D#os\xc4N\xb2\
I$\xd2i\xdbG\xa5\x91j\x1a;R,\x96u%\
\x92J\xab\x1e\x8b\xb1\xe8\xb1\xd1\xd3&1\x8bG\xe6\xf5\
k\x1b\xe4\x92.\xa4h\xfc\xf2Y\x13\x83\x1c\xfc\xa8\xf4\
\xa6\x9f7\xbe+k\x7f=\xa3k\x7f\x0d\xda*.\xc2\
\xe8*GJ#\xae\x82}\x0c3\x872I$\x93d\
\xe9t\x1d\x8e\xf7Ws\x13\x83\xc9\x1d\xee\xf8$gA\
\xd5\xdb\xdcuul\xcb\x22L\x95]\xce\x9d\xc6\xb4\xde\
Q\xc9\xba\xce\x9cq\xff\x00:\x18\xe6-o\x91\x8b\x89\
\xf8\xb3\xaa{>\xe9\x8bM\x08B:\x1d\xc5\xa0\x8e\xf4\
\xf91\xc8Bbv\xcf\x04\xfbY3c z\x13\xd2\
\x8cDh\xc6\x83\xa3\x18\xc6>\xd4c\xa3\x19\xf2\xc6!\
\xf6\xb2\x0e\xe4\xd5\xe5W\xc8\xe7\x99\xc5q\xce\x04\xd3\xd7\
\x93\xe6\xde\xa7Z|hN\xb6\xce\xfe{\x0fg\xd9\xc3\
u'D!\x08\x8d\x08;\x9f\x22bb\xa2d\xe8\xbb\
#V4\xfa\x0d\x22\x0e\xd6I(n\xa8g{\xe6\xac\
ln\x8f\xb3\x18\xfb:\xba\xbb\x10\xec\x9a\xf4\x18\xf94\
\xeb\xfcq\x7f\x17\xaaI\x22\x13\x87\x8ei\xd7\xa6\xaa\xe3\
>j\x9b\xc5\xfa\xfe\xeagz\xaaH\xba\x8b\xbc\xd1V\
m\xc5\x89\xf4N\x92O\x06\xedU\xe9t\xe8\xc1\x96\xac\
\xdc\xdd'\xa3\x1b\x18\xfb\xd1\xd5\xd5\x8bA\xbe\x05n\x9f\
\xb1\x13\xc27\xa1:\xfd4#\x87v#\x1d\xc1A\x1c\
#\xb6m\xebY\xd6\xd8\xf6\xf76M\xad\xec7p\x15\
\x10\xa8\x89\xb1Q:\xa1d\x22I\xac\xd95\x9b\xe4\xeb\
I\xac\x93\xa0\xee\x8a;;\x91W\xa16M2v:\
7c\xd4d\x8e\xb3l\x88\x9d9\xc8\xfd\x8c[\xa8Y\
\xa7\xaf#\xbeo\xeb\xc6\xf4\xd1VM\x98f\xf11\xc9\
d\xae\x9e\x19\x8a\xd5\xa9\xd4\xdb\xdc\xcfk/W\xdd\xc3\
|]\xccX\x9d\x15\xea\xc81u\x8dWtU\xd1\xdb\
<$\xd9\x22\xb1\xe4:7Gc\xb1\xd1\xe8\xb6Md\
z3\xad-\x0bs$-\xd4,\x93\xd0\xecI\xdc\x8e\
f\xc8\xa3\xeb\xa1\xd5<7&\xc8\xd5\x9e\x16t\xfd_\
\xb0\x81?$*&+\x95\xc9\xd2I\xac\x92M\x15\x8f\
E\xe8|X\xeej\xae\xd7Y\xab\xa3&\x93H>\x1b\
\xb9\x8e\xd7kd\xdb\xf3\x1aRO\x019!n\xb1n\
b\xc4\xd5\x19#\xe0cC\xa6\x97N\x09\x11wJ\xf5\
\xb3\x0d\xc8\xd2\x9b\xa3\x81\xe8F\xbf\xaf\xed\xe7\xeb\x9b;\
\xfb{\xf8\xa7g\xc0\x85Ez\xcbFN\x9a\x12|Q\
\xdc\xaa\xf4gQ\xd8\xe8\xc9\xa3\xab\xa3\x1d$\x92F8\
&\xd9\xe1\xd1:\xfd\x85\x9eH\xfd\x82\xc9\x5c\xf5'\x81\
\x9e:I\xae9\xbcLr\xf2\xd2T\xf9 \x8e\x09\x13\
\xad\xb7\xb9\x9e\xce~\xa7\xbf\x86\xf8\xa8\xae]\xeb\xdcU\
\xc7(\x13>{\xdd\xda\xb1I\xb687N\xf5V\xbb\
\x99#$t\x99;\x0d\xd1\xd1\x92H\xed\xf2D\xc95\
l\x9b\x1dW\x22\x96-\xc3\xf6\x22U\x22\xc7|\xf2\x0f\
\x9aMV\x8c\xdc\x99\x86\xe4\xdd\x02\xb1\x9f\x10E\xdd\xf5\
\xfakz\x7fe\xe2,\x96Z\x0b\xb2\xbf\xb0\x98\x89\xaa\
\xa7{f\xc7G\xc4L\xdd\xd0c\x8a6H\xd9\xd0d\
\xd1\xba7I\xa4\xd1\x926H\xdd\x1d\x8e\xce\xda\x13I\
$\x94I4\x92i<7an\xb1nb\xce\xf6\xc7\
(\x82I\xe8I\xd6\xbf4\x82)\x16|\x18\xe6\xd0\xba\
\x91\xd2\x08\xab:\xd2z\xe9w\xd6\x9doW\xdc\xdc\xf5\
^\xc7\xb1\xb7\xecb*\xaa'\xa1$\x89\x936\xa3\xe4\
d\x8f\xad&\xb3W\xa3$\xd8\xc9\xab\xabut\x92j\
\xdd{RGWFH\xc9\xa4\x8cz\x0fNo|s\
J\x8b6-\xc4L\xf0\xec\x9e\x9a\xbf\x15\x9b\xbb\xd5]\
6:,\x9a0\xdcY[\xd6i\x17v;\x8c\x5c~\
\xde\xee{9\xfa\x7fa\xb7\xec\x0a\x9d,\xefUT\xed\
\x92Y$\x8b\x85c\xd1\x92I\xd0\x95Fu\x18\xecv\
\xb1\xd2GF=7k\xd0\x91\xeeb~\xd1\xee3\xcf\
#\xcb\x22_\x0e\xefY\xe4\x8f9\x13\xe1;\xd7\xaf\x03\
\xf1c\xd1\x8bf\xb8\xeeA3c\xee\xbaRF\x84M\
\x9eDM\x1d;R5T\x8a\xfe\xb7z\x7fj\xf11\
\xc9e\x8d$\xf9B\xef\xf3\xdc\xf8\xd2\x92i:-\xd7\
\xe4\x92m\x9b\xe6\x8e\xd9\xabtcd\xd3\xb0\xfb\x13l\
\x8d\x8d\xda\xc7Wcg[\xa4l\xebY<\x87\xb8\x87\
\xb8<\xb2\xe3\x9e\x97\x93G\x997\xf5\xd2Z\xae\xd7W\
T|\xd2nT\xeaM\x1d\x8b&\x8cw$G\xc7\xcd\
\x194\x9aI4UN\x8e\x92\xee\x9b\xd6\xb7\xa9\xefn\
\xfa\xaf\xd7\xf6\xf6}\x9c,\x82i6\xcd\xb2M\x93l\
\xdb\xd5U\x93I&\xad\xc16H\x87\xde\xbf\x16\xb1\xd1\
\xba\xcd\x1d\x1d\x1d\xee\x99\x1d\xc8\x1d\x8e\xae\xbd\xacy@\
\xf7\x0f'\xc8\x9e\xa3D\xb4y\x9eJ\xbdt\xa7\x8d\x9d\
~\xa4\x98\xeeA\xe42t\xe4\xf8\x92N\xe4Ri\x14\
\x9d\x1e\xa7ZM'Gos=\xbc\xbd/\xb4\xc3t\
\xefT\xec\xebgk\xa6\xc9\xbak4\x95GGI$\
\x9b\xa6\xad\x8e\xb2Mr\x1b&\x8e\x92.\xec\xf9\x18\xea\
\xea\xe94\x9a\xbd\x17I\x81\xee\x0f&\xf9$\x19kM\
:\xa3\xcd\x9ed\xf1\x1f6E\x93DMf\xef\x8bU\
b\x8b(\x16S\xab$\xba*M\xb1\xa8\xc8\xac\xe8\xfa\
\x7fg\xb9\xeb\x9b{\xbb{\xd8\xd3\xe5\xbb\xbeG\xc1:\
I'{\xa4\x91\xbb$\x9a\xfc\x1d+#\xac\xd3!\xb1\
\x0e\x93\xa0\xe8\xec\xec\x98\xef\x91\xe6yk\xbe!\x8fM\
\xe8A-\x0bp\xf3\x5c\x1fZ\xf5\xd0z\x0f_\xa1\xd4\
\xc73\xbe\xb4\x92\xab\xd6\xbd\xcf\x8d\x09\x15\xaa\xee\x95\x93\
c\xd8\xde\xf5\xb3\xf4\xfe\xc3k\xd9\xa7J*\xf4\xa2\xac\
\x92I$\xd2b\x8d\xd9$\x927_\x92n\x9b%\x0e\
\x93I>j\xe8\xeec\xa3\xa3\xec3\xe2\x8a\x8e\xad\xd5\
\xbe\x83\xb1\xb1\xe6\x87\x9b:\xe8\xf5\xe3\xfe\x22u\x1e\xaa\
\xc9\x8b2k\x1a\x11F-\x07r\xef|Rn\x9bz\
Ud\xd1\x8esz\xb2,\x92GEw\xc5\xb3t\xdd\
'[=?\xb5\xcb\x03\x0c\xf1\xcd[0w;)\xaa\
\xebN\xf4g\xc7W\xc2t\xb6GGl\xd1\xbb\x1b\xa7\
q\x9d\xe9\x91\xf0M\xbf:\x12<\xd2\x1e\xe3\xac\xea\xba\
G\x16\xfa\x1f\x1aO\x80Y4y\xa2u\xdd\x8c\xebj\
\xd3\x8a\xbaI\x1a+(\x16I\xd2.\x81\xe8\x22I\xb6\
8N\xb5\xf5}\xcd\xefQ\xfa\xbe\xf6\xcf\xb4\x85I:\
W\xa5\xbd(\xe9\xd8\x9aI6\xc97\xf5\xbanv\xba\
\xfc7cw8&\xd7GN\xa4\x99f\x90\xf7G\x93\
|*\xe2\x9a\xb9h>\x03\xaa<\x8f)\xbf\xad\x16\xaf\
A_\x16I6\xc95\xf9&\xdcwD\xe7Eht\
\x13\x91\xb8\xb9\x13\xc0\xf5\x8ac\x96X?O\xee$]\
k\x22\xb6j\xd9$\x92I6\xc95\x9b\xa4\x9a\xc8\xdd\
\x922F\xc9\xac\x8f\xa14n\xcf*\xbbZ\xab\xa3\x1d\
2\xcb\x14e\xbe<\xb2u\x9e\x06x\xc6|\xbe=\xb1\
\x8b#\xcc\x9d'\x7f\xcd:]\xd2\x8a\xde\x94\xe9N\x87\
JN\x8fc\x1d\xc2g\x80G\xcdW\x0d\xd2\xbe\x9f\xbf\
\xbd\xea\xbd\x8fkg\xda\xc2\xac\x9b\x19\xe4\x8e\xf6M\xd3\
\xa5:=.w\xca\x18\xe94tuvd\xd23\xdf\
\xc0{\xb9\xb3\xbf2\x81\xea>\x16*\x9c\x0b3\xbe\xa3\
\xaa\xa2\xb5\xd3\xae\x94h\xbb\x93h\xc7u\x13\xa0\xb4f\
\x9f,\xedX;\x91N\xb65\xa9&\xde\xe6\xe6\xd6^\
\x97\xda\xe1\xbaI\xde\xb2'\xa1#\xafZ\xcfWd\xd6\
k$\x9d\x09&\xacd\xd1\x8c\x9a7\xd2\x92L\xd9#\
:Y5\xcb,q2\xf6pF~\xc6\xe6C\x96E\
f\x92N\x97[\xa2\xff\x00\x8e5qn\xde\xc2\xcc\x99\
\xd0v|\x8f\x86\xf8\xb2\x0e\xa3\xb9d\xd1\x8esO\x9d\
t*t;\x1d\xec\xf8\xe0\xbdO\xb3\xdc\xf5\x8d\x9d\xfd\
\xad\xfc)\xd3\x87b;h\xcd\xae\xe7\xa2\xe9\x96x\xe0\
?k\x13-\xfd\xcc\x87\xc5\xbe2/W>\x16I\xd0\
\xc7pNl\x9b\x22\x90!\xe9;~k\x16\xbaI6\
\xc5\xb8\xee4O\x95\x1d\x22\x93I\xaa\xa4[6&1\
+$\xef\xa8\xdd\x9b;\xdb\xbe\xbe~\x9f\xd9m\xfb\x1a\
\xb2K\xbah\x87\xde\xcf\x9aM\x19(v\xbc\xab#\xaf\
j\xbbr\xdc\xc5\x0f\xd83\xde\xdc\xca\xc9\x9a\xc9$\x93\
\xab:S\xc4\xc9:\xff\x00<\x0bD\x0fG\xb0\xb7\x09\
\xaa\xa2\x1db\xc7W\xa56\xf5\xe0{<w\x04\xe9\xf2\
\xe9\xf0\x89\xba.Tb\x1c\x8a\x8fM\xad\x0fO\xeds\
\xda0\xdd\xc3w\x1au\xb2t$\x97d\x9d\xc8\x1e\x8c\
\xd2f\xae\xbf4\xf8\x97c\xe8=\xccP\xf7\xd1\x96\xf6\
L\xf2\xc9\xd1\xb1\x9d9\xc2D\x0c\xefl\xd6,\x9e\x16\
t\xfaQdt>b\x8e\xb3Vu\x22\xc5o\xc8\xc8\
\xd0\x9b\x15\x91I\xb96\x9a\xceh\xdd<\x89\xb2mw\
L\x9d\x8f*\xb3\xb1#\xee\x9f^\xf4\xea|S\xa8\xce\
\xd5\xefg\xaf\xec\xee\xfa\xb9z\xbe\xfe\xd7\xb4\xb4&\xe9\
&\x8d\x9d\x89$\x9b\x1b$d\xbav\x1b\xa4\x937\xc8\
\xf2G\xed\xc5\x0fxy\xe6\xce\xf7|S+^\xb4\xf2\
\x06u\x11$\x8e\xe4E\xcf\x85Z?\x13^\xcd\x93\x06\
9\xcd'JI\xd1vu\x15X\xaa\xec\xf9\xd2Y\x89\
\xd9'Q;\xe2\x8e\x9dn\x92D\xce\x94GJw\xaa\
\xd2\xecz\x9fl\xf11\xcb\x1c\xd4\x93c\xd0\x91\xe8M\
\xad\x92M\x1b\xa4\x92\x8f4y\x8f6<\x98\xf4\xbaQ\
\x8f\xb7{\x1b\xe5\xee\x9d\xb4V\x8b\xe0\xe7M\x5c\xb2\x81\
g5ZS\xa3:1Gz\xa2\xbaZ\x16w\xa1\xb2\
D\xe6\x8a\xd8\xd1o\x83\xf5\xbd\xbd\xdfU\xfa\xbe\xee\xcf\
\xb4\xbb\xd2F\xec\x9e\xa4\x92|Y7\xcdd\x92I\xa3\
\x1b:Q\xba\xc8\xc6\xea\xe8\xedV\xbeb\xd9\xdf\x92\xc6\
\x94\x93\xa0\xb2h\xf2B#\x80\xeb\xa1\xd2\xb2MU\x9f\
:\x1d(\xb2\x81e7\xf6\xa4\xe8|qS\xe2\xfdO\
\xb6x\x98\xee\xe1\xb8\xae}\xadt\x98\xac\xd2N\xfao\
\xbf\xc5\x8d\x8e\x8d\xd1\xba7V\xeez\x0b\x93I\xdc\x88\
\xa3Q\x7fm\x07I\xe0\xbbRcU\xf7\xbdd\xd0\xb2\
\x93\xad\x9d\xab\x14\xed\xa4\xea\xec\xeaF\xb4]\x8ew\xfc\
\x13\xc96w\xf7\xbd|\xbd_\xb2\xda\xde:S\xca\x8e\
\xbf\x13d\xea\xc8\xeb\xf0>\xd4c\xa3v:\xbe\xf4v\
N\x8fn:f\xe7^\xc4\xd2tQ\x1cL\x10=)\
\xaf}%\x9c\x18\xe6\x9d\xd3\xab\xda\xe5Fv\x22\x92\x22\
k\xf1\xa4\xb2hYN\x84\x93N\xe2\xbe,\xeb\xad4\
\xf9;W\xa1\xeb\xfd\x86\xfe\xc9\xb1\xed\xed{\x14\xe8u\
\xd1d\xd3\xa9\xdc\x9d7c\xb6j\xect\x99\xb3\xbf,\
\x9aORy3\xe2\xd6Pc\x9a\xe2\xa0\xeb\xc2,\xe0\
\x94\xf4\x16\x9b\xd7Z]\x8d\x8f\xb2\xdd\xdb6\xbd\x8d\x9d\
\xf4:!\xd2I\x9dWgB\x0e\xd5\xca\xae\xf7\xd6\x8c\
\x83\xe7\x94\xb7_\x92GI\xd5W\xfc\xf0oQQ\xeb\
\xac\x9a<\x96\x8c^\xadv\xf5\x22\xd7_\x9bf\xc8&\
\x05\x9e\x97Qv\x11\xd8Nt \x8bzS\xe7\xe7\xa5\
cG\xfd\xafg\xec\xb7p6\xbd\xbd\x8d\xeb&\x09\xa4\
\x11N\xc4\xe9\xbb\xe2(\xc9\xd1u\xedH\x91\xf2d\xcf\
\x82]g\x94=8;\x90v\x1f\x02\xb2hY\xa7X\
\xe5k(\x16Zi\x93\x22\xd1|F\xd7\xbf\xecl\x9b\
_g\xb3\x99\x8eXeD\x8e\xa7^\x01\xd8\xea\xcf\x81\
\xd1\xd5Q\x8dU\xd69+\x11:\x91\xa9<,\xf5z\
\x7f\x07^\x11d\xd0\xb2\x9b \xebd\xdc\x87\xaf\x17E\
\x1d\xdd\x8cs\xd2\x8a|'$\xf5'I\xe9\xc5\xbf\x13\
b\xcf<^\xdf\xd8\xef\xe0a\xf6{,\xc3\x7fkr\
\xc7{\xb3\xb1#d\xd5\xd7\xe1\xd1\xd1\x8e\xc6\xa8\xeb<\
\xfak\xf3\xc1\xba=8\xe2\x13h\xc7$\xed\xef\xc4M\
\x9f6M\xe9\xc0\xb2OMw$\xe9\xc4\xce\x96\x1e\xd7\
\xb1\xb6c\xf6{\xa8\xc7\xec\xb6Y\x8f\xb5\xb1\x90\xb3N\
\x8e\xe6\xe8\xeec\xa3\xab\xa3\xb9\x8e\xbf\x1a\x1f<*\x22\
\xc7\xcc\x1d\x1d\xd3zD\xc13\xc3\xe3\xb8N\x9b\xb5\x0e\
\xb0\xce\xbaQD\x88\xa4Z\xab\xd4Y\x93\xab6\xb7\xc1\
=O\x9av1\xf6}\x8cL~\xc3\xd8B\xfb=\xc1\
}\xa6\x02\xfb\x0f]\x8b\xdc\xf5\xd9\xff\x00#e\x8b,\
Y$\x9f4T\xefV\xea\xe8\xedw\xc6\xackA\xf1\
\xc3t\xe4\x1d5\x1d;\xf1I\xf8\x8b9\xa4\xd2lw\
1h\xb1p\x89\xc0\xb2\x9dY'\x82v+\x96\xa4Z\
\xb3\xcd\x0b\xd8\xdfB\xf77\xcf\xf9\xfb\xa2\xf7\xc5\xef\xe0\
\x7f\xcd\xd9b\xf66O\xd9\xb6I\xf3Gk\xbb\xa5\x9f\
0>%\xd3\xa5\xb1thE&\xb3k>xX\x8d\
8\xd3\xf9\xe11\xc8Dj\xf7\xd2\xed\xa5:k2g\
]w\xd1w\xbb\x16\x93\xe1Vy\x9f\xb7p[\xfb\x87\
\xfc\x8c\x8f\xf9\x08[\xd8\x1f\xb3\x16tu\x8aE\xb1X\
\xe0\xbe\x0e\xba\x7f<\xbb\xe7\x96,\xa0\x99\x16\x9fz\xf5\
&\xe5\xc3\xa7\x02\xcaxy\xaf\xcb\xd0Z+\x8d\xecv\
\x16y\x1el\xf3?b<\x93\xb5r8\xe0\xa7\x89\x9a\
v\xd5\x83\xb0\xdf\x1e\x9c\x0b9\x16\x97\xcc\xd2l\xeb\xa9\
\x16-E\x93&u:Vi4\x9aG;\x92I\x13\
\xe4\x91\xa77O\x10\xd0\x87\xa1\xd4uD\xf2<r\xaf\
\xcd>i\xda\x8c\xe9r\xa4\xdf\xd6\xe4|\xe9\xa7\xe2,\
\xa7\x83\x92N\xb4\xf8\xe3\xfah|]\xd2\xd7\xa54\xeb\
\xcaf\xb3\xc6\xcfY\xe9^\x97\xcdS\xe4k-\x1e\xe2\
\xd3\x82(\xecc\x15\xd3\xa6\xb3\x13\x9eA4\xed\xc0.\
T\xf5~xG\xc7N\xab\xab\x5c\x97\x1c\xa0\x9bf\xd8\
\xb5\x8a\xd7EY\x18\xb4cE8\x16S\xa9\x17|r\
\x85\xa7\xd7\x89\xea24>t&\xb3Y\xe4O]\xf2\
\x8cr\x82x):\x8a\xae\xe7k\xd5Y\xf1\xef\x85\xeb\
\xc3|hu\xd0\xeb\xc2u\xe5\x1f$\xe8\xcf.\x83\x1c\
\xa0OFoUuu\x92m\xf9\xd7\xc5\xc0\x9azq\
\xcb#\x87\xebl~\x05\x1dO\x9b\x9f2O\xc4\xc5\xc9\
\xd7\x82\xf9v\xab\xfeX\xb5f\x0cr\x95\xc5>I<\
\x0f^/\xe7\x94+zst\xe0\xc7)\xbe\x08\xd2C\
\x15\xff\x00\x1aSUwc\x1c\xe7M\xeb\xbd9\xd0\x5c\
\x17\xcd\xb1X\xfc-\xb5\xcf\xb1\xce\x04\xd5\x9d\x09\xe0\xe2\
\xd5\xc1c\x9cjO\x13\xf1\xc0\xbeU\xf3\xcb%\x91#\
\xec\xbf\x00\x98\x16g{\x13\xd4\xf8\xbd\xdf\x1aQjp\
'\xc2\xc6\xb7\xc71\x8en\xfb'\x1a\xf1\xcdS\x83\xf6\
\x13H\x1d>+'J\xc5\xea\x91\xa1\x14\x8d\x15n9\
\xd5\xf2\xf8\xfca\xa9\x1fDM\xdf\x17\xa7\x04\x1d\xb9\xaa\
\xc9\xa1d\x9d\x1e\xb3\x22\x88\x9d\x19$Z(b\xb18\
\x13\x9b$\x9eE\xda\xf9\xd1\x9eO\xf1\xca\x13\xd2\xf8\xb2\
H\x17:Y@\xb2N\xdf\x9a2.\x9d^\x9a\x9d,\
bm\x09\xcf$\x9b'\x83\x5ctY\xd3\x94I$\x93\
:j\xb2H\xdc\x9dy\xd69\x92M\xb0.\x0au\x16\
\x82\xcf\x8a\x8e-\x0f\x91u\xaf\xcf%d\x8f]\xd1\xa3\
\xe4}\xf9\x82\xd3M\xa3\x1c\xab\x07[&\x9f\x1f:\xd3\
E\xa4\xadTY2u\x9d\x93\xaa\xf9\xb7~P\xeb\xf2\
\xdc_\xf1^\xd6:&O\xe0\x18\xe5:3\xac\xa8\xf4\
\x16\x9c\x89\x89\xa7\xaf\xf3\xca\xe7\x83\x5c\x14q\xd3\xd7\xbf\
\x00\xce\x94\x7f\x80\xe3\x90\x994Z\x92|\xbe\x03\xe2\x90\
E\xb1U\x97\x0e\xff\x00!\x92h\xdfV\xf5\x1b\xd1\x9f\
\xc0\xb1\xcb\x86\xebk\xd0Zk(\xb6y\xc2\xd0|\xc5\
\x9dx\x07d\xd3\xa7\xe0\xd8\xe7\xc1\xf5\x22\xe9\xe1\x13\xa3\
t\x9f\xc5\xe6\x8b\x83\x82+\xf3'\xc7\x00\xe8\xe9\xf1\xf8\
>\x19Q\x8a\x93\xc3\xae\x0e\x7f\x08G\x8b!\x9e'\x89\
\x04\x22\x15zV\x08\x22\xb0A\x1c\x12cpOI$\
s\xc0|\x0f\xf0\xdc2\xd3\xf9Zqdp\x89\xf2%\
\xc5;:\xd6\x08#\x91\xc7ZyRI\xa2\xe81\xf5\
\xbb\xb6\x8fJ.c\xf3\xc6\xe3\x94\xd25\xe7\x8e\x9d\x07\
\xc3M\x8f\x8c\x83\xc4K\x941p\xd2M#\xf0\xf4\xe1\
\xa7<\xbd2i$\xf1\x1dn\xf8\xd0\xf9\xd7X\x91\xc7\
u\xb7\xb5\x10\xfb|\xcc?#\xc8\x9f\xca\xb1q\xf8\x1a\
\xaf\xc7\x0d\xd3F\x08\x12\xe4(\x9a9\xa3;)\xe0;\
kO\xe2xe\xc9c\x9a|_\x07\x89\x16.J\x9e\
\x8a\x8au\xe1{~(\x9c\x18\xe5<\x85\xf0\xb3\xc9\x15\
 \x82?\x02\xe9\xa4\x87\xf8\xae.\x1a\xfc\x1b\xe3\xa9<\
\x07Nm\xd7\x86u\xe9\xf8g\xce\xa6\x19~\x11\x1a\xca\
\xd5\xf8\x13\xba+\xdf\xf1\xbc2\x95\xc5O:\x5c\xd5\xf0\
\xb2|\x1f\x14\x7f\x8d\xa7\x02\xeb\xfe\x04\xff\xda\x00\x08\x01\
\x02\x00\x01\x05\x02\xe7\x8a\xecy\x17e\xf5\xdb\xbf\xaf$\
\xba.\xf4b\xe2\xd1\x9b\xbd\x1b\x8f\x8fF\x7f\xe0\xd4;\
{\x09\xf2\x1c\x84\xfc\x0d\xac\xe5U\xf1\x8f\xa0\xdd\xf9\x19\
q\xec\x7f\x8a\xee{;;'\xfeK\xd56\xf7\xb6\xf7\
W\xe3\xfe\x96\xf7\xe9\x7f\x03\xe3$\xcd\x8a\xfd\xc6>?\
.z\xb8\x8fo\xd9\xcde\xb5\xe8\xed`~\xafY\xad\
\xdfK\xc0\xf5=\xaf\xf9\x18\xe8{\xde\xee[Y/\xaf\
\xf6\xf7\x87\xf5\xde\xde\xd1\xeb{~\xd7\xed\xe6\x0b\x91>\
\xfe\x9f\xb1\xfbS\xe3\xa7Ct\x5c{|\xf5p\xf9\xe5\
\xe1\x8f\xa3\x8fD\xa9\xfe\xd3\x7f\xff\x00\xa6\xf74=x\
\x7fiO\x05\xfb?\x12\xc8\xc3(67\xbc\xd4x\xbe\
/sG>\xa2\xe3\x9f\xe2~g\x91\xee\x7f\xf6\xde\xb7\
\xff\x00mG\xdb\xec\x7f\xf4S\x84<\x96#p\xb1r\
L\x0d\xc5=\xdfKs-\xcf\xf9\x7fe\xb6\x7f\xe4\xfd\
\xacOW\xec0\xf6\x1c\xc1\xe4'&Yx\xd1\xe7\x0f\
\xccMd\x9ei?\xd8<\x92C\xca\x1d<\xbf\xd4,\
\xa5\xe5&\xd4\xc57\x1eb\xed\xa5$\xf2\xf9\x9aln\
<3\x9f,x\xa6>Q\x97\xe2\xb9\xaf<=\x1d\xcf\
\xfeZ }Og\xff\x00\x9d\xec\xb3\x13.\xab>\xdf\
\xecl\xca\x92\xa6\x9fa\xb7\x8e\xc7\xb0\xff\x00\xdd\xe5O\
\xf7e\x80\xdcn~\xc4)\xc7\x1d\xb5\x18\x9b\x9f\xec\xf3\
\x1b\x9c\xe9\xb8\xba<\xbf\xd3\x82\x8cM\xba\xee\xff\x00\xb3\
\x95\xc96\xbdDz\x9b\xde#\xe8w\xe2r\xd0F|\
~L\x7f\x8b{_\xfc\x8d\xdd\xafkkx\xe8o{\
\x98m\x9e\x9f\xae\xf6\xc7\xdd\xa6g\xd3\x1c\xfb\x1f\xed\xcb\
*=\xff\x00o\xd3\xde\xdb\xf7\xfd]\xc5\x9f\xbb\xea\xe0\
\xb1y\xfd\x8f\xb6\xff\x00\xdd\xe6\x87\x97E\x82\x86\xbc2\
\xff\x00\xfds\xc7\xc9b\xfc\xf1M\xed\x9f\xb1\x19\xcf\xeb\
3\xff\x00}Wzm\x99e\xe3M\xdf\xf6.\xdc\xbe\
(\xf4\xf1\xed\x8c\xa7\xb3\xb9\xfb\x07\xfe\x9e%\xbd\x04n\
q\xf9\xb1~*\xcc\xf2\xcf\xd9\xde\xff\x00\x83\xb3\xe3\xff\
\x00\x8f\xc0\xd9\xf5\xf6vE\xa2\xf1Y,\xfe\xb3\xd5\xcc\
\xc7\xea\xbdda\xb7\x86\xde?\x8bz\xdb\x9f\xa9\xf6\x5c\
*\xa6Z,\xcf\x8f\x7f\x8b\xed\xfa\xdb[YV\x7f#\
\x89=}\xcf\xda\xb8UL\xf4s\xe3\xe4O\xf1\xc4/\
\xc1g\x8cf\x19\xc1\x83\x95\x1c+\x1b'C6.\x15\
Z\xec\xcb\xf0\x14\xc8\x9e2D\xff\x00\x19z\x10z\xdb\
\x92'\xc2\xee\xf4'Fxek\xae_\x81D\x09\xf1\
\xfeTC\xfcw\xff\x00\x8b\x0c\xa7\x19']\x08\x99\xa6\
lTV\xa37\xc6\xa1\x99\xf5\x17\xe4^B\x1f\xe3\xab\
\xb7\xaf\x9c\xbe\x01\x08\xc5\x19\xe5\x04\xd5]\xb8\xf8\xec\xb9\
+\xfc\x06\x7f\x1f\xc3!\xdf:RdM\x98\xd9\xff\x00\
\xc2\xfa\xbd)\xe0\xa4\xcbIql_\x80H\xbf\x1e\xda\
\xcbBI\xd1\xc9\x93Eb\xae]\xbex\xcc\x89\xd2\x5c\
Z\x1f\xe0I\x92O\xe3k\xfd\x06\xce^KBO+\
\xf2b\xb9:\xeeq\x93M\xc7?\x95&'\xf8\xdb\xff\
\x00Q\xb7\x97\x86\x8chN\x96l\x5c\x5c\x1eD\xfeX\
\x98\x9d#\xf1\x9d\xbc\x8e\xfa~G\x91\xe4yiI\x98\
\xb8\xa9\x1eC\x7f\x97y\x09\x93\xf8\xce\x1d\x1e9\x7f\x89\
U<\xb9\xf2c\x5cK6\xf7#NI\xa3\xac\xde\xef\
\x92xY\xe6\xc8|\xeai\xe7\xcfR\x1b\xe2\xfc\x89$\
\x9e\x13+\xe4\x9e\x16y\xb2\x1f>\x93\xca\xb1\xf8\x9e\x04\
\xf0\xac|\x0c\x93\xa4\xff\x00\x03\x9e\x09\x8c\x9e:i'\
\x98\x99?\x8ab\xc9'\x80\x92I\xe3g\x82C\xfc\x0d\
\x8f\x8d\x92/\xf2<\xa8\xbf\x11\xf2<\xb5\xa7\x93.\x06\
\x08\xe4\xec|\xd6\x09\xd1\xf2<\xbf\x11\x8aI<\xc9p\
2O'c\xfc\x06I<\x8f#\xcb\x96A\x16\xc17\
\xc16.\x16\x08\xe5(B\xfc^y,US\xcc\xf2\
<\x85\x90\x9f'\x92m\x92/\x92,\x5c\x1c\xd3\xc8\xf2\
$\x9eA4\x9bP\xb9<\xf1\xab\x83c|\xbeI<\
\x8f#\xc8\xf3<\xb93vM\x22\x91\xa1$\xeb\xce\xb4\
\x93l\x92I:\xcf\x9e\xc9:(|4\x99\x98\xf3Y\
<\xcf3\xccY\x09\xf2i$\x92I\xbeI\xd2\x831\
Y7\xc9'\x91\xe4M$\x93\xc8\xf2\xac\x93\xf8l\x93\
\xa2\x87\xc2\xb1\xbe{\x04\x9f\xb5\x8bx\xf2<\x8e\x87\x8a\
 \x829\x03Bd\x11\xaf\x91\x92\xe4pE\x1e\x8a\x17\
\xe2\x93\xcf\xe6\xee\xa7\x93?`\xb3\x16g~=\xb1\x22\
I\xd7F\xe2\xb2x\xff\x00#\xc8\x9d$/\xc4\xe7\xf0\
\xc5\xb8~\xd6~\xc3\xca\xb1\xc9\xd5\xb9\xa3\x1a\xc95\x9d\
I'\x92\xb1\x7f\x85:RE\xb8-\xc3\xcf\x93\xabw\
U\x92M\x93\xccX\xbf\xc3~G\x994\x9eM\x11\x8f\
l\xb4$\x92I\xfc\xbd\x88b\xfcfO>O\x93\xeb\
\xbf\x84-)'\x85\x9f\xc6\x98\x84=\x18#\xf1%\x98\
\xb3&i<r\xb7uC\xf8\xe3\xa4\x9f\xc5\xe0\x8dU\
\xb8y\xfe%\x14\xc71d%\xc7+}\x95\x15\x9e.\
i$\xfe/$\xeb\xf6?`\xb7\x05\x97\xe2X\xe7\x07\
\x94\x91\xc8^?\xe9\xc9x\xe5t\x92I<:\x17\xe4\
\xd1O3\xf6\x1e\x7f\x87\xa1\x8b!g\xc8_S\xda\xc2\
4\xe4\x9e\x15\x0b\xf2\xb5\xd0Y\xc1\xe6O\xe1\xf8dw\
#\x83N\xd5UTf\x8c\xd4?.\x9f\x8d.c\x04\
\x9eb\xcc_\x86\xf61\xcc\xc39\x1f\x0e\xaa\xac\x83\xdb\
\xc2\x05Y\xfcasI<\x85\xb8,\xa9\x1f\x85\xa6,\
\xf8\xa4+7W\xfas^9Q\x0c\x92u\xe6\x92O\
\x0e\xb9\xa4\x93\xc0\xb1\xf11N\xc7\x90\xb7\x05\x9f\xe1\xbb\
{\x93\xc4\xa1\x8a\xaf\xa9\xee\xed\xc5U$\x9dy'\x8a\
\x9a\xcf0\x92x\x16>%\x88\x82*\xb3\x16\xe1\xe5X\
\xfc\x1f\xb1\x8e\xe4q\xa8\xcf\x092\xff\x00K}i7\
\xa6yk\xaf\xc1\xa4\x8d4;P\xdf\x16\x86I5\xf1\
\xa2\xc8Y\x9eD\xfe\x0e\xc4m\xeeO\x1b'\xbb\xb5\xe2\
\xf1<\xb4#\x80B\xfc\x16\x09\xd3C\xbb'\xc8d\x9a\
\xa1f~\xc9\x17R?\x04\x92i\xb5\xb9\x1a\xe8zI\
\x93M\xdc<\xf1\xcd~\x9c\xe9$\xfe\x22\xc7\xa3\x14\x92\
y\x8c\x11d\x1d\x8f\xd9\x02\xdc<\xbf\x03\x82+\xb7\xb9\
:\xc8z\x88\xc5\x9e\xfe\xcc\xd6I\xfcE\x8fFI$\
\x9ev\xb7\x05\xb8I\xe3\xcfr\xb93o:O\x0f\x8f\
BDg\x84\x9b\xab\xfe;\xedY\xe4\x13\xc8\x98\xadb\
\xe0\xe0\x82\x081\x1dP\xeb$\x09@\xdf/Y\x8bt\
\x92y\xdb\xba\x04\xcc2\x91\xae\x1d\x88\xecI\xf6\x1b\x1f\
\xb0\x99\xac\xfe\x04\xc5s\xe0d\x92I$\x91\x19U\x8a\
\xb0H\xd9\x1c\xc51n\xc1\xe6'\xce\x1e\x8e9x\x18\
?>%\x08\x8f,=\xcd\xa7\x86k#\xb94\x93\xc8\
\xf2<\x89&\xb3z'\x8e\x9b\xa4\x9a\xa1\xdb$\xeb\xa3\
-V.\x97\xb7\xcd\xe0L\xfd\x82\xcc\x5c\xd5\x8bE\x9b\
y\xf8q*\x8b\xfd/\xdb\xd8Y\xa7\x8cRI\xba,\
W*O\x1d:(z\xb2M\xe8\xcb[/\xc0\xbc\xe0\
[\x82\xca\x91\xcfv\xf3;\xf13O\xb1\xf5^b\xcb\
\xcb\x87Z\xd0F\x92\xe0\x22\xb9\x18\xf29\xe7qO(\
\x16\xe8\xb3\xe7\xb3\x06\xd6\x5cR\x1cna\xedl~\x8c\
\xf5\x93\xd0Z\xd2N\x92\xd4\x9a\xc1?\x93\xe3\x99\x8e\xe9\
\xe5$O:\xc7(1\xcbY\x0bO\x1f\xf4\x1b\xdb\x7f\
\xb0\xcf\x07\xeb\x98\xff\x00\xa7\x8d\x82\x08#]_7\xc9\
:\xb0M'\xf1\x7f\x13\xb1\x8e\xe1\x8e\xef)\x92u\xd3\
\x91\x9by\x0bU\x0bO\xfd\xc7c\xdc\xf5\x96\xe2}\xf8\
\xcf#\xc8\x92x\x09\xd5\x92ud\x82H\xfco\x1c\xa0\
\xc7z\x05\xe2\x86\xdf%|\x1e\xde\xe4\x11\xc2\xabWU\
\xed\xfa\xdeo\xb6\xb4\x92I\xe5Y$\x92u`\x8e\x1e\
I\xb2G\xc5A\x1f\x85\xc1\x0cYe\x89\x86\xfa\xe7;\
y\xc8\xf8Ej\x1c3\xd9\xf5\xbc\x0e\xda\xb0E\x22\xab\
\x80\x9e\x22\x06\xb8\xf9'\xf0\xfcr\x83\x1d\xe8\xa4s\x5c\
_\x81\x83\xf3\xd5B\xd5jW\xb3\xeb<\x99\xdfFI\
\xe0\x17\x0f\x1c\x03|\xb9\x0f\x9d\xe1\xbca\x9f5}L\
3\xf0\xd5B\xd3B\x13\x1e2{\x1e\xb7\x80\xb4\xa3]\
Up\xd1\xa1\x03\x5c\xd1\x0f\x98\xc1\x1a{~\xc3\xc4\xc7\
,w\x08#\x89\x92x\x9d\xbc\xe0\xef\xc4\xaa<d\xde\
\xf5|\x9bYb.\xa4\xdf7\xc6\xa4\x93\xc6\xbet\xb9\
d\x93\xa7+!y#kzI\xe2Z\xe2\xbb\x1by\
p\xea\xa8\x86A\x9e\xce9\xad\xefY\xe2\xfc(\xec\xf1\
#B4\xe0\x8e\x05?\xc1\x97:f\x19\xc1\x8e\xf4\x8a\
2#\x82\x92x4=<s\xf3;pKO=\x82\
<E\x88\xf6\xd5\xb0x\x9e\x07\x81\xe2@\x91\x04Y\x04\
\x10E \x8dx\xb92y\x14\x93\xc6\xcd\x10\xdf:\x83\
\xfd\xa2\xdf\x83\x0c\xe4|\x95\x0fM?\x03\x07\xe7\xc1-\
9\xf22\xda\x91\xed\xc1\x1a0A\xe2$x\x91l\x11\
H#[\xc8\x9b\xd7\xe0y>z\xb2h\xdb\xf6`O\
\xc8j4\xe4\x9eH\x8cs\xf3;q\xad\x19\xec\xc9\xd7\
\x13\xc5g\xaf\x04~7\x14\xcf9\x17=lF;\xde\
&\xde\x7f\xb1\x5c\xec\x829#6\xdf\x80\x9f\x97\x1b\x22\
fk\x1c\xcc\xb6\xde:\xf0G\xe3m\x8f\x228i\xe5\
\x98n\x8b9 \xecI<\xb11g\xe6v\xe3\xde\xd8\
\xf1$\x92y\x04\xc9\x1f\x81\xc52\x7f\x82v1\xdd0\
\xceG\xcb\x98\x9f\x81\x86^\x5c\x83\xc4{#D\x1e4\
\x8e6 \x9f\xc0\xdb\x1eCb\xe4S\xc8\xf1\xe8c\xb9\
\x04\xf3\x0cw\x0e\xfc\x1f\x91:\xaf\x04\xcf\xd2x\x1e\x07\
\x85\xb3\xab$\xe8\xf8\x9e:~G\x91$\xf3F\xcc\xb2\
'\x92G%\xc7p\xc5\xf2\xfe\xc6;\x9c$p^\x07\
\x89\x07\x89\x1a0A\x04\x1e'\x89\x04\x10A\x04W\xc8\
\xf2\xd3\x8eo\x93\x18\x97\xe1xoH\xbf\xd44.[\
\x86~\x02\xcb\xce\x8bQV\x0f!p\xde'\x89\x04[\
$\xe8I\xe5F;\xd9\x1c\xed\xb1\xfe\x1b\xfe\xd3\x1d\xe8\
1\xceytI\x8e^\x06\x1b\x93\xaa\xab4\x5c4\x93\
\x7f\x89\xe2x\x9e6\xc1\x07\x8d\x18\xff\x00\x01ly\x13\
\xcd\x97\x14\xb3\xf00\xdd\xf2\xa4p\x8bFI\xd7f\x19\
\xc1\x8edO!\xf1<k\xe2x\xd6\x08\xe0\x1a \x8b\
\xdf7c\xc8o\xf1\x17\x8f\x90\xbf\xd2c\xbd&9O\
\x08\xf4`\x8d~\xe4\x1ePc\xbd\xc7\xc1\x1c\x1c\x11\xa3\
\xe2x\xdc\xf9\xac\x99gH\xfcM\x98g\x06;\xc7\xfb\
\xb5\x1e\x8b\xe2\xb1\xcf\xae\x1b\xa4\x11\xcf\xe6\xe7\xc2\xcf\x15\
\xe5\xf8\xc4\x13\x06\x1b\xba\x8a\x93{\xbaI\xe0\xe0\x93k\
zI\xfc\x02m|#\xe2\xbc\x87\xf8\xde\xde~\x069\
\xf9\x9d\xc8&\xc8'VI$\x9a\xa1\xde\x87V\x84\x88\
\x22\xecs\x83\x1d\xc2<\xbf\x17b\xe1\xe7\xf1\xe8\x93\x1c\
\xfc\x0d\xbc\xa4\x9aMd\x8e\x0d\x8a\xf4:\xa67\x7fq\
\xa1e\x06\x1b\xb4\x9f\xc5X\xb8i'\x80\xfd\x87\xed%\
\x1d\x09\xac~\x15\xb5\xb9\x04\xf1\xd2H\xc5\xaf\x86~&\
\x19\xf9p\xf2O9\x92+\x88\xf8O!\xe4G\x07,\
\xf3g\xeeG\xed$\x9f\xc2\xf1\xdc1\xcb\x8fC\xd7J\
E\x9f\xeb6\xf3\x9e\x1aI\xe70Mq\x1f\x07\xe5Y\
\xe1\xd1\xe6~\xc3\xf6\x1eH\xe8K\xa3\x17\x1b$\xf0\xcb\
^\x0cr\x83\x1d\xd3\xbf%\x9d.\xc6\xd6\xef\x89\x8b\xf3\
#\xc7\x8b\x92\x7f\x05\x92F\xf8\xd8\x22\x9f\xea<\x99\xfb\
\x85\xba!\xf1\xb2O\x0c\xf5\xd3\x91\x89\xc1\x86\xe7&\x9d\
.\xc6\xd6\xf7\x89\x8e~|\x14\xfe\x1b$\x92O%\xf2\
?k?i\xfb\x09 \x8e\x11\x8bNI\xe4;y\xf8\
\x18\xe6\xb3\xe5\xf0c\x94\x1b{\xe8\xff\x00q$~c\
$\xf0>GB\x09\x16\xe1\xfbO9\xe1\x18\xb4\xe0\x8e\
C\x12c\x97\x81\xb7\x9c\xf2\xe4\xe4g\xfbM\xad\xef\xc6\
\xa7\x99\xad\xc1n\x1e\x7f\x80\xed\xee@\xb3\xf3\x1a\xe5\xfb\
{\x9e\x06;\xbet\x98\xfcM\xf1\x12\xeb5\xe8t\xe2\
|\xcf\xda,\xc5\xd7\x9f\xac\xfc\x0c3\xf3\xe4rN\x9f\
qn<\x0d\xafg\xc8\xf2O\xf0\xb9'A\xf0\xfeI\
\x1f\xb4\xfd\xa8\xfd\xc3\xdc?i\xe4\xcf'\xc6\xf9\x9f\xb4\
\xf3;\x9dN\xbc\xef\x0d\xd19#\x91\xa1\x8bKg\x7f\
\xc4\xc3/1\xf4\xe2\xfc\x8f-9\xb1\xbe!\x8f\x8f\x88\
$\xf2?a\xfbO\xd8\xe8\xf9*\xcc[\xa7\xeeG\x9a\
\xe7q\xe2c\xb8a\x9c\x8f\x91#\x1d.\xe3F\xde\xfb\
\xc5\xed\xee~\xce.\x08\xd6\x9e%\x8f\x8d\x93\xc8\xfd\xa7\
\x98\xf2\xafJ>R\xb7E\xbey#\xa1'\x93\xe7\x1b\
{\x90c\x97\x99\x11l\x13\xca1\xce\x0c7\xe4O\xc8\
\x8f\xc3#\x80\xf2?a\xe6>c(\xf2\x14\x9eL^\
\xc4\x8bs\x9c\xac\xbc\x0d\xbc\xfc\xed\x929:\x1a\x17\xfa\
M\xbd\xf6\x8c3\x91\xfe3\xe4y\x9eD\x11\xcc\xa4\x8b\
VM\x0bx\xfd\xa2\xdc?\xd2I\xd4\xf2|\xcf\x0d\xc1\
gY$lC\xa2\x1d\x91\xc8$\xdb\xca\x0d\xbfb/\
\x82td\x92I\xe5\xf0N\xbcRO\xd8y\xf3\x88&\
\xd9D\x90y\x0b,\x90\xbd\x88?i\xe4\x9f3\xecc\
\x99\xb7\xb95\x81\x8a\x8cC\xaf\x91<|\xd6M\x8fe\
\xe4b\xe5Y$h\xc9$\x93\xcb\xe4\x8dw\x98\xf7\x0f\
!\x91\xce\x1e\xa2B\xc8[\x82\xdc$\x829\x8e\xde\xe4\
\x1e\x5c\xaeI\xa4\x1b{\xbe&\xde\xf69\xeaI<\xca\
t\xe6\x8f\x14\x87\x92C\xcco\x9e\xbdI\xa4Qn\x0b\
t\xf3\xe6K!nr\xc9&O\x13\x1f-\x93g\xdb\
\x9d9'\x98\xc6\xa3\xcd\x0f|\xf3l\x86\xf9\xc3\xe2Q\
\xe6-\xd11!\xf2\xf4\xc5\xbay\x11:\xb2O\x1f\xb3\
\xec<^\xde\xee;\x9arD\x92O3\x9av?`\
\xf7\xc7\xbb\xcf\x1f\x15\x04A\xfb \xc7t\xf2\xe5\xf0@\
\xb2\x16z\xb0G\x1f+!e\x96&\xcf\xb1\xe4.\xba\
0L\x10G3y\xa1\xef\xa1\xefI\xe5'\x92:s\
\x19\xd1w\xc1\x1c<\x09\x98\xee\x93<\xc5f-\xdeZ\
\xf2f\xcf\xb1\xe2a\xbb\x8eCq\xcd\xe5\xd3\xc5#\xcd\
\x0f\xd8\x91\xee7\xf8\x03\xbeI\xe1\xd3\x91\xa1\xe3\x02\xcc\
[\x92.\xbc\xbe(\xb7d\xc7\xaf+M1\x98\xe5\x96\
\xd3\xd8\xf6|\xb9\xbb\xcd!\xef\xa3\xf66u$\x9f\xc1\
\xdf\x1a\x85\xb9\x22\xeb\xccV\xe8\x9e\xbc\xf1\xdb\x1e\xcb\xc5\
\xe3\x9e;\xb4\x96\xab4o\x8d\x8d_#\xcc{\x83\xcd\
\xfe\x1a\xf8\xa8\xb3\xb1\xfb`[\x82\xeb\xcb\xd2\x81g\x02\
\xceE\xca\xdc\x18g\x96&\xd7\xb3\xe4Ju\x9e:I\
\xd1\x93\xc8\xf3<\xab(\x95\xf8#\xe3\xe4\x9a\xcd$\x92\
H\x19\x86pc\xb8w\x1a\x17-B\xdc\x16DN\xba\
\x1f\x17\xe4\xd1\xb5\xedx\x89\xe3\x90\xe7\x1eG\xe4yk\
?\xc0\x9f\x1f\x04Y\x04\x10A4\x83\xb1\x8e\xe9\x8es\
\xcc<\x8c3\xd7C\xe2\xe5:a\xb9\x96\xdb\xda\xf6\x16\
K\xf3\xa7\xc31\xda\xc5Ez\x16\xe1\x8e\xec\x9d\xc8\xe5\
\xd8\xe6yr\xdd\xafn\x0cr\xc7v\x92\xff\x007c\
\xe1X\xedC\xa2\xd1\xecc\xbb\x07\x9f.j\x05\x90\xb7\
$]y_s\x1c\xf2\xc0\xdb\xf6|\x8f$\xd5\xd3\xfe\
\x06\x82\x0c\xb8$-\xc1n\x1d\xc8\xe5\x90'\x069\x93\
<s\xd0V\xf94m\xfb/\x13\x1d\xf4\xcf\xf7q\xac\
z,\x7f\x92\xa1\xf0}\x8cw\x0f1r\xb9\xae9\xf1\
x\x99\x0bA])\xd3\xcb\xc4\xc3\xd9\x83\x0d\xc9\x1f\x16\
\xc7\xa2\xc7\xf8\x03\xd3|j\xac\x13\xc0a\x9c\x18\xee\x9d\
\xc7\xcb\x13\x16|JW1\x13\xa9\xe4\xd1\xb7\xec<L\
w\xb1gL\xa9\xe4\xf8v\xc4\xea\xc5\xa6\xc7\xf8+\xe3\
Ud\x8e\x07\xb1\x8e\xe9\x8e\xe4\xf2\xc8\xa2\xccO\x87\x91\
;P\xe9:r\x8e\x87\xfa\x91\x8e\xf6H\xc7\xd9\x93\x1c\
\x93\xe1\xda\x12\xab\x16\x9b\x1f\xe0RI<J\x1f\x19\x8e\
p-\xc9\x17Q\xa1r\xbcr$\x8e\x5c\xbd\x96/h\
\xfd\xb8\xb3\xfd,\x9a\xf9=T:\xc9?\x87\xbaI<\
K\x17\x18\xd0\xba\x0br\x0cs\x9eY\xd8Y\x9e|\xbe\
O\xf5\x1f\xb7$/h^\xc9\xfbP\xb2Z\xa8u\x82\
?)Ln\xb0I$\xf1k\xa1\x8e\xe9>g\xfby\
Z\xe8-\xcek\xfbY\xff\x00!\x9f\xf2E\xed\x1f\xf2\
\x0f\xde\x8f\xdb\x89\xe4\x8f4t$\x8b\xa2\xf6?\xc8R\
\x1a\xac\x90I<n;\x9e&9y\xf2\xd5\x98\xb2\xe6\
\x91d\x9dO&yd~\xcc\x8f\xdc\xcf\xde\x7f\xc9?\
\xe4\x1f\xbc\xfd\xe7\x917\xb1\xfe\x0c\xf8\xf6*\xbe;\x0d\
\xc1u\xe5\xb8\xee\x1eD~\x05\xe4\xcf\xda\xd1\xfbY\xfb\
Y\xfb\x0f\xd8t!s9'\x81\x9e@\x87b\xe3{\
\x18\xee\xf2\xde\xc2\xc8\xc39\x1f\xe0>J\xbd+\x0c\x96\
y\x1eG\x99\xe7\xf8\xfa\x15_\x22O\xc0\xdb\xcf\xcb\x96\
\xa1n\x13\xc2A\x1f\xe1T.J\xd7\x91\x8b\xf06\xf3\
\x9e]\x8ef9prO\xe0rO+\x9a1qj\
\x88D\x12y\x10!\xf2\x8c7#\x97\xe1\x9124/\
\xcf\xe6\x8c\x5cc\x10\x89\x22\x921r\x9d\xbd\xcf.]\
\xd8\xc73\x1c\xa7\xf3\xc8'\x91\xa1\xda\x85\xca\xb6\xf3\x81\
1\xf2\xec3\x8f\xce\xe7\x92!\xda\x85\xca\xf0\xdc\x13\x9e\
Z\xc4-\xc9\x17\xe0\xb2O)\x92O#\xc8\xf2<\xa8\
\xf9\x0a\x18\x90\xddX\xc9\xae$\xd1\x0f\x94\xc1\x8ePc\
\x9f\x99\x11\xcb`\xc7(\x16DO\xe5\xb2M\xb3\xc8\x90\
\xc4\xc6\xaa\xc6A\xe21RD>T\xc5\x9f\x81\xb7\x9f\
\x9f-NFL\x18\xe7\xfe\x15\x99 B \x81\x0cb\
\xa4\xf3\x1c7\x0f._\x86D\xd1\xf0(\x7f\xe0\x09\x10\
\x89$b\x18\x89\xe6]\x8cr\x16\xe4\x8b\xaf-\xec,\
\xe8\xb8\x16/\xce\xd0\xc8\x22\xb2O<\xc78\x16\xec\x8b\
\xa8\xd0\xb9Zb\xcf\xfc\x1a\x86I5\x829\xda\x1a\x17\
An3\x1c\xe7\x97-\xc9\x17\xf86I\x10\xc8 \x82\
9\xf6;\x90,\xc8\x9eY\x8ep,\xce\xff\x00\xe0\x97\
I$b \x82I\xe7\xa8h\xf2\x83\x0d\xdeV\x86\xa9\
\x86_\xe0y&\xd8'\xf0]\xbc\xfc\x05\x9f\x9f-\xc3\
\x22\x7f\xc0\xb0E\xb2G\xe0\xadH\xb3\xf06\xf3\x9eZ\
\xb3\xff\x00\x02\xc9#\x10\xff\x00\x0a\xeca\xb9\x1c\xb51\
g\xfe\x01\x8aI#\x10\xff\x00\x0ab6\xb7'\x97-\
\xc1~z\xc7H\xfcKkr9r\xc8C\xfc\xed\x8c\
\x88'\xf1=\xbc\xe7\x96%O3\x07?\x89\xc1\x04\x11\
\xc5\xc1\x1a\x11\x7f\x91$\xfe\x1c\x99\xb7\x9f/\xc7.!\
\xd1\xd9\x04\x0cB\xfc:I\xbdhE \x9f\xc3Z\x13\
0\xcaF\xb9oc\x1c\xb8wGd\x921\x0b\xf0\xf6\
-\x041\x0f\xf1]\xbc\x84\xe7\x97\xe2\xce\xfa\xce\xd6*\
1\x0e\xfcL\xadC\xb6\x08\xd1\x82,\x5c\xcdQh!\
\x8c_\x8a\xbe\x86\xd6|\xbf\xb0\xb2\xd5w.\xa3\xe8M\
\x18\xb5P\xed\x92u\x9f-lJ\xf6:\xa5\x03d\x93\
\xf8\xde\xdeg~^\x84\xc9\xa3\x15\xa8|J\x1e\x9a\x5c\
\xd9\xa1;\xd8\xea\xd8\x94\x90G\xe3x\x18>a\x22b\
\x18\xadb\xe2P\xf9\x9c\x91Y$Z\xdeW4'\x15\
\x92F/\xc66\xf3\x8f\xc5`\x8ec\x04\xd6\x08\x16\xb7\
\x8d\xc9\xc8\xd5`\x81\x0f\xf1\x9d\xbd\xc9\xff\x00\x06b1\
\x0cC\xa6$\x11tQ[$~;\x8b\xf16\xdf\x97\
=\x92y|\xf1\xd8\x8cC\x10\xe8\x88\x22\xe9\xbe\x09\xfc\
v$\xc7?\x0e{\x04~\x0f\xff\xda\x00\x08\x01\x03\x00\
\x01\x05\x02\xa4\x10A\x04\x10E\x22\xd8 \x82\x08#\x97\
&yq~D\xdb\x8b\xeb\xbf\x8c\xa1q\xe8\x5c\xbeH\
 \x82\x08\xa3\xfc\x15!#\xc4\xf1<F\x86\x88\xb6(\
\x91\x04\x11H\xe5\xcbJx$\xad\xc9C\xcb\xb3\x17&\
b\xe5\x10M\xce\xab\xf0\x14\x84\x85\x89\xb3\xe9{\x1b\xe7\
\xfe\x1b\xdd\x8d\xef[{a\xbcF\x86\x88\xaa\xa2D\x10\
A\x03Tc\xe4\xf2M\xab\x91g\x88\xfaq\xf1{\x17\
 C\xd6v@\xc5\xcfP\x91\x8a=\x0fKm\xe1\xb1\
\x8f\xdb}\xab\x7f\xcc\x7fK\x8a\xcb{\x7fcs\xec=\
/\xf8\xb9\xe4\x87UD#\xeb\xbe\xbb\x0d\xec_\xd9\xfa\
;\x02\xfbOKx\xf6\xfd\x0fK\xf4\xb1\x8cc\xe4\xd0\
E\xd8\xbd9$\x92x7\xd4\xcf\x1eL\xe8\xb8\xf5\xae\
\xeb\x04\x88|\xf7\x13\x13gm\xeeg\x87\xa8\xfe\xc7\xec\
>\xe7\xef3\xda\xcb\x1fo\xdc\xdb\xcf\xd0\xf6\x97\xf4\xde\
\xa6\xce9{>\x96C\xaa\x10\x84{3\x8f\xd3\xd3\xf6\
e\xfa\x98\xc61\xf2U\xa2\xb2;\xea\xa6,\x8f#\xce\
\x8b]\xaeN\xb9\xa3\xe7\xb8\x98\x1f]\xff\x00\xde\x7f9\
\xff\x00\xe6\xba\xc9\xfc\xeb\xcb\x1f\xbb\xce1\xfb\xef\xad\xfa\
Oc\xee\xb77p\xfd{\x9fM\xf4\x1e\xdf\xde\x1fW\
\xf5;\xbfm\xee\xfd\x8f\xa1\xbb\xf5\x9e\xef\xa1\xf5\xd9\xfb\
\xdb_]\xf5\x9b\x9fa\x82>\xbf\xdf\xda\xc3k\xfe\x0f\
\xd6n\x1f\xf8\x8fS#\xdd\xfa\xdd\xcfW\x1fG\xe9\xb3\
\xf7\xfdg\xf4\x18\x1fc\xe9/G{\xe9\xfe\x8f\xd9\xfb\
\xcc\xf7\xf6\xde\xce\xf7\xa3\xfc\xfe\xe7\xbd\xe8\x7f\xed\xacr\
>\xc7\xeb\xbd\xbf\xab\xf6}\x1f\xe6\xfd\xdfs\xd6\xff\x00\
\xda\xb9\xef\x9e\x97\xd1{\x9e\xe7\xd9nc\xfa\xf7=\x1f\
\xa9\xdc\xf7\xbd:m\xfd6\xe6\xef\xd4\x1e\xf7\xd4\xe7\xe8\
z\x9fS\xb5\xf5\x9b\xdb\xdf\xd9\xe3\xea\xe1\xecS\xf9\x0f\
[\xe8s\xf6}\xbc\xbc\xbd\xae\x05h\xf61\xcb\x81Y\
\x8b-|\xd7\x18\xb9\xfb\xe7\xb8\x98\x9e\xbe\x7f\xabw\xd4\
\xf6\xf1\xfa\xdf\xb7\xfb\xef\xa8\xdc\xf4=\x93\xe8}/\xfc\
f\xde\xce\xe6x\xec}&\xf6\xe7\xad\xe8\x7fI\xb3\xb7\
\xb9\xbb\xf4_\xff\x00\xce\xfb/\xe5\x7f\xfc\x9f\xad\xb9\xb7\
\xfd_\xa5\xf4\xb8g\xb5\xeb\xff\x007\xff\x00\xa0\x88i\
S\xeb7s\xf6}o\xa7\xf5\xd7\xb3\xfc\xf6\xe7\xd1\xed\
\xe1\xb4\xcfc\x7f?\xa1\xfao\xea6v\xf77\xfe\xbb\
\xd2\xcb\xdf\xfe?o\xf9\x1fww\x1f{s\xd2\xfb_\
\xb5\xfe\xb3\xdd\xdd\xf6\xbe\xeb\x1c\xb2\xc3/\xe3w77\
\xbf\xa7\xcf\xf9\xb6\xf3\xf4\xbe\xb3\xff\x00\x1f\xf44\xfeO\
\xd9\xdb\xff\x00\x97\xea\xfd>\xfe\xff\x00\xdd\x7fC\xef\xe1\
\xef\xfd\x99\xfdw\xfb\xa9\xfco\xff\x00\xb2{?\xfd\xc7\
\x18\x84\xf8/2usT|N:+\x9b\xe4\x22\x08\
\xe4\xb0G\x07\x89\x89\x81\xf5\xdf\xfdW\xaf\xea\xfd\xa7\xdb\
}6?\xfb\xa7k\x17\xec\xef}\x8f\xdc\xee}\x8f\xb9\
\x8e\xf1\xf58g\x97\xd5\x7f?\xf6>\x8e\x1e\xaf\xf2\x9e\
\xc6\xe7\xb5\xfd?\xf2\xdb[\x8b\xedv\xb3\xdc\xd8\xcfc\
\xd9\xd8\xfb\x8f\xa5\xfeg\x1c\xb2\xd8\xc7\xa8\xbdoG\xde\
\xf5\xf7~\xb7\xdc\xdaxz\x1e\xe6o5\xb7\xf5^\x97\
\xd4z\x9b\xde\xe7\xf3\xcf\xf9o\xb8=?\xe7\xbd\x8f\xfc\
\xbf\xd8\xff\x00Y\xf6Y{\xbe\xaf\xb7\xbf\xfd?\xd4\xe3\
\xb7\x9a\xfe+\xe8\xbe\xd5\xfdG\xd8}\xdf\xd7\xe7\xf4?\
m\xf6\x1f_\xeb\x7fS\x9e\xdf\xf2>\xee\xd3\xfeu}\
z\xfe\xb7\x7f\x1c\xb0\xdf\xfa\x0c2\x7fEL2\xcb\x0c\
\xbe\xc3-\xbc>\xba\x9f\xd7\xe2\xd6_K\xf4\xf9\xfd\xd7\
\xb2\xfa\x1f\xc6\xff\x00\xfb\x17\xb9\x86[~\xdf\x1b<\x14\
\x1eG\x9e\xa4\x0c\x5c\x8b\x1eo\x90\x89'\x9c\xe2b\xcd\
\xbe\xafk\x0d\xafG\xd5\xff\x00\xcb{+s\xff\x005\
\xb8{\x1e\xff\x00\xb1\xec\x8d\x99\x0d\x8e\x88\xe9D\xcc3\
\xcb\x0c\xb6\xfe\xe7\xdb\xc1g\xf7~\xd6Kwws{\
'\x03H\xcb\xaac\xb5\xb6\xf9L\x91tp)\x8b-\
<\x91\xdb\xf1y\x22\xb9s\xa4\xc4\xccr7\xbe\xc7\xd9\
\xf60\xf3<\x86\xc7\x98\xdd\x88TL\x92I$n\x8c\
|\xbe\x09\xb7\xc8\x9e\x06(\xb2<\xb4\xb2\x5c:\xfc\x02\
\x09\xae\x5c\xe91d&y\x1eG\x90\xd8\xd9$\x93d\
\x92I$\x93I\xe7>\x5c\x22b\xa4\xde\xc5\xc3c\xa2\
\x87\xc6\xc9\x15\x8eX\xf9Bg\x91\xe4y\x12I5U\
\x92I$\x92I'\x9dyp\x9eBrE\xf9.\x1b\
\x1d%\xc7A6G+|\x04\x93\xc3\xc9$\x92M\xde\
VI$\x93\xcb\x93\xa2\xe4)\x8b-\x0c\xd7\x1a\xc5\xc0\
\xbd\x17o\x89\xe2O'\x8er\x8f(\xb6y\x82\xe0\x13\
\xe0\xa2\x98nH\xee\xcb\x8e\xc7\x81|\x0c\xfeD\x99<\
\xcd>\x0d1\xf0\x1bl\x8b\x9a\x17\x05\x8e\x96=?\xc0\
\xb3\xcd$\x9e\x02Lx\x19\x83\x0c\xe4v\xe5\xc1c\xa4\
\xbf7\xc7\x81\xf2\xfc%\x91\xa8\xbf\xd0`\xfc\xae\xcb\x8b\
\xc7\x91I<\xe9\xf0\x0fK\x1e\x0a\x7f\x08\xc8\x92I$\
\x92k$\xd7\xfd\xc69x\x5c\xd7\x16\xb9\x14\x11k\x5c\
\xd5\xf0\x0ck\x8f\x8e_<Z\xac\x92A\x15\xdb\xcb\xaf\
{r\xe0\xdd\xeb\x9d\xbeS\x04h\xbf\xc3\xd7\x13\x17I\
5\xecmenk\x83w\xaev\xf9\x0c\x11\xc0\xbd\x15\
\xc3\xcf\xe1\xd3b}0}S\x18\x87L\x97\x04\xf9\x8b\
\xe6\xaf\x88\x5c<\x93\xcc\x17\x1d5\xf1\xe9\x87|\x1d\x10\
\xc44dc\xc3\xc9$\x93\xc4\xc1\x1a\xcf\x9a>g\xe5\
\xcbq\xe4r`I5c\x5c\x8d\xf2\xa4?\xc6f\xbe\
D\x93\xcaP\xf9\x1bPc\x9d\xd1X#\x8f|\xa9\x0f\
\xf1\xf9\xfc;o!\xf5\xac\x99]\x14\x92I\xaa\x18\xb4\
\xa0\x8a\xc1\x1f\xe1\x1f#\xcb\x94\xaeE\x8fC\x17T\xc7\
t\x10A\x04U\x0e\x92I<\xce\x08\xe5Q\xc8'\x91\
\xf9\x1e_\x82*\xb3\x07I\x8bd\x8a\xce\x94\x11\xa5\x1c\
{\x16\xab\xfc\x1ey\x1c\x10I5\xf2<\xb9\x04\xf1\xca\
\xdc2\x91\xe9I$\xf28#U\x8bY\xfe\x0c\x89 \
C\xe52I\xe4ys\x95f,\xc7\xa9\x04\xda\xb94\
r\x08#\xf0DA#\x17/\xf2<\x89'\x99\xab\x1f\
C\x0c\xafzK\x84\x9f\xf14\x92y\x1eD\xf2\xa6+\
\xd3\x1e\x8c\x9eZK\xfcw\xe4yrv+\xf0zQ\
\xc6O9\x8el\x89'\x9c;\x7fc\x16\xe1\xe4y\x12\
A\x1ct\x13\xa1\x83\xbeH\xab\xb52I\xd1\x824\x1f\
*\x8a>.\x08\xe5\x08\x829\xc3\xb6I\xac\x9eg\x97\
\x1d$^\xc4\xf4'\x83\x92t\x1f,g\x89?\x9d\xe2\
e\xab\xe4yr\x5c\x1d\xf1l\xf1PG)\x83\xc7\xfc\
\x17\xe6yr<Lm\x9b\xe7\x89\x92yL\xd1\xaf\xc1\
\x98\xbf\x06\xf3\x83\xc8T\x8e5\x98hO\x135\x5c\xae\
H\xa3\xd7|\xd9\x8b\x99\xc7\x07\x02\x16d\x93\xc9`\x8a\
\xad/\x13\xc4\x824`\x81r\xc8&\x8f]\xfeQ\x97\
\x10\x8f12'\x8d\xc7\x90\xc1\x1f\xe2f.\x22\x0f#\
\x1c\xf8\xde\xc6<|\x11G\xaf?\x94\xaf\xc2q\xca\x91\
z\xd2\x5c\xc6I\x1f(\x92?\x07_\x85v\x16B\xce\
\xf5\xa4\xb9\x8c\x10>Q\x1f\x86A\x1c\x8d\x8b\x91\xa11\
\x0f\x89ZPG\xf8FI\xe4h|\x92Ly|\x7f\
\x87b\xe9'\x96\xb6m\xe4G\x10\xb4\x16\xb4\x11\xc6\xc7\
\xe7\xd2y[\x04\x12O+\x8am\xeeH\xf8uUr\
\xe2\x1f\xe2\xef\x96!\x92M\xb2E HlWO/\
d\x98gN\xd5\x82oC\xd1W\xe2.]\x04r\x07\
\xf8j\x19\x04[\x04\x93D\xc6\x87|\xf2\xd9\xa3B6\
\xf3\x9b$\x8b\xd0\xf4U\xf8\x8a\xe8\xff\x00\x0dI6\xf9\
\x1e\x5c\xf3\x0c\xa9:+\x82\xc7J\x08\xe2_\x05\x04r\
G\xc1\xbf\xcdVF\x19H\xd6\x92\xe0p\xe0\x22\x90G\
\x02\xc7\xae\xb8\xf7\xa0\xf8G\xcc\xe7\xf0,\x18\xb8Uw\
\xfbM\x97\xe4x\x9e5\x82\x08\xa7\x89\xe2E\xd0A\x04\
pq\xc1A\x1a0F\xab\xd2|\x0c\xf00O$\x9f\
\xc0{\x18\xe7\xc2\xab\x9a\x93\x0c\xff\x00]`\x82I#\
B8\x88 \x829C\xbeh\xf8\x07\xc1I\x1c\x9ek\
\x1c\xbeI\xd5\xc7#\xbe\x8c\xf0^\xbep?\xf5V\x08\
 \x82\x08<O\x13\xc4\xf1<O\x1d\x18#\xf1\x16\xf9\
\xd6#pI<\xf5t0zS\xa6\xaeO\xc5\xec\xe5\
*\x92M\x92I7G\x07\x04q0F\x83\xfcu\x19\
\xd6O.v\x84'\xa2\xb8\x16a\x9c\x18\xe5\xfb\x0f\xf6\
\xe8\xc1\x1a\xbe'\x8d\x22\xd8#E\xde\xd1\x04\x13\xc1A\
\x15\x82.\xcb\x94\xbeR\xc6\xa9\x14\xf2'\x9d\xe0\xf4W\
\x05\x06\xc6\xe4\x1e^Z\xb0E`\x82\x08\xb7\xc7\x80z\
^$qhk\x95G(w\xc9\xe5\xce\xb6\xdcRo\
Z\x8a\xa8\x83*ln\xf8\xadh\xd0\x82,\x8a\xc6\xa4\
\x11\xa3\xe2x\xe8\xc6\x93\xd0c_\x88=\x15\x91\xe5\xce\
$\xc1\xc8\xd5\xebQX\x98\xf1\x18\x9c\x1b{\x93\xa1\x17\
\xc5`\x8a\xc1\x04R\x08\xb25\xe0\x8b\xe0\x8e\x05\xe8\xc7\
\x04\xdf=\x8dE\x91\xe5\xcd\xf0\xcb\xc0_\xeb\xd7Z\x0a\
\x99Sm\xf8=\xbc\xbc\xb5`\x8a\xc6\x94\x11\xc6\xf8\xf0\
\xd2A\x1c\x03\x1f\x0a\xf9D\x91\xa6\xa8\x9f6\xeec\x97\
\x86\x82\xbdX\xacU\xc9\x1d\xcd\xbd\xcf\x01QiA\x15\
hd\x11\xa3\x17x\x9e<\x04]\xe3<,\x13H\xfc\
51\xa1\x0f\x93\xb1qx\xe4w\xbdi+1\x1d\xbb\
Y\x8b\xad\xf0A\xe2A\x04R8\x08\xbd\xd9\x04p1\
\xc3M\x89\x11\xf8:Cb\x1f\xe0h\xc1\xde\xb4\x95\x98\
\x8e\xd5\xd0\xda\xccB\xd7\x825`\x8b\x9d\xf0F\xac\x11\
\xc2\xc1\xe3T\xc9\xfc\x1d\x0ds\xb4=5\x91\xde\xe5r\
\xb5h*a\x9f\x98\xfaV\x09\xac\x10I7;d\x9e\
\x0e\x08\xe0\x9a\xd3z\xcf\xf0d\x86\xf89\xe5\x08z\x98\
>\x96\xab\x95\xabAS\x07\xe0`\xfc\xe9$\xd1Y\x04\
['{c\x84\x92x\xe7\xab\x95\xad\xfe1\xe4O2\
\xf2\xf3?\xdbj\xe0\x95v\xf3\x82d\x81j\xbe.9\
\x22\xbb/\xc7&\x89\xeat:r\x5cr\xf11\xff\x00\
_\x0e\xac\xda\xdc\x92j\xb2\x13\xd2|d[\x04jG\
\x02\xae\xcb\xf0F./\xcb\x98\xa1g\xe6v\xb1h\xad\
\x05n\xd6qo\x90\xb2\xe1\xe0\x8df\xb9#\xab\xfc\x11\
\x0f\x8c\xf2\xe6\x0d\x89\xf8\x18?;\x16\x8a\xd0VI&\
\xdesw\x91<L\x11X\xd0k\x91\xba7G\xf8\x1e\
F<t\xd2y~;\x87~'\x1f\xf4\x1byy_\
\xe4yRxh\xd4zs\xa0\x87\xac\xc7G\xa2\xff\x00\
\x1b\x929\x7fc\x1d\xce'\xfd\xc69xh\xc9:r\
M\xf2I$\xe9\xcd#J\x08\xbd\x0fY\xd1\xe9>w\
&Z\x8b\xf0\x5c3\xf0\x16^|2\xae\x19\x0a\xd8<\
mhJ\xd9&\xd8#\x81\x9d\x07\xc5\xe7Gk\xfc\x01\
j\xae\x16y\x84H\xb2\xf16\xf3\x9dU\xa0\xab\xd8\xc3\
+S\xb9\xb1;\x19\x04[$\xf01\xa0\xf8\xb7{\xe7\
L_\x8da\xb9\x06;\x87{\xe6\xaa\x8a\xf5Tb\xf5\
g\x85\x92n\x82\x09\xab\xe4\x8f\x9d1~6\xb2\x83\x0d\
\xdb\xe2\xaa\x8a\xf5EN\xc69r\x18\xa4\x92I'\x91\
\xe4I\x15|S\xfc\x19~9\xb7\xb9\xe0-\xdf\x22I\
zKM\x09\xd6I \x8eh\xefv\xbf\xc1\x9f\x0e\xc7\
\xf8\x1cH\x9f\x89\xb5\xecI\xe7Y&\xe5\xab$\xd6I\
\xe7n\xd7\xf9J\x1f9f\x1b\x90m\xee\xac\xc8\xb5X\
\xac\x5c4\x93\xc8\x9f\x07\x97\x0d?\x8ac\xcf\x16\x7f\xac\
\xda\xdd\xf3\xb5X\xacZ\x92I$\xe9\xc9<s\xe0\xf2\
\xe4\xd2O\xe1\xb0G3\xda\xdex\xbc2\xc7qbL\
Z\xacB\xa2\xe3\x9f\x06\xf5r\xd3u\xcbI\xdb<$\
\x93Y'\xf0\x99'\x99\xca\xc8Ye\x89\xb3\xecy\x1e\
I\xda\xacUD\x93\xa3$\x92Md\x9dG\xc1\xbd\x5c\
\xb5\x1d2\xd2|\x86I\xb25\xdb\x18\xf8\x89'\x81b\
\xaa\xa4\x11X\xe6]\x8d\x9d\xff\x00\x11x\xe4O\x8e\x92\
\xb9>P\xb87\xa4\xee|\xab\xc8\x9e\x05\x0f\x94\xb1U\
\xd2I\xe6\xd0m\xee\xe5\x83\xd9\xdeY\xad\x15\xcb\x97\x08\
\xf4]\xcf\x97y\x1eZ\x91\xc3\xc9<TVI\xbd\xf2\
\xc6a\x9c\x1b>\xca\xdd:-9\xbax'l\xf1~\
D\xeb!\xbeo$\x93n,\xc9\xd2xx#\x89\x8d\
G\xcb`\xeel{?\xafRn\x9e\x05\xf0Lz\x8d\
\x91\xaa\xdd\x1f;\x92x\xb8#W\xc8\x8e\x02\x08 H\
n\x91X'\x97\xfa\xfe\xcb\xc1\xed\xeec\xb8\x84\xda\xb6\
I\xd3\x92I$\x92y\x1c\x93d\xdc\xf5\x9d\x8f\xf0\xf9\
'Zu\xe6\x92H\xd8\x94\x91d\x91\xcb\xdc\x18ne\
\x89\xb3\xec\xf9\x92\xb4d\x9ef\xeez\xee\xc7\xf8\xf4h\
\xa1\xda\x85X<k$\xd2x\x99'\x87\xf2\x83\xd6\xf7\
|\x0c\x1e9\x0eU\xab\x86b\xd0\x92j\xaa\xdf\x00\xdf\
\xe6\xd1\xa4\x87\xa34\x92l\x9ec3M\x8fc,\x1e\
\xc6\xfa\xdcV+\xe4\x92I\xd4b\x18\xab\xe4y\x13Y\
\xac\x93\xa7$\xfeC\x04r\x19 b\xa4\xda\x87V*\
M\x15d\x8e^\xcc3\x83\xd7\xf6\xff\x00i(\x8aI\
5\x92nT\x9a\xc95\x92O\x22m\x92I$\x92o\
\x92m\x92mo\x80\x7f\x87I<\x86\x09\x18\x89\xb9\x0e\
\xa8d\xd5V\x09\xe6\x10u6=\xb7\xb4m\xeey\x0f\
Q[\x04]\x1a0G\x13$\xe8\xbf\xc5$\x91\x88\x9d\
x\xd7\x92h\xc7\xad$\xf2x'G\x0d\xcf\xf8\xe7\xad\
\xed\xad\xd5>g\x5c/b$\x9e\x06I$\x92I\xd2\
\x9f\xcb\xd8\xb5\xe3\x83c\xd6\x829<\x91\xa2\xba\x1eL\
\xf5\xfd\xde\xb8n-\xc5s\x11\x04i\xc9<\x1c\xdf?\
\xe06\x84\xaf\x92\x06\xc9\xa7\x89\x04V\x09 \x8a1\x8b\
Q\xf2\x8d\xbfk-\x93g\xd8\xc7|\x7f\xe8'\x80\x9b\
\xa4\x9d)$\x9b\xe4\x9d'\xa4\xedC\xb6I\xfc\x951\
\xbb\xe0\x91\xa2)\xe5l\x90I4C\x15\xb9\x18\xf2\xc9\
?\xdaN,O,_\xad\xef\xf8.A\x03Z\x0d\xea\
=\x16;P\xff\x00\x1d\x825\x19\x88\xc4=eUH\
'Nu$\x9eC\xeb\xfb\x8fi\xec\xfb\x18o\xa6y\
5|\xdd$\xea\xc9:>\x5c\x13\xd2\xec<\x87\x91\xe5\
\xf8\xdc\x93\xa6\xe8\x8c\x86-Wj$\x8br1\xebt\
\xe9\xc1\x1c\x87\xc5n\x18\xe5\x96\xc9\xeb\xfb\xbeg\x9aj\
\x92O n\x91\xa3$\xeb\xc9\xe4<\xbf,C\xbe4\
\x18\xafVA\x16\xc1\x1c\xbf\xc9\xb3c\xdc\xfd&\xc6\xf6\
\x19\xae\x0d\xea\xa1\xbb\xa4\x8d>\xc3wy\x1eC\xcb\xf2\
\xd8 C\xbe4\x18\xafVI6\xc96-X#\x8d\
\x94\x86\xbc\x8d\x9d\xcc\xf6\x8f_\xdc\x9e\x0d\xea\xb7|\x13\
\xa6\xd9\xde\xbeC\xc8\xf2\xa3\xfc\x9aI\xb1\x88u\x82+\
$\xd1\xde\xc5Y&\xb2G\x03$\xf2X\x22\xff\x00_\
\xdd\x87\xb7\x9e;\xc9\xb6\x85\xfe\xadY'U\xbd\x17c\
\xb6I<\x8f*?\xcb\xd5\x10\xeb$\xd6\x08\xa3\xbd\x8a\
\xb0E`\x9e\x06\x08$\x92I\xe42M\xec\xdb\xdf\xcb\
\x03g\xdd\xc7|k\x91\xce\x87\x91\xe4I?\x9aN\x9a\
\x19\x1aLD\xda\xd5X\xb8\xf6./\x1c\x9e/c\xde\
\xf00\xcb\x1c\x87\xd2\xf7\xc5M<\x8f/\xf0\x1c\x11V\
*M\xf9\x18\x8cD\x13z\x1f\x07$\xe9\xb1q~I\
\xd3g\x7f=\xb7\xb5\xec\xac\x95\xcf\x86\x92t\xd8\xff\x00\
;\x8dF*\xb1^\xc6y\x12I7.\x1ao\x828\
\xbd\x8fy\xa3\x1d\xccw\xa8\xf3kNI\x1b\xd3z\xb9\
X\xed\x7f\x99\xc9\xe5\xa6\xc5V-( \x8b\x97\x0b\xe4\
G#h\xc3w,\x0d\xafs\xcc\xe9\x96\x83d\x93\xac\
\xf5r\xb1\xda\xff\x007C\xac\x93kbz\x0a\xf9\x22\
\xb2H\xc5\xc4E\xf0G\x06\x94\x0d\xdb,\xda\xf6^&\
\xdf\xb1\x8e\xe8\xf1\xc5S\xcd\xae5\xe9d/\xce\x9e\x8b\
BZ\x0a\xf8&\xb0@\x87\xc3\xf9\x13\xc5\xb6%l\xaa\
NL\xda\xf6r\xda6\xf7\xd6D\xa7\xc6\xbd,\x85\xf9\
\xec\x93\xa3\x14\x83\xc7\x89\x92u\xd5$\x9dV\xf4#S\
\xc9\xa3k\xd9x\x98\xfb\x18\xe4F9\x10N\xa3\xbd\xe8\
\xe5\xa2\xff\x00\xc0\xd1{|,\x11\xc0I$\xea\xae\xa4\
hF\x9c\xa7O\xf5bc\xbf\x921\xf6\xa4\xc7q=\
&\xe8\xefz9h\xbf\xf0$\x93nUZ\xf2G\x13\
$\xf2Da\xed3\x0fs\xa6;\xd8\xb2qt\x8aN\
\xbc\x93c\xff\x00\x06\xc0\xd5\xacTZ\xf0O=T\xf1\
\xa7\x96H\xc7{$/p^\xd9\xfb\xd0\xb7\x16\xbc\x11\
c\xff\x00\x05\xc9\x03\x19$U\x22(\xc9&\xab\x8d\x8e\
O\x16\xe4!\xde\xb7\x1a\x17\xb0\xcf\xf9g\xfc\xc3\xfeQ\
\xff\x00%\x1f\xb7\x16y\xa3\xcf\x13\xa1*\xc8:\x91W\
\xfe\x0b\x82k\x04\xd52h\x88\x22\xc7\xcad\x9e&O\
\x22h\x861\x10E\xbd)\x16\x7f\xa8\xf2g\x9b?n\
G\xfc\x83\xf7\x9f\xf2\x8f\xf9'\xfc\x83\xf6\x9et\x7f\xe0\
\xf5\xaa\xc5\xf8\x0c\x92H\xdf\x1e\x98\xb2?k?k?\
a\xfb\x0f;\xe3\xfc\x06\x85\xa6\xc5\xa3\x89\x97%\x5c\x0b\
\xaa\x1a\xe3\xe2\xbd,\xf3<\x8f#\xc8\xf2$\x9f\xf0;\
\x15\xad\x09\xc0\xa9$\x92I\x04^\xc5{\x17\x0e\xbf\x06\
\xf2<\xab$\xfe~\xc5jr4*A\x04\x10I7\
\xb1^\xc5\xc4N\xb4\xf3\xdf#\xc8\x92\x7f;\x82)\x1a\
\x1eC\x15X\xb4\xd8\xb9\x1b\x12 \x82I\xfc\x0eI\xfc\
\xdeI'G\xc4C\xab\x15\xcd\xda\xc5\xc7\xcd$\x91\xb1\
dI\xe4A\x1f\x81\xc7\xe7\x98\xe81\x5c\xb4`\x8a;\
X\xa9\x03B\x5c,\x13G\xfeCC\xbd\x8a\xe5\xa3$\
\xd1]\x89\x14lO\x85\xf2 \x9f\xf2\x22\x1d`\x9b\xd2\
\x22\xd9\x1a\x91\x8bI\xa2I\xff\x00/\xa1\xd6H\xd0V\
\xf6\x10\xc5\xa7\x04k?\xf2\xac\x93{\x10\xd0\x9d\xc8\xf2\
$Lh\x82(\xff\x00\xcd\x11z\x18\xd8\x95\xca\x90$\
6I4\x7f\xe6\xd7t\x93\xa2\xc5\xa6\xc5\xa2\x86!\xff\
\x00\x95\xd8\xb5`\x81\x8bM\x8bE\x0cC\xff\x00+\xc9\
\x17M\x11\x04\xda\xd8\x95\xf0$-Ud\xff\x00\x95`\
\x9bd\x8a+\xda\x13\xbd2E\xa8\xc5d\xff\x00\x97\x22\
\xb2M\xecU\x92m\x92t\xb1\xa2\xb6I \x8f\xf2\xac\
\xea1Y\x1a\xecTW\xc9?\xe5Y'VI\x10\xe8\
\xac\x9b\x95r\xa3\xff\x004!Z\x87EY\xb3\x13*\
>\x95\xca\x8f\xfc\xc4\xc5V!S\x13+d\x9b\xf1&\
\xa8v\xaf\xf3\x02\x1dX\xa97\xc1\x17\xa45T?\xf3\
\xac\x92/\xf3\xf4\x11I\xfcv\x08\xff\x00\x08\xaf\xff\x00\
\xa2T\x93\xff\x00\xf2{\xff\xda\x00\x08\x01\x02\x02\x06?\
\x02\xe2\x04\xfcE9\xad\xeag\xd3/\xf8A+M\x89\
\xce\xefC\xb6z\x9aj\xfa\xcagH:\x1bkt.\
9\x9a0P\xb7\xc4\xec(v\xcf.\x96\x9a\xba\xdd\xd6\
\xd3Q_\xa1\xbb\xb5d\xeb|\x13\x9d\xa4\xc4\xd9Q\xc8\
\xca\xbc\xae\xd53\xce\x07\x86Mt\xd8\xab|J\xe7\xb6\
.\xe5\xa3\x0e\xd3+\x9d\xf0U\xcc\xfcL\xafC#\xc0\
N\x96\x0f\xc2\xf6\x7f\x81\xde.\xfd\xa6r\x93\xfb\xbf#\
k u\xb4\x84J\xac\x16x\x0ek\x0b<3\x9a!\
\xcd6\x07a\x97\x03\x9bU\x8b\xf0\xc3\xfby\xd8\x9a(\
\xce\xc6\x8a\xadN\x172.\xe9\xc9n\x073\xf0?#\
\x06\x18\x1d\x85\x15i\xc1\xfe\x8f\x06\x5c\xd8J\xbc\x0b\x0b\
'\x0c\xc3#M\x84\xe9\xc2q\xb2+\x22\xd3\x91\xb3\x1c\
\x12Q\xd6S\x1a\xb5{j`\xd0ga\x01\x86\x02\xba\
\xc9\xd5_+[\xb4\xed0g\x95\x8f$X-\xceB\
9t\x9c/\x18\x01\xc3\x16\x95M\xab\x16\x8e\x04\xf8\x1b\
<\x98N\x9cni`2\xe7n\xd1mA\xe2\xa5T\
Y\xe1\xe9\xd0\xd1yiP\x1c>\x0b\xca\xd3bbd\
\x88\xfc'\x99\xa5\xe3\x01\x7f\x00\x07\xfe\x8c\x18\xef\x88\x04\
\xe6\x7f\xc4\x01w\xc4\x02s?\x80\x0c\xad6?\xe7i\
1\xfe\xee\x00\x0eg\xf0\x01\xda4\x98\xff\x00sM\xc0\
\x06V\x9b\x1f\xf3\xb4\x9f\x14\x16?\x14\x1a\x1f\xa4\xceG\
\x89\xad\xc7\x80\x0cx\x81a\xc0\x02<\x00c\xc0\x02\x1c\
@\xb1\xe2\x02\x87\xea\x85\xbf\xff\xda\x00\x08\x01\x03\x02\x06\
?\x02\xe2\x04\xfc$\xbd\x9e\xe1\xd2\xce\xaa\x97x\xb84\
q\xe3\xde\xef]\x81\xd6\xd2n\xban@\xcb`\xe90\
\xf24\xe0\x82}\xbeA\xbb\x96\xf8\xa7.\x91\xcb\xa43\
\xd3\x14*\xcf\x13\xdeo=\x81\xd7\xf34\x97t=\xd9\
\xa0\x1aZ\xe8w\x91\xecotU\xab\x98e\xcd\xa28\
\xef\x14\xc6V\xa3\xba)A\x03\xb5\xa0[\xd5\xd6[\xf2\
\xad\xd1\xf84)j\xea\xda\xa2-\x8eo>V\xda\x22\
\xaa\xc1\xcf1e\xee\x9d\xe3\x1a\xe9\x13R\xa9\x97\xcb\xe9\
\xce9\xc3T\xb9\xd5\xed\xd3\xf4rw\x89F\xce\xcdW\
\xe1\xd8\xe4{\xf1\xdfOK^U\xeb\x0ae\xdf\xba\xcf\
8.\xf2\xe7\xf4\x17\xb5\xf1)\xb2ey\xda\xaan\xab\
JJ2)\xf6\x1d\x00\xb1\xa6}RGCT\xee\xaa\
Jvn|\xcf\xcb\xa0\x1c\xccn7e\xa6g\x12\x09\
{\x8b\xb3C\xce\xcb\xb8\xd7/R-s\xddc\xf2\x80\
\xd5\xaa\xa5iN\xc13\x97\xbe\xceg\x02\xd5V\x85\xa5\
;\x14\xce\xa9\x9f\xd9\xe6p8;\xad\xeb\xb3\xca\x05\x9e\
\x83\xd0\xa6\xd4Y\xe9\x1f#m\x12fO\x99\x97{\x15\
\xa9\xd2E2\xe5NHs\xec\xc9\x95\xbf\xf7\xdd\xbfl\
\xfd\xd6\x14\x85D\xd5zB\xa6Gf9\x99t\xee\xaa\
JJ\x1cu\x9f\x97@,\xaa&\xd4\x92:\x1b\xf3\x1e\
\xf1J\x950\xa9\x0e\xd0\x91\xad\x9a\xcc\xcd*/\xf7B\
\x7f\x98~\xeb\x1b\xad\xf12\xaa\xdeb3\x83\x947~\
\xac\xa4]\xa8\x1b\x17UR\x83\xec\xe5,\xed\xdb{\xa1\
yW\xd4J\xdc\xa3\xa0*\xde\x96\xfc\xa4\xba\x95h\xc1\
|\xc1\xee\x83\xf21@/qs\xf3\xb5\xe2\xfa\x8a\x89\
Jn\xc0\x15\x02\xf7\xc6\xc78\x1c\xb0\xc2\xbd\xf2\x8a\x88\
\x92\x99r\x93\xad0$\xc3#\xa2\xfb^\xec\x14/u\
*$\xf7\x812R\x1f3\xb3\x97\x8f%\xb1\xc8\xca\xfc\
\xd6\xa1\xa5L%\xe0\xa4<\xcc\xf1\x009\xc3\xfc\xedu\
\x17$\x04S]\x04/\xb2\x94\x931TU(\xb5\xc0\
a\xa1\xdeTj^*N6R\x85#,U0\xcc\
 \x04Z\xa2\x8f\xd66\x00\x05\xb9\x841\xae\x9a\x99\x8b\
R\xbf\x9fwR\x0a\xd0y\x03\xe4c^\x90\x9a\xefR\
)P\xb0>.\xf93\x8c\x0b\xdf\xfb\xc4H\x94\x03\xb3\
\x06\xd5\x13\xc9\xc3K\xda\xbe\xf1\xad\xda\xa8\xfe]%\xb7\
\x85\xe2\x89r\x90\x8adi\x15\x1a\x9e\xf8\xbb\x0f\xc2\xbe\
\x09\xb4T\xf5\xd3\xd3\x1e\x96\xban4\xf6\xe5]j\xde\
\xda\xa9\x99S\xf6\x11\xd6Y\x7f\xc8\xad\xfc,.\x95\xc8\
N\xf0\xa2\x9f\xc3Q\xff\x00Y#\xd5W\xf8\xbe\x9f\xac\
\xdb\xce\x9dA*\x93@\x82\x0eC8m\xe1\xfd2\xb0\
\x05\x1c\xb8 \xd5(\xd6\x8b\xbd-}\xa2j&\x9b\xd7\
OYe\xc9\xf3\x16]^\xf9Ar$\xaaT(\x95\
\x17fzF\x0b\xbd\xde\x89\x96\xf1xP\xbc/\x99)\
\xf7I\xf2\xdb\xd2\xd4\xb7\xd5\xdb\xdd_S>\x8a\x82\x0b\
\x1d>\x96\xa9A+E?\xfb/}E\x04'\xb02\
\x9c\xac\xaa\x88\xafw(DTEP\xa0\x91\x9c\xca\x0b\
n\xed\xd3E{TQ\x14\xe9*\xa5\x93\xc6.\xe6\xcc\
\xd5h\xaa\x08\xa0vhND\x84\xc2\x03\x9d\x82\xd1\x02\
\x1a\x9dZ\xa5\xeaV\xd0\x92s\x94)\x89\xef\xb7K\x7f\
\xde\xf9\x9by\x9d\xbd\x1a\xd3\x22\x9f\xba\x5c\xcer\xb2\xc3\
\x0dM\xd3z\xf77\xd4\xec\xcf2\xbdC\xd3\x0f+\x0d\
\xcc\xb8*yU\xcc\x07h\xf4\x02Yk\xa1\xee\xa9\xba\
\x9d?a\x10\x1d6\xf9p\x5c?\xa3\xa3\xfel7m\
*\xfe\x055Oh\xf9\xf1\xb0\xab\xbdQ\xaa,-\xb0\
v\xda\x8eeG\xe7\x1a,i\xa8\xdc)\x85\xe7\xe4\x96\
\x15\xb7\x92\xa5\xa6\x9fV\xc1\xd1\xe91aF\x8f\xbbO\
[o)r\xd3GR\x9ez\xa2\xd5.{\xd6(\xa4\
{\xc5?m\x16\xa3\xedf\xd2\xdd\xf6\xf0b\xad\xa2\x94\
}\xa0~\x80\xd5R\xa0\xe9iU\x07I\x0e\x03\xa5\x82\
\xd0eZ2\xe5\x045\xefyK-\xec\xd2\xd9/5\
G9A@gu\xbfC_\xdd\x96\x81\x03\x9c\xe6\xd2\
\xceaN\x82\xb5\xa9\xc3\x90\xe7gK6\x86pA\x1a\
`\xc5\x0f}E\xf9\xfe@\xd7\xbb\xbd\x17L\xb5\xa2W\
\x90\x97\xcbm\xad\xd9G\xfc\xb4\xfe\xf3R\xb8\xdfe\x09\
pZ\xf5\x83\x82\x1fc\xecys\xa1\x9d\xaal\xd3L\
 (\x84\x85RA!\x22\xc0\xf2\x1a\xf3\xbb\xafR\xed\
h\xba\xa5\x22\x02P\x1f\x959\x03\xd5\x93\xe6j\x89\x22\
=\xe5\xee\xca\xe0\x99Iv\x982k\xbajj\xd5\xa8\
\x9f\xac\x83o\xca\x18U\xba\x17\xd3x]%[\xce\xe3\
\xce\x9b:\xf2\xb7\xe6\xbb\x9e\xa2S]~\xf6\x82\x94\x12\
f\xce\x97\xda\x0f(\xc1\xb6\x9b\xda\xa5;\xa5!j\x94\
\xb4\x93\xf6R\x92^XT\xdd\xa4\xf7p\x17\xdb\x83\xb5\
H\xe8}\x99b\x1f\x16Z\x15\x02\x09m\xe8\xefY\x08\
w;\x89%\xda\x06\x10\xb4@\x88\x86\xa9\xff\x00\xd4\xd2\
\x85\xe6\xf1A\x08)\xca\x95+Uu?e\xce\xf9\xf0\
\xdcNk\xad4\x9fh=\xe3H{*\xefN\xa2i\
J\x92\xa7\xaf\x9b\x97\x90`\xa0\xbc\x89\x98\x9emR\xd5\
\x10\xb8\x10\xa3\xe7\xc6\xb8Nv\xe6H\x8b\x15\x8b\x0eF\
\x82\x039j\x86o\x11\x1c\x13 \xb8\xb3\x94\xe53\x92\
\x00i\xea\x97\x9c.9<8\xe3\x9bgP\xc3\xfb\x8b\
\x01\x1c\x7f\xc3\x8c\x1bY\xb51\xff\x00\xaa\xda\xdc\x00c\
\xc0\x02\x1c@\xb1\xe0\x03\xac\xda\xb8\xff\x00\xd5mn\x00\
:\xad\xad\x8f\xfdf\xd5\xe0\x07\x16\xd4\xc7\xfc\x1b_\x97\
W\x00\x18\xf1\x02\xc3\x88\x06,\xfc\x7f\xc3\x8c\x1a<\xba\
\xb8\x815\x9bW\x1f\xfa\xad\xad\xfa\x99_\xff\xda\x00\x08\
\x01\x01\x01\x06?\x02\xa6\xc2\xd4\xf3\xa3<\x93\x1bB4\
L\xa2ZxC\xfe`3P\xcd\xbdh\xeaA\x5c\xbb\
j8\xcf\xdbc>\xa6\xbbIvo]gW\x9a\x8b\
]O\x09\xa59^\x02\xb0BE*\xbbe(\xb3\xf6\
\xa6\x5c\xc9\xf8\xcc\xc2n\xb9\xf7\xd0*\x9f\xaeb\xa9\x06\
p\xf2\x1b\x1a\x86\xf7\x09\xe19\xac\xd4%\xab\xe6wB\
\x0eT\x07\xfef6\xe9<\xa9\xe2|\x9eH\xe6\xfe\x89\
3\xf0\x06&\x0d\xec\xfe\xd2x\x1c[\x87f\xb2'\x16\
\x17\xc6\x86!\x0e\x22\xaf\x85\x18;&\xf7F\x8d\x8d\xc1\
\xbedk1g\x9e\xb5\xb6j\xaaX\xa6\xef@\xe8\xa9\
\xbe\x9f\xc1\x88?\x06(\xb0G\xd0\x89\xd4i\xaa\x97\xcd\
A\x84\xcd\x08\xf9\xce\x9a\xd9\xef\x09\x98U\x15\xa2\x81H\
\xbb;ea\xb4\x18O\x8f\xf5\x87\xd5f\x08\x1fN\xf0\
\xf5\x9a\x04\x08\x8c\xfe\xe5\x16\x18\xa8V\x00\xd1 \x1b\xb2\
\x05\x0e\xf9\x99p\xa1\xb2\x7fIe\xbf\xb2ph\x1f\x06\
\x07\xcb\xc2\x83\x0e7\x86\x1d\xd1<q\xec\xc3\xf6!;\
Z\x06`\x9c{\x88\x0cPj\xbf\xba\xc576\xe4N\
\xc8\xa7\xff\x00\x5c\xff\x00\xfa?\x0f\x83\x9a\xc9\xe6U\x0f\
\xe7\xe2e\xcaC\xc2\x13vK\x170B1_\xfa\xd0\
\x94 \xf6\xa43\xe5\x8cl\xd7\x04\xe2\x0018nm\
`u3xr\xd1NV\x09\x80\x05e7\xa4\x0d\xd3\
C\x1b\xea?\xa8\xe2x\x1c\x0b*h\x9e\x1c!\x89\xf2\
\xe5\xce|\xbbs1\xa3\xe6\x18$\x82G\x0a\x85b+\
h)>S\xe9\xcf\xa7~f\x14.\xc7\xcce\xb2\xf9\
n\x1f\x06&\xeb\x16H\xb1\x0ah\xa7\xf6\x8eT\xf9o\
\xa8>\x9c4\x18Q;#\x16>[)\xc4\xa0\x91l\
\x110\x94\x02!q)R?\xd5\xdc\x0b\x8a\x9a\x17\x0c\
,3\xee\xe4\xf2\xd1\x0b\x9b\x83\x99\xcd\xc5\xf8y\x5c\xbe\
Z$a\xdf\x84!\x10C\xc4!\xf7\x84\x0a\xb6\x16\xb9\
\xd7-\xd55\x0f0\xd4/\xc6\xa5\xf2\xd1G\xe2\xc3\x0e\
\xc1\x84\x7fR\x1fYdt\xb8U1L$\xdbE\xae\
\x9f\x09z\xeaZ\xa8\xf5\xd3aI\xa6\x95u\xfc\x96B\
\x17\xea\xe7sP2\xa4\xc6<@\x86\xbf*p?\xa0\
xq\xbc.\x17\xc1r\xb9sf\x80\x8c\xde\x8a\x10V\
\x06:\x9e%\x87\xfbG\x14\x1e\x19\xc2\x87\xe52YU\
\xc1\x13A\xec\x9e)\x8a\xc3\xf6\xc1\xaa\xf3\xa6\xf939\
\x82\x9d\xfb\xc1\x1a\x22\xfc\xe9\x17\x85\xf1\x0d\xd1\xce\xc3\x86\
h\xb9,\xda\x80\x0e\x22W\x81\x95\xe5\xd2\x1a\xc18\xef\
\xd2\xf9\xde\xdf\x11\xfayQ\xb8i\xce\xd8\x85\x08`h\
\x99h~\xe8\x94\xf0}\x93\x00P\xfd<N\x1e\xbf\x95\
\x8a^\x12\x5c\xf0\xc3_\xe8\xc4\x03\xc6\x8a\x07\xd49\x8d\
\xd5\xeb\x94\xfc$\x05YH\x99\xe2\xf1\x18\x85Y\x96x\
\xf0\xe0\x0e^\x16\xf0-J(\x09\x94\xcb\xf0\xac\xb6b\
\xe5\xebN\xaa\x93zi\xaf\x91\xa8\xf0\xa6\xc6B\x9e\x18\
\x89NQX\x08\x5cd\x08\x80\xa03\xa2\x93\xd4\x89\xd5\
Q\xe6GP\xe3&\x163\xb9/\xf4\xe6\xf3\xbf\xb8\xc3\
\x1ep!\x84\xbeT\xfa\xb0\xe6\xfdBx\xc1\x0bJ\x8a\
\x10\xcaEs \xad\xeb\x15\xe3&Gw\xfa\xa2\x03\xec\
\x8c1\x03y\x13\xea\x98e\xfd\x01\xc9G<OT\x04\
\x99\xc2\xee\xaf\xa4\xc9\x9f\x0c\x94\x5c\xbc0\x83\x18\xe6\x02\
E\xf1\x03\xe1D\x8a;\x82]\xd2\x8a\x1c\x82\xd1!\xcc\
G\x084\xa3\xba\xe35#\xfc\xb4H\x10\xfe_s\x7f\
\xc6\xf1\x03\xf5\x16\xa5\x09J!p\xa1\xb2Yx\xf0B\
&\xe9\xceCD\xf1@\x91K\x0c[\xba\xa2\xaf[A\
\x22\xe4\xe3\x09M\x12\x0e\xee\xf0\x90\x0e\x05\xed\x17{\xb3\
\xbe\x01\xd2\x99\xc8\xa5\x8d\x0a\x10d\xa0\xfc\xc4P\x89\xe2\
,\xd0\x9c\xb2n\x00\xde\xc4\xcd\x9c\x91\xa0\xc2\xf98\x03\
\x98\x8a\x11|E\xf8@\xf3\x17p\x07\xa2C\xfd)\xf5\
\x5c=\xfe\x14o\x14\x99l\xccH#\x99\xcb\x92\x04s\
o\xc5\xc9\xe7 \x95c\xb9\xbc\x22b\x1c\x00T\xbd@\
)\xe2\xe4\xb8\xcc(\x01\x11\xa5\x85\x95\xe3\xf9r\x80_\
\xd9\x83\x9c\xde8s\xa2\xb2<{\x88o\x0a\xb7@\xb9\
\xce\x1b\x9a\x06\xbb\xb2X`>T\x1e%\x97\xcc\x87\x14\
\xe1E0\x16<`\x85\xe0frbq\xdd \xe6 \
\xac\xc1\xb8\x22\xcd\xf2\x8b\xde\x00\xb4\x8d\x9a\xf9\xcc\x9eZ\
\x16^!a\xc5\x1c\xd1\xe2C\xdd\x13\xf7;@Q\x06\
\xa7\xfe\xf7\xc1?\xea\x8f\xfc\x88HA\x98\x83\x9a\xde\x82\
H\xbe.\x5cw\xa0\xf6\xc4{$5\xeaRF\x87\x96\
\x89\x06\x19\xa0\x14\x867\x8d\xe2\x00\x08\x1cwAF(\
\x0aE\x84\x22\xb1\x84s\xc3\x11P\x83Hm\xd1a\x9a\
\x83\x9f\xf9\xec\x86V\x00F\x1c\xb9\x877\x12$-\xd8\
\xaa\xde\x02\xaftA\xa0\xd0E\x13\x8d\xf0#\x18\x5c_\
\x9c0,q\x12 \xe5\xb3p\xfc8\x80\x00`P\x81\
\x88r\x0ft\xf0\xce\x0f\x04\x0c\xe4X\x99l\x86H{\
\xb9\x9c\xf4_\x04\x91?\xdd\x15\xe6Ep\xfe)\xc2\xf8\
\x84_\xe8B\xccxq\x8d\xec\x16*\x97\xd2\x9f\xda\xc7\
s-\x9b\x02\x98w3\x1b\xc0\xd2\x17\xc4\x12\x08\xc3\x03\
(T\xd497\x80\xfb\xa61w\x8a\xb5\x19B\xad\xe0\
\xdejg\xb3e\x8f\x06\x192\x05)\xe3\x16'\x89\xbe\
%;\x09\xb9\xbaQ\x01X\x82\x9f,^,\x5c\xc6\x5c\
`\xc08C\x8b\x0b\xe2\xf8\xe4\x88c\x01J\x02]\xd5\
5`\xd5\xaaL\x9ej&b\x01\xbez\x1f\x8d\x06\x09\
<O\x18!\xdes\x81\x8a\x00\x0dc\xdbrE\xfe\xe5\
\x98\x89\x96\x80H;\xe5<\x22\xef\xc4\x18\xa1\x10\xaa\x86\
R(V\xb0Zp\xd0\xc9\xc1$\x1c\xbc^\x15\x032\
]\xd80aD8\xc59\xbe$o\x08\x01f\x10\x00\
\x5c\xb9/\x989\xa3\xe7\xf3\x1f1\x0f\xe4\x8d\x06\x1c\x5c\
\xb2\x8b\xbcb\xc4\x8c1C\xd5\x06\x005#\x8a\x8a\x0b\
\x8d\x11\x85)HP\xed\x5cB(\x02\x8d\xe2\xc4oH\
'] J\xde\x9a\x85\xe9\xd6\x9a1\xa7\x03\xb7p\xdd\
\x98\xc0\x17\x97\xd6\xf7P\x0eU\x09N\x0b)\x81\xc2T\
t\x9a)\xb0K\x9b[m\x0e\x09\xfe\x1b\xc8\xbd\x12*\
\xab\xc3\xb8\x91\x1a9\x1c\xe6_2\xad!\x0a \x18\xc5\
\xe7\x04\xe1\x9fVe\xfb|#\xea<\x9c\x13\x1a1Z\
P?\x80R\x99j\xfc\x1b\x91:P\xf1\xa1\x17\x7f#\
\x1c|X1\x89\xda!B'k\xc30\x87\x93HI\
\x17\x8eg\xca0\xa1\xc1\x84`\xcaC?d\xf1bD\
\x0d\xdd\xe0(\xe9qzS\xea\xdf\xac\xf3\xbd\x88\xdcR\
\x19\xf2\x9c7{\xb21N\x22h`r-\xe01\x8f\
\xd0AN=\x1e\x11\xb7b\xc1\xcbd\xa2\x90\xda\x0eL\
\xe8\x18\x13/\xc5\xf2\xe0\xac\xb7\x17\x87\xe3\xa8?\xca\xce\
\x15\x99\xa8?\x99\xa9\xc2\xb81Y\x17\xc1\xcc\xf1\x0e%\
\xff\x005\x1f(>\x0c\x03\x7f\xbb\x87\xe5\x14\x8d\xff\x00\
\x8c\xe2_\xf6\xe8L\xa4s\x14\x9cw'\x0b\xfd$s\
3\xfb\x8c\x02\x82\xc6\x04Q\xf5\xc2\xee\x9d)\xf5\x1c8\
\x85\x12D\x87\xc2\xceC\x90\xc0\xa3\x10\xe5\xcc\x14\x0cQ\
\x04\xe3\xff\x00\xf8h\xdf\xbd$\x18\xc7\x86bB\xcc\x04\
A\x80s\x02\x82(B?\x87\x10I\xa8\x0c\xc9\x16\x02\
  \xd0\x10`\x80\xe9\x04\xfa\x9b\x81\xf1\x88\xd13\xb0\
2yr\xc0\x83\x1b0#\x12 ex\x86Z1F\
\x01\xa2\x99\xa3\xe1\x8c5\x95m\x05\xea\x04\xe30G1\
\x03,\x03\x9a\xc9|l\xc9\x8cHA\xba\xde\xd1\x8a\x02\
\xfc\x124@\xe2\xfc*7\x85\x06$_\x0b/\x1e!\
\xe3D\xdc*\xf7HS\x10\xbey2\x10!\x1b\xc3\xcf\
\xe7\xe3C\xe2\xd9\x81q\x89\x02\x08\xaf#\x08\xd8\x8fi\
I\x96\xe2\xf9`\xff\x00M\xc5\xe0\x86a\x8e\x87\x9a/\
g3\x0b\xa5\xbd)\x1e\x09ce\xa0\x0f\xf7\x92\x9f\x7f\
7\x1c\xb9xL\xcb\x037\xcf~\xa4\x89\x10\x99\xee\x10\
hPC~<Rg\x8b\x14\xb0I\xeb\xc4\xf0\x80T\
\x09\xc0xd\x18\xdf3\x07+\x0f)\x90\x8d\x9aP\x94\
#\x8f\x89\xf17\x16\xdd\xdb\x813P\x8c\xc89#\x8e\
S-\x04\x19\x0e\x14(=\x8e\xc9u\xbd\x0ar\x8a\x8c\
Q\x03\x14A\xe0 +\x01\x04\xcb\xc4\x88a<H\x81\
\x9b9\xceaX\x98\xc6\xcb\x9cLa\x148\xff\x00x\
\xe0]\xe3\x7f\xf2\x1a\xfd\x94\xfa\x88~w!\x9b\xf12\
\xd9_\xf8,\xc7\x8e$\xdd\x8e?\xa8\xc0R\xd6\xc9c\
\xf0\xbc\xc8\xff\x00\xa5\xe2\xf0\x0d\x94?\xe1\x8e\xfc\xb4@\
\xd6\x02\xc0\xc5\x09\xc2L\x1b\xb1~h`E\x1fT\xb0\
\xc7\xe3D\xe6(\x08\xa4SA\xff\x00\x85\x80\x05\xcad\
\xca\x1d\xd2\xe5\xb2\xe1\xe1\xc3\xdd\xc7\xbd\xcf'\x03\xff\x00\
\xf3\xfc?\xceyx\x7f\xb5\x1b\xfe\xdc\xc9\x1b\xfd\xecO\
\xdf\xa6\xeb\xa8/\xc9Q`\x8av\xbc\x89\xd53U\x0f\
\xc9E\x17\xb6\x01\x87\xf6\xe1Ir]>\xfey\xf7\xb5\
6\xc8\xea!\xf2Oe\x06\x99>\xeaa\x9c(:\xe8\
U\x5c\xd7e\xe1;\x89\xfd)\xc6\xb2\xa7\x8f\xc2\xb8~\
\xe1\xb8\x7f\x13Xx\x99(\xf1DF\x1e^\x12\xfd\x22\
4\xe5\xd4;\xa2\xc1\x04<\x11\xca\x0f\x19\xe0\xa0#\xe1\
faB<hA\x0c\x5c\x11\x0aE\x9a\x10\xe9)\x99\
\xa1>\x07\xd3\xf0\x031r\xa1\x88\x8e\xf6\xa2\x94\x8bB\
qO\xaa\x8c<\x17\x80e\xbe<B\xc7\xff\x00K\x12\
$\x12\x86\xf1\xbc(Q;\x80 \xf8\xb1.r\xd3+\
\xc0\xf8\x11B\x07\xd3|\x19P\xf2\xa5 \x09\x09\x9b\x8b\
\x0c\xbe\x18G\xdc\x1f@\xa0\xc8kk\xcc/O\xa8T\
\x1d\xec\x9e\x5c\xa5hv\x8cL\xc7\x88`*\xde\xa2\xb5\
39N'\xdb\x81\x958ql\x91D_\x99\xcb\xf7\
\xb2\xe0\xbf\xea1\x98\xa7\xceG0o\x1c\xb9\xc8\xd1\x8e\
\x22\x00R\x8cXb\x00\xd1\xd6*\x04\xcc\x94J\xa1'\
\x0f\xe2\x10\xcd\xbc \x1b\xb1\x0d\x0b\xc3)\x04F\xf1\x16\
!\x0eC\x1a\x14XF\x01)\x8a*9\x0eA`\x80\
\xeaN+\xc4|0\x85\xc5\x0d\x906G4\x05\xdd)\
3\x82M\xd8\xa4\x8eB\xfa\xcaz\xba\x93\x8e\xab\xd3\xe1\
Q!\x11\xa0\x1b\xd1\x0c+)\x0a\xb7\x8a\x10\xa2b\x93\
x\xc5.\xf9\x97\xbaE\x8a\xb7\xcc\xab\x81\xe2\x99\x0e\x19\
\xc0x\xa0B\xe2_O\xe5G'\x0300\xc6\x1eh\
\xc5\x03\x8cH\xd13Y\x08\x82\x02x1b\x09\xa2\x01\
\x8a=\x913\xdeT9?\xb4F\xe20\x81{\x99\x9e\
\x15\xfe\xb6\x1cB\x85\xfe\x11> `b\x02\x16\x14/\
\xa7\xf8\x86_xT1x\x84\x13d \x93\xf1\x18\xf9\
\xad\xd6`\x02\x99\xdc\x8f\xcdC\xcc\xfdC\xc7\x09\x14\x80\
$`\xc5\xcdE\x85\xe0\x1a$\x22\x0bB\x0eX\x82\x22\
\x06\x17\x9b\xdaPql\xbc\x1d\xcf\x166k+\xe1\x04\
H\xb0\xe1\x01\xfc%\x0cE\x0cA\x07'\xe9\xe5\x7f\xeb\
\xf2\x9f\xcc\x99\x5c\x96s\xc2)7I\x9a\xcc\x89b\x90\
\xc4&_x{#\x10\x18\xb3)@\xa4\xccxp\xf2\
\x84\x84H\x87\x87\x04\x91rYx\x91!\xc2!\xb7H\
A1\xc18\x86C2\x10\x033\x94\xf0\xf3\xb9\x03\xc3\
\x87\x0b-\x0f}b\x07\x80\xa2\xa8\x16f\xab\xeeH\xe5\
\x12\xa8\xc1\xc6B \x94U\xbd\xe1\x96\x10B1\xf7^\
\xad\xe6!#+\x7f/\x10\x06\x06n\x0b\xc26Z+\
\x22\x17v\xfd \x81\x13*p\x18\x1e!s9\x18\xa0\
 e\x00\x1b|!\x9dW\x90X )\xfd\xcb\x85G\
\x81\x0f;\x14\x0b\xf3\xbc6<R\xc2\x88\x11\x807F\
$\x03\x1d\x82\x03\xfe4&\xff\x00\x13\x8f\x94\xe1\x99b\
\xb4\xf1cf \xc48\x86\x88P\xa1\x08\x89\x87@!\
O\xc3\xcd\x13\xe4JL\xc9\x8ah\xea\x860\xc0\xd0\x0c\
E\x08\x88\xb9c\xd9ZE)\x81F,C\x80\x86\x81\
\x034\x13\xeaEzy|\xa9H\xd0\x019\xa1\xc44\
C\x81@^\xa0h\xcaS\x94D\xa6(\x81\x8a`x\
\x18\xa2\xb0\x10L\xc7\xd4\x90\xd4\x1cC?\xc2\xf2\xf9S\
\xc1\x0d\xdd\xe8\x11\xa2\xfc,\xceiWv\x14\x05d\xbc\
\x14}^\x09\x93\x82e\x08\x0e\xecXBo\x12\x18\xaa\
\xf0X-\x22@&b\x06\x5ca\xc0<m\xe8\xe6P\
\x0e\xe8\xabt\x15\x8bd\xc9\x19\x80X~1\x8ea\x10\
\x00)|\x03\x15b#\xacA3\x048n\x98#D\
X{\xd5\x06\xd5\x1dJ\xb4\xed\x5c\x8cU\x19NQ\x12\
\x98\xa2S\x01\x82\xe3\x11\x09\x14\x15\xbe\x1d\x98\xa1\xa2'\
T\xdf$\xd7V\x19+gb\x98T\xdfD\xaeB\xb2\
\x8a\x14 \x10(\xc5\x88H`cwJ'6\xe8\x09\
\x87B\x01\x0f\x10\xa4\xcap\xbc\xa9\xf3Y\xec\xcf\xa5\x9a\
\xcc\x88.4P[\xccsva\x87\xb2\x09\x9c\xceC\
\x8b\x02&O3\x984H|35\x0b\xc4\x81\x97\x83\
\xdd\x87\x06\x11\xca\xa3\x83\x1e\xd6\x8bQp\xf8\x0f\x04$\
\x7f\xeb+0\x22\x03\xa5K\xda\x82^'\xc4\x0f\xf2\xcf\
\x0c\x96X>_&\x1a\x17\x08\x9d\xecN#E\x0f3\
\x94\x8f\x1b+\x98\x82m\xf8Q\xf2\xf1\x0f\x06,3\x05\
\xe4\x88F\x82\x16\x1cx\x99\x0e(\x05\x00\x00>\x7f*\
>*\x83\xd6\x8b\x94416\x22\x82H\x108>D\
\xc2\x0a\xf1\xa0ec\xc58k\x00\xcd\xc4\x88_\x22\x1f\
;\xc4\xf3\x91\xf3\xd9\xb8\x9d\xe8\xd9\x88\x82s(\x1cB\
\xdcR\x85\xc5+\x02G\x07B\x00\x0b@\xac(=@\
\xf5\x04\xf6\x8a\xf1\xb1\xc2\x87eE`\xb5\xa0\x01\xbaQ\
a\xe4\xa2\x0d\xe5\xf81wK\x144z\xa6\xf7Sh\
'5\xf2\xdfA\xaaU\xd2\xe1-\xf3\x97/]e\xb3\
\xc2\xa2\x12*\xa4\xda\xc5\xd5 \xd4\xd0H\x5c3\x89\xe7\
\x8a|\x8c/\x04|\x180!@\xf1\x8f\x00\xbb\xa4\x89\
\x1c\xc4i\x86\xfd\x0b\xba\xdb\xd7=\x94\xe3H\xce\x8b\x91\
\xac\x1a/\x95\x89\xfa\xb9p\xec\x88\xfap}\x1f\xcb\xdd\
\xe8L\x1d7\x17#\xa8\xb6\xc9\xe4@\xa2\xc6~2\xdf\
O\x84\xdc&*f\x12\xb6\xd2\xe7\xe4\xdbzi\xdbC\
\xb6\x8f\xb4\xd0\xf2\x82,\x1a\xb9\x19:\x1e`\x8f\x86e\
\x88z\xe5\xf4\x8a\x84\x8cF\x96!Jb\xfb4\x9a(\
\x1bP|\xcc$\xbe\xa5\xb6G\xcdu/Zi\x98\xcb\
)H\xb9Z\x8dNi6r5B<\xf6\x1a\xca8\
\x82k\x0b\xa8\x0d\x928\xbfx\xf0\x17\xfbE\xfe.\x99\
\xb7H\xc9.\x9d\xa2^\xb90\xa8\xaaf\xca\x8e31\
\xa0\x00\xe4Cy\x0e\xa9\xcf\xad\xaaE\x85\xd7\xa6\xe9\xd5\
\xbd\xe7\x9f\x0e)\x05G\x86b\x98\xa3\xf8\x92\x1cr:\
 4\xbe\xa1\xbd2\xf4\xcdu[j2\x5ce\xc2h\
\xcb\x8d\xf5V\xbe\xc4m#\xed\x06#k\xed\xab6\xc3\
\xf3&\xe9\xdfp\xad\xf31\x92\xf4\x1c\xa9\xc7\xb1\x98\xee\
h$o\xf6\xba\xa4\xd9&)|\x8e\x97\x196R]\
C\xb2\x81\xa9\x8dI\xe2\x8b\xa2\xd7A\xb56\xf2E\x9c\
\x97\xbaM\xc3\xbe\xe1\xd38\x0c\x0f(\xac\x04\x1e\x06B\
Ef\xf9{\x11\x8b\xa2!=/{\xbc\x8c\x99\x8a`\
\x97\xcb\x84\xd1\xa2\xc6f2\xed\x9e\xf9\xf8\xd2\xe9\xd3&\
2\x8d\x88\x1a\xd1v\xe39'\xa6WK\xban\xf0y\
g\x00\x1cU\x06>\xec3\xad\xc0oD\xdf\xe3J.\
f\x0d\xa3\xea\x91\xd47I\x8dOl\xac\xa2\xc2\x93\xef\
\x9e\xcf\xb2\xac\x1a\x02\x9f\x88\xaf\x09\xc0C\x8f\xc6\xcb\xf6\
\x0e\xbb\xcb\xfeQ\xbf\xc6\x89/\x95R\xb6\x88h\xbc\xb5\
\xbc'6\x87d\x98V\xdf`<y'\xe6\x98\xca\x0b\
\xa7\xbe\xa3\xbc\x1c\xe1\xa57\x82\xf9\x98\xa1#z\x03\xd9\
\x8a]0\xcf\xfe7\x90\xa6 \x80\x94\xe0S\x14\xc0/\
/\xad4h\xefNt\xdb.\xd9\xd8\xd0\xdf[t\xec\
$\xeb\xa5\x0am\xa9\xa6j\xa5eQ\xb2y\xa8\xf1\xac\
6\xd9l\xfc&\x8e\xb4t\x8a\xa2t\xc5z&~\xa3\
N6F)\xbbP\xc3z\x00\xe9\x87\xe9\x17\xdd\xa1\xc2\
v\x14N\xa0\xc6v\x9alh\xd7?\xc9:\xe4\xba\xce\
U(W\x17h\xebM\x96&\xe0\xbc\xa0\xcde\x93\x19\
a\xc6\x86*9\x0cS\x07\xf2\xa4,\xc47\x1c\x16!\
\xea\x1b\xd2/L\xbb\x13d\x9be\xd8\x9eivM\xba\
W&\xa4d\x83W\xc6Q\x94g\xba\xc6\xc6\xcaU\x8e\
\xca]v^\x8a`6\x84\xde\xd37\xe5\x22\x1b\xe0\xe6\
\x07\xb2\xb7\x127\xfb]\xde\x89\xb7%\xe9\x8c\xcb\xa7k\
\x97\xef\xa9\xed\xa0\xeb\x9b\xb10\xa96v\xbb+\x0a\x96\
\xabi\x95Le\x0b\x01I\xb8.\x1f\xde\x9a\xb0[\x05\
` \x859\xbf^\x1f\xc3\x8c\x1f\x8b\xd6\xf7\xba\xe5\xb9\
0\xa0l\xdd\x0aLe\xd9>\xf9]I\xd6\x9dU\xe5\
\xca\xcaL+\xb8\xdb/\xa8\xb5\x02\xbe2\xddN\xca\x1f\
\xc4V\x0c\xd2\x9c\xdf\xa3\x13\xb1\x1c?\x0f\xad\xee\xf5\xa2\
\xc0@V\x05\x10P\xbc\xb2uQct\xcb\xd9I\x8c\
\xd5\xca2\xb9\x1dZe\x1d\xd5\x17T[l6\xab\xaa\
\xd0\xc10\xa4z/\x98}\x94_D\xdf\x92\x8a?\x12\
\x00.\x18\x88\xf7\xe0\xfa\xbe\xec\x97\xb1>\xf90\x97\xcb\
'\x92K\xa5\x1alj\xbej\xad\xd3Ub2\xddm\
\x1b\xb9\x07\xb88\x954\xcc\x87\x98\x82*<#o\x00\
\xe9\xf5\x8b\xef$,\xcc>\xecB\xad^\xa1\xbd\x22\x9b\
\xd9\x195L\xea\x9b\x84\xba\xe6\xecEL\xf2\xcc\xd9%\
\xc8\xd99\xee\x9ft\xd5\xceu\x08\xccjc.\x12\xdc\
\x8a\xd1\x5c\xc6\xa7\x8d\xad\x8c\x8e\xb0\xc6\xc8X\x5c\xd0\x14\
[4\x08~)\xa7\xc9D\x15C\xccv\xa1\x08\x8fr\
1=\x1fx<\xc0\x9fr]&\x99<\xc3.\xd9\xdb\
k\x0e\xb0n\xaeab6\xbe\xdaO\xba\xc8\xd5`~\
\x13\x0a\x87\xf9\xa6\x94\xe4YNC\x14\xc50\x5cbw\
R\x0e`\x15\xbc \xa8\xa5\xf5#\x13\xbcTo\x9d6\
\xccpO\xd5&\x17\xc9\x8c\xc1\xa1\xc2\x91\xb4k\x98\xde\
\x89\xca\x9d\x8a_T\xbb\x93\x0f\x91\x92\xb8l\x07\x22\xe8\
q\xadn\x8fx<\xa5\x9b\xf2\xa7\x1f\x85\x9b`-\xc4\
\xccz?\x9b\xbb\xd1A\x8c\xdf\x22\xe7\x0c\xb8\xa3(\xba\
\xa8\x06\xd3U39 \xc1\x14\xebN\xa4\xbd\x14\xb0\xb3\
\x19Q\x03\x05\xcfE\x85\xf37\x8a\xb00\x0a\xc0A\xe0\
d\x87\x19\x9e!{\x11\xc3Db\xf7\xbf7{\x9d\x15\
\xa1\x14\x97%\xc8\xd9.\xe6Lk*\x9e\xc9\x1d3e\
P(\xaf\xafaa\x8d\x96\xe9\xef\x19\x97U\xb1\xa8>\
\x93\x09\xdb\x82\xe1w\xb57\xc09\x87\xc1\xcd\xee\x90V\
\xe0\x8d\xfeQ\xbf\x87\x9d1\x92\xfa%*b\xa6\xf5S\
co\x0d\x93\xa2\xc1\x1a\x06T^)r;\xa1\x1c=\
\x16\x9b.E\xde\x0c\x19\x81\xa9\xa0)\x0e(\xfe\xa9\x03\
\xc1\x8e\x01\xfdBz^\xf0(\xdc\xe9\x8c\xccfl\x09\
\xdduq\xa8au\x0e5v\xf2\xd1\xfc\xc3#V\x8f\
\x0ev%\xdc\xd57\xd1\xbe\x99I\xa8X3K\x0e \
\xfc\x1c\xe6\xec#\xfe\x08\x9f\xe5\x1b\xa7\xb3\xce\x97'4\
\x9bf\xde\xf7\xc9\xb6s.\x9d\xb2F'\x92\x85\xd3q\
L(\xee\xa5t\xcb\xabXY\xbb\x11\xb6\xc3ho\x0c\
\x11\xfd(\xd0\x0ed\xbc1G\x858\xa65\xad\xd1y\
]\xec\xcc\xda\x90c\x08\xfcR\xfc\x18\xeb\x7f\x88OK\
\xdea\xb9\xd3h\xce\xd8\x8c\xd2\xe9\x97#\xa6\xec\x9b\x8a\
_Q\x0a7T6\xa2\xf9\x0b\x84\xc5[cB\xfea\
F\x87Bu\xd8\xe0`\x04^\x97\x0c\xcf\x968\xfc\x1c\
\xe6\xe9\x1a,\x08\xc4\xfd#y\xcb\xcf3\x0b\xa4\xdb-\
\xd3\xafK\xe5\xf3\xa6(\xf9\xb7L\xeb\x9b\xb6w\x9e\xa6\
\xb9\xd8\xd5\xf0\xe5\xa5\xf4\x0c\x11\x04kQ\xfd4\x1b)\
_P\xdc\xe7,\xcd\xe0\x11\x03\x14w\x80\xda\x0c\x903\
,\xdf\x12\xee\xc6\x0d\x11\x89\xdf\xfenyo\x93bu\
\xcc\x14\xbeK\xda\x97\xca2y\xc5<\xd3\xba\x93T\x98\
T\x15'=SM\x13%o\xd8;\x04T\x9d\xae\x94\
b\xb9\xac%\x85\xd7\xa0\x0e\x9b\xa5\xc5\x0d\x928\xfc,\
\xdba\xad\xc1\x98'\xf3\x07\x98\x13\x9d/\x92\xe4\xf2H\
\xc4ji\xa0t\xcd\xb2y\xe6]3D\x97Q\xe3<\
faM\xa2\xdaU\x1b\xe5]\x05\xfc\x84Xy\x11\xad\
WJ3\xa0l\x15\x5c3\x08r\x08\x94\xe41LS\
\x07x\x0cN\xe9\x92\x06h\xaa\xf8\x84\xf8\x85\x0fB1\
;\x06/Jy\xd3\xca2:U\xa5\xd2\xe9\x93\x0f*\
uN\xb9\x1bF\xad\x122v\x13\xb6\xa6\xdaU\xd7t\
Y\xad\xe4\x1d\xf5&\xf6\xb5\xde\x8c\x15\xea\xb0\x03H0\
fE\xe1\xe7\x11\xdc\xcc\x07\x8b\x05b\xe8\xc5/h\xbe\
\xf0y\x91H\xa4\xe6A\xc2Lfi\x99\x88\xcb\xd5/\
\xdd'T\x97K\xb4d\x19Y'\x96\x95Ze\xc6@\
\xa0\xba\xac\xcbE|\x99\xbf\x99\x00\x0c\xdf\xc5\x5c\xd5.\
\xa1|\xc8q\xa1\x08\x94\xf0NS\x94\x7f\x11\x0c\x903\
0\xbb\xb1HS(.7\xa4_tV^i<\xd5\
!K\xd3\xae]4\x98\xd0=\xee\xb1\x17Rm\x8e\xc9\
\x1dn:\xaa\xc4\xd0:4\xd196U\xe3p\xd8\x83\
\xde\x5c|\xba\xc7\xd2\xff\x004\xbect\xcb\xb6L.\
K\x9b\xa1\x1f3\x04\xdb8(\xb6\xa7Zm\x99\xae~\
\xaag\xf3I\x85C]\x13\xa7cj\xb7\x92=\xae\x9a\
\x1c&\xb2\x9d|\xc32\x06f\x17~\x04R\x9c\x03O\
\xac_x;)\x073\x08{\x11\xc8S\x95\x7f\x8d5\
\xcb\x86\x99\x8a\x92\xf4\xbe\x8e\xea\x1d3\x94\x9b&\xad0\
\xe5*\xecW\x22\xac\x8d\x88\xbf&\x8a'\xd4\x95\xa2d\
n\x1b\x10\xcd\x83\xf1\xf2\xeb\xbe\x19\xcd\xf1K\xee\x8fk\
\x9eO*\xa6\xecK\x93\xaef\xc9[\xa6AL(q\
Ny\xe1;U\x94\x03o\xbf\x91\xac\x14U\xfez\x0e\
jlg\x00\xcb\x97\xcd\x91\x7f\x04\xe5\x13\x17\xd7\x87\xdc\
1}\xe0ZC\x8d\x0c@\xd0\xe2\xc3)\xc8m%?\
l\xb2u\xa7T\xb8Pm\x9c2uR\x8c\xdci\xf0\
\x93\x19F\xab\xb2\xa0\xa9\x02\xccT\xd6\xced\xd7r\x0b\
t\xdc\xc3L\xbaUtL\x89\xc3\xce=\xbc\xb7n\x0b\
Z0Nn\xd1}\xd1\xf3\xa7\x9ac\xe5\xc2b\xe4\xe6\
rm\x9b\xce\x9f}>2]A\xa6L'\xed\xaa\xbd\
\xd27\x90\x97J\xc9\x8c\xb1\x1bb\xee\x9b\x98F\xbd\x03\
6E\xfc#v\x8a\x1e\x9c3\xf7\x8b\xd0\x90\xe3C0\
\x18\xb1JS\x94\xc0/)\xcb\xbeY9\xe5\xe6d\xdc\
&_.\xc0\x91h:\x92\xe4\xc2O\xbaf\xd9\x98P\
.\x9b\x14\xbe\xa7}Y\x83g\xb6G\xd9N\xb1\x19*\
\x8d\xcc5\xd6!\xf8lc|H=\xbc\xba\xef\x83\xe9\
\x17\xdd\x1e\xd7>\xa95\xe8K\x93B\xe8\xb6\xd0\xec\xaa\
\xb3\x90\x1c\xf6{+\x81>\xeb\x17t\xdc\xc3?\x0a\x9a\
\xa5\x83\x99\x84\xc3\xc11L\x1a\x07\xd6)\xb5\x18;)\
\x0b3\x05{\x91\x8a\x06\x0d^\xb1q(\xae\x8f\xce\x9c\
\xf2\xedK\xe86\xa6\xc4\xc6\xea,hWF2\xf5\xd6\
\xb5Q;\x93! #\xac\x8d\xd3<\x1c#}Y\xb3\
\xcd\xc3b\x9b\xb1\x17z&Yb\xe8\x9e\x94/x;\
\x5c\xda\xd3\xaev\xd9z\xa6\xe1&3y\xe6\xed\xa3\xdb\
6\xeb\x0b\x0a<'\xbaF\xba\xa06cy\x0d\x82~\
 \xae\x1241\x12\x9e\x11\xcar\x88\x5cb\x19 \xe6\
H\xaf\x88\x0a0\x07\xa1\x10\x9d\xe2\xcb\x82m\x19Y'\
\xdc\x82\x9b\x11\xd2m\xa2\xeb\x9d\x8a*W\xcc\xc2\xa0\x09\
t\xc7\xd0\xe3>\xea\x98Z\xcb\xbe\x8d\xbc\x85\xd6\x0f\x0a\
\xe0\xe4\xe2\x1b\xe0\xe6\xc7\xb2\xb1a3\x1e\x8f\xe6\xee\xf4\
%\xd3\xfc\xcaEydxI\xb6K\xe5\xc6K\xe4\xc6\
v\xc4\xc6M\x92l\xa1\xc2\x85\x96\xb3mw\xa3f\xae\
\x98m\x05\xf4\xa2\xf4\xd4UA\xac$\x01p\x83@B\
\xe4)\x8c!\xf3\x10\xb7aG\x0d#\xe8\x9b\xde\xebL\
$}\xf2:v\x12*K\xdd?\x1a\x96\x13\xb0\xa4}\
y\xf4\x0a\xd1@\xbba\xd2\xdf\xc8\x16\xf7E\xf5\x95\xca\
X\xad\xf0\x8f\xf0\xe3\x94/\x87\xebbT)\xc8 b\
\x9c\x0ab\x98\x1c z{\x93\x19\xf7\xcd\xd9E\x8c\xb8\
K\xa14\xd0\x03\xf1\xad\x8d\x0b\x17@\xca-Rh\xb5\
\x98##-\xfd\xce\x8a\xce)\x8c\x9f!\x1c\xcfn\x5c\
\xc2.\xf5\xe1\x7f/:hLSb^\x8e\x91\xfeT\
x\xf3\xcct\xb7\xa7?D\xdb\xe8\xfa\xa9\x17F\xb9\xba\
\x91\x94\xecw&\x9e\xed)\xd7o~ } R\xaa\
B\x9c\xa2%\x12\x8e\xf0\x08<\x0c\x80\x22\xaf\x1e\x1ff\
1\x7f\x17\xac]FN\xa9\xb7\xc8\xca\x1f<\x9dr\x0a\
sL\xc6A\x99\x85\x862aG\xae\xab\x85\x98\xda\xb3\
\x1d\xa1\x1a\xcbqar3\x9e\xb6H\xe4Z\x80Tr\
]\x12\x1f\xa4T$hb\x22C\x95a\xfc\xa9\xb6~\
\x8aQK\xa8\x17(\xcfmg\x0a\x1d\x95\x17I\x8d\xbf\
\x8d#\x16\x8d\xb1F\xad\xaa\xfa\xde\xa4\xf0\xa2\xff\x00\xc3\
E\x16\x8f\xf4\xcd\xeb\x7f2i[Bv\xd91\x9d\x8c\
\xaf\x9b\xf7\xd3\xeb\xaacQ}&)\xb6`Q\xafM\
\xab\x8d3\xc5;]4\x8a\xac.\xad\xba<\xc3D\x13\
\x06\x982\xb1\xc4Y\xfaG\x1f\xdd\x99\x8c\xbfz_%\
\xf29\x1d*\x96\x8f\x19p\xa4\xe7\x93\xcb[d\x9a\xe6\
\x5c4\xbds\xd9e\x85\x92\xce\x84m\xb3\xac\x1e\x14j\
\x93\x19\xe0\x8d\x9c\xb0`\x80\xac\x04.O\x0a)\xbbe\
`\x08\xa72]%\xf2\xe9\x9f\x8c\xaa\x9a\xd4T\xeb\xa4\
\xc6Le\xdbA\x8dF\xe9\x8d\x9b}A\xb4\xb8\xd7\xf5\
Y[\x11\xac\xc6\xd7_J,/\xa1\xbeP\xa7\xdf\x0b\
\xae\xd2\x85\x01\x16\x8b\x00\x7f\x84\xd2\xf9\xd3l\xfb\xf9\x91\
rl\x97\xaa]\x934\xd1a3\x19\x97\xd0)/\x9a\
\xfa%Su\xd9\x00\xe6Z\xba\xb4\x0al\xb5\xb5\x1b\xc9\
Y\xc2_\xc0,0\x7f\x12\x14\x0c/\xdd\xdd=w\x09\
\xbeiu\xcc\x19p\xad/\x95\x0do\x9d.\xb5w\x07\
\xdd\x11\xfd\xda&\xd4\xbc#\xb4\x86\x16\x08\xdcd\xdd3\
J.\x1d\x08\x02\xf5\xdf#$\xea\x93\x0a\x17\x04\xaeG\
T6\xc9|\xcd\x96B\xa8\x95\xa0g\xbf\x91lN\xd7\
M\xaa\xa1\xef\x07\x96\x88)\x14\x98K\xaeO\x08\xe3\xda\
/tF\xf2\xa6\xab\xc0Q\x83\x89E\xe8\xf0\xe9\x97L\
\x9b\x11\x94j\x95\x92c3m7T\xfci\xd7Ou\
\x8a5Q\xb1\x99\xd0\x9a\x06\xd3\x01\x0b\x93\xf1\x03\xc2\x85\
U \xf3\x85\xc9\xf8\xcb\xde\x0f\xe2K\xf1N\xdf\xe6@\
G\x8a<\xc9\x7fJ_\xd2\x97\xa5\xfd)\xde\x14\xb9/\
\x0cA\x1e\x13\xaeG\xe2\xa4\xfb\x92\xfe\x84\xbeG\x82<\
\xbd)r];\xa8R\xe4\xba\xab\xe5\x95\xf2a+S\
\x9d1\xaf\x0d\xb8\x15]\x96\x96\xf0\x22\xfaCE&4\
8N\x03\x96\xeb\x93|\xb7\xbc/\x03I\xab@\xa3\x1f\
yE\xf4O\x1e\x94x\xa3\xc7\xa5/\xe9\x9d\xaes&\
u\xa6\xd9\xb7\xa5\xf3\xaf\xaa\xde\xf9\x02\xa1\xaa\xd3W\x96\
\xcazv\xbal\x87\xd1,:\x11~M\x08\xba\x90P\
/\xd1\x16\x18\x10\x04\x14\xa1\x05\x80\xc8\xbf(\x22\xa2~\
`L\x5c\xaa\x1d\x886+f\xb2\xa0\xba\xbe\xcb#\xae\
\xc9|\x9auZK\x0ep\xd2\x9b\xc1\xd1\xa2\xb7\xb8~\
\xe1\x85\x83\xea\x9ac\x1d\xea\x8b\x93@\xfa\xa3<f\xe3\
2\xf9\xda\x17E\xb2\x81r\x0d \xcd\x1dH\xe9\xb7W\
[M\xb7\x90j7Ji\xc2\xd0Xs\x86\x94`\xe2\
\x1a\x10$\x0a\xbe\xd4\xf0\xcc>\xc8\x8f\xee\xc8\xc96\x82\
(\xfd\xa2\xb9w\x82,\xa3\xcc\x9bh\x1b[u\xf2\xec\
\xa9\xb6\x87\x9a\x83\x9a\xd5U\x9d\xb16\x22\xac\xf5\x96\xe4\
\xfcW\x96\xb5{\x13t\xdd\xe2\xf9K7\xb2\x22\x03\xa9\
;`\xbc\x18)\xde\x0c\x05\x83T\xd9Av\xb9\xae\x98\
\xb4\xf3\xc86&\xb0\xe5\x17k\xa6\xd0X<\x1c \x9b\
\xa7a\xbc\xf4AP]\xfa\x91|\xc2\x09\xd79\x86\x16\
\x5c\x8d\x00\x1dh\xd5\x82<9\xe8\xb0\x9b\xd7*\xe9\x19\
>\xe9\x9a\xa4\xbef4\xfa\xb9[\xabE\xa1\x82n\x9f\
\xf3&\xda\xbe2,\xa2\xdb\xc3Jo\x04\xdf<\xde\xa4\
\xebK\xb9\xa4z2O8\xcbr<\x12\xe4\xc7Z=\
\xfa\xd1\xe8\xf4z}\xc9\x7fB^\x97\xa5\xe9|\x97\xb5\
/\x96\xf9u\xc8\xfa-\x88\xd4^\x9a\xbe6c\xed\xbe\
\xd7M\xa1\xa4\xb7\x94Q\x9eW\x85\x06\xaa\x17P.\xe1\
x\x22\xc2\xf7\x0d=\xe9z_SSt\xd0\xb1r]\
Ar]S\x09\x98\xdbxY\x9a\xb4H\xc9\xce\xb27\
\x81`!\xa1\x14u\x14t\xdc5 \x9e\xa1\xee\x8f\x92\
\xac\xf0\xe9\x91\xc2\x8e\x04\xb9\x1f\xe4G\x8a<f5a\
C\xb6\x97\x0b\x01T.\xe4\xba\xc1h\xdbC\xd6.\x81\
\xb9;\x22\xbd!\xe9\x04\x8d\xaa\xe2\x8a\x1e\xed\xc8\xc9\xd7\
\xca\xf9\xb7\xccx\xcf\xc6\x87hI\x8d\x0f]\x05\xd4[\
(\x98\x8d\xab\xeb\xb1\x97hj\xf2\xa2\xec\xf5\x94D\x04\
/\x04\xdd\x8a\xcf\xc5p\xcb\x8dM\xb2(\x5c.\x1d\x12\
\xe0\x9bS\x04\xc6\xa5\x8d+\xc7\xa6j\xe8\x9bV\xd9?\
\x0bXm\x15\xa6\xcb-\xd3}b\xfa\xa2\x8c\x16\xdeQ\
x#\xddC\x8d\xbc\xb9\xeb\x98\xd9\xbb(\x06\x8d\xfc\xa5\
oL\xcb\xa7\x8d\x8a\xc6\x08^\x08\x05\x8d\xccp\xfe$\
b\x947\x85H6\xa3h\xb0\xa1\xd7WbsS\xdd\
L\xaa\xa0\xcc\xd5\xc9\xcdH\xb6Z\x1d\x96\x96\xf2\x0b\x85\
;/\x07\x90^\x13\xb1\xa5\xd6\x97I\x85\xb0\xaaP\x9b\
\x8539=\xb2f\xbd\x14z\xeb\x01J\xb2\x88\x80\x83\
\x84\x057b\xa8\x05\xc0{\x87\xdaMZga`>\
v(\xea\x90\xd6B\x9a\xfa\xc3\x84\x13\xae\xcd\xd5a`\
\x8a7M\xa2\xa1Y\xc9\xea\xe8\xf6Sx\xa2\xbf8T\
^\x81H\xfa|SeN\xfa\xa0\xd9W\xf3#\xfaS\
J\x91\xc2\x97r3V\x8a\xf3\xea{\xc42\x87\xc8)\
\xba=\x88\x9a\x05\xc3\xec\xca4\x0d\x95\xfc\x80\x19[i\
<Q\xc9z<9\x12\xc4U\xfa,\x1ci\xf6\x82n\
Fs\x82%\xe1\xed\x22\xc0@V\xd0\x10\xbd\x1d@\xfa\
\x06\xd1aV]\x0e\xda\x90\xdb;\x05\x1a\x1d\x09\xd7\xc8\
\x8e\xd7M\x0a\xac\x8fX\x97\x90\x7f\x857\x88!\xac\xb7\
\x87\xb5/=\x0e\xda\xf0U\x9bF3\xf5J4\x8d\xb1\
\xfa\xd1\xacK\xad\xa7\xca\xfa\x0dZ,P\xa4\xdf\x86a\
\x01\xd5\x7f\xb4\x9b\x86\xecE\xf5E\xc7\xf6hq\xa1\xba\
v\x12c]\xd6\x13\xb0\xa5\x1e@1\x1bv\x8a\xbd\xf6\
S\x92\xf9/Z6\xa9xK\x85#)t*\xf0O\
\x0f0\xb1\x07\x04[\xc3\xdaE\x80\x80\x83\xc1B\xb0\x95\
\x93\xd9T\xfb\xe66\x8b\x09\xab\xab>FU\x9df^\
\x9aSB<-/%eS]az\xf0\x96\xd2\x08\
\xbb\xd9M\xf8fe\xe0/\x0fh\xb5\xecjxT\xf5\
\xa3\xe8o\xb1_Zb\xd1\xb6\xe3f\xac\x13F\xa9\xbb\
(\xf0\xb07\xe1\x98J!\xa2\xf4\xdc?b/\xaa.\
?\xb3>\xeb+\x0a\x1f\xbe\xc3\x19\x02\x99\xfd\x09z}\
\xe8\xc9\x1e)\x7fMwM\x92\xaa5Mt\xf6\xf4\xa5\
\xc2\xb9\xec\xa3pWu\xe9O\x0f2\x22%qb^\
\x1e\xd2o\x14@@A` +\x01\x9e5M\x12\xbe\
\x9bE\xa0\xc4\x0a-)\xd6\x9a'j\xac\xdf\xc8\x8f<\
\xedtz\xe4eq\xc8\xce\xd41\xef\x10E\x9e\xee\x84\
\xde \xfbD\x17\x97\xdaA\xab6s(|\xf4\x03/\
R2FP\x8c\xf5W\x9f#l\xfe\xb4wE\x22\xaa\
!Vd\xf7H\xde\x9b\x05\x94\xfb\xe40\x90\xc1x \
C\x8d\xd8\x88\xe0\x1f@\xfdC7\x14\xc5\x02_=\x16\
4\x0b\xf2S5\x02\x8f\x09\x1c\x8aM\x94x\xd4\x82{\
\xd1\xdd2_k\xdd\xc8{\xaa\xcf\xa3\x14\x02E\x5cH\
_\xb6Oe\x02$1XH\xd90\x96\xe9\xda\xe7\xb7\
\x96\xed\xa6\xba\xd6\xd4\x8d\xe6\x14}c\x0a\xbe\xfc#\x08\
i\xd0>\xd1StU\x0e/\xa8a\x7f\xb2y\xad\xa0\
\xd1*\x90(YN\xdb\x18'u\xa3<\x96\xd3(_\
k\xecMu\x1cg.\x9dt88S\xc3\xcc\xac\xc4\
pD\x07\x87\xb5\xa5\x00\xc50\x18\xa2\xd0\x12\x8b\xeb\xef\
\xa4\xc6\xac\xda\x86\x9c\x11\x88\xd6\xd4\xb5\xd6\xf1\xadhM\
)\xaf]]\x94\xee\xa1\xben\x9a1E\xd8\x8b\x86+\
*\xfbD\x1e\xe0\xa7`wN\x1d\xe2\x19\xe1\xd6\x8f\xa4\
\xd1@\xfba\xe8\xc0F\xaf\x0eGu#\xf9\xacP\xa5\
\x01F\xf4\xd4\x9d]\x03\x10D\xa6\x01X\x18\xa2\xa1\x04\
\xf0\xf3L\x17\x04Pp\xfbH\xb64\x18 4\x81;\
T\xb8\xd1j\xa4\xd9R\xe7\x91T-R0\x07\x11G\
\xf4V1\xe4\xe8TX\xb4k\x11\x96r\x961!^\
A\x17{:\x13~\x19\xb1 \xb0\xe5\xf6\x8b;\x19\xef\
\xa8u\xd0\xeb\xa0\x1a\xb3D\x13\xb2\xddi\xa1\x1b\xc9<\
&b\x8d\xa0T\xe0\xab\xb6\x99\xb5\x1d\x95\x0b\xe8\xf6\xc8\
\x11!\x98\xc40;tSs1\xd8\x88\xe07\xa0n\
\xaafZK\x11\x0eqF,\xd80\x11\x8a.\x09\xaf\
_'[\xe4G\x85w\x9a\xa9\xd6\x8d\xf3\xd9\xc0C\xae\
$-o/\xb0d\xdf\x84p0_\xeb\x07\xb4ZW\
\xd4\xdb[h\x80b\x9d\x90\x11\xc7\xb2\x08\xc1R\xfdT\
x\x8e\xb1\xe5\x0a\xd1\xb5]t\xe1N\x15MR\xe33\
\x0a\x8b\xd0\x0f\x04\xe2\x03~\x81\xf6\x8a\x9e\x1cEC\x89\
\xa0G\xb0og\xf9m\x0d\x13\xda`\xc1; <\xe8\
\xf5/\xd5e\xad}\x9e\xa9[\xd3`\xb6\x95\xf3\x1b\xd2\
\x16\x03_K\xb5\x00\x91\xd7\x12\x1b\x80\xcf9z\xc1\x00\
\xf0\xcc\x06(\xb8@kcA\x85#\xd1h-^\x08\
\xc5\xf3\xa5\xc1\x80#\xc6\xdcU\x8e\xfa\x16#m\x16&\
\x8auS\xe1O\xbd\x08\xcfy\x05\xa4?\xb4TWr\
-\xe4\x11\xfd\xdd3q\xab\xae\x94QH\xd5`\x97\xf3\
#<\xa9\xd4\x8d\x11\xe5\x8b$\xd1a\xb6\x9bJ2\xf9\
\x8f\xa5\x1a'TV\x0bZ\xd6\x02\x08\x04\xcc\xacA\xc1\
\x16\xf0\xf6\x93x\xa2\x02\x02\x0b\x01Z\xc0f2\x92\xfa\
\xab\x87\x9d.\x92\xfa\xf6<\x92U\x0e\xca\xf0\xf2\x07\xb0\
+ \xf7\xa1\x99\xa0(\xa0\xec\x9c\x01bA\x16\xfb\x9a\
h6V\x1e6\x1by1\x8d\x06\xcb\x10-\x95\x83\x04\
\x1a\x02\x0f\x04\x02f\x16`w\x88\x1d\xe0\xf6\x93x\x86\
\xde(\xb8@V\x13\x9a\xa9\xda\xa6\xe1U}B\xebC\
\x1b&\xfa\x9e\xa4\xd7-\xd4\xee\xae\xb1\x1bf\xefB2\
\xb4\x95\xe4\x1fh\xa9\xbauC\x89\xac{#\xec\x9aj\
\xe7\xe1Q\xc6n2a&\x1c\x82k\xad\x0ci:\xe8\
\x1f@\xf9\x98\xd0\xbd\x1f[\xb9\x01u\xb5P\x00\x0f\xc4\
 \x5cg\x87\xb2d\xec\x1dF\xbc\x86`\x85&\x1a9\
+\x8c\x98Z\x0b\xe4\x03l\xd60n\x10EE\xf8\xa5\
\xf5\xbd0\xebE\x90\xcd\xbc\xa3\xd9\x10\xf7i\x1a\x8e\xa4\
u\x08\xda\x9a\xa7\xf9\x91\xaa\xe8\xe4S\xd1\xb5\x1f\xba\x9d\
tMem\xd3\xdbF\xb2\xb0A\xa0 \xf4\xdd\x8a\x1e\
!}g\x1f\xefN\xc9\xbbW\x90\xcc\x19q\xadcl\
\x8d\xa7uk\xad:\xe9\xd4\x82\x9a\xed\x80\x9a\xeau/\
|\xba\x0c\xff\x00\xcc\x8a>\xf41\xfc\xc1\xf9\x91e0\
\x185\x0a\xea\xfa\xacA\xad\xe1l_Tzl\x19\x06\
`\xd0\xb2V\xce}\x06\x14\xcdf\xbb=e\x11.\xb2\
\x8a\x91B\xa8\x81\xf8\x98?\x99;`rs,\x13\xb0\
p6\xa5\xb6\xb1\x8a+MHy@\xeb\x0d\xd4A8\
j;)\x1a\x9bl=i\xb5;1M\x80\xb4\xbf\xb6\
\x9d\xa2\x14\xda\xdc)\xda)\x8b\xadK\x04dR\xfb\xcc\
\xfd\xf4`\x80\xe0+\xae\x8f\xd8\x0bin\x97Ey\xbd\
6*\xe8W9\x82<\xc8\xc8\xc7\xe9Z4@\xde\xd1\
\x7f\x91;P\xca8\x09\x81;P\x840\x15\xa7\xa4\x5c\
J\x9f\xa8^p0#\x22\x13\xf3\x15;\xc5\xe6\x1aL\
h\xbe\xebw\x1eB3\xa1\x02n\xb9\x02\xc6\xd8\x9a,\
f\xa2\xaa\x8c9\x83\x03\x19?T\xfd+N\xf2\xf1)\
Q\xc4\xe80#a\xf4\x19;\xa6\xe6\x12\x8azA\x88\
'|9\xd8\x9d\xe0\xe9*]M\x85u\x95\xc6Y\x17\
\xd8\x0dl\xfb\xac}\xa8\xcb\x1a\xea\xe5\xe9\xde7Jw\
\xc7\x9d=\x11\xc4\x11\xa0\x1c\xc8\xd2\x8f2_\xce\x09\xde\
G\x84\xeb\xace\xd2\xb2\xc3\xc2\x93]\x81\xb2\xcebu\
\xd8a`2{\xc7\xa6K\x91\xc9}\xb86\x1bR\xfb\
<iF\xa6\xceK\x5c\x8e\x92\xeb\x11V]\xd3n\x90\
l\xc5\xccT\xa3a\xb3\xa3\x907\xf2\x81\x94m\xb1\xdb\
\xc8'}\x86\xea\xb4\x9ba>\xb7\xcf<,\xcd|\x9c\
m\xab\xa91Gr\x9fW)/\xb5\x82\xcej2\xd1\
}\xae\x1fhn\xfb6\x7f\xdb\x93y\x86\x93L\xd6\xf2\
\x17]\x8c\x15\xf7r\x9d\xb6~\xc4\x7f\xd8\xcf\xdc\x97M\
\xd0\xab~\xfa\x83\xaam\xbf\x92w\xf2\x1bo\xd9\xe6\xab\
sM\x1b-\x8d\x95\xf0\x9e\xaf\xb0\xe5 j\xa7|\xc7\
[M\xb0\xc6\x8d\xbc\x8d\xbb\x91L\xb7\xc2\xc6\xba\xdfg\
#\xee\x9c\xfeW\x8f\xd8\xad\xfc\x82l\x9d\x5c\x97\xbf\xec\
\xce\xfa\x01\xa3\x1a\x83~\xd5\xf4\xce\x14\x0b\x0fR/\x92\
\x8e\x9b\x85_\x9b\x94Z\xf9Y}\xa2\x08\xbeQk@\
\xfb\x1e\xc6u\xfc\x9c\xd7\xf6#\xcfA\xd6\x97O\xbf\x94\
\x0f\xfb\x0a\xban39\xaa\x01\xc9\xe5rZ\xebY\x93\
q\xa6\xd5;L\xd6H\xbf\xb0\xf1\xb3\x02\xc7\xbd1\xa9\
\xab\xecg]\x0b9'w*\xf1\xfb\x16\xc7\x95j\xae\
\x8d\x945Gr\x07\x19\xef\xfbvm+\xfe\xd8?\xff\
\xda\x00\x08\x01\x01\x03\x01?!\x12\x10[\x00\xc3\x0d\x11\
\x82\x09\x09\x04\xb6\x0d\x86\x86\x86\x87\x01\xe3\x08\xdd|(\
^\xe2\x85Q#%\x0d\xc1{\x0b\x5c\x18\xd4\x1fE\x8a\
:\x22Y-\x8d\xf5\x16\x13h\x99\xb96ED\xe5\xe8\
L-GZ\x11\x8b\x22pnh\x22+#T\x12D\
\x09\x8d\x91\x03$UY\x084\x9dhOQ%\xc0\xe4\
R\x81RL\xe8\xc6\xf2\x17\x11I\xb9TfG\xc8\x87\
E\xc4Ar\x1cL\x9c\x06\xf81O\x1c\x15\x15\xcb\xa1\
\xb6\xb3\x1c\x1f\x00\xebY\x1d\x84\xe0k\xe0\xb2b\x84\x86\
\xb3\x19@\xa8\x84\xdaq\xa10\xda\x07j\x11\x9df7\
KQq\xe0\x18h\x0d@\xe1\xa1\x0a,:\x07N\x82\
+f4\x22\xac\x88\x9c\x1e@j\xa8\x89I\xcc\x0e\xba\
\x86\xa4J]\x86\xab\xc4J\x8ddB\x1a\xc1\xa9\x91\xd8\
4\xa1fS4%\x9a\x105\x03\x9e\x03V&6K\
\x87IcM\xe0\xf8f\x0b\xea5\x22\xaaJ*\xdd\xe0\
\xb3\x22\x04\x86\x879\x0a\xf5(\x95#\x98t9\x0a\xe3\
U\x91\xdbA\xa6\xb3\x22\x82Sa$q\x1aQR\x17\
G2(-JE\x86\xd4T\xc8j\xa4$\x91`\xed\
\x8d\xca\x0a04\x95\x10\xb3\xb1\x15\xec7\x05I\x094\
\xb0Npl\x99U\x1e\x9b\x0d\xc0\xc8H\x95\x03\xab\xd8\
Y\xa8Ck\x1a\x09@\x86\x1d\x0ai\xb0\xa1\xa4\xb6[\
\x134!:\x8d4\xe8v\x10Y\x8d\x8b\x05-V\x83\
R\x84\x9e\x0e\xb6\x22H\xac\x12\xad\x91\x10%\x04\xc3s\
c\xc6\xc6k\x06\xe0t\xd2\x81.(\x1b\x95GRY\
\xd4HL\x04\x16\x1b\xc2\xb0\xd0\xd4`\xa8HHAI\
b0\xc3CC\x1a\xf4\x15\xc6\xb0\xbd\xf1Np\xaa\xd7\
5$fP\x17P\xf5B\xf0\x12\x9eC\x80\xda\xb8\x91\
G1KBq\x98\xd9\x22T\xc1\xbb\x13J\x8a\x88W\
*\x8c\xd3\x1aG\x96\x0b\xb2\x8c\xcd5\x12\x85/)\xd0\
\x8d\x17\x1b\x90\xb8O\xe4\x89\xa9g#\xb15\x81-\x15\
\x09V\xa5\xc4\xd6bj \x8a\xc2\x13\x87\x13\x02\xab\xb9\
\x1a\x8dVM\x98\x9e\x0as&\xecm\xbb\x8f\x04\xce\x82\
*\xc8\x82\xf5\xcc\xb8\xd8\xa0\xc5;\x02.\xaa\x15\xb7(\
iZ;\x9cHY.\xa3\xb8s\x9c\x8e\x91\xc1\x11K\
T\x81=P\xd3X\x1b6$\x86\x5ce\xc6\xa3\x07s\
\x91\xa6\x87*\x90\x8d\x07\xf2\x86\x87\x9c!\x0d\x91\x14\xc2\
!<\xc6\xe6\x963\x1c\xb2\xe0\xd45%\x88\x85\x02R\
P;\xbe\x03\xd0\x8aU\x95|\x84\xabq\xd4\xcf\x80\xc4\
B\xb8\xf4\xc0\x91AY\x0e\x849J\x840\xeeE \
K\x88\xe21\x9784\x92\x80\xaa\xc9\xb0\xca\xb8\x1a\xa5\
Y,=ln\x04\xe5\xe8B\xc2\xcc\xe0U\x98\xd5\x12\
.\xece\xd0\xcb\x09\xa1T\xab|#<!\x89\xab\x0d\
\xc6\xc26\xa882\xa5\x82\xa6\xcbTe\x09\xae\x0f!\
\xca\xa2\xab&\xba\x1347|\xec5\xb0\xec%\x02\xb1\
\x9b$o\x06\xe0\x99\x1dS\xb1\x08\x9a\x91QQ\xc60\
\x93T\x22j\x82Q\x83\xb6\x09@\x94b\x97B\x1dF\
\xe0\xa878\xc8\x90\x99\xf3\x12+F\xd9\xa2\x9bd\x5c\
\x10\x81!%\xa2y\xa0\xcf\x90\x9d\xa6m\xcf4\xa2\xf5\
h\xb4\xe26D\x0d'q$(\x16\x02B-hF\
\xca\xe9\x1b.\x82\x88\xad\xf8+\x07\xf0\x1a\xc0hx\x1e\
\x15\x9ce<\x15\xc6\xe5\xe1\x9fB5+$>\x98T\
+:`\x9bVp2j\x82c\xb8\xb4e\x10\xe2\x04\
\xf0'\x04\xa9\x81\xd1\xa2\xe2r\xe0M6\xc7H\x81U\
\x91\x08\xea(\x82\xccMr\x22s\xc5\x08kt\x0ar\
\xf7&J\xf1\xa1\x1a\x92\xd0\xdc\x96XJh\xa1\xe8$\
b\xb5\xc9\x94,\x86H\x8c\xaeYbj\x1b\xa14\xc2\
a\xc1t&I:\x22\xa1\xa1\xaa$IVB\x82\xa6\
\xe4\x94\x95\xb0\xee\x01)\xf2\xc3\x0b\xa0\xd1C\xcc\x89\x10\
\xe05\x0c\x89a\xa2V!\x91Z\x1f\x083\xf0\x1a\xaa\
\x8e\xe3\xac\x8e\xc3L\xd2G@J\xd04\x9d\xe9\x04p\
T\x1a\x87Z\x12\xb5\xd0\xe4\xb8\x0e\xd90\x98V\x22Q\
\xe0\x80\xea8\x22\x1a\xc2\xd2\x1b\x22*\x0d\xb4h\xb8\xd2\
\xb0\xea\x83P]\xc8CM\x0dp\xa3!\x89\xc0j\x0b\
\x22\xf2\xc7D\x92\xb8\xea]\xdc\x85EB\xf2HV\x14\
\xa9\x90\x90\x0a&.!\xb2\xc8j,FlU\x1a\x22\
C\xcc\x1d_\x16]\x11\x0cn\x08H\xce2!*\x0a\
Pe%\xaeY\x0cCrU\x17\xb8\x92\x97\x05\x8c\xdf\
B`p\xd91L\x13\x93\x22\xecu\x10\x93\xc2V\xcb\
Q\xb2\x95t\x1c\x11\x11\x82\x81\xa9\x15\xe6Ch\x85\x8e\
a4\xa1\x0d\x0a\x97\x1ds\x22\x90@\x9dM\xd7\x12\x89\
\x1dQ5\xd3\x1b\xa1\xaa\x1e0\x9a\x8d\xf0\xb8\xb8\xde5\
L\x1d0uN\x04\x91\xd6\xa3\xb8\xd0\x84\x84\xd2\xd0\xad\
+\x82c\x0c\xe4\x13\x05\xab\xc1C+\xf44\x92\x0f\xe5\
)\x1a\x8a<\xedUZQ\xbb\x8e\xe9gkf\xf4\x9a\
\x81\xacRKCP\x07Y\xa7e\x8c\xcee\x81\x85:\
\x11\x0a5%`\x89 hHdf,\x15\x08;\xad\
\x03\xe9\x5c\x99\x8d7)%\xaf\x97e]q\x9dAI\
\xbc\x90lkj\xc1E\xa5|\xb3\xee\x08\x16\x88\xc3\xd5\
\x9e5\x90\xc5\x88hhA\xe0{\x17\x15\x09\x9a\xec'\
\x03t\xa0\xab|(rJx4\x8dH\xa8\xab\x85\x16\
#\xce\xa3!\xa1J\xab\x07\x01\xb0\xda4\x17\xc9\x15/\
\xccZ\x86\xa1\x99q\x13\x91\xbd\x08\xa8\xea\x8ebR'\
\x02s\x82i\x0bG\x06v\x17\xc2c\x06\xf5\xfa.\xad\
\x89\x94u,\xd7\x05\xce\x09\xd9\x82\xc2\xc5\xcd\xa6dq\
!+\x92\xe2\xd0\xc4*\xf2!\xcb\x1b\xc8\xb32\x15\xb5\
%\x97\xb8\xef\x08tpC#\x8e\x14p^\xe8\xa6\x9d\
\xc3\x90t\x0e\xa1\xc0sP\x90\xa9R\xac\x82R\xa2\x1d\
r\x88\xd2X\xf8\x09' \xf3H\xec\x1a\x8b\x881b\
\x12W<$p\x1a\x90\xd6\xa2L%#Q\x822\x22\
\x95!-H\xcaI\xa0\xdd\xa0\xe8\xb8\x8e\xac%(M\
\xd1\xdc\xbc\x9d\x04I\x10\xcdGb\xe9\xad\x87|\x5c\x09\
\x8b!\x5c=A4\x8e\x83N\xa4G1J%\x9dG\
qI\x02\xc3\xab\xae;\xbeH\x05\x92!\xcd-\x83\xab\
\x03\x87r\xcer3\x94\xc5,v\xe0]\x96H\xea\xcc\
\x96d6\xc4|\x89B\xb9`\x98\x19\x91\xbb\xe0\xa1\x02\
W\x1a\x15\x07\x83Y\x95l\xb6\xce[\x1a\x15)\x84j\
U6\x1c\xa6\x98\xc4b\xd4[\x06\xe3\x07a1\xd0!\
\xbd\x95F\xe5\x94=1\xae\x09%\x86\x9a\x11R\x8d#\
&M\x12\xcc\x86\xaf\x83\xb0\xa8\xb0t\x0cNF\x1aR\
\x1d\xc8\xb1Df\xdc\x22\xa5\xa5HiP\xcep~\xa4\
\x0a\x88\x16\xa78\xeaU\xa2C\x93\xeaEr\xa59y\
m\xd4\xad\xee\xa3\xe7\xc6D\xaa9\x94Hn\x15T\xa6\
\x93\xb8\xa8R\xceP\xd5\xc3u\xbb\xbe\x00N7\xcf\x98\
\x83\xc1b*\xa1\xdf\xabgd\xd9\xca\xca\xa4\xe9B\x10\
\xec!:\xda\xe2\xb8\x09\xa1)\xa9\xb8\x86\x14\xccc\x18\
\xfdI|{\x13(\xa4Fbt\x1bqAXml\
\x14\xa9\x19\x13\x0e\xe4y\xca\x17\xe5@MW\x81\x122\
n(L\x95\x99G\x870\x93\x12gr8a\x09\x89\
\xcb\xb9\xd4\xa4\x90:\xc6\xdb%\xbeb\xcc$\x84\xde\x0c\
\x12\x1a*n\xf8\xc1\x22\x8d\x0b\x90\xccX'4+\xe0\
\xdb\xc11X\x91\xb73\x91\x97\x01\xc2\xccNUII\
\x0f\xe4\x94\xd8\xf9`\x05\x02MY0\x17\x19\xa9R0\
4\x9dI)\x03P\x90\xd1VU\x12>cBC1\
\xa4\x10\xe24\x82\x17\x0c\x06\x90\xc4M\xc4F\x09\x09\x98\
\xd2n\xa8jTXJ.$\x08\xb2T\x1d R\x12\
9\x11\xc0\x88,\xa1*\x0a\xa2Rv\x18dC=\x07\
\xa2\x82(7,j\x82H\x12\xa9\x10\x8b\xd0c0\xdc\
8\x1a\xa6\x17\xa5\x87EGz\x15NK\xb4\x1b\x14!\
\xb7#\x8e\xa4\x9d\xd9eSQ+\xb2\x09\xf0\x0d\x8d.\
\x092l\xc8\x9a\xe2\x99\x89M\xce\x14P8\xd4%,\
jUF\x8a#\x08!\x09\xe41\x89\x9a\x16\x1e\x071\
\x82i\xb8\x14\xad\xa0\x9d\xb3Wd]8\xb5%G\x09\
jMv\x1d\x8e\x06;N\xc3\xb126Y\xe0\xde\x09\
g\x12WA\xb7;\x17w\x1dX\x84\xd3\xcc\xa9@\xd2\
d|\x97\xc2+8;\xc8\xa1T\xe01\xb6\xd8\xeb\x82\
\xacM\xc2\x92\x1f\xb0\xcbB,{\xca\xb3\xe1}\x0e[\
.3\x98\xe5\xce\x0d9\xcb\x86\xdd\xc3\x12\x0d\x9c\xab\x06\
\x0b\x13C\x072\xa1}H\xa4D\xc8\xf7\xa9)\xd5K\
8\x12Z\xcdI\x5ccV\xad\xa4n^\xa6\xe4^)\
|\xd8Y\x89J\x12\xa9\xa8\xdd\xa4\x8f\x0bB\xc9\xd6\xa1\
\xe4\x87\x91\x15;\x9cc\x9c9\xba \xda\xba\x15\x0c\xac\
\xca{\xde\xd3\xa6j\x9fQ\x17\xa6\x90)A\x09\xc9\x9a\
\x0e\x12\x13\x93\xa5B_\x06\x89ea&\x82\x99\xdc,\
k\x9b\x97\xb4v\xe8\x15\xf6\x19K\x15ADJ\xae\x80\
pZ^\x80\xb5TtI)\xbf7\xd8\xd0lC\xcc\
6\x97\x22\x7f`v\xcd\x0a\xf3*\xcf\xa0\x84\xc9I&\
\xf3\xd2\x12Uf\x93'\xcc\xe4IWQ\xc9\x14\x0f\xc0\
\x9aT\xa5\xca\xf5\x12\xeaJ!_\x00t\xb7\x8a\xe4\xea\
\x86\xa6XY\xd0\xcf\x9d\x10\xf2bE\xa4\x13v\xc9L\
,\x80\xc8\xd7\x89\x88Y\xd5\x03W\x91+\x10X\xa5]\
\x22\x8a\x0e\xeaRe\xdc\xd7\xf4Z\xb3\x01j\x1d\xe9R\
V\x0bt?l\xa4e\x09\x0b\xae\x94\xd6\x09\x10\xae\xc1\
40X\xf9\x09H\xa0pc\xf5\xeba\xf7\xa8Wt\
B\x14B'~]0\xe4\xe6/\x8cF\xe3\x15lc\
)f\x8a\xa1\xd9\x8c\x9b\x14\x0f\x13\xa4\x94CD\x887\
\x8a\x86L\xd0lt\xee+b\x8d \x0axY@\x91\
\x22j\x15\xce&H\x89j\xa7\x22\xe8\xa8\xacdRu\
\xc18\x16O\x89\x0e\x0c\xb0\xa0\xa0J.:\x04\x87\x81\
-F\xa3\x02-*E\x05\x191D)\x97e\x9d\xc6\
c\x22\xe9X\xa1(\xb6rYA\x17U\x84\xaeI\xbe\
\x03H\xa8Y\xbcfs\x22\x09$*\xa6H!7\x1d\
\xc3\xd05\xacTT\xe2\x87\xa8\xaaD\xb5!r\xeb\x1c\
$:\x8dq\xa1\xcdR!\x0dFT\x12f\x86h\xb8\
\x94`D\xd4\x89\x10r\xb0\xef\xf289\x82!\xc4\xe0\
\xd4\xbd\x06W\xa0\xecD\x90\xda\x1c\x10P4\xdb\x91\xa1\
)&\x13,^\x83eR+\x22U\x82\xee\x1a\xa8\xeb\
\x03\x9e#SR\x1a\x1ahR\x9dF\x1d\x17+\x80\xd4\
:\x8e\x04q\x1b\x96]\xb1\x22\x15Qv\x83\x96\xa9A\
\xab\x83P$p4\xda\xd0\x9c\xb1[Q9\xc2\xee\x82\
q\x82d\xa2\x15\xc2(\x99\x02\xa5\xceX5\x8a\x92\xe2\
\x07\x09\x8d\xd6\xc2b\x95\x06\xcd\xd0F\x88km\x9a\xb1\
|\xb6(\xeaG\x05\x8bS\x84TMLl;\x16l\
%\xc6\xa3\x13`\xeaC\xe6\x22\x0c\xb7!/\x8c\x22\x16\
\x06\xe1\x0d\xd3c>\x83ia\x9fA\xa6Q\xab\x09\x81\
\xe4 \xa2\x1ap\xef\xea\xd0hoM0n\x00\xcc\xe1\
\xf1\xa5XlV\xe98\xb2ID\xd6\xe9\x04fJ\x9b\
\xad5\x1e\xaer\xb8\xb2J\x1d\xaa\xcb\xb1H\xeal\xb3\
_-\xad\x84\xb3VCc\xa5<\xc2|\xaa\x95\xf5\x8a\
\xba\xa8\xda\xfc\x8d\xb2\xbfA\x11w\xd5$\xa5j\x0c\xd3\
\x93i\xa6&\x9c4\xd3CM\x0d\xa1\xf9\xc9e\x8f\xd4\
\x0b\x14\xe6\xa7\x08Vi\xd3\x07-\x5c\x8b\xc6\xe4\xe3\xdf\
yN\xed)\xac\x99\x0b\x82\xf8\x18\xa6\x910h*\x98\
\xb3Y\x0f\x0ct\x91\x81uN\xcd\x08\x93\x88&\xf94\
\xb3A0\xcd\x8b\x88\x8f\xa7O%(\x95\xcf\x83&X\
W\x1fQ@\xd3\x82&\xda\xf1\x10\x05G*F\x9e|\
oj\x12*R\x08\xab\xb6\x94\xd3\x98\xa5\x80k\xbbn\
SA\xe4W\x19\xca\x92h\xc5U\xff\x00[R|6\
\x05.\x8aJ]\x15\x92\x1c\x09\xf8\xa2\x5c\x9cS%\xaf\
*\x96\x0b\x8br\xc8\x00K\xa1\xa2jlh9\xd4/\
\x09\x93%<\x81\x0cjpb\x018Z'%\xc4\xea\
'\x01\x90\xa0r\xbf\xb4h\x83\xa1\x07\xc9\xa0v0\x8b\
\xda\x11K\xdd\xfcX\xcb/q\xe87A=\x8ah7\
Bx\x90M1\x14\xaa\x98\xa8\xae3o\x17a9\xc0\
\xd9\xb1Z\x09\xc9\x08cP\x88(\xc9\xad\x06\xe4\x98J\
\x06\xdc\x0aGDKw\x22\xb2PEL\xe0br\x5c\
\x85^CjB\x81,j\x19\xb3\x94%\xa4U\x07\xa5\
L\xff\x00\x82\x13\x92\x12\x229\x8f!*\xb3\x98n\xa3\
V':\x10\x83U\xad\x86\xb8\xa0\xd4*\x07\x0a\x0dQ\
\xb1\xd1hb\x8dg\x15\x1a\xad\x09\x13\xc06\x95\x03U\
cK2$EFEx\x04D\xd0\x5c\x84\x12\x1a\xc1\
\x10;\x154:\xa3*\x0dR\xa5\x1dA\xd7\x03\xa0\x9d\
\x0c\x910\xe6\x990wI\x11*\xa4R\xc3\xa1t5\
Z\x09\xbeb]F\xc2S\x04)\xa9\x04\xcbk<\x1b\
\x91\xc2R]H\x94\x12\x86\xd3\x5c\x06\xa5\xd0\x9a\x91(\
EKB\xcc\x8a\xa4pQtJ\xcd\x12\xa1\xb2.\xd8\
;\x16M\xd9en%B\xce\x86\x5c0\x8c\xc5I\x19\
h\x22H\x5c2$U)\x90\xd8\xad\x83\xa2\x1b\x5c\x06\
\xc7\x10*\x8d\x130E\x08\xcc\xa9\xd6\xb8X\xc6\xe0V\
\xc2\xd8\xbb\x0f,\x0e\x82s\x85\x17\x14$B\x97\xc4I\
\xe1\x0eo\x86z\xec\xba\xdcp\x82\xc5\xf0\x86\x09\xb9u\
\x1e\x12/L&0l\x96\x9c\xcd\x06\xe5Q\x93\xf0*\
\xac%\xd4\xb9\x0a\xf2\xcf\x08W\x1dT!\x12j\x1d\xf0\
ic\x94\x10\xda\xa8S\x82kr\xb8\xa8\x9dL\x13z\
Kxn\x88K\x07;\x9a\x22I\x1b\x8e\x87\xces\xc1\
\xc9/?\xb3\x80\xd6Q\x1f\xa4\xa3`\x86\x03\x019\xd5\
\x94\xbb\xf2u\x11U|\x83\xc0\xe29\xa5\x90\xd9,\x85\
\xe6\x91`\xb8zs\xd0\xb1|\xe2=\xa2jI@\xbe\
Cy.r$\xd1\x8b\x12\x1e\xc2\xdaM\x88,\xd9\x0e\
\x03\x17\x92Xq0B\xf2XB,\xd1u\x95R\xa4\
\xdaHR\xd5qM)\xe1\xb7\xc0\x13pT\x93Q\x00\
\x85'P\xc29%e\xe2\x9b\x05\x15\x0a~$Q+\
5|\xe5P\xd6<\x93\x18\x89\x87\x16\xaeJK7\xa1\
\x81(M\xd5\xac\xd2\xc5\x17\xc2[o\x1f\x85\xa7\xa6\xa7\
\x7f]\xf4b\xa5\x85\x1f3\xda\xe8\x95\xa7\x90\xb3#\x04\
K=\x0f\xe6KlL\xe94\x8bV\xda\x15\x5c\x5cm\
\xe9\x86\xb8#Q\x95\xb7\x9a\x8b6Cq\xf7UN\x1c\
g\x01\xa8y\x92\xdc2\xe50\xe4=k\xac\xcbh\x9c\
\xf9BB\xea\xca:\x12D9\xb2\x829)&\xaa\x1a\
N\xb2:s\x9f\xbbD\xc2\x05)Ym\x00\xe4\xb5\xb3\
\xef\x07A\xa1\xcf\x88\x94w\x14\xea)\x07\x88\xcaT\x13\
\x94k\xf2\x17\xc1)p\xaa\xdd\x10\xca%\x0eRH\x96\
qNj<\xb6\x17\x97Wz6JX\xd46\xa8\xe1\
\xb5)\xcaq\xc1\x89\x0d\xbc\x89\xa7\x0fI@\xe6\xc6\xb1\
Gm\xd3\x9b\xcb\xd1\x95\xb7D\xabBV\x93U9;\
`\xac%\x04\xd2pNp\xcc&x\xb9H\xcct\x13\
\x1a\x91Q\xa9)\xa18\x04\xebb\x8ci\xac\x09\x91\xb2\
XM+R\xe8\x8a\xe0\x9b\xe2\xe1\x96\xd0-o\x15E\
\xd9\x10\xc6;\x90\xc5|6\xeai\x81\x84H\x90\x02\x1b\
Ya\x1a\x91\xa9\x11\xc5\x10\xb2\xa0\xe6PC\xb1\x11H\
(ZP\xd7\x10\xf8M\xca\x15Pi\xa1\xac\x88\xc8\x8a\
:\x8e\x13\xc3\x0c\xd0\xeb#R:\x10\xdc\x97\x08\xc6\xd3\
a\xea\x1aBbF\xa4j\xb05\xc2\xc3\xaf\x01y \
\xe2\x15C\xac$^C\xe3rB\xf9\x0fA\xc0u\x1a\
d\xcf2CNY\x15u\xa8\xe8\xaaT;AJc\
\xb7\xc8\xa4\xaak\x98\xac)\x11\x13R\xa7,\x14 P\
E!\x0a\xc5S\xd0l\xeaM&\xe4\x8f\x91\x06\xe0\x9a\
\x12\xd2\xe3\x8b\xa2\x13s\xa0\xdf\xc9q\xa9\x1d,d\x98\
\xac42Y\xbb\xe7\x04\x99C\x09Xc(2\x226\
\x1b\x8d\x8b#1\x0a\x98J\xccD\xe8:#7\xc8\x98\
\xbe\x1c\x04D\x09F\x12\xb0\xbd\x0d\xe1\x0eq\x94P\x84\
\xc4T\xd0w\x85\x83T,\xc5a\xa5\x04\xe4\xc9\x94-\
\x82\xae\x0d5|2\x10\xdc\x130\x13\x82\xea\x0dI,\
v\xad\x80\xf4\xf4\xcc)\xe5Dn^\x82\xe3\x00\xe2\x0b\
LP\xf8^\x08\x8f\xbeB\xf44USQ\x91\x95D\
Y\xc4\x9c+\xa3B\xcc\x8a$\xa4\x81U\x9e\xadd\xc0\
\xd4!\x1c\xda\xcd\xab\x0dG\x0e\xe9>bGx\xa6\x94\
\x13\x81I\xd5'\xcd\x10\x9d\xd2|\xd6\x026\x92\xad)\
9L\xe4\xc5\xc4s\x17\xe2\x5c\xe6\xbdF\x1cEH\xf8\
\xa4\xe6\xe4'%e\x8a\xaf\x80(\xb2\x12$\xabI\xf3\
H\x7f\xc4\x11\xe8D\x8a&\xa1vR\xdd\x1102\xfd\
\x0d\xacmTT\x18\xdcY\xbf>\x92\x92Z\xb5.\xba\
5\x0f\x14\xeb\xea\xb7\x18\xbb\x0f\xcfAkz\x9c\xc5\x14\
\xc1\xa9\x10N1=\x10\xe8\xef\x84\xbc\x1a\x9f\x14[\xc4\
\xbdE\x915\xc1\xb8p4\x22\xeaF\xe9Q8\xa92\
\xc4\xde{\x09\xc8\xe8Jc^T\x09\xb0\x04\x97\xa5\x09\
n\xc2M\xdd\x94\xe2]P\xb3\x865b\xf5\x22ka\
/\x81\xef\xb0\x83\xa8\x92\x9c\xa0p@\xd2\x06\xba\x0e\x81\
.cP\x8f\x98mA\xde\xd84C\xaa\xa1\xa1\xa4\xf1\
 5,5\xac\x0d!\xc6\x16\x04!\x5c\xe6)\x1a\x0d\
R\x96\x1b\x22\xe2!!\xa8&x\x12&\x84H\x98d\
S\x89\x0cM(\x22\x86q\x07\x08\x84XB\xcbK-\
Q\xa9\x1a\x8c-\x9d\x0e!\xb9D\xc2\xe26\xb8\x03I\
+\x99\xf1\x15E\x09\x81\xd1\xb2\x82\x8ba:\xf6\x13o\
Y0\xaa\xca\xc1\x9fA)\x1a,P\xd4N\x83w\x9b\
\xe0sB*5.\xb8Bd$\x1a\x85K\x8e\xc5\x18\
\xed|\x18\xb0\xd5\x15Q\x1a\x97ldH\xa8\x9cr\xe2\
\xed\xb0\xd4\x91H\xc5\xb7\xc0j0,\x1b\xc5\xa9w\x1a\
\xa6\xcc.5U\xc0\x9a\x93^\xf8Edn\x05v\xc6\
\x99a1\xd8^F\x92\x1c)qU:C!\xa4\xb0\
jEL!6\xc9\x81\xd4\xc4\xe0I\xe6[\x06H6\
\x13\x93d\xe1\xb2b\xbai\xcad\xbe\xa5@\x84SL\
o2\xa4\xb058\x04\xd5\xc8 \xd93B\xb1Aj\
(\x0bhLX\x86\x1b%\x1b\x18\xdc\x91\x0f\xd6s\x97\
\xb6\xb3\x95FJ\x86\x16D\xc2\xd8\xe0\x8c\x82\xb2\xa9F\
\xa0\xaa4E\xc8\x97\x83\x9d\x08W(\xc8\x94\xcc\xa72\
\xad\xd4NX\xd58\x84\xdc\x94R&\x06+\x8e\xa8M\
$@u\xe47\x03LgX\xc2\x22\xaaPJ\xba\x89\
\xc0\xddg!)\xd4u_\x16J>A\x08jUU\
A\x1aV8\xdd\xc6\x9b\xa1\x19\xadF\x90;\x83\xbb\x03\
Sb'\x22\x0d\x5cw\x1e\x8c\x1945!\x10\xea\xc6\
\x92\xb0\xcc\xb8\x92D\xd4|\x8a\x07D%hC\x1d\xca\
!\x14Q\x0b-F6\x84\x8a;\xe1\x13B\xee\x06l\
4\xd4I\x11c\x90C\x8b\x09D5\x18Vj;\x09\
VJ7\x0b\x09I\x11r\xa1!\xe8ff!\x0dJ\
\x10\xb3qeNBKd+\x83\xb5\x06\x8cD\x94\xc9\
\x09\x86\xe5\xea9\xabTh\x15\x8c\x8b!\x92\x92$\xae\
\x87q\x01\xb2\x9c\xcb\xd4M<$0\xc8\x87\x83PQ\
7$i\x82Q\xb1\x14\xd8\xe7\xae9P\xca\xa3\xbe\xc4\
A\xccma5\x22\xb2\x99(\xc2V\x16d\x5c\xbe{\
F\xa2h4\x22\x90\xf0v\xb8\xa9\xccjE\x09[\x09\
\xd2I\x938\x22\x84F2\x91\xc5\xc3\xe0\xc1\x88i;\
\x9b\x89\xd8\x96\xc8\x19b\xb8\xdd\x84\x8bq\x19\x13&\x5c\
\x0aD\x16!\x86\x1b\x1b\x1b&0\x82Z\xbd\x8b\xe2\xe8\
\xa9_U\xb8/\xec\xa5\xa1*\x8a\xb3\x5cn*\x19\x0d\
\x91\xa9\x8dI0,\x1ds\x1am&\xae&\xd2\x17\xb1\
\x94\x95\xb2\xa9\x12\xb5\x10\xc2\xb8\xe1;\x8d\xc3R\x84\xde\
\x82\x88%Y\x82j\xcf\x06\xd3\xc4\xbdEA\xd4\x7f\x0c\
\x1au\x18\xa4\x08%P^J\xdcU\xae\x15U\x0a&\
\x0b:\xc2.$t\xc3\x82t\x12\xe1\xaa\x88\xbec\x95\
\x0b65\x22FC\x95\xe83\x1a\xa7\x01Xi@\xe4\
\xe5\x8d%\x18\x92#\xab\x03CT$\x19JP\x8b\x8e\
\x94\x1a\xa8\xb8\x0e\xa9\x91\xb2\xa7\x82)\xdb\x06\xa4)T\
\x12p\xe4I\xbb\xa1\xca\xbd\x03T9\x14\xb3\x0dU\xe1\
F\x0e\xc2\xae\x09EK\xb2\x82M\x14jMs%\xa4\
eRSC\xc8\x12A\xd5\x054!XZ\x11\x0bQ\
\xd0Vl[\x03\xa1VBpM+L\x12\x91\xb8\x0b\
3\xa3\x13%\xc8l\xa9\x90\x8b\xc0\x88w\x172\xe8_\
\x01!\x19\x0az`\xf0\xf6[,x\xbb\x0e\xc2rX\
r'#Q\xb0\xdb\x87#SQ\xa9E4\x12\x8c\x1d\
\xf0\x88\x1d\x87Lo\xb0\xd9A\x96\xe4Yd\xc1$\xe6\
HLd/\x0c\x84\xc5\x04\xe5q\x09\xd4h\x8c\x5c\x09\
\x94L\xb1\xa9\x22H\xa8\xa0\xc8\xac\x8bL\x08T\x82\xe9\
\x9c,4\x8d\xce\x10\xd1\x89l\x13\x13\x13\x13\xd9Cd\
\x8d\x8d\x97\x0d\xcd\x85a\xdb\x14\xe7m\xb8\xf6\xea\xc2\xb6\
\x0c\xaed\x95\x91%5\x13\x09Yf%\x04\x952\x15\
Y\x0476\x15\x87\x0b\x08\xac\xe1\x9d\x0aSL\xa1\xa1\
\xd4\xe2E*EP\xd6\xc4At+\x8d9,=\x06\
\xe3\x05z\xd7\x0aA)J\x11QS \xa2F\x8c\x86\
\xb3\x13\x93\x84\xd8\xca8l\xcc\xb9P\xd2*h-\x06\
Z\x09+2#\x89S\xcc\x88\x8a\xe452E\xc4w\
#SA\xa4\xc3ZPuCP\xa6\xe2S#f\x84\
\x0cB\x19\x10\xc48\x22\xa3S\x90\xd2\x9dL\xe8E\x18\
\xd5\xd0^\xa4@\xf2>C\x95\x86\x87!\xa3\xaacH\
i\x95\x02T\xa1U\x04\xd6F\xa5\xe1\x0eH\x8b\x94|\
\x86\x95\x90\xd4\x0dB\xe08d@E$7\x90\x90\x87\
-h\x131\x9fQ\xa7AY\xc055*\xb9\x04\xa6\
\x86Br\xa8\x88\x03R\xf3\x06\xab\xa9,\x0d\xb6\xa0\xac\
w!1%i,\xe8\x5ce\x076#\x80\xee:\x10\
\xf2\x1c\x89\xc0\x9c\xdf\x0b\xaf,Sm\xda1R\xd5K\
\xe1*\xe3\x08I'a\xdb\x06\xe0G3\x8cVH\xa9\
\x96\x04\xc56\x1cu\xc5\xa9\x15.N\x9b3\x05X\xe9\
a\x1b\xac7\x03\xad\x86K\xe0BmR\xe9\xc1\x0f\x85\
\x09H\xe8\x1e\x03\xab\xb1nE`*\xa1(('\x0b\
\xf0v$E\x16\xe5\x8f$\xe0\xec1\xb0\xd4\x89\x13\x13\
\x819h\x92I\x18\x9d\x85b\xe3\xb1\x08J=v\xe3\
m\xdb\xd4v&\xae\xe2\xa2\x13\x89\xa8\x94\xc3$]\xf0\
\xc0i8bj\xc2p\x5cJ1\xb0\x9ad\xc1z\x89\
\x15\xc5\xb9j,%\x03\xb0\x9c\x8dH\x94\x0d\xcb\x1a)\
\x9e\x0d\xce\x11!(+\xcb\x0c\x13l\x15Q\x04\xa0\x9a\
\xe0e\x88\xca\x18\xbe@\xb7.@\xee5X+\xb8\xe7\
\x90jS4\x0d\x0d&\xf48\x82\xa6\xd6CI4u\
\x03\xa9\x8e\xb2+\x8e\xb0C\xc8tHj\xb6\x1fA\x0b\
\x99Q\xa6\xd1\x0529g\x03J%\xdc8\x0a\xb4\xcc\
\xa4H\xc0\x8e#\xec\x13\xb9\x12\x9c\x22\x92\xea0\xa4\x09\
\xc2y\x17\x90:\x1cp:XtX%3X#\xa9\
\x90\x9el\x0aU)\x02T\xa8\xa5\x22\xa7.\x83eD\
\xe1\x99K\x22\xa2\x85 \xd8\x9dt\x14\x05Jd7\x03\
j\xf7cRb\x07\x95F\xa2\xb8d\x1a\xac3\xa2T\
\xf4\x12!\xa5\x13\x04x\x93a\xd8v&(\x88,H\
\xfc\x0a\xdb\x08\x8cg\x08\xac\x8d\x96)\xa8\xe0\xc51\xc0\
s\xc86\xe5\xac(\xf0jD\xb6ht\x98!\xb7\x89\
\xc4\xdcV\xc1XjG)\xc6[-I\x105&x\
\xe6\xb9`\x91\x09AR\x8eB\xa41\xba\x8e\xb9\x8a\x98\
\x1a\x92\xc8Z\x8d. \x98Hn^\x1f$\x92 \xe1\
\xb70#\x12\x22v\x05\x84\x93\x8ew\xc1\x16a\x0eo\
\xeb;\x13\x16z\xee\xc2F\xcb)T1*\xb1\xa4t\
U\x13<\xb0|\x04\x12\xf8\x09\xc1%\xf4c\x107X\
\x81\xd8\xb1)+\xa2\xb8\xdbD\xcdGA7\x9a+\xc4\
m.bm\x95\x9d\x09O\x22'\x06\xc9\xdb\x07K\x0d\
\xb6\xc4\xd4\x16sf\x11Q\x00e\xb7J\x15\xe6'Q\
\xa8\xa0j,_0\x98\x7f:B\x13*R\xa1\xa4\x12\
\x8c5,<\xa9\x11\x01\xa4\xec\xaaP\xc8\xb9\x8b\x14\xb1\
\xc9\x89HI\xccrT\xb9\xc8D\xe5Q\xa2\xa4\x0e\xaf\
\x8b\x1d\x18\x11(HX\x12nU\xa0\xe2\xd9\x17(\x15\
]h\xc9\xc8\xeb\x15\xa8\xe0\xecZ\xe2&hXli\
\xdcu\x1d0t\x0dR\x8a\x81),\xf0u\xc8\xa3V\
8\xc5\x8c\xf4#\x80\xfb\x8f\x86\x0e\xc2\x9b\x11MI\xc8\
d;T\xa2\xc1\xdc6\xe3\x88\xf8fMt\x12\x91T\
\xb4\x90\x9d\xc5\x8b\x22\x1a1&\x92\x91\xa9#\xa1B\x15\
\xa0iI\x18Kn\x1d\x08\xb0M,\x11$\xb8\x8ed\
O\x88\xd2\x8e\x187#\xa0\xea\xcc\xe0\x84V\x1c\xd8\xb5\
vr\xc1\xd8\x93\x90\xd5\x05\x94\x89\xc8\xd4W\x19\x8c\x15\
\x15K\x88\xa6+7\x0493\xe9\x83`\xdcl\xb4\xb6\
\x22T@\xdaBr7\x0aD\xe7\x07}\xf8a5\x18\
\x9c\xb8\xd9V\x88\x22T\x1b\x9d\x04\x87\xb0\x95\x98\xd4\x8a\
\x8bn\xe2pJ,dV\xd9\x8a\x94</\x98\x94m\
%\x1e\xc9\xa2=(\xac\x89\xce)\xb8@\x84\xd4N*\
\x5cO,\x1b\x82a\x89hH\xec\xf6\x0c\xe6\x18\xdd)\
q[\x06\xb8\x11\x91\x904Xj!\xb8,\xd5J2\
t3\x91\xa1$9\xb9\xdc5$\xa2Q\xc5\xc8\xc5j\
\xc35\x053\x09L\xe2Md\x9d\x0a\x0cu\x82\x06\x9a\
\xc2\x928\x0eY\xd0jc\x8e\x03C\x80\xe6\xe9P\xd0\
j\x14\x9cB\x87C\xa8\xd1\x8dDRP\xe8\xae7\x01\
\xd1\xa8\xd4\x0dK,\x95R\x0d\xd1J\x12\x18\xf3\x0e\xab\
\xc8\xd5\xea:e!\xac\xe4\x8a(\xb8\x9c\x0dX5\x02\
C_\x22/\x81\xaf\x82\xe8u\x14\x8c\xe0n\xb1\xc6\xa3\
rL;\x0d\xc8\xe0\xb2\x0d\x12PXT9\x95l\xe4\
\xc4\xf15Bi\x03d\x11\x04C\x0d\xa9\x1a\xf8\x15\xb9\
\x09\x8b\x8e\xb0+\x89Q\x16b'Y\x14\xb9\x8e\x17\x12\
`\xca\x11)\x92:\xb1\xa6\xc4\xa71\x89\xc9(\xa3\x1d\
\xb0v\x8c\xc4\xa9\x10Z\xa2r;V\xc6\x81\x13\x8b;\
,[q\xa8\xa1g\xa0\xf0\x908\xa0a\xd8z\x0f,\
\x14\xb5Qj\xa1PS\x186I%\x187\x02r5\
8MI\xaf\x7fE\xa9\x12\x81!\x05\xa8K\x98\xd2\xc8\
\x0f1\xa8\x12\x8d\x9a\x95.P\xa5\x88n\x82\x89\xd9:\
\xaa\x5c\xca\xbe\x8c\xb5\x0cKrV\x13\x0d\x17i\xb6\xdc\
\x12\x81Q\x5c\x22}|\xfaz-N\x09D\xed%\x04\
K9\x12$\x9ahB\xe3q\xc9\xc9\x08\xb3\x13K!\
9)\x8d\x16\x08\xe4fBC\xcc\x84peWt2\
\xe0: \x94\x90\xda\xe24\xb15\x92aR\xe2j*\
\xc7,\xc6\xd7\x10\xdc\xb1\xb5\x0b\x88\x9a\x91L\xaeC\x9b\
\x90%\x0a\x9a\xce\x0e\xe4\xb2c\x02n-\x9a\xbaPi\
-\x0a\x13\x05LJ\xd4*\xc8\xdd\xa6\xa0j\x07\x03+\
B\xb6\xc0\xd6d&\x87R\xec\x07\x0a\xe0\x1b*A.\
\xa2\xb6\xf8\x09\x08j\xba\x10\x92r5D}\x8a\xa7\xc0\
B\xe1Q\xaa\x06\x87\x9c\x8dTx:\xf3\x22\x08\x83V\
\x09\x18t:\x14\x81\xa8\xccp\xd1T5\xc46\x22\x90\
\x22\x1c\x94\x0aKS-G~\x22z\x0c\x91v\xd9\x12\
0\x92\xab#\x80\xd4\xc0\xd5\x04\xe2\x84\x22`\x845a\
\x13u\xcb\x0d\x5cR\xa0B\xe3\x22J\x06\xa0\x8a\x8d\xa4\
\xc6\x94\x0d)\x5c\x88\xe2\x85A\xc9DY\x83&\x5c\x98\
q\x82\x09!\xd3\x98\xaa1\xa9\x90z\x89\x97\xa1\xd7\x14\
\xd1\x17 U\xc8\xa5\xc3R+\xfc`\xd4\xd8;a\x08\
J11\x13\x5c!\x8e\x8d\x94\xcf,T'1\x16\xc2\
4\x8c+\xae\x13\x04\xce\x0e\xa4\xa6Ht\xd1\x10MF\
mW\x052%\xeaT`\xa1\x83_jk\xdf\x1a\x11\
\x12\x91#\xf6\xedK\x9d\x87A9\xdb_86\xb5\x84\
\xe5\x13X%\xe5b\xaaD\xd3\xb1\x08\xb7\x22\xcb\x09\x0a\
r-\xc5Z\xbb\x12\xe2j\x1c\x150\xba\x87\x8bP\xe9\
\x84@\xeb\x8a\x94\xc7R%\x90\x9d\xcc\xee+\x8cSN\
\x18\x9a\x08\x0a\xfa\x89\xb6Xlp\x15\xe7-dV\x1d\
\xe1.\xcc\xc64\xd3B*\xcbM\x01\xf0#\x88\xd3\x12\
\xb01D\xc5\x86\xadB\xab\x8d\x17H5\x0a\xa8i\xb2\
Z\x8dK2\xf9\x22O\x86\x07(G\xccA\xa8j\x0b\
8\xe0P\xc8\xe25\x12\x22\x89\x15X\xb91\xd2\x06\x9c\
\x87\xc0\xce2,\x99\xac`\x8d\xa8\x1a\xcaqD\xc8e\
cR3\x1dB\xb953\x1a\x14D\x8dR\x86U\xb8\
\xe9\xc42q\xc4\xe0&)\x84Pk\xa0\x9dh\xa8J\
(\xae\x15\xe0:t\x0cN\x09@\x9c\xbb\x0d\xc0\x9da\
!!\x94e\xf5\x1c'\x03C\x15\xf0V\xc5\xd1\x0d\xc5\
\xa8\x86\xf5\x10\xea:)\xc8\x99\x5c1E\xff\x00\x01\x18\
\xa1\x12:\x8b\x053z\x1d\x0eA\xb5\x18\xc1\xad\x8a\x91\
4\xef\xb1Y\xd3\x07\x8b\xaa\x98\xba\xaa\x0d\xb7BZ\x08\
\x96\x98\xeeX\x988\x10(\xc8\x8c\x12I\xb6B\xe8i\
d6B\x13X\xa7\x0bb\xc4\xce\xd3p*\x94Bd\
1\x98\xc9<&}\x04\xd0\xa3-\x89\xaczm\xb9\x15\
\x89K\x179\x0a\xd87\x02s\xe95\x5cZ\x11\xb8g\
w\xc6)\x99\xccAW\x81U\x04\xc1,g&\xa4\x8a\
\xd1U\x1d\x84\xd4Q\x93[\x90\xe2E\xb8)\x8a\xe6F\
MK\x119a\x119\xc2\xc3\x8c\x98\xae+\xe84\x87\
\xa2\xe8Sl\x87r\xc8N\x07J\x08\xf3o\x02EE\
\x0cX\xcd\xb1.5\xd5\x94j\xc7ph\x8f\x80I\x9c\
\x86\xa1\xa5\x04\x06\xab\xa8\xf8\x10\x90\x864!Y\x07\xa0\
Hz\x06\x9d\x0e\xd1\xab\x04\xbe\x0d\x08>\x01&\x9bI\
\x06\xaf\x041\x8e\x8e\x94.$D\xc4\x8e\x89\xa3+\x04\
r\x9a\x1d\xf7\xe0D\xa7B#!\xae\x0b\x07s\xa0\xd4\
\x07$!\x14\xbe\x0e\xc5\xee>\x81p\xb0\xd2Hm%\
#u\x9b\xe0\x9c\xab\x8d1\xa4\xc4,\xb0U\xb6Mp\
\xb3\x1d\x19Fr%\x17s\x01\x09M\x8d<nD\xa5\
R\xa5K\xe0\x98\xc1\xaa\xf0:\x8d\x22\xfc\x84\xa0U\x1a\
M\x0d)\xc5\xd1!(\xd8\xacd%(4h(8\
* H%\x02(&,\x1a\x91\xb8\x09\xca\x221\x94\
8\x9dp\xac\xe8Lb\x9blmW\x15\x03p\x86\xda\
\x0c\x92\xab3\xc8gVJHu\xc2\xe3t@\xe0\xb4\
m+\x8aHd\x12\xe08\x92\xf0jHx\xcd-\x87\
&\x0e\xa8J6\x9a\x91(\xc2.,\xa0\x88@@\xae\
4\xda\x12\x8d\xb4\xe3\x07\x06'>\xb3\xbe\xc3p'#\
pD\xc3^\xad\xd2&\x1e\xa4E\xc7j.&\x02\x09\
\xb6\xcc\xe5\x09F\x0b18t\xd8*6L\x02\xa2\xa2\
[Bp\x82\x82\x81\xdeP\xa2%\xce\x85N\x82q{\
\x89\xc95.\xe9\x81D\xd4G:\x12#\x04\xafq\x09\
&\xebA\xb9z\x14fl\x01\x16\xd5\x1de\x0d>%\
\x0fB\x16\x10\x84Q7cJ\x09\xc4\x1d\x03]0[\
\xe6:*rA\xac\xee5Q\xd9\x13E\x80\xf2XZ\
\xb8\x8d\xc8\xd0jI\xad\xc7,\xc4\x8d`\x88v<\x88\
\x1d\xfeD\x8a\x8e\x86r:\x03\xcf\xa9\x14\x81\xa8!\xaa\
\x9c\x925*Y=\x05\x0dTj[\x8a\x09Mpu\
7\x5cH\x0df>C\xb2C\x8eCP\x14\xb6\x13B\
\x046>\x8c\x0e\xb2\xc8V,\x13D1!\x22ep\
\x1d\x14I(\xa8\xd6\x0d6\xa9@\x91G\x22P8\x18\
J\xb8:\xd8r\xe8%\x05\x82\xa1\xc44\xa4W#\x08\
\x1d\x08\xac\x9c\xc77A\xc8\xcd\x11\xa9-\xe7\x8d\x0a\x1a\
`\xef\xa6\x13-\xe0\xd4\x8a\x03SR\xa3p9jJ\
\xd8I\xcf\x07|\x1bKP\x9dF\xe0UA\xcb\x22.\
7Rg\x09\x82p\xce\xa2\xb0\xe0lI&hr\x85\
$\x0dH\xc4\xed\xca\xf4\x9d\x89&\x82e\xa9\x15\xb8\x09\
\x1a&}\x05=\x0e\xc14\x89S\x1e\x92u\x8c/\xb4\
\x9b\xe4\x22D\xa3\xd2;\xe2\x5c$hS2\x15V{\
l\x89p6\xc4\x82D\x943*\x0d\xb4\x86\xd3K\x09\
\xce\x0a\xb5D!X\x85\xb2\xdb%\x09\xc5\xb0)\xe2&\
\xc1:V\xe3d\xc8\xa5\x09@D\xafqpb\x81)\
\xc4\x9f\xe8k\x01\xdd(\xd4\x84Aa\x13GA@i\
\xcc\xc5C\xcd\x12@\xdc\x11Ib\xa6\xc3]G\xf0:\
\xad\x04P\x89V\x12\xa8t\x1a\xd3\xc8u\xb8\xd5\xce \
z\x04\x0a\xaaJ\x83Sq\xaa`\x95\x1e\xa3\x85%\x07\
A\xa8\x1a\x96\xc6\xa4y\xf4!1\xc1\x91\xc5\x89(n\
P\xd4+\x10\x98\xd2\xe6&\x94\x8e\x8d@\xa6\xf6\x1cp\
t\x14\xa6@\x84&\xd9\xd4\x80\x92t\x1a\xa8\x943(\
\x12W\x1b!\x1d\x0b\x22`y\xb1\xd1C.\x85D\xa5\
1\xa8\x12\x1a\x1b\x8a\x18\x9c\x8dM\x04\xf31\xa9\x5ch\
!\xb9\xad\xc9\x1a\x92\xecT1%q:\xd4jE\x83\
\xc8w\xd8\x89O\x16\xe0f\x22\xb2B!anC\x5c\
\x0c\xaaQ\xc8rBN\x84J\xc1\xb8\x15\x84\xa1\xb2S\
\x1bV\x22\x15\x09\x87R\x12\x1d\xd0\xddF\xe0\xbdHD\
\xc4\x91Y\xc0]T\x88\x87$\xc9@Ln9\x93N\
\x0c\xaa\xe3%$\xe7qXk#$\xa2\x16\x0a\xb8\xa7\
Q\xa4\xdc\xed\xb7\x18;\x09\xb6\xcc\xd8\xa8\x86\x9bc\xc8\
\xae\x83\xd5\xce0\x94\xf6&I\xaf|&\x82o2l\
\xa0\x8a\xc8\xca\x84\xc2\xae\x0b!9\xc5\xb8/\xb1-\xb1\
\xba8\x08\xd0\xdc\xaa1Xf\x9c\xe4'>\x8c\xd0N\
G<\x98Bg\x05UIm(KK\x179c\x09\
\xe0\xee\x88%\xce\x83sq\xd8\x86\xd3\x1d/\x80\x9c\xdc\
\x96\x8b\xf0A\x89\xc8n\x0b\xdbiT\x86J&\xc3P\
'H\x11`\x9c\x8e\x81\x91mGS)=\x08\x14\x10\
5H\xb0\xaf\x8dHW<\x03\x5cB\x86\x92\x5cF\x1d\
\x0cd\xe4\xd9Djs\x1a\xa0\xdao#\xa6\xa1\xda\xe3\
\x9e#S`\xaf\x98t\x12X\xb0\xa0\xaa\x1dH\xb9\x0e\
F\xb2 \xd4\x19\x86\xb2\xcc\xb2\x1e{\xdc\xc8jK\x06\
\xa6\x86W\x13\xa9c1\x94\x8d\xc2\x8a\x04\x9c\xa3\x06\xb8\
\x08\xb8\x91\x98\xe9\x19\x95kR\x85-\x86\xc5P\xe5\x14\
\x93=0\xaa\x1d\x13#\xe2\x171\x86\xd3\x8e\x22B\xbb\
\xa8\xd5G\xa3,$\xa2#X\xd4)\xc8N\x06\xe5p\
\x14\xd3\x90\x94;\x8f\x22\xe6\x0cg\xd4\x96:\xa2\x981\
* \xb8u\x16]G)2k\x18\xa7\x13]\x84\xe5\
\xb3\xa0n^\x0f\xb0\xf2E\x86\xe6\xce\x83\x85q\xd5(\
\x1dQ0\xa1\xe3(T&\xb6#\x06\x8d\xc8\xd7\x112\
\xf0\x84R\xd7\xc2Q(ibZ\x0d\x0a\xc4\x8a/r\
\xb6Rh\x86\xa7\x993\x03\xb5\x01\xac\xca\xb2!Pm\
\xe7q`\xd8Ll%\x18$\xd3\xd9b\xb0\xec'\x96\
\x0e\xc4\xcb\xb9\x1dL\x8e\x02x\x17\x1a\x88\xcd\x0cO\xd1\
\x9146\x85b\xa6\xeb#T\x81\x08\x81\xc9\x8f\x03\xb0\
\xcd\xaa\x91\x16'\x8d\x0b\x90I\x86\xa2\x0b\x8b\xd4\x99\xc1\
%\x0dQ\x134\x14\x02\xa6\xae\x85\xa1\x1bpx;\x0d\
\x94\xde\xc3lM\xcd~0\x99\xd0\xeaL\x92T\xa6\x1d\
D\xe0i%EbV\x12\x8bT\x99\xd8V\x1d\x89\x11\
.\x18S\xab\x90\x9c\x09\xc8\xb5\xc4\x81\x88\xc1\x10\xd1\x22\
\x11\xa1\xa3\xb8\xe5\x90\xaa\x83\x96X\x09\x81\xa87|\x0c\
8\xe6:\xd1\x88W\x1d\xc6\xa5\x1a\xa3\xac\xc1\xa8\x9c\x0e\
\x1d\x1dX\xd0%\xf2\x1d\x03\x90u\x1a\x87$8\x91\xd5\
\xcb\x81\x14\xc1\xac\xea*c\xbe\xa3\xab\xb4\x91\xd0v+\
\x8dfQ\x8d\xb8cHjG\xf2YJ\xb1!\x0ca\
QS2\xe2RP\xb8\x90\x90\xd5\xd92UL\x0fT\
%\x5c\x8d&\xc7D\x93J\xd8H2\xeaZ\xe8o\x81\
\x15\x1dh:\x0e\xaa\x0a\x95\xb8\x22oTY\xc0\xe8,\
\xc9\x84.c\xa5\x1a\x83NnU8\x1d\xc6\xa4\x15P\
i\xa4&4\xa4\xb8\x89!1G-\x87E\xb3\x09\x17\
x14\x90\xd1\x1c\x8a0\x97\x81\xd8\xe29\x22\x9d\x8d\
\xdf\x18I(lJW\xc1\xb6;\xe0\x89TNF\xad\
\x0ea\xb9%\xe0\xd2hi\x0a\xe5H\xac\x8e\x92\xe21\
:\x938\xd6F\xd8*0U\xc1\xb8\xc8Nv!\x0e\
\x88NHBN\xa2n\x09\xab\xa0\xa8\xb5\x15\xecQ\x15\
\x8dV\xc4\xb4\xc6]a&\x07\x91?8_\x03\xa12\
(9c\xb0\x94\xe6BBr6'\x0a\xb7\x13\x92V\
\x0dH\xa9|\x22\x87C\x14\xb2\x13\xae\x84!\xcc\xd2\xde\
\x93\xb0\x93j\xa2P\x89n^B\x96\xe7,\x1b\x87a\
\xb8\xb1\x1b\x87bRC\xa6\xa31%W#$\xaa\xb9\
\xcaN,r\x09`U\x10\xa6pm \x95M\xd8\x94\
\xf0R\x5cp\x94\xc5\x078V\x91\x8a}I\xa5.(\
(w\x1d\x16A4\xed\xb1\x15\x91\xa7$\xc1.&K\
\xe8\x0dAA\xda\x97\xc4\x9a\xc8\xcb\xa8\xb0\x04\xd0\x95y\
\x8c\x84%CZ\x13;P\x97\x01\xa9l\xa2\x93*\x12\
\x1f\x001\xa8C\x84\x8b\x01\xaa\xba\x90\xe6MT4X\
i\x115\xb1j\x12\xab\x1a\xa7\x12$|\x08\x9c\x14\x9b\
\xa2\x1b(\x1bF\x83A\xfc\x06\xa2\xb27\x1a\x06\x96C\
\xa5]\x86\x84:\x86\xa1\x91\xa8\xd2\x94\x0e\xff\x0084\
\x93\x1a\x8b\x0d\x0d<\xcbk\x85\xda\x93\xa0\xd4\x14\xd0J\
\x04\x9bR'\x94\x8e\xacK\x16\x13~\x22\x8e\xa3\xb8\x9a\
\x0f\xe4'\xc4\xb3\x9c\x86\xd1ua\xc4!f45\x05\
\xc4%\x10*\xb9\x11S\x87B\x82\xec\xcci\x89U\x8d\
>\x05\x98\x14\xf09\x0a-\x82\xaf3\x98\x13\x90\xef\x8c\
&3\x1a\xc2\xa3\xe2\xb1\xa0\xd6x5%z\x0e\xa9\x93\
\xa1(\xb0\xb2\x94&(*\xdf\x0bI5!\x09p\x1a\
!\xb9t2\xa8\xf8\x85\xa9gRt\xc6X\xef\x87\x12\
M\x8d(\x89,*\x8a\x8e\x96.JE\xca\xaa'\x83\
lN\xb8\xabb\x94l\xba\xb8\x12\x8c\x1d\x88\xa9\x0d\x15\
p7*\x0c\x90\x9c2\xc1q\x0d\x08r\xcc{:\x92\
\xa6\xf8\x16\x17\xc2\xa5I{\xbc\x150jK8\x0a\x84\
\xa1\xcc\xd1\x87Q\xc1\x22\x8d\x11\x02x\xbb\x8dK\x99\x1d\
\x84\xa3\xd0\x97\x02M\x8dFg\x11(CRC2\xc4\
U\x17\xb5\x0b\xdc\x97\x11U\x97\x03\xb0\xacB+|\xc9\
q\x11f\xceN\x83m\xab\x89\xb4K\x88\x99S!\xb5\
\x94\x13\xb9\x1a\xe8J\xdd\xe0\xdan&\xa1\xa4D\x10@\
\xd9P\xa0\x94D\xbb\x92\xe4N\xb8:\x93\x02!j\x04\
\xa1\x1c\xa0\xdc\x88\xb1-\xae$\xcc\xd2 \xa4\x9a\xc1*\
\xc8&T\xa8\xccc\x94\x86!4\xebA\xa2\xd4I(\
\x1b<\xaa\x1cM\x0e\x80i\xd0\xb6\x87\xc4XK\x8e\x83\
S\xc8H\xe4II\x123  cQA\xa98\xf4\
\x224\x15@tHs5\x1dh\xee8PhaU\
\x8d\xcbr4\xe9\x16\x1c\xad\x05.\xe2K\x1c&0\xe8\
=\x07[\x13\xc4\xb0\xf8\x97\xb9\xe4\xc8Y\x8d.\xa3r\
5\x98\xea\xa4\x92\xad\x90\x93cP\xa4\x9aI0n\xf9\
\xc1\xbaq!\xa9\x91Tj5\x1b\x91V\xe4\xb4\xe1\xd8\
t`p\xc1\xc9t\x15\xe0\x88pD*\x13$VF\
\xe0hBr5(pT\x1bg0\x92Y*\xa3\xae\
B\x98\xc2\xc5\xc8\xa4\x8d\xc0\xd4\x91J\xb1\xd33r\x82\
\xb1K\xb0\xde\xc1\xaa\xe9\x84!\xa2`8\x16D7\xa9\
r$\xb3\x16hqJ\x94Mq|Lw\xd8m!\
6L\xb8\x15\xc7\x07\x8cH\xa0\xc9{\xbc\x1aM\x8d\x8c\
+\xe9\xb0\xc9N\x08\xd3\xf4\x1b\x819\xc59\xc8t\xc4\
\xa5\xa1\x1a\x15\x8a\x89\x15!\x13\x91+\x09\x1a\xa3/\xb6\
\xd9\xbc$%\x16\x1a\x9c\x19u\x83\xd8t\x13\x94\xc45\
>\x8a\xb9Y\xd0m+\x8e\x0e0:\x89\xce)\x1b\x16\
\xc4F\xc3T\xd4T\xc5\xb8\xd9jE@\xd4H\xdf\x07\
\x82Q\xc8\xa3\xc1\xe1\xbb\xe0\xb2\x1d\x88E\x87\x22TR\
\xc9\x93\x8ahT6\x92CU\xe5\x8f'gP\x90\xeb\
T<\x84iTD+\x0e9G\x09P\xcbhDs\
\x12\x9a\x8dP\x85aR\xd8s^\x04U\x8d#\x01\x9b\
\x0b\x1abL\x06\xa8\x1f\x11\x1a\x8d|\x91\x0c4\x1a\x91\
\xaa\x0e\x99\x06\xa9\x05A\xa0\xdceA\xf6\x04M\xeb\x80\
\x958\x905.\x8ct\xbdC\xb7\x16,\x99v\x83P\
h\x1e\xb4\x14\xd1~C\xadD\xb0D\xe6E;\x0f.\
\xc4>A!\xc0A\x8dBp\xc5naT\xa6d\xc2\
\x98\x1b\xb6B 1\xda\xc3O \xe5\xa2\x5c\x04Jv\
\x04\xe6\xf7\x1d\xf0M\xdf19U\xb8\xd6\x0a\xd84d\
2Z\x1a\x91\xab\xd0\xac\x939\x0d8\xa1g\x05\x86T\
\x1dRL\xa27|\x11.\xe3\xa3\xb0\xea\x87ElR\
\xdb;\xb6\x1d\x8a\xe8:\xb1\xb8U\xc1\xb9\xc8\x82\xc8T\
\x1a\x91\xc8m\x08j\xb8\x9br\xf8m\xbabi\xd8\x98\
\xc5\x104NA_\x14\xa3\x04\xc4\xe7\xd1jD\xa3\x18\
\x81\xc3\x1f\xc90\xc9j\x85\x82\xa2:\x94fD:\x15\
\x9b\x99\x94VFe\x22\xe3\x80\x96\xaeJ\x81U`\xd4\
\xa1(\xc6 \xe6\x16\xc4N\x11\x83\xad0T\xa9Q7\
\x22\xcf\x06\xa4\xcb\xa0\xa9\xb0\x9c\x8dH\xd5Gs\x07b\
\xcb\x05\xd2\x87\x9a\x8a\xd3\xe8Lj'8e\xbeX:\
\x0a\xd8\xc4\x93\xb0\xa8\xe72K\xe0\xa3!9\xc6r\xcc\
\x92*\xdb\xe0)\xcf\x0d\x0e\xc2Zs\xc3\x01\x08\x8a0\
\x15D\xb7\x02*e\xd8H:\x00\xa5\xc3\xaa\x98\x91\x91\
b\x12\x0d\x5cy\x81\x1a\xab\xa8\xd6cpu!\xa8\x99\
\x1aBBf`\x95\x1c\xc7}H\x9ex\x1a\x91\xa8t\
\x1dpi\xc2\x0a#Q\xc8is3c\x89\xc2%2\
\x1c[\x06\x94\xb2)\xa8\xd5\x1e\x11\x15D\x02\xa5\xd0\x91\
\x5c\xc8E\x08\xae\xa3 \xb5\x08\xb5\x0e\xa2REd\xe4\
2$\xb2\x88N\xa1\xccTS\x0a\x07$\xfc`\x89O\
!\xb43K\x9eG\x05\xc4m\x8d&\xa4\xache\x04\
1\xe7Q\xc1\xc0\xe6\xb3\x03C\x88n\xb0\x89\xd0\xca\xe4\
8\x11\xa7\x12'\x03rC\x92\xdc\xc6\xeaJc\x1a\xe2\
\xc4\xa0\x8f\x92\x22\xc4\xc903\x0d\x03a(\xccw\xae\
\x0e\xaa\xe4W\x13R\x86\xa3\x17\x22\x82)a\xaaA1\
\x22\xc1\xc9Xt\xc5\xc8\xb5`\xd4\x89B\xdbofP\
\xdc\x0e\xa2i8;\x92\xce\x83\xa8\xa9\xb0\x9dp[\x0d\
\xbd\xa9\xacb\xect8\x12\x98\x96\x14\x14\xc8jO\xb0\
\xce\x07L\x86\x95\x02Q\x83H\xc4\xe9\x0a\xa2uq#\
\xbb\x80\xb8\xe2\x96\xc3\xc1\xcc\x97\xd3\x05l\x1b\x82\xfbU\
kQL\xed\xcc\x0a\xa3p\xc9Lu\xb1\x0e\x83M\xa3\
\x84\x8e\xae\x85o\x9110\xc6\x88\x812$\x0f\x9f\xd8\
\xb53\x91V\xfb\x12\xb8\xd7\x09\x865:\x0a\x83H\xce\
\x98\xbe\xa1a)8\xcf\x1c\xe4\x88/\xa0\x9c\xe8J!\
\x09.\x04\xb1\xd0\x8b\xa8B\x86L-E@\x98\xc6\x80\
\xa2cD\x004\xc9 9D\x5cP\x99\xa0\xd7\x02\x96\
\xc09&8\x09A\xaa!3\x10\x87\xc4\x0d\x0a\x96\x0a\
\xd2JkD\x12]\xa8%\x06\xa4w\x0dFCO\xa0\
\xd5\x18\x94\xb0\xd2\xa1eG\x0a\x91Re\x95\x97\x01\x8d\
\x5ci\xb1\xab\x8d\xd8\xd31,6\xc6\xa4w\x0f\x81I\
a\x10M'3\x82J\x96\x1a\xa0igr\x95\x225\
\xc1'\x0c\xa18\x12\xdd J\x81\xb3\x14-X\x12\x99\
g\x1e\xa47q\xdc\x90\xd1\x10\xa0V8#\x86p$\
X$\x1a\xe2q*\xa1\xd4\x88\x5c\x08\x83w\xc95\x83\
\x89\x9cEFM(]X\xa4\xf1\x1eCL\xb1\x15\x91\
\xd5\x90j\xcb\xea2\xeaE$\xe0\x8c!\xecZ\xf8\xd9\
\x15lr=\x04\xe2\xe5Q\x837|\xe2\xdePD=\
\x8b\x11\x9dpw\xc5\xd0NJ\xce\x9beA\xbc\x9e\x12\
A\xc0\xf3@\xa8\xc6\xe0JFp\x1dD\xc2\xab\x06\xdc\
\xd0S\x83p+l;m:\x10\xe0\xb1t9E\xc4\
\xa0m\xb7%h\x8a\xa7q9Cp\x89\x92\x14:\x8b\
\x86E(C\x99\x92\x8b\xa1\x09k\xca\x14r\x92\x8dP\
'\xe6%vd\xcc\x0a\xa3\xb1dDTX6N\xc2\
\x1bKn\x15\xd9)\x09.\xe2\xa2\x81\x0b\x8a\x8d\xc1\x9e\
\xf9\xe0\xb80\xa9\x08(u\x91\xa9\x12\xea,\x1c\xc7\x12\
\xa9\x09\x8a\xf3\x82\xc3RWt4\x9b&\x18\x93Y\x8b\
\x9e\x12\xe7\x07A2\xb0\x94\xc3{M\xdcJt\x15\x07\
\xa9>\x04 \xab#6\x9d\xf0\x8a\x16d\xf4p\x12\x1a\
\xf5\x1aE.,7Q\x93q\x1c\x09q\x92g!\xf2\
\xfb\x11*\x8e\xa2d4\xe5\x07\x02\x033$r\x91\xa0\
r\xdc\x19\x88\xcc8\xc1D1\x1b\x1a\x93\xb8\xe9B\xd6\
\xa8\xdfB\xa4\x14\xd4\x8e\xf0;\xe0\x84\xf3\x91\xd4\xb4V\
\x87\x10\xd8\xdb\x8b\x11P\xd4\xe6:g\xe0\x81S\xe0\xc8\
K,)\xa9\x0d!\xa6\xf9\x0dDVGE\xcb\xe84\
\x9dJr;\x0e\x06\xc9\x1a\x94\xc4\xb8\x5c\xdda\xcb\x0a\
\xc2r$\xacH\xa0\x92J\x04\xa0\xec6\xec]\x0dA\
\x14\x81\xa8\x22\xb2*\xe3TI0\xf4\x198\x1cL\x0f\
\x88\xd1\xa6\xceE\x22\x08\xa8kB\x5c\x113.\xa5\xb4\
\x09\xb8\xa9\x1cP\xebr\x05,\x98\x1a\x8c5\x22n*\
\x8b\xdcm\x22\xa9\x95\xc2&\xe4\xb9\xae-\x01\xb3X\xb7\
8\xe4%\x0b\x1b6\x1e\xa2Y\xe3B\xe25\x08\xb9N\
\x07\x18T\x22\xa2\xd9Js\xc2T\xeb\x8cO\xa5vB\
!\x0cT\x92\xaf\x91\x10%\x02.\x04\x13.\x92\xc1V\
HI\x22P\x91-2\xab\x13Z\x8a\xa8\x95'I\x22\
\xb3\x84\xd6\x00\x89Y\x04\xdb\xa4\x13\x80\xa1\xe7#\xba\x1a\
\x9c\xf6U\xc6\xa7\x05A\xdba\xa4\xe0\xa9(\x14\xe6M\
c\x05o\x82j6\xe5\x16\x13x\xd4\xd0U\xc1\xd8R\
\xc8D\x22\x11\x08\x82)a8\xbd\x0a\xf0\xee]\xd4\x8c\
$\xbe\x82\x91\x82\xa3\x155TDNq\x86QR\xe2\
U\x0a\xe1\xcb\x1eTV|\xa0\x9d\x1ebt*5,\
\xc1\x81\xbd-a\xcc\x80\xab\x90j\x14T\xc5)\x8b\x07\
{A(m!S\x88g1\xf4\x0b+\x88\xf3\x9b\x15\
W\x08\x8a1\xf2\x10U\x8dF\x82\x0e[\xb4\x0f\x01\xdc\
\x92u\x1d\xf8\x8e\xd0Dd7BJ\x8d9e\xe5\xee\
\x85\x81\x05$\xda\x1a\x85c+\x14\x8a\xa1\xd6\x84\x94d\
5\x1cC\x5c\x08K!z\x07j0\xebq\xb0\xe2\xc3\
U\x99\xa8\x9c-EV\x91&\xc4J\xa8\x84\xa5H!\
\xc2\x1e\x0e\xc2\xa9j\xe47:\x1d\x08e \x98a\xd8\
\x88&dJ\x08L\xe6Me\x85\xdcJ\x96#\x8a\xc0\
\xe1\xd31R\xe2\xd1\x0d\xc0\xd6cS\x99\x15\x81\xaa\x08\
5\xa0\xe3\x81D\xaa\x86\xeba\xa8\xa4\x89\x12\xe06\xb6\
DA\x0d\xc4\x90\xe6\xa3\xa0\xd4\xaa\x0a\xad\x94D\xd6\x19\
\xcb\x08\x81\xc8J.42d\xa0\xe7\x22\xec.\x81\x99\
X\x88\xc2\xbb\xa1\xdfe\xd8O6\xcd\xf6\x0cf\xb9\x0a\
\x83Q\x18f$C\x1b\x93\x19\x1c\x87Q)\xaf\xaa\x94\
`\x9c\xe0\xec$:\x98\x82r*\x86\xa1\xc9r\xc6J\
b\xab\x16\xac2\xe8J\x18\xac5\x1a\x8er\x17dI\
c;\x09(-j\x09D\x91\xc1\x8b\x89\x1d1[1\
\xb9\x02e\xcbm\xa5a\xa1\xe0\xec-\x11f&\xc7H\
\x1a\x22.\x22EE\x07q8phd\x92\x9c[\x85\
#\xaaMa\x0b\x1a'\x03 \x15\x15dWb\x82\xd3\
#)\x8c\xc9\xad\xb1Jh&\x14\x0a\x8cl\x10\xa9d\
'\x16\xa9\xbb\xe4\xaa*\x88\x05\x84\x9b.\x8c\x84\xdd\x04\
\xc9P\xd5\x1eBqCUsB\x8b1\xaa\xba\x8e\x15\
\x1aQ\xa1ASQ\xcen\x161\xe6d$\xa0b\x87\
\x0e\xc3\xa1\x8e0\x1c\x1d\xc3\x8a\x1aO\x98\xf8\xb2\xcb\x0d\
NS\x8bN(5\x0bR\x18\xa9T\xe4lI\x1a\x85\
F\x22F\xa2pp\x1b\x82e\x8d,\xa9@\x95\xa6\x07\
x!\xa4\x8e\x16\x07ri\x18$\xbb\x91\x15cr\xc6\
\xe6\xb7BR\xb4.5\x19\x911\x16\x1e7\x10;\x8a\
\xc3RDd5%\xb0uw\x1c+\x83\x96cy\x13\
\xa8\xecQ\xe5\x18\x5c\xafAF2\xe5\xf0!\x09A\xdc\
K\x07j\x15\xccjD\x86D\xb9\x12\xaa\x1c\x02\x8bn\
Fs\x03n\x22Ka5\x1a\x82 V\x18\xd1dL\
\x95<\x18\x9b\x97#\x94\x9c\x89Tj\x83H7|\x15\
\xe65(\xd87\xa6\xc27a\xd1\x17\xc5\xacYH\x09\
a:\xf7*\xc1\xa4\x22\x81\xb5\x22\xa9r\x9cZ\x9c\x1d\
\x10\xad\xe8\xee\xbe\x09\x8e\xb9\x17b\xa4\x8d\xa1\xc3e\xa8\
&bD\xa8'\xd0Ba\xc0\xdc\x8d\x14\x16\x9c\x1b\x9c\
\x22\xa2\xcf\x08B\xa6\xcc\xa6B-j\x10\xb2Pf%\
\x15\x98n\xe8\x0c\xe6&\xd9\x89\xce3\x0bRg\x14\xe0\
\xee!\xacR\x8c\x19\x0a\x98\xc5)9\x19\xb1\xb8hm\
\xe6'8\xca\x17\x10\xdc\x13I\x1a\x95A\xa9\x5c\x1b)\
v9XP$j]\x0b\x9c\x0c\x92\xb8\x91\x8d\xc2\x91\
^K\x89\xe4\x22S\xc1f\xa1\x88\x9d0Kq\x02T\
DW\xb15d\xe1\x88\x96y\x22\x16D)\x88\x12Z\
\xf8,\x97r\x1b0\xe5U\x07\x9fR`\x85\xec\x10l\
TC\x9e\x03\xaaI\x82R\xc1\xd0/\x045\xc6\xc2T\
i\xb8\x164\x0d\xa5n>\xc4\xf1\xa0\xd4\x8e\xf6\x1c\x1e\
\x82\xb8\x92j\xa22\xce\xac\xb3\xe24eZ\x0e\x15\x06\
\xac\xdcw\x0e\xc4[\x86\x10,55\x98\x1ak\x90\x99\
\xa1Fn\x09\x06\xa1\xd1\xd0u2\xd4v\xa5\xc7D\xb5\
Q7\x15\x05\x16\x1aV\x1c`=D\xc6\xdb\x82\xc2\x81\
\xd1\x0d\xce\x84\xd0qp\xe4\xa1!X\x84'#\xaaF\
\xa4j1\x96\x99{\x16\x09fDTi\xe2\xec!\x9a\
\x07\x16\x1c\xa6\xe4V\xc5\xdcjqEd\x846\x95\xc6\
\xb8\xbd\xc4\xa9\x84H\xd3\x07\x0f1\xbaA\x15/r+\
#s\x8aR%\x03\xa8\xd2HnK\xd9\x89A\xca\xc5\
\xa9\x15\x1c<\x15\xb0{\x0d\xcb\xd3\x0b\xa7\x07A\xc4\x85\
,T\x15n$!,9\x17\xbe\x10\x99)8\xc5\xb8\
\x13\x9fE\xd5\x0aP\xd1\x08n2\xc1\xe1rJ\x90\xe0\
\x81LdTV\xc26]\x859\xfa\x09F\xc3A4\
\x919\x1a2\xad)\xc0\xc38,\xd4\x98\xb2H!\xa1\
-\xc1\xb0j\xb4\xc1\x0e$\xc5\x09\xce\x06\xe1\x12\x89\xae\
.\xc5\x90\x86\x87R\x13\x8bA\xf0Xje\xa0\xf9\xc1\
2\xa31&\xae6%0\x13\xc16g\x22 A\x11\
R\xf9\x9c\xc71\x0d\xb8\xb1\x22dv\x13\x91Y\x8a\xf8\
,\xb7\xc8\xa9BB4\x84\xe9B\xf0\x9d\xf0\x9a\x94\x04\
\x22r\x82\x18H\xbdC\xaaHVT\x14\xaa\xc6)\x91\
\xa45\xa8\xc6\x81$\xef\x0cpS!\xd9\x0e\xa8\xc8j\
_\x0c&\xa7\x90\x9c\x82\xb5\xc8h\xa2\xa4\xa6\xb4\x1d\xca\
3\x80\xf9\x8ch;1r\xf2T\xa1\xd4j\x1f\x11\xb2\
\x09E0v\x1bt\x90\xf5\x1a\x95#\xbd\x879\x0d\x06\
\xa1\xc5\xc6\x5c\x0c\xaa\xc6\xa4J\x10\xd9\x14|\x06\xb2\x0e\
\xa8\xb9\x10\xb1\xc4L\x82\xb4\xeeP\x82\x1b\xd0v\x91\xb3\
\x8c\x8d1\x10U\x82\x22\xa4\x83\x84\xc7q\xc2\x88M\xb0\
j\x06\xb59\x86\xa0n\xb0\xcc\xfa\x139\x156B&\
52\xa1T\xc7CV7\x89\xc60Ed\x99p\x1a\
\x8c\x14\xe6T\xa0\x94\x13R\xd8M\x06\x94\x8ef0t\
\x9c\x09\xa1\xa2\x04\xeb\xb4\xa9`\xee(\xa4\xb6.\xd7\x08\
\x8c\x1d\x1e-\xe5\x8b45-\x10v\x15\x13\x15\x13\x92\
\xd5A\x04\xe1\xb2X\xaa:\x22Llm\x90\xb8\xb2g\
\xd2\x95\xb5\x12<!\x0d\x11E\x82\xa3\xa8\xe2HM\x22\
\x11X\xb1\x10\xfd\x09^\x8c\xc6\x0a`2y\x0f\x80\x98\
\x1bM\x10\x87\x19\x92\xa0z1&\xcd\x82\xc91j\xd3\
\x0d(hV\x07\x17d\x226l\xe8\x22li`d\
\xc5U\x92\x16\x0b\xa1\x0b\x98T\x09\x9b\xe1\x83W\x81+\
\x04\xa3\x04\xde\x10\x96,\x83Q\xe6*\xaa\xd0\x82\xdcT\
\x04\xe5\x14\x0e\xa5O\x9c!Q\xcc\x8d*\xc5\xc4\xdc\x1a\
\xa3\x0b\x90EHW\xd0\x1a\xb5\x04\xad\xc8\x93\x1aM\x5c\
j\x14\xae\x09\x10\x1cJ\x15\x22\xe8b\xd4\xadU@\x5c\
AB\xd2AF\x82/\x93\x1a\x1a\x95\xa9\x03\x12V\x16\
\xd4J\xf1\x08\xcal5B\x18\xe28\xb3*\x8e\xa2\xf3\
\x0dL\xbb\x0c|K.4\xa7\x88\xd5duv\x1as\
#\x09\xac\x11\x08\xea\x145\x91+1H\x1a\xab\x13\x87\
\x0cm\xd4\x91B\xb9\x8e\x96RD\xaa\x8e lPP\
\x15\x18\xd0\x9aW\x1d9\x19\xd8ho\x04C*\xae&\
\x5c\x86\xe0\x948j\xa3M\x9e\x0d6\x1c\x0d32,\
\x86\xa2\xc4\xcee\xaa;\x97\xa8\xeaC\x86*\xae\xee&\
S\x09\xc1\xb6\x99eh^$D\x0f9f\xef\x8c\x22\
\x18\xec48\x82\x5c\x90\x89\x91\xa1!\xebaD\xe2\xe9\
\x83\xa2\xc5\xdb\x16\xe1\x0aCr\xd9\x15\x9c\x1d\xb0\xdd\xf3\
\xb2n\x09BU\x5cF\x1b\x9a\x0a$\xd5\x97&\x811\
X,bQ\x84\xb8%\xa3.\x82\x93\xf5\x8e\xc2s\x83\
p'8\xc5dj\xa2\xb7\xa4\xec%U\xb6\xe7,\x1a\
\x92R\xc2\x10\xdc\x0d\xc8\x90gP\xec%r\xd9\x89\x5c\
\xb1k\x09\xca!\x0f)H$\xab\xe2\x8b0\xc2i\xdb\
f\xb7\xec*\xe6J\xb0t\x13k!\x03P\xc9q\x04\
9\x13f\xe4a\xbb\xe0\xbaD\xe4\xac\xe8+\xe1\x5c\xb6\
\x22\x05C\x8aK\x8a\x08\xf2'\xc4NDD\x8d\xe4\xc6\
X\xa1HJ\xa016\xd32\x5c\x08\xa8`\x91\xc8I\
\x08\x8b*\x9d!H\x18\xb8\x84\x85J\x88E\xe8B\xe3\
Q\xa4X2*\x86\x9b\xba\x19k`%\x1b\x11^\xa2\
\xc6\x1ac\xabR\x98\xea\x87\xfeCU\xe24\xc6\xfe\x04\
N\xe2U\x86\xb0\xb0\xe1\xe8\x1d\x88\x0e\xab\xc9C\x84\x86\
\xa3T\x1dr\x12h\x1dh5Q\xaa\xcb\xa9\x9e\xa3\xb9\
Q\xf1\xcc\xaa\xe3\x85\xa1V\xa8B\xba.\xd4i\xdb\x22\
+q\xcf48\x81\xbe\x04\x87B\x85.C\x91\xb8\xcc\
\xb9\x08\xbc\x91\x05\xe87\x91V\x83\xe0\xc4\xc8pNp\
u\x12\x81\xa9\x1d\xe8P\xa0V&\xb6\x1bN\xa2\xaa\xae\
\x1d\x88\x1dGB~pr\xccj\xb7\xc1\xa48\xc6\x09\
c\xb8\xd0\xed\x12%A\x85-\x05&r\x0dR\x85r\
\xc6\xa2`\x94h*\x10\xd5\xea?\x81XF\xc6\xa4V\
\x1c\x06\xa7\x08cW\xde\xf8\xce\x987\x04\xd2F\xdbZ\
\xe0\xc3R*`\x905#\xb8\xc2s\x9c\x8dF\x17\xcc\
\xb5\x8aq\xa9bk\xb0\xf0n\x05W\xeb7\x02Q\x83\
RQ\x13;N\xc2m\xf2\xc1\xb8\x15}t\x5cW\x1b\
\x87rdjD\xdc\xe0\x9aA\xca\x85\xddN\xa1\xe4$\
\x98\xaf\x19l8\xc0\x91K\x225V\xb1\x0cy\x16c\
r\xd1vIgA:\xf7\xd8h\xa1\x0aN\xb4,\x81\
I\x03\xe0\x13\x9c\x13\x90\x9dvS\xe1\x85\xa8.2;\
\x10\xa4h\xa0\xb8\xd8\x81\xb6\x0b\x96b\xbd\xc5\xf8h\x84\
\x81\xc06\x04UsR\x9dQR\xa9\x07Ch\xa2\xe8\
\x15:\x04\xce\x08\xa5\xa0\xccw\x1aj\x03M\x86\x9b\x9e\
\x025l\x00\xe6\x070\x87@\xdaA\xf2\x03\xa2\xad\xc5\
8\x10\xda\x1d\xc7a\xeba\x14P4\x1d\xf8\x0dp\xa2\
 \xcfR\x85D41\xb505\xc0p\xf2\x12\xb25\
)H\xf0;\x88\x96eBW\x02\x8aJ\x18Z\xd2\xe4\
\xd8\x99\x1c\xa4%(9h\x99CT\x12r\x10\xce4\
*\xc6\x87i\x15\xd95\xd0i\xb5I\x92\x22\xe2\x87\xc4\
j\xd4r(W\xa9|\x8d,\xae=X\xafVC\x91\
\x10\x83\xb0\xdc\xadP\xe5\xb1\x93\xa9a\xa9-AUH\
\xec8J\x09pv$\x84\x99\x94rH\x8c\xf0t.\
'V;\x8d\xc60\x84\x92\x86\x94\x09\xc6\x0cA:\x0d\
\x8d\x15&v\x16\xa3\xab\xb95\x8c\x1c:\x10\x95'\x06\
\xc6\xf6!\xcc\xc8\x9b\x1b\x82A\x11\x8cI\x92(Ep\
W\x1a\x98\x1b\x09\xca\xc5Hi7\xb4\xa6t\xdb\x9c8\
\x8a\xd8\xb4\xe6\x82\xa2\xf4\xa5\x09\xce^\x84\xe2\xdc\x09\xce\
\x12\xa6\x08Pjq\xdd\xf1\x83\xecD\xcd\x06\x9b%\xc0\
\xe3A+\x8b\xb0\xae5\x22\xb0\xdc!\xd7*\x16\xac\x13\
d\x8d\x02\xe9fB\xee\x84Tz\x22\xcb\xd1$\xa6'\
.\xc2\xa12\x84\xa3d\xd4\xe2\xd8\xe8\x86\xa8\xa4Y\xc8\
\xc3\xc3\xe2*\xa1\xb8HHy\xa0\xa5 \xeb\x96\x1c\x83\
\xa3`\x18\x8d\xa6\x93u\x0dqh\xca\xd5\xa4EP\xd2\
nl*h/\x04\x15M\x83Y0\xd9\x0dL\xc8\xa8\
:\x0cu\xb2\x12u\x1aSA\xc0 4d!\xaa\x89\
\x87M\x18\xd3L\x22HjV\x83W2\xa8D\xf0\x1a\
J\xc7\x0a\x0cd\x19\x11\x11P\xe9\x90\xecD\xa22\x1d\
]\x06\xa2\xe3t\xe05a\xe4\xb2\x22\xb7+\x0e\xa1\xa2\
\x14dC\x22\x86\xe4\xd7\x07Q\x95N\x00\x96W(\xd8\
uD9\x1cu\x1aF;\x963!\x0d1\xcb\xb1\x09\
s\x1a\x12\x97\x22T\x86\xc5\x90\xbe\x07\x19\x149\x1eG\
,\x10\x14\x97\xa0\xdc\xba\x0dTn\x096\xe87Bk\
A\xd54r\x0c6cSA!\x17-\x84N\x0dH\
\xac:\x0e\x8aa:\x0dlfH\x8c\x1a43\xa1\x02\
`\xec:!\xb9\xc6PT*\xbeX\xb4\x90\xeb\x83M\
\x02N0j\xb8&8\x8a\x92\xc8J1\xd0\xb0N\x8a\
Gsw\x01>\x05\xe0\xbb\x1a\x81\x9c\xb3 \xb2\x81\x83\
r\xb5\x13\xa5\xf1\xf8=\x08X\xd6t\xf5\xa1\x11\x1bR\
\xb0\x8a\xce-H\xe8\x98\x9d\x07y \xd6,WQ\xc0\
\xacN\xbd\xc4\xe6*=\x05\xba\x8a\x13\xd8\xbbP7:\
\x13H\x1dv\x14\xaa\x90\xc4\x0d\xb1IXL\xd3\x11\xbc\
&\x09\x9d\x85b\x22\x09.%z\x09\xcd\x08\xadD\xa2\
\xcf\x05\xda)\x0eJ0n\xca\xe4EJ\xd8\xa5\x89I\
9`W\x0b\x03\x8bc\x10\x1d\xde\xe2\x03\xb2\x8a\xa0Y\
\x92\x80I:\x0e\xbeB\xa9\xa0MB>\xa2Z\x82J\
\x84\x85UB-\x05\xebp\xd2\x1e}J\x9c\x16$n\
.4\xed\x02\xc0\xe3\x03\x944\x90JS\x1a\xa3\xab\xa0\
\x97\xc8j\xc0\xd4\xc8\xecd\x1a4\xc7%7\x113\x8b\
C\xcf\xa1\x1a\x07\x0e\x0c\xac3EW\x12$:\x88C\
T\x12I\x11X\x1c.*\x17u\x22\xd57|\x15;\
\x0dH\xea\xa5\x8a\x03\x9e81\xc4\xd4\xba\x13hi6\
\xc7eR \xe6^\x83I[\x041\xb6\xd8\x9c\x91\x0e\
s.\xbe\x14t\x92\xba\x0d\xcf!\xaaI/v;\x0e\
\xd1\x99\x9dY\x14@h\xd3\x92\xbcES.\x83NG\
3\xb1*)\x84V\xf8!L\x92\x88K\x16\xa4\x88\xc1\
\xa9\x1c\xa2P\xed\x8d\x8c\xadjL<!a\x1a\xe0\xc9\
s\x12\x878\xbb\x0d\x94\xe0\x99\xcf\x04\xe9\xa0\x87r\x08\
%\xd8\xdd*\x8a>d!8\xd4rV(\xc7\x9cS\
\x84\xe8'\x18\xbb\x09\xa7\x079zGU=\x9a\xbe\x0d\
\xc0\x9c\x92\x86\x88uX\xb6'\x82\xd5\x22\x16\xa3cB\
\xce\x82\x22\xb0'9`\xd1\x895\x8aQ\x83S\xb7\xa9\
H\xa4*\x08\x8a\x0f\x03s\x89\xe4\xc6\x84\x891\xb4T\
R\x82qM\xb2\xb8\xecg\x02J\x1d\x09B\x0e\x92T\
\xd3\x12\xab\x1d\xa8I\xd8\x17jK-Q\x08p\x02\xf4\
\xd5\xe4P\xa8\xb95\x0d@5\x9eeW\x13\xda\xc2]\
\x22\x83F\xdb\xb2\x12\x12\x82\xe7\x11.\xba\x1c\xa45\x09\
\xdc\xb0%D\xb8\xa8\xd3\xab\x0d\xd4q3`\xd5`\x7f\
\x02\x02a^\xa4N\x00\xe8\x1d\x13y\x136&(\xb9\
I\x86\x9a\xa1k\xa3\x8e.\xe2\x15\x04\xa2\x8d\x8e\x88s\
6-\xa1e\x02\xa2\x06\x83&cJ-\x01\xce\x01\xb5\
\x92\x1d\x5c\x0dB\x84\xca\xf0\x13\xb9&\xe87\x0a\xa2M\
\xe6\xc3\xb1Xh\xe4\x10\x98\x84\xc7\xa2\x0ew\x13\xac\x13\
\x0cs\xc4\xc8J\x0d\xd3\x02\xa0n\x05Z\xacy\x8dE\
H\xe6\xc3w\xc0\xd0\xc8\xa5\xe87\xa5GT\xe0\xf3\xe8\
AF\x0d\xc3\x22%\xe2\xc5H\x8aa\xdcG8%\x03\
P\xe7a\xb9\xc51|\x0e\xc3\xd0\x96xVX+a\
\x22F\xe0u\x13\xae\xc2\x98\x1a\x0cN\x0dH\xa5Y\x8c\
\xabQ:\x04\xd6b\xe8U!2\xcc\x98\xc32\xca\xe2\
\xdc!5\x84\xe4\x946\x90\x9c\xe0\xdcz\xc9\xcf\xad\x0b\
\x06\xa4\x88\xc1\xa8d\xc126\xa8\xaa\x84\xee;\x22`\
m\x941\xba\xe0JD\x976\xd2Q\x995\x82T\xc0\
\xef\xe8*UA\x86\x86\x22\xd7+\x05\x0b1\xb1S2\
\x983\xb8\xdby\x89\xbc\x8eA\xbal\x95\xb1O\x81|\
\x13h\xcb\xa1\x9fA:\x89\xb79\x99\xa1\xf4 z\x13\
*\x8e\x9b\xd8\x85\xc4x!\xe5CW\xa1\xa1\xb2\xc2I\
\xb6 \x9d\x87\xc2%-\x02\xcb\xa0\xf3\xe2U%\x01+\
rI\x1e{\xdc\x82\x16y\x121Tc\x0d0\xda\x04\
\x14\x04b\xe0\xd2\x81\xa8\x0e\xff\x00#\xad\xc6\xa7\x90\xda\
\xce\xa8\x8e\x85\x14,#\xa8\x88\x8e#Q\xcf\x03H\x91\
\xaa\x09Mp5\x03,&\x15\x03\x1a\x99v\xc1\xb9\xe6\
I\xf2\x1a\x81\xf18,\xa0\xf8\x95\x14\x22\x15\x96T\x85\
q\xe5\x03R**\x8f&S\x85D\xc5Fx\x18E\
\x03\x81M\x0bX\xa9\x0e\x96%\xee\xc7\x0a\xa3\xba\xc2\xe8\
LP\x99\x15\x03Y\x5cP\x86\xeb\x03\xb0\xab2)2\
&d\xcc\xd0\xdd\xf3\x83Q\x84\xd2\x83\xa6\x09\xac\x0dK\
\xb9\x14\x82\x8dF\xc4\x5c#v\xc2\xab\xb2\xd5&S\xd8\
d\x93,\x194\xd4\xca\xb8L\xe1\x01\x9c\xbc\x1aLm\
\x89\xb5\xb0\xdcc\x01\xca\x5cfm\x09\x0a\x01\x1fB\xc3\
\x88\xb5\xc1\xbd\x079\x0e\xc4\xe9\x18\xa5qr\x13\x91\xa9\
\xdbI\xda@\x814\x919\xf4\x1a\x9d\xa6\xe0NF\xa4\
\x84>,]\x08\xcd\x0d\xceFp$\xf8\x0d\xe8%T\
7\x019\xc0U\x1a\x92\x1e90Tr7>\x8b\xa8\
\xfa^\x05P\xc9NqK\x09\xacb\x9cR$\xb5\x82\
\x96\xd5B\xb6*\xd8\xd1\x16b\x90\x8b\xc8\x91k\x15\x04\
\xca\xf4+\x91OmJ.\x84\xf0[\xd1\xc7\x18j\xb2\
*\xaa\x83\xe4\x0dE\xca\xf5\x04H.\x06\xa8\xd4\x8b\xa5\
\x04S\xc4t6\xac\x1dUB^n8Pi\x8b.\
\xf8\x1d\x04C\x10\x89\xe8>u\x1eu\xa8\xd4\x11\x13B\
\x85-\x0f\x9d\x04\xc8: D\xd2\xc1\xabfM\x08\x89\
\xe2E 8\x8e\x0c\xb5\xc7\x1c\xc3P%\x04\x95\x0a\xe2\
q\x0e\x83Z}\x8aE\x84\x9bFa*jD\x0dP\
\xb3\x1a\x93V\x0eL)U*s`\x8dW#\x90p\
\xec\xa0v4\x10\x88\x1dlV\xc2TjY\x10%\x12\
74\x1ad`nP\xec@\xa1\xe10%\xb0uT\
\xc1\x10D\xa1\xd1\x87L\x87[,\x1bI\xc4b\xd0\xd3\
,]\x8dp\x1dRFx\xc5pt&\xb8\xe4'\x15\
A\xc3\xe0\xc1L9\x19IuN\x84\xa1\xe8\xc1\xb9\xc6\
\x05\xf6\x1cr\x1bM\xc9tD\x93\x92\xb6.\x22\xa2n\
\x9c\x04\xee6\xe6D\xee'*\x0d\xd6\xe2o0\xe9\x8a\
\x86W\x1d`\x9a\x5c\x9a*\x8a\xd5q\x83\xae\xc2|\x08\
\x13\x02\xb0\xd5!&\x9e\x985>\x99\x14\x81(\xf4%\
\x0e\xc6U\x12\x867\x18\x1dI\x82d\x86\xf0\x96d\x1c\
\xb2\xa9\x93[\x8dUZ\x17\x04\xdd\x07'2%\x03R\
*b\xdc\x13\xe9\xa5\xb2\xdajA))\xca\xc2`\x96\
(\x9b\xe0\x9c\xe0\xa5\x84\xa0O\x19\x84\xb6EbL\xae\
Y\x09\x96\x91\xa8\x92\xb5\xc5k\x99\x90\xd9\x01IR\xd8\
J\x8c\x19\x83u>\x12\xb1\xc3P\xd5\x0f\xa1v\xd88\
\x91.PPN\x0a\x92/\x5c\x05&\x81\xa8\xc1\xa9z\
\x09\xc3\x01\xe6\x1aH\xc6\xae\x228\x0f\xb8\xdc\x87A\xb9\
\x12X\xc4M,5Q\x08\xa3\x8a2\x816cA\x13\
\x91\xaa\x90\xa4\xcd\xe3\x10j\x8d\x0d\xc0\xe4\xc88:\x04\
\xeb\xa0\xd2CY\x04\x86\xd8\xd9{\x08\xe6\xa48\x94L\
j\x18\xc9\x13\x82%\x135\xeb\x82\xb6Z\x98\x1a\x9c\xe9\
\x83t\x819\x11\x19\x8d\xb7|4Q\xe1C\x91,\xd6\
\x1c,J\x1d\x86\x92&^\x84\x1c\xcd\xdf\x02b\xceG\
}\x0c\xfa\x0dN\x0e\x83R%\x02p3,\x15\xd9d\
2g\x04\xa5\xcf\x06\xa3\x06/|\x1d\xb0s\x91\xf2\x14\
e#JJ\x81\x88\xba\xad\x08\x87q\xa5\x8dI\xbb\xe4\
n$|\x84VdNpjQ-\x138\xce\xc3M\
\x89\xe5\x85\x04\xd3\x1c\x22\x83\xab\xa8\x9d`y\x04\xca \
DCBk\x90i\xba\xe4B\x82U\x1c\x886\x9c\x22\
\xb8FA]%\x1cD\xad\xa6\xe0Npm\xa7\x1e\x8c\
\xd60v\x12\xad\x85l%\xcf\x00\xea\x12S\x8aZ\x13\
\xba\x08\x95\x87\x18D\xac\x1b\xa8\x94\xa2*%F%\xa7\
\xd0\xd4\x89B\xc2S\xc1I\xb2\xa42\xde\xc1\xe5*\x84\
X\xc1Tv3\xe8+c1\x22\xa2\xa5\xd1,\xc2\x99\
\xc19\xc5`\xd5p\x94\x09\x08\xf2\xc1\xafH\x15X\xd2\
M\x09\xa4bT\x8dM\x8bP\xa8\x90i\xd2\xa1\xab\xf1\
\x0a\x9a\x10\xa4\xbd\xa4]\x05y\x862\x0b\x14\x11\x86\x9d\
\xc4m\xc0\xd11\x22\xa2A&\x11\x90\x0d$5\x1cC\
\xac\xe04\xdd\x1d\xc4\x89\xa6\x0bW\xcd\x90\x18\xb1\x98i\
\xa7`\x8a\xa2)a\xf0\x81\x0dA\x0a\xe2\xd6\x85\x0cB\
\xe6\xc7D\x8d3.\x85\x93\xcd\x16 \xee!\xd4R\x86\
\xa5j5+Q\xa8;\x09\xd4iR\x8d\xd7&y\x0e\
J\x09\x88WBPI(\x22Y1\x90\xe8\xca\x10Y\
\x08(\xe4t/tJQ\x96\xf9\x90\x86K,\x1aQ\
a\xa5\x0e\x95\x13\xb3-{\x96Tm\x90\x8d\x09J\x96\
=.9N\xa5\x06\xc1\xa1B\x15\x86\xd8\xd4\x94$:\
\xa9*\xa1W1\xb8\xbd\xf1n\x14\x1d\x1e\x0d\xba\x0e\x9a\
\x97x:a0\xc1\xdf\x0ahLT\x99(\xa9\xc4\x94\
\xb4%5A\xaa\x8d\x0e\xc2CA|!\xa7K\x10\x22\
_m\xc3\x98\x9b\xd8j0i\x12\x92\x12\xa6\x0dC\x1d\
\x02\x16\x1e\xae@\x17V5bn\x10\xc67,V!\
\x22P\x9an\x06\xe0NpjD\xa3\xd3\x8a\xc8\xdc\x08\
\xfa`\xee7BS\x05v[\x15\x8b\xd0\xbe\x06\xdd\xa7\
\x14F\xc3p*\xe6$\xb0Tx7\x03\x9c\xfdEA\
\xa9\x151g4LRJ\x86\x9c\xe1,V\xc2\x81\xf1\
,\xac2BQ\x86}6%\xbcf\x925D\xc8\x8c\
\xc5\xc4\x82+\xa1r\x19\x94A\x9e\x0e\xaa\x85YX$\
&\xc3cE\xd0/\xc8j\xd9\xb0\x95\x1d\x5cYR\xb6\
\x12\x91\xab\xc4J\xa6\x82\x09\x12\x8e\x82 \xb9\x88\xa9Y\
\x0a\x84\x99\xa41 \xaap\xc6\x9b\x1aR\x1a!`\x9e\
B|\x0a\x0fA\xa8%\x0b1\xa9\xac\x8dA\x22\xab\x81\
\xd2`J.5K\x9c`n\xac+Pa\xb67+\
\x80\x8aT0\xee\x94\x16\xb1r\x81\xa2$^\xf7\x1d\x15\
D*\x1d\x073\xa1\xe0\xb2\xf2'a\xb9v\x81\xb8\xb5\
Xs\x03J\xa1\x15r$\x86\x141\xaa\xe0q\xc8j\
mR\x1a\xcc\x89\xb8w\x22\x93\x82\x887\x05\xec'\xc4\
q\xae\x09\xcbh\xb0\xb2\xa5\xc9\xb2\x08f\xc4$9x\
'87\x04R\xa3T\xa1\x11\x81\xc9\xb6>\x06:8\
\x12%TNh\xf9\xc4\xe5\x83U\xc2d\xaa\xe4L\xe2\
\xf1\x8bM\x8aU\x04\xd5\xccn\xa5\xc6\xe1@\xdbe\xc3\
a\xaa:\xfa\x0dH\xfb\x9c\xf1\xeb\x02\xcc\x8aq\xc5&\
D`\xae\x14*\xc9)\x89\xbb\x09.C\xc1+T&\
\x18\x83\x9c\x85[\x89,\x09\x8dq#4$0\xc5\xda\
\x12\xb0n\x06\xc5\x835a[\x16\xa7\x17\x07\x05C|\
\x18\xdc\xe1a\x22\xa2\xa8\xd7\x02[\xba\x1c6N\x0c\xfe\
pY\xd6\xd8!RD\xd6[1$\x09@\xdc\x0e\xb9\
\xe0\xed\xeb\xb9\xcb\x17#T[\xb8\x12\xb6\x95\x8aTS\
\x08NqX@N3\xc2\xecE\xe2rd\x13\x92\xb8\
\x1a\x04\xb5\x12\x81*\x84\xc5\x04\xaa\x22xm\x93:n\
\x15\xa0v\xd4J\xd6\xe3Yvb\xb5`\xd4\xbe#\xb5\
\x98\xb2\xa88L\x1b\x96g\x12Z\xc2\x1b\xd4\x1a\xcc\xe4\
R\x87\xc8JK\x1a\x5cP\xea\x18\xc6\x1a\x89%2%\
\x22]\x04Th\xf3\x12\x947|\x8e\xa7\x11\xa8\x9c\xc9\
}\x02\x832\x83\xa8\xd4\x90\x93\x1a\x81\xd1j:E\x0b\
\x09\xa9\xa3\x08\xfa\x10)\x80\xd3\x9b`\xd34FCR\
(\xaa\x22[\xcc'+\x80\xb9\x83\xa0\x82e\x08\xac\x0d\
\xfc\x13]\x08LjH\xc1q\xb2V\xc1\xd0u\xa9\x19\
\x8a\x07\xc1bS\x0a\xe46\xb2\x144\x0e\x905R-\
\xc4|\xc6\x86\xa4v\x1eEX6\x87l8\xc9\x9c\x1a\
\x8b\x17+\x90\xd1\xd0\x9a\xcb\x06\xa5\xdf\x08Hh\x8ad\
]\x08\xd5\xcb\x98\xf4\xa63.\xd8[\x19\x894\x88*\
H\x899#\xea\xbd1\x88\xc3w\xc6\xc2\x9c\x8b\x5cN\
\xb2r\x0aK\x1a\xe8+\xb0\x96\x92!(\xcb\x91-\x8e\
o\x17,N,Wb\x81\xa8\x0a\x83t\x1d\x13\x02\xaa\
%\xee\xc7+9&\x92T\xac\x95\xc1\xfd\x07aq\xc3\
$\x0a\xbb\x8c\xb1-\xe1\xc8\x97bk\x01U\x5cr\x8a\
\x9c\xc2\xdb\x16\xf6\x9a\x9c&\x09{o\x05b\xbac\x13\
\xb5\xbb\xe4\xcc\xb1x\x09\xcd\x84\xeaKn\x96\xc2e\xc5\
\x85ED\xe5p\x19\xa67\x22PD\xa1S\x05bc\
\x88\xce\x82\xd4'\x02\xb0\xa4\x928\x9449\x0e\x14\x0b\
\x99X4\xc9\x92\x9b\x89\xd4\xb8\xf5\xf00R\x99X\x95\
\xa9\xac\x91q\x90\xa8I#W\x80m\xde\xc2(\xa9D\
\xc3\x1ey!\xda\xf0\x1a\xe0\xeaP\xda\xb8\x90\x8c\x03V\
\x9b\x1c\xa7A+pj\x1b\xe0:!PZ\x81\x98f\
\x09^\x01\x15F\xa1\x1cs!\xc8jX\xea\xae\x22N\
\x82\xb5Bt\x1ab\xae\x82\xa2\xc4\x22EH4\xae0\
w\x1cEG\xc1a\xdcLf\xa89\xc9\xe3\x12\xc47\
\xa9y\x94eh\x0a\x10\xb6\xa3p\x90\xd4\xb54c\x13\
\xe2\x86\x92\x95\xd1u\x18<\xd2!\xdcnr\x15\x15\xc7\
\x931\xdcIC\xa6G\x81\xd5\x0a&\x03P'QM\
\xc0\xfa\x8b\x0e\xad\x8d\xca\xe0P\xb2L\xe89\x91\x09r\
L\x90TS\x83\x94\x0e\x96\x13\xc2!\x01-d4\xf2\
\xb9%A\xb6P\xe4Np\x84\xeaDf'%gA\
\xdd\xe0\xc7ln\x1c\x12%\x19\xb0\x94!\xa06x\xcc\
{G\xa3$gA\xa4\x05AT\x12\x8b\x8aZ\x96\x19\
r\x95\x81d2\x1cI\x92a\x8aC\x86\x12D\xe0\xdb\
\x9c\x12Xo]\x99M\x95\x14\x94{\x17\xc8O\x8a\x81\
\xb1\xdfM\x84f>!\x0d\x1aq\xc2XD\xe0\xdc\x12\
7\x187\x1bt\xd3\x16\xa7a\xdba\xb8!\x84\xe4\xc7\
j\xb0JF\xb2p'\x22\xa3\xd3`\xa4Z\xa2\x84\x94\
\xa2\xb9[\x15|S\xa9H\x14\xc0\xb9\x0a\xa8C6X\
]TBC\xb4\x09\x0b\x95\x85\x5c\xa8'6\x14\xcb\xbb\
\x06KZ\x5c\x1c\x168p\x15K\x88\xb3\x883\x0b\xf0\
Y\xc5\x8cv\x11\xc7\x16L$=\x07\x098\xab\x1d*\
\xca\xc1\xa8\x83\x98\x86Y#R\xd0z\x0e\x94\xc8re\
J\xb6\x0e\xb9\x9d\x83U\x1a\x83S\x1d[\x1c\x1e\x844\
eDWte\xc4\xf8\x0f\xe4U\xa16\xc4\x86X\x88\
\x1b\x97\xa8\x89\x95H\xaac\xe2\xa3&\x95\x1b\x81p\x9a\
\xcc\x8c\xd2\x1dY@h\xa0\xae\xa4b\xa2ln\x04\xa8\
C\x81\xc0\x91\x11r`ur\xaaT5\x19\x0e\xa3M\
\xe4V\xa8\x7f&qq\xaaX\xf2Q\xa9z\xab\x94Y\
\x0f\xb0\xdavU\x1d\x0aj=\x07\xc4*a*\xb4\x1b\
QK\x8d\xc0\xdd\x06\xe0Nt\x1b\xa8\xeeS\x05&I\
)j5\x0f\x88\xf2\x1a\x1b\xbe0nr&\x9a\x89\xa1\
\x9a\xd0k\x02\xf7C\x86\xe0n0t*z\x0eA\xa7\
H%V%\xc0i\xf0\xf4z\xfb\x09\x8c\x1b\x15\xc6X\
\xc6\xa2n\xb6.\x05\x1a\x08M\x09H\xd5\x13k\x05\xde\
\xc3\x85\x8b\xb0\x86\xc5\xc4xY\x8d\x92\xc9\x19\x86\xec?\
b\x02\xe2\x1b\x9bc\x12\x87_\x18W\x80\xaa\xbbw\x14\
TL7;N\x9e\xa4I\x0e\x03\xc3U\x1b\x10\xd0\x88\
\x1a\x92\xba\x02QVJT\x9c:\xf8\x13\x0f\x01[\x14\
\xe7\x05v*\x22\xe8X,\x0d\x05\x94\x12\x09\xc2D6\
#\xa8\xa4L\xb8\x85A\xd0~F\x8f\xd3\x02b\xefz\
\xa6%`\xbe\xa5\xdb*m@\xf4\x1a\x1d\xddK\x07U\
V8\x9e\x0c:\xa0\xd5\xc4\x9d\x18\x92\x94.\x1awC\
U\xa8\xd5GG\x03Q\x9dx\x1d\x01\xea\x86: 5\
Y\x0dq\xb05j\xf2Aa8\x93\x03\x1b\xaf\x85A\
\xa8\xe49U\x11UK\x8e;\xe47r\xb5B\xe0K\
DV\xacIl5\x06\xef\x92\xec\xb6d\xc6\xa6}F\
\xe4j]\xc6\x94\x15f:\x09T\x84]&M:\x89\
pu\xf29\x1a\x92\xca\x85\x90\x9c\xa1\xa9)\x0a\xb9\xc0\
\xcb<3\x1fr\xc4DL\x11\xc4uBB\xc1RG\
U\xc0t\xe7\x86\xa3:\x17\x22\x15X\xe4\xc9E\x03\x96\
\x09V\xa4c&\x09\x87U#K\xa5\x89BfY\xea\
;\x13D\xd0\xecS\x91\x08J\x84\x0d\x91/\x5c\x18\xcb\
\x1b\x89\x139\x0eA\xc9{b\xa7\xa0\xe8\x09\xce\xc4#\
V8\xa5\x88P\x99S\xa1T7\x5c\x14\xa9\x13\x9b\x8d\
\x8f`O'\x83\xb71:\x94E\x04\xd6HnM\x07\
\x10MjI\x1d0\xbe\x0b\x0e\xc1\xc2\xbe\x07\x90\xb1W\
\xf8\xc0\x8d\xc4a\x97\xa3\x13\xe9\xb7\x02t\x92dj\xa1\
\xa6$+b\xca&\x10\xcc\x89&\x8d\x08\x9dGHt\
\x8b\x15\x0aap\xa1\xa2\x12\x15\x84\xd1<\x0b\x05f$\
I*\x22IT*\xd0\xe7qI(G9\x1a\x88X\
l\x00\xa4\xb6vbmQ\xba\x86\x1byT\xe2W(\
Q\x01\x16c\xe5L\x03r4R\x86'\x22\xfb\xc2\x0c\
|\xea(\xab*\xac\x94D\x0dZ\x095Q\x98jP\
\xe6j]\xc1R\x80\x92\xec0\xe5R!L\x09\xe80\
\xd2\x1a\xa3\xc8\xba\x82\xbd\x07P\xe2F\x99\x10\xa6$n\
Y2\x1bX\x1c\xa9r*\x91*\x17e8\x0e\xf3q\
@\xdc\x92\xe8*L\x8c\xb2\xa11r\xee\xa3\x1b\xa0\xd2\
\x83\xa1\x125\x1c\x88R\xaa%Gb\xc8\xba\xd4*7\
\x91\xcc\xdd\xf22\xea`\x99\xb2%`\x8e+\x04Hj\
\xc4f:2\x99\x8e\x09\xa3\x22\xba\x09\xc0\xd2\xb1;\x15\
\xccWx\xca\xa1\x0a@H\xa1\x10\x86n\x87\x11\x5c\x82\
D\xc9f\x86\x878(R8\xbe&\x83\x88[\xeaH\
\xd0\x94{>\x91\x82Q\x83p\xc4\xe7\x16\xa4\xaa\xaa\xa3\
\x11\xa5D\x12S\xb0\xeaI5&pLNd\x9e(\
n\x09\xa4\x92\xc4\xa4\x88d\xca\xc2\xc3\xae\x0e\xc2R\x5c\
\xeb\xe0\x81\x0c\x86\x88\xa6\x10\xd9(\xd9jD\xa3\x19'\
\xd9\xb9\xac\x8a\xa1Q\x0e\x0cy\x8a\xabf\xb2#\xc3$\
\x13\x9ckA)k\xb2\xd4\xe0m\xc8\xce`I\xd4H\
\x12n`R411\xa2h>c\x92\xe7.\x13\x94\
u\xc4vWB\x10a\xd2\x88\x13\x8a\x8d\xcb\xd4E\xd0\
9f^x\x89\x084J\x8e\xa2R\xe1&\xa4X\xea\
,\x14\xe6f\x91\xa0t\x0a\xa7\x80\xe2 \xa0%a*\
\x0dE,F\xa5\x19@l\xc3Y\x8ci\xb9\x82\x8c\xa4\
j[\x1a\x06\xb9\x10\xdf\x01\xa9t\xa1\x190\xc4\xa8\xd4\
\xe65\x98s\xd0JS D\x92\x98\xd4\xe6'\x03\xab\
\xa8\xd5\x06\xe0\xbbAEL\xe6\x04\x9a\x93\x14\x18B\x02\
$D\x1cp<&H\xd3\xb8\xd4s*\xcb\x12*\x9a\
\x8a \xca\xd2\x5c\x99\x93!\xc3\x92\xf22\xb8\xdd\x10\x9b\
C\xa8\xf8l#\x08d9y!\xa8\xd7\x08%5\x12\
X\xd3,\x09\xc71\xb93\xc2%\xe1\x9b\xa0\x82&\xba\
\x17`\x94\xb2h60\xee\x12,5\xd2=$\xe7\xdb\
\xc5\x1b\xc2h\xec\x09\xdb{\x11\x22Q\xb5\xd2F\xe6\xa0\
\x95\xd8&\x9a\x94]\xd4\xa8\xef\x18L\x13%[\x15\x8c\
\xea\xc4\xe0i\x8c\xc50;\x19\xd2\xc5\x05\x98\xe9\x90\xd4\
hr\xc1\xc2\xa0D8\xec;\xec\xbc\x1d\x97\xa6\xef\xf3\
\xb33\xb4\xd1\xa8\xd0\x852P\xbb\xdbN\x86\xae#;\
\x01+\x09\x8a\x934\x13bg\x8as\x82\xb8\xeaT\xca\
\xce\x82hu-`N\x04\xed\xbd\x8d\xd7\x15\x12\x82`\
\xce\xa2\xd4\xa9\x03\xa5\x85R\x97D\x92\x1a7q\xf2\x19\
?\xb2F\xd0\xdcI\x89\x1d\xdef\x82Xy\x83y3\
L\x82B\x1aMC\xb0D\x93\xcc\x82\xb0\x1dZ\xa1\x05\
3a\xaa\x06\xa1\x95\x1c\x8b\xc5\x91!\xa9\xa2\x1cL\x10\
\xa6\xa3R4\xe5\xd2\xa2J\xa0\x98V\x09N\x03\xbdC\
rDj\x1a\x9b\x10\xb8w23!@\xd4\xa9\x1d\x87\
EJ\x1fa\xc8ea\xdc\xd0u.$\xa0jp\x87\
\x12\x1a\x85B&\xe3\xe1\x02\xe2d(|D\x9ee\x98\
Z\xb7\x1d*:\xa2\xba\x119\x8eE\xaeq\xe89\x8e\
\x22_\x18\x22\xae\x98\xa2\x0bX\xa8\xb8\xfb\x0f\x8a\xc5\x12\
eb\xc9\xa6&\x92\x12r1b\xc2\xb1-\xb6E\x0e\
D \x89JH\x14\x87\xc4H\xd8\xa3\x07\xa1\x14.'\
.\x88\xc6`;\x92\xb8C\xa4\x17zn \x9a\x14\xbf\
\xb3_\x04\xe1\xe1{a\x04l\xc0'*pv\x19\xc7\
\x10\xd5J\x84\x90\xa8\x96\xbb\x04\xd4\x8aN9\xcd\xcb\xdb\
\x0c\xa0\xbd\x1a\x12\xbc\x10\xd9\x92b\xb8\xd3l \xd1\x18\
\xb7\x19\x13A9\x1c\xe5\x85\x0e\x06\xa4t\x1b\xa2\xf5&\
\xbe\x8bp\xd6\x0e\xc4\xcb\x10\x94z\x0c\x86V\x95\xb0C\
\xab U\xc1t\xb2\x1apW\xc72\x13\x81\x82\xb8\x9d\
eW\x04\x15\x86\xc5D.\x0e\xb8&\xd5\xaeB\xb0U\
\xa2JX\x82\x80\x10^7Q\x0b\x16\x01\xd6\xceD\xce\
\x82\xaaR8\xd4Euq%\xa7\x98\xd1\xe6P\xd0^\
\xc5JV\x1aJD\xad\x14\x82Uc\xa9\xc5\x85\x85r\
\xf8\xb8\xc3\xa0\xbc\xe6!+\x02\x11I\x12t23\x1a\
\x92ejT\x1aI\x13&t\xb13F\x884@\x87\
E\x19\x0e\x81\xa7\x0cc={\x0e\x0b\x8d0\xee5,\
a\x09\xa1\xf37_\x06\xba\x11Z\x8d\xb82\x92*\x5c\
\xd9x\x8a\x0e\x81\x11\x85\xb0\xa2\xe2\x96\xc4E\x02dU\
\x15)qq\x0e\xacjF\x9ad\xf2\x12+\xb2V,\
\x85f\xf3&\xa6c+\x90\x86\x9b-\x99,\x87\x91\xa2\
8\x86\xe3R%\xc95\x91C\xbd\xc6\xe9B)\x04\xaa\
\x86y\x05\x96\x16Lm\xc51tCgU\x09 l\
\x87\xa8q\xcc\x91\xc1\x7f\xa78G\xc1\x0eG\x07\xb2T\
\x14C\xadpN\x06\xb8\x09\xcc\x92\xce\x9b-&%\x18\
\xb8\x95\x81\xdeN\x5c3\xc0'\x93\x0d\xdf\x02eW\x91\
QS\x15\x8a\xb68\xe2*\xb1,T\xce\xd5\x84\xd5\x0a\
\xc5\x8a`\xe1\x94\x1b\x9fh\xd0\x8b\xa1V\xe2F6\x9b\
\x8c\x17zj\x09\x14\xc95\xc7\xad\x09\xb1`\xae+\x07\
\x0d\xf2\xc2X\xc8NG\xd2\x0b\xa6x0\x9f\x164\xdd\
%\x06LN\xe2c6\x83#\xa6\x99\x05I\xd8\xd8I\
m\x88\x19\xd6hMX\x9f\x06g\x03L\xd0\xc8um\
\xbb\x90\x92%\x0d\xd4\xf8\x04\xe04D\xa1T\x05\x9d\x03\
\x14\x1d\x04d%\x08R$\xae8\x1eCR\xc4\xa8\x92\
\xd9WL\xc5\xe5Y\x044\xeb\x84\xd3)\xd4Fq\x0c\
%B\x0d1\xd1\xc4H\x92X\xe0:\x03I\x89\xa96\
<\xde\x11fM\x04\xb1c\x19\xc2D\x05\xacL\xadD\
\x93\xb8\x9c,;\x0e\x18!7*C\xa2\x98:\xa1\xd1\
\x08\x9ao\x90\xd7\x047\x09\x91\xa7a9/\xa8\xc4L\
\xf0($w\x1bs\x05\x12&Ffd\x89c\x8dI\
\x9b\xd0sb\x11S: 8\xe0K\xe8'\xf0&\x9d\
\x866\x9b\xa0\xec6%E\x84V\xc6yX\xe9\x85%\
fUu\xa1H\x09\xa1\x08#\x93\xf4\x98\xe6/\x84\x8d\
\xc0\xea\xb6\xe2\x93\xe8]\xa1\xe9\xb1\xe0\x9aw\x13\xa7\xa4\
\xea\x81A\xa6e\xd0nN=F\xa4h\xa0\x0c\xb9I\
w\x1c\x02q\x83i;\x0c\xa4\xefq\x1c\x95(\x8a\x89\
\xceX\xa4\xd6\xc3\xb0\x94\x0d@\xf8\x04\x85\x89\xbbz\xb7\
\xe7\x82s\x83x7\x0bbS\xc2\xa2q2L!:\
\x8a\x9e\x93\xa9ZO\x98\xb91\x13\x5c9\x9519\xc1\
7:\x19\xa1:\xe1D\xea,\xb8\x0dC \xab\x98\xd6\
\x1b\x90P\xa10 \x99\xa9e*\xa4\xbb\x04\xe5!E\
Be\xa0D\xa7Ql\xc2D\xa6j\x1a\xd8l\xb8\x1a\
\xa3m\xc87E\xe0\x92\xb9)\xe2P\x91\xe6\xb0\xac3\
R\x06x\x16\xc3p\xb5IMRT\xd1\x90\x84%\xc8\
jF\xcb\x90\xd4\xf2\x1a\x9b\x06\x9dF\x92\xccJ\xd0D\
\xc6\xad\x07MC\xb2%!\xa4\xddn%\x0d\xdf\x06C\
\xae\x0e\xc6\x8b\x9a\x0eA\xa6\x9c\x0dTy\x08\x8b\x8e\xb4\
\x1a\xad\x06\xa9B\x85\x10+\x12\xa9d&\x15\x22H3\
\xd4H\x0c \xb58\x8d1\xb2\xc5\x22\xc3\xb0\x8d\x0d\xc6\
\x83\xb0\x95'\xe0J\x0e\xb2T\xa3\x03\xb8\xd4X\xe4L\
\xb6rt+:\x0d\xbc\x88\xcc\xba\xaa\xc2\xf6\x1c\x9e\x83\
+f)H\xd2*\x09\xa8\xe08hT\x9d\x06\xa4\xa2\
\xf838\xcf\x16H\x94\xa5\xc0\x8eF\xa0=#\x88\x92\
\x08\x81dj\x1c?EZr\xc1*\xce\x0d\x9b\xe0\x86\
K\x8d\xcd\xb6f0\x9aw\xf5\xb3\xa9v\x83y\x0ab\
\xbe\x83I\x06\xe1*\x19t\xd8v4\x22\xa2iL\x90\
 \xab\x80\xa6\xa6d\xcb\xc8RX\xb5%\x91\x9b\x06\xe0\
NF\xe9qb\xd4\xa1(\xc1\xda\xbe\xe6\xcf\x08\x95Q\
\xa4\xd0\x88\x8fB\xb3\xb0\xecS\x9b\x80\xa7\x15\xc8Np\
D\xd8\x9ca\xd8O\x02p!`\xb2\x15\x88\x8a\x152\
\x10W\x14\x02\xadNL\x97Q%\x22\xa6@\xc2X$\
IY.\xe8\x01\xd3\xb9l!.F\xe2\xb7D>e\
\xdc\x04i\xa68lY\x5c\x0c\xacX\x5c\x0b\x1dFp\
GC\xcd\x09a#!\x15\xf2 \x0ez\x07o\x92)\
Q\xcdPw\xa8\x89\xf18\x86\xa80\xd5\xc8\xd3\x9a`\
J\x95\xa8\xd1\xf1\x0e\x0a\x83\x90\xd5X\x94\x94\x0a\xce\x08\
Q%l\x8c\xc8n\x8ch\xe2\x06\xa1\x8d\xca\x84\x86\x91\
\xaa\x0dU@\xf8\x8en\xacL:\x92B\xab\x91\xa87\
G\x83d'\x93c\xa8\xea\xe71\xbb\x0a\xb5\x14A\x13\
\x01ScsC:\x93H\x81\x99Mg\x07sw\xc9\
4\xa1\x14\x0e\xd4\xc2f\x84R\x07r5\x12\x82\xc2G\
\x9f\x12%1\xcc\xc2\x15\x02n\xa3rL\x0d,UE\
$%\x18I\xbe!\xae\x5c@\xf8\x0d\xcaq\x944\xbf\
A$\xd8\xe16jBKj\x1b\xb1\x9a\x16\x1a\x1ai\
O\xa2\xf4\xc1\xc4\x13!PNv\xdd\xb6'\x22\xebc\
+v1\xe3r\x82\x9d\x17\x9cN\xb5D\xe7jg,\
\x22\x0eB\xf5\x1c\xe4O\x1cM\xcf\xb2\x98\xc1\xcb\x16\x96\
\xc3\xaa&\x96\xa9\x13\xeb5\x17\xc2R\xc1<hV.\
\xc31\xa4Yt.\x8c\x81\xd8LylI\x15\x0a\x85\
F'\xa0\x93\x10\xaf\x84\xe5\x99\x22\x86\xea5\x98\xfc\xdb\
\x00\xb6g{\x8f \x9a\xa8\xbb\x12\x95\x08\x1b\xa5\x84\x10\
5\xf2E*\xdcj\xc8\xa0:\x06\xd9\x0dB\x1a\xe08\
\xd4D\xc7\x0dM\x06\xa4D\x83\x9b:\x92n\xe3\xb9\xdc\
\xd0\xaa4\x99.\xad\x09\x03\x08\x95\x86\xa4i\x14\x0d:\
\x14m\xc9\x04\x86\xe4uU\x22\xa3\x0b'\x09(CY\
\xc1\xcc\xcb|\x8c\xb0t\x15Qq\xb5l\xc8\x95\x0c\xa4\
%D\xdc4'J\x96\xe4$\x9b\xac_L*\x9d\xc9\
\xe25&Tf%\x12q:\x0d\x12\x94\xe4\xe66l\
\xb6U\x1dU\xc2@a\xb8M\x09L\x06\x9br\x87b\
'!\xdb\x07Q*\x0e\x14\xbe\x11H!\xb0\xe8\x0d\x06\
\xe05*1\xcbT\x22\x07\xa1(\xae\x09T\xb5\x04\xc8\
\x91J\x10X\x84\x8f@\xe9\x89\xb9V\xd9\x89V\xa3\xab\
\xa6\xcaU.\x22\x14\x8d\xbb\x85D?UV\x8c\x86\x85\
oA\xd0L\xd8\x8c\xe4\xbb\x07|6\x1b'\x13\x17\xe2\
1J\x8b\x02RU\xb6U\xf0u\xccj\x05bp\x94\
\x86\xb3\xf5\x22}&\xd1\xe0\xb0M\xf4\x1d\x11\xbd\x04\xf1\
\x0a\xf7+:z\xec\x9b8EHO\x14\xa3`V\x10\
\x944s\xc2H\x81\x0c4=\x04\xeb\xc4N\x98;\x8a\
\x82|pJ3\x1cP\xef\x82\xb5\x00\xb4\xa1\xa7\x10,\
\x82Bky3\x12\xcc\xb05\x1a\x86\xa1\xe0p\xd8\xdc\
\xd2\xe3\x98+\x15\x0dB\x1a\x99\x1a\x81\x09\xe6:\xa8U\
q\xa9\x87q\xf7\x14\x1e|\x08\x85\x06\xc8\x84\xf2\xa9z\
\xb1\xd4j\xa5A\x15\x22\xba\x0d]\x91F%\x08\xc8F\
CM\xe4B\x08r\xb8\x14T\x1d\x88\xab\x81\xc31\xa4\
\xd5\x10\xe4\xa4\xcc\xba\x84S\xb1\x01\xa2!\x8e\xa8k0\
\x82C\x0dC\x97b\xac\x86\xd9\x8f\x06\xae\xb2\x1aEI\
\xc8T\xd0p\x1c5xCn\x11[\x89\x8e\xc4A\x12\
\xeb\x01\xe658:\xa2\xc8pY\xdc\x97b#\x5c*\
6\x9d\x05\x0f\x05\xba\x8a\x8a\x88\x90\xe3\x85\xe0T\xccn\
F\xc4\xd0\xce\x87\x11\xaa\xa8\x93m\xbb\x91)9\x1b1\
\xa6\xad\xa9\x8c\x15X\xd5\xc2x\xcc`\xed\x84Ev\x13\
\x899\x14$\x9a)\xa19\xa0\xdc(hOOI;\
\xd3\x05\xa1Q[\xd0\xcb\xa0\x9c\xe1\x8b\xc8i-\x88l\
w\xf9+\xa63,\x9c\xa3\x03z\x13P\xa8a*J\
r*\xe2\xdc\x13\x04\xb1\xe8\xd8\x9az\xe4\xa3a\xb8\xd8\
\x866a\x1dd\x9a\xaa\x14\x09z\x8f\x83e\xd8\xcf\xc1\
W!9\xc2ST';*\x82\x0cN\xa8\xa8\xd0\x10\
\xadg\x06\x22\xb2&\xc5a70D\xc9\x03$hh\
[FDX\xd0\x18Q\x8aJ\x94'\x08\x98L\xa8B\
\xac*, \xd44\x1b\xa6\x8c\x8b!n\x83\xb6-\xdd\
\x8b\xdeC\x8cf9j\xe1\xb6L\xab\xac\x8c\xe2\xa2\xc9\
\x91\xb3DTa7\x90\xd4*\x12\xea:\x92\xdd\xc4\x22\
\xd6\x1c\x99\x9e\x81\xdd\x90\xeb\xe2 \x22\xe4Pt\xd7\x04\
\x0aF\xa7\x90\xd6\x9fxJD\x1b&T5\x03S$\
\xc1wb j\x1f\x1c\x1b\x97A\xd5FcT(j\
GG#\xabc\x9c\x17\x10q\xdf!+a\xa8\xcc\x0e\
\x12\xb4\x09\xc2\x16\xdf\x046D\xba\x8e\xc3\xad\xaeC\xdd\
\x19\x117\x1a\x81\xc2\xa8\xea\x1dr\x1d\x84\xe4jpj\
P\xd0\x8a\x97\x0d\x09\x8d\xcb\x12\xc3l\x8b\x8d\xa9\x1a\x94\
^Iig$\xc1\xdcBX\xcd{\xed\xa5\x0c\x9d\x06\
\xf1v\x12r)J\xa3[W!\x12\x0a\x08\x1aX\xa9\
*\xc0\xb3\xf5\x22\x0c\xc2\xb7\xa0\xdcay+a\xd7\x09\
\x88\x1d^1\x22PFc\x98\xc2\x07\xd2\xf0,(b\
\x9d\x9d\x07aV\xf4\x1a\x85J\xfa\xd3>\x9bR7\x0f\
LN\x182\x13\x98\xd8\xad\xea\xdd\xdcJ\x09d)\xc1\
\xa9J\xc1\xe1\xb0\xa9\xd5\x89Fb\x918\x15o\x82\xb5\
\xc4*\x82\xa8\xa8\xa3!\x10&0\xd9r240+\
\x89\x0a\x98$S\x0a\xc5\xc8R\x87\x98\x05\x00\x00\xf2\xea\
\xe5\x8a!HW\xc3%JHU\xccV\xa8\xf4A\xae\
\x22R\xc2\xacj\xecu\x18\xf4\x0a\xc9\x01\xd8+\x88\xa1\
\x11\x99n\x01\xa4q\x15\xb1\xbe\x83\x93!\x91F\xa7\x06\
\xa4,\x86Gpb\x09PP5Pj\xe5\x84\xad*\
Y\x09.\x83\xa71\xa8\xad\xc7k\x0d\xa6D\x05\x9c\x5c\
\xcc$\xd4}\x86\x1a2\xc1\xf6\x14\x9d\x87dY\xc2\x0b\
 I,\x22\x10\xe4|f\xa43\x88h\x1d\x1a\x0e\x8e\
\x96\x1a\x86Y\x08\x1a\xd4h\xba\x8a\xf1\x90\xe2\x1e\xff\x00\
\x185#Iq\xe84\xc7D=0p:\xaa\x0d0\
\xa3 \xaee\x1ecBY\xe0u\xb9\x11Q\xa9\x1b\x84\
4\xb5#V\x83\xe0W\x10\xdd^\x0d\xc2&L\xe2\x95\
p\xaf!qbY\x8d\xc6\xc3p6\xe2\x1b\x86$\xd3\
\xd0n\xaclw\xdad\xa6D4ZJ-\x82i\xea\
Bb\xb7\xa4\xe0g\xd7\x06\xb0k2\xde\x91\xd8\xb00\
\x8d*\xe19^\xa4\xcf\xa71\x8bq\xb0\xecL\xf3\x14\
\x9b\x11_^\xe8\x1d\x84)1\xd2Y\x11\xeb\xd0&M\
\x95\x88\x9b\xb2\x13\xa2\xc1\x5c\xcf\x05(2\xc1W\x01)\
Z\x0fA\xb9BDPV\x94)b\xb0\x9c\x0dqT\
d\x1a\xad\x09-\x86\x19\x93\xd4\x06\x9c\xb1@\x8b\x08\x12\
(\xf3\x1au\xa1\xdcj\xb25*\x07\x07\x10p\x0dM\
V!T\x1d\x82\xe2*\xc6\x18\xee$g$C\xa8p\
\x91g\x01\x92M\x04\x83\xc8w&\x83\xe1b%@\x99\
@J\x03\x90GQs\xb6\x02\x81A\x17\xc9\x04\x8aP\
\xd3\xa8\xab\x5c\xc7Q\xd8t\x81\xa9\x1d\x02\xb8i\x8e\xc5\
\x9d\x10\xd4\x9a\xc4\xad\xd8\x94\x8e\xe3\x83Y\xe0\xd9A(\
V0\x0a\xec\x9b\xa1\xa1\xd1\x1fA\xb5\x14/Q\xda\xd0\
:IT\x8a\x85\x0d\x9cd\xcc6\xe4\xcep\xa4P\x99\
\xc0\xeeZ<\x89D\xbb\x8d\xcb\xd0lo\x0b\xa9\x93\x22\
\x15F\xdb\xbe5M\xb9\x944\xa3\x8cu\xc5C$\x82\
\x1b\x9d\x8ee\x06\xe7\x06D\xec\x04\xe3fQ\x02RB\
\xeb\xe9\xc4\xe6ZD\xcf\xd1b\x1b\x87-&&\xe5\x93\
8\xbb\xec;\x1d\x04\xce\xd4i\xdc\xb5\xd4\x0b\xb8?I\
e\xb1\xc7|\xb6\xa66Z\x9c3\xdf<%Q:\x0d\
\xcaf^\x9b\x9c\xb6a\x0d\xbc\xb0v\x13g\x81Au\
-\x15\x18(2S\x82\xb8\x84\xe0k\x8b\x82\xd0&V\
\x84\xc4\xd3Lh\x18\xa2P\xec+\x8a\xe4\xa1:\xe8$\
\x11,M\x18K\x1dAQ\x22\xa0\x99|\x0c$\x99\xc2\
$t\xccj\x07A\x8dG,\x1c\x17\x1a\x95R\x07@\
\xcc\xfa\x88CRUa\xa1\xe8\x86\xa0k\x22\x1a\xa8\xcb\
\x06\x94\x8e\xed\xce\x0d*\x8d&\x1dr:\x12n\xa1\xea\
&x&\xa86\xa5\xe6Q\x22\xd6P4\xa2P\xa5q\
\xf0\x0dR\x84M\xc7\xc4\x88\x80\xed\x03M9\xc0\xdaH\
ub\x05\x1aF\xa1\xceDMG&V\x06\xac\x16\x22\
j:*\xe0\xd0\xcd:\x96f\xc3\xb1B\xb9\xcczP\
\x87\x81\xdfL>\x03Z\x8dJ!E\x18\x91a\xbeJ\
D<\x12\xe20\xe9B%\xb1\xa1\xc1<h5VF\
$\x9a\x0a\xd8\xca\x91\xb8R6\xdd\xf6\x92\x16\xc2\xae\x15\
\xd4\x91\xe87}\xed\x85\x83z\x0dC\xdam7L'\
\xaf\xd3\xdd\xf0u\xa64\xb7\xa4\x92\x84\xb0b&\x08\x91\
\xdc\xa7\x1c\x5c!\xa8\xa9L\xb6&\xba\x0e\xc4\xd2H\x9c\
\x22\xd5\x0e%i)\xb7\xa3\x10\xbd\x08`\xd3\xd9N\xa3\
\xbe\x04\xd1\x0cJ\x08^\xaas\xb2\xa87\x82t\x1a\x92\
\xa4\xb8\xcd\x0f\x88\x9as\x18\xde\x90<P\x86[\x12\xa9\
\xa4&\xe4\xb2H\x8c\x22\x10\xaf\x87\x11E\xb3\x1a.V\
Ga\xabQ)dK\x00\x14p\xc2\x84n!;\x83\
\x8a\xa2\x10$@\x9c\xb3\x1bM\x8a\xa8\xc8T5\x90\xa8\
\x1c\xa9wE!\xcd\x06\x90\xd1\xb1\xab\xefr$\x1ad\
Q\xe0D\xa8U\xd4\xe2BtHV\x84\xd4\x95D-\
\xcc\x8a\xb2\xc5\xf2>\x83N\xa3IZ\xe4E\xcap\x0b\
z\x0c-v4\x9b#\x90\x84 F\x9d\xc4\xb4\x1a\x85\
DZ\xa3\xe6Yb\xc9\xf18\x941\xb6\xb2 \xaeD\
\xc4\x0d\x22`u\xc8r\x86\xe0U\x93\x8d\x08\x9a\x97\xb0\
\x94\x82\x8a\x8e\xe5X4\xe1#\x88\xf5\x15P\xd4,&\
\xb5\xb0\x85\x87V5(\x87QR\xa3F\x0e\x1cv:\
y%\x13)\x90\x99B\x1b\x94!\xaa\x01\xb5\x12\xc9[\
K\x17b\xa9(\xc5B\xa5\x03Z\xe0\x94\xbc\x14<\x1d\
\xf6\x95O\x86<\xc6\xea9\xe7\xed\xa2\xbd\x84\xabR\xef\
I\xa8\xc3u\xb0\x89!\x0e\xe5\xc3\xb8\xde\x04\xc56a\
`\xd14\x91[\x04\xddM\x0cM\x81\x04\xa7>\x8d\x97\
\xa6n\xb0%\x0b\x89@\xd5D\x8b\x0a\xde\x9c\xce\xc2Q\
\x8c\x0c\x99\xda5\xf2&L\xa9\xca\x14\x84\x0f\x14\xf0\x99\
\x92^\x0eCB\x09B-\x18\xa6\x04\xe8\x89\xbe\x0d\xd6\
\xc3\x06\xe1\x84\xe1!S\x15\xcdA*\x90C$\x95\x15\
\x22\xb3\x1b\x06p'\x0a9\x10\xaaP\xac\x1b\xaaRO\
\x10\xc4H\xac\xe88\x96\xcb\xe5#Nu\x1ey\x8dJ\
\xe0\xc7q\x12\xc8x\x12\x5c\xb0\x10\x18\xd40\xecQ\xe4\
2!\xbe\x01\xfc\x06\x9c\xc0\xd4hBH\xb1\x03\xbe\x06\
\x81\xc9\x8dTh\xe4*\xbd\x03U\x8c\x18\xd0\xd4!\xd4\
\x80\xd6\xa4>5\x22\xd5$\xd94\x1a\x92\x82$5\xc6\
\x84\xca\x10\xbf!\xa8\x5c\x06\x9aT%\x19\x09!\xa5y\
\x1d\x8bj&\xe2\xc3U\xb1'C6:*\xd7\x03e\
0r\xaa\xdd\x0a\x84\x96D\xe8@t\xc8i\x8d\x18&\
\x03r<(\xc2\x95\x82\x84g\xb2\xd3g\x85\x8b\x08\x1d\
-\x871dL\xecZX\xaa\xb1P\xc6\x1f\xb5+s\
\x11I\xb1\x9a\xf4\x1d\x8d\xd6%\x98\xd18\x1b\x9c[\x86\
\xb0\x9a\xc8\xef\x8c\x22\x12\x1d\xf6\xe0v\xa0\xad\x8c\x10\xfe\
\xb1Gf\x9f\xa7\x90\x91\x83Rra\xcc\xa6x$5\
H\xa1\x94\x8a\xde\x93R4\xd5\xb6-3\xef\x9106\
\xae\xc9QM\xb4\xdc\xdc0\xae\x1e\x00\x9a\x8a\x8b\x05\x17\
\x1d\x89\x86\xa4uSa9B\x82x\xac\x1e\xa3\x96e\
\x83\x09\xc8\x94\x88\xb3\x9c\x13\xa2\xcci\xb2\x12\xccN\x05\
E\x07>\x9c4\x18\xcb\x80\xb0\xc3M\x18D\xc5\x01@\
\xc3\x80H\xca5\x86S\xcc\x14\xf1\x0aS\xa3\x08\xac\x09\
W\x90\x9c\xa1\xca\x16g\x0d\x0c^\xc3W\xe2?\x81\x17\
V \x229\xa8\xc5\x91\x84\x8c6\xd11\xe6\x83i\x1b\
|\xc4\x15\xd8u\x16\x1a6\xebQ\xa4\xdc\x87\x14\x8a\x90\
\x9c\xb0\x94\xae\xc5\x90\xfa\xc7\x17C\x88\x9b`\xd2\xa8\xf9\
\x8e/\x15\x16\xc3'\xc0j\x07\x06Pj\x84P\x9aD\
\x0dA\xa0\xcf\xa0\xf4\x0d1a\x16sA\xbc\x84T\xe3\
\x81\x0ee\x89|\xe1\xae\x81\x14\xc2\xcf\x05\x91\x91tD\
A0\xf8\x13Q\xb5f\xc5\xe0\x86\xa1\x0e\xc2\xa2\x1a\x92\
0\x9c\x1d\x06\xd0\x9cg\x83\xccq\x96\xc2\x9b\x83NM\
\xdf$TNH\x9c\x1d\xf6\xe5\x22$w\x1a\x91\xcdh\
4\xfd\xaf,-a9\xf4\x9c>eql\x8c\xd2^\
\xa5\x81\xac\x1b\x8c\x1d\xf6\x9b&\x8d\x94\xb0w3\xc9\x5c\
\x05t~\x89\xb4\x84\xd3\xc1J\xb8\xdc\x22SR1\x13\
\xc0D J=\x8b\xf8\x19t\xc0\xed\x81\xd8\x8e\xa2\xf4\
\x12\xfb\xa8TJ<\x0a\x95$R\xc1Pt\x81U\xe8\
\x5c&\x5cP\xc4\xd7\x5c\x0a\xa8\x8a\x97I\x0a\x90!\xea\
X)\xe8\x14.E\xe8\x15\xe0J\x18\xabT0\x9a\x82\
[p\x1a\x89r!\x97\xc4(\xb1q\xe4%\x90\xb8\x09\
9\x10\xd4\xb9\x1aT#\x8ap\x98uR\xc5\x92\xa5\x0b\
\x80\xed9\x8ex\x96E\x98\x12\x8d\xc9u\x83Q\x80\x80\
j\x1b\x1c\xcc\xe69\xaa\x8a\x8a\xcd\xa0P\xe0]\x0e\xaa\
\x11\x1a\xc0\xe6\xd2&\xc12\xbb\x91\xce(UF\x89\x9b\
\x8d)\x9c\x88Hi%\x82T\x14>,\xa3\xb8\xae\xe0\
\xba\xb8?a(\x11\xe4E\x09\xf1:\x06P\xc5Z\x12\
E\xcbK\x99\x1dh\x81fT\x83\xd6\xe44\xaeEx\
\x8dW\x812q\xe8=H8\x11L:\xd8v\xc1\xda\
\x83\xa1\x22\x1a\x0e\xa2Ae[\x921\x09\x17r7\x1b\
\x0e\x8ed\xcev\x14\xa1\xb8x'm&\xa4\xb7\x84\xd6\
s\x1c\x07\xa8r~\xcb\xa9\x97\x10\xe6B\x1aQL\x0f\
\xd1\x84\xde\xa50\xb3\x08L\xc8\x99\xd8+\xcb\x1d\xf6\xb7\
|\x0a\xabm\xd8Vb\x95U\x02\x08L\x12T\xab\xb4\
\x9c\x8a3!!\xdf\x03r6*\xdce\xed \xaee\
\xd0IV\x81\xd8J\x04\x8c\x85\xe8\x9dI\xe6!\xd1\xcf\
\x88\xaeeW\x1aPP\x8dJ/aDPDB\xa0\
\xaa\x96\x0a\xac\xa2I\xa8\xe3C\x0a\xa6P\xecd\xe0+\
\x89\x12\xa9\xc0\xb0\x9aip\x1b\x06\xa4\x1d\xdba\x01\xa9\
\xa4p\xc2G\x10!SNU\xc0\xf0\xe2\xc8\xa1\xa9\x12\
.\xa8\xedl*2\x14k \xea\x90\xdc\xaa\x8d\x0e\xd7\
\x1d\x17\x11\x8e\xac\xc8&LN\x08\x87H\x22\x1ad%\
\x08\x924\xec#,\x13\x80\xaa\x91\x19*:\xabA!\
\xaa\xf1\xc2\xe1\x07\x16:\xf2:\x10\xe4Du\xb1k\x8e\
\x82S#\xac\x14d',9\x97\x08H\x15\x5c1\xd4\
4\x12\x81\xc3l\x87\x11\xa1\xdal7\x19\x8d&\x93\x10\
s\x03\xd6\xf87Q\xa9B\xec\x82\xa2\xa4\xe0\x8a\x95J\
\x85J\xa0T\x86\x84\xadX\xd4aB\x1e\xff\x00\x04\xbc\
\x22\xbd\x07h\x16p\x86\x93[\x08t\xb8\x94\xd7`\xfd\
\x17,\xdd\xf3\x8bU\x1c\x22\xa4\x10\xa7\xdaF\x0b\xa1(\
\x1f\xa2\xdc4]\xce-\x14\x17X\xcaBu\x1d6\x9d\
\x87D*!9\xdar;\x0d\x88,T\x05\xdc\x1f\x0d\
\x95\xac\x88\x97#p\x8d\xc8\x22\xe5Goj\xd4\xe0\xea\
\xe9\x846\xc5OM\x99\x1a\x0a#dSnY3\x82\
\xbe\x09\x84\xe8\xb0\x22\xee\x0e\x0c\x09\x93\x134\xe0Yu\
\x19\xa6E V\x22\x91\xd8d\xe8DXV\x1bM\x99\
\x04\xc3B\xa5\x00J\xd4\xb15\xbc\x09\xd5\xb2p\xd2J\
HXg\x0c\x87Ff*`\xee\x1b+\x0a\xb2\xa9\x17\
\x22P\xf4\xb8\xb0i\x03\xb1\xc48\xe2:\xd4>\x0a\x11\
\x03O\x9b\x14\xa5\x03V\x1a!)\x22\x83IV\x06\xb8\
!\xd1\xd8D\xe4\xad\x5c\x80!\xa3\x88\xf3\x0d^\xb0:\
2\xd5D\xc2!\x12\x1c+$d\x1a\x8c\x1b\xa1!\xd2\
\xe5R\x1b&^\xa7ae\x09U\x89N\x07\xc4A\x0b\
!\xa9A\x02\x10\x94s\x1aRC\x22\x85\x82\xe1\xa8I\
\x8d\xc1e\x0a\x93\x03\xad\xc4n* \x89\x5c\x0e\x0c\x8e\
\xd1\xb8\x14@\xc4;J\xd87\x18\xb4\xd1a\xd3a&\
\xa4\x99\x17.E5\x12\x8d\xa7l\x1b\x1b$\xccC\x9f\
V5\xd8\xa6\xc5\xf0Y\xe8\xca-rS\xc5\x8c\x8c\x87\
|&\x04\xb6\xc6\xe0\x813\x82Q\xb2\xec+\x8d>#\
I\x09I\x05U\xae;0\x82RS\x80p\x84\xd0\x9a\
\xc1)\xb9V\xaeEg\xdb\xb7\x02\x92\x12U\x86F\x05\
OY<\xcc\xb4\x8aK\x98\x94'^\x01\xa0+\x0a\x90\
&\xc4(\x15\xd3o\x04\xe0\x98Br\xc5\x9c\x17B\xab\
\x87b\x8b\x13\x0dHD\xd2\xa2\xcd\x17&(d\x14\x09\
b\xb4\x19\x8a\x938\x09\xce\xf0\xc2\x01`jkB \
;\x06\xd4l\xb0\x95M\xc5'\x03P\xf8\x91\x0c\x22\x91\
\xb8W/\xa0\xdd\x08\x97\x0c\x89s#]K\xa7,\x85\
\x04E`\x8a\xc8\xee\xc8H\xd0\xd42\x14\xbe\x04E\x0e\
\xc1'\x13\x5cHQ\xc4h\x98\xe4\xcd\x9f\x01`Bu\
d\xc3\xd0\xb8\xa8\xa0T\x9a\x17CZ\xe0\xd4\xa1\xcc\xe8\
B\x1d\x85T\xc0\xdbSR\xf7(\x84SD5X\x22\
\xa5\x19@\xd3\x17P\xa1X\xce\x95\xc1\xc3D\xe4\x84\xa4\
\x8f\x81\xa4\xc9\xe2\x81\xa7+\x05wC\xb4\xc0\xd0r\xbb\
\x1c`}\x93\xa1C\x99\x13\x1e\x0eU\x89l\x88\x92\x22\
\xb8;\x15\xe2+_\x08\x8d\x89Ke\xdb\x07\x08m7\
2\xeb\x8c\xe9\xec\x1b\x96'\x84\xd1z\x84\xab\xa8\xaf\xf0\
V5+\xae/a(\xc1\xdfh\xd4\x0a\x9bU\x96L\
\x1cC\xaa\x12\xd9c\xd2\xc3Ba\xca\xd0A\x03>\x9e\
\x9a\x94z)*\x8e\x04\xa3\x16\x93\xb9f'\x05N\xc4\
\xfa\xf3/A5\xd0\xc6\x9c\x07R\xc2&TIZI\
2\xa4O\x81$\xccM\x06\xa8$!T\xd1A\x5cL\
\xe8+\x22\x99\xc2D\xc5[\xd4w\x22\x9d\x8a\xa84\x94\
\x02&`\xa8\x85$\xd6\x1b\xbeD\xf6-J\x89\xc4p\
p\x07\xdc\xca7A\xd6\xa5\xb2\x18r\x1d\x87\x5c!#\
Y\x12\x92\xd4\xa6\x98L\x94\x8a\x95\x9d\x04\xea:%\x90\
h0\xe0\xf0n\xe3\xaa\x82\x1f1\xd0\x0e\x15*C2\
\x81\xba\xf0\x0eB\xca22\x10R\x0eF\xa1\x06\xd23\
\xd4T\xbd\x86y\x12P\x15\x86\xa0&c\xb8\xe9\x83\xb1\
(s%Ygq\xd11\xaa\x06\xc3UK&:1\
\x13\xa0\xdc\xa8\xb0\xec$\x86&\xd8\xdc*\x8cBj-\
\x5c\x16\x19\x09\x82\xa8\xdaD\x8d\xc65\x15F\xb8\x0d\xc0\
\xeb\x86\x92M{\xec\xb1\xd9\x89\x0a\xbb\x0e\xc3t\xb9\x90\
\xb0V!\x90\xf6\xa6\xbd\xf1\x7f;\x1de\xec*\x89@\
\xeeEg\xd3\xa5R\x83\xad\xea%\x0fa\x93\x18\xbb\x19\
`\xd3\x11\xb4\xdc\x13;m\xc9\x08\xf06[Q\x16p\
TH\x12X\xe7\xd3\x95\x82Q\x84\xac!\xc4\x87\x11+\
!\xc4\x9aH\xda\xba\x82i(\x91\xb9\xb3\xc1\xaa\xc8\xdc\
\xbfa0]\x11\x834:\x08%@\xa7(\xc8$'\
\x02R\x90\xa9\xc8\xfd\x07y\x11S\x09\x0d\x5c3XY\
@\xcd5\x84\xf5\x13\x86\xa7\x15\x84\xe9\xa9\xa0Pw\x1b\
1Q\x1c(BV\x8f\x00h$\xcc\x8a\xff\x00\x04\xb1\
<\x844\x88'\xd7Bz*u\x11*GQ\x0e&\
\xef\x92a\x961\xd5T\xbeC\x81\xf3\x0d\xcc\x16\x1a\x9c\
\x06]\x04J\xa3\xa0\xfe\x03Y\xe43'\x99)\xcc\xbe\
\x82 \xfc\x08\xa4\xe0\x95\x128\x95Q\xd10\x9b\xb5\xb0\
qA\xde\xe5\x12\xccr\xcc\xcbnCD\xf1\x1a\xc6\xa4\
]I\x97P\x81\xc0H\xa4\x83p;Lt\x83\x0e&\
\xc3SA\xbf\x93>\xb8\x1dX\xa9\x0e\x06\xda\xa8n\x92\
Q\xa1Q\x96JdVH\xcc\x1a.Xm\x10\x82\x8e\
\xa3R\x5cF\xa1<)\x90\xe0\xcd\x8f\x06\xeb\x03\xb95\
\x8175\x1b\x86\x1b\xbe\x083\x9c]\x85lZ\x22\x8c\
\xa0\xda\x8e\x1aQ\x90D\xc4=\x8eQ\xeb\x90UV3\
[\x107\xb33B#k?A(cpL\xfa\x11\
#\xaa\x12\xfa_\x87\xa4\x99<[\x8d\xb6Q\xec\x1b\x81\
`\xc5\x856[\x9d\x03\xe1d-\x13NPX'#\
R!8\x13\x95B\xcdRI\xa4\xc4\x17`\xd6\x13\x99\
\x1e\x90;\xa2\xf6\xb9\x9fAU\xb2B\xa9Q!8\xac\
TP\x95\x84\xe0\xa30\x83\xa4TR\xa1(\xa8\xd7\xc9\
d\x89L\x8aP\xcd$\x18\xd6\xa3h%g!\x97h\
3*\x04\xe2\xd1\x87\x01$\xa0\x95\xce\xa3\x83\xc8B\x81\
\xc5\x87\x13R\x08\xabPh\x07\x85\xeeF\x9b\x11\xe6\x11\
\xcb\x0do\x18\x05k@CPE\x03A\x1c\x8d2\x1c\
\xc2\x13\x08j\x9cEG\xc6\x84\xf9\x0d5\x0d\xcb\xd4j\
U\x8f\x98\xcbR\xc6\xa2\xe2r+\x94jd&\x18n\
h\x0c\xe9Y\x1c\x95I\x82\xeclnl5A\xa7v\
42\xf3A\xd6\xd7#\xe4\xcc\xa2\xc8v\x11\x95\x866\
\xe3\x80\xd94\xa8\xd4\xd8gu\x8e2\xa1\xd7\x99\xba\xc3\
\xa0\xd5t7|\x0f\x04\x09\xd3\xd2\x9a\xe0\xdc\x16\x0ad\
Y\x94\xba\xdc\xcbK\x04\xe0uCL\x88\x8c\x12\xc1\xa8\
\xc2\x91|b0Jp\x85\xb2\xb0~\x8b\xb0\xdc\x0c\xdb\
\xd0\xb0\xda)\xb0\xdc\x0d\xba\x92{-&g\xb0\xca\x8d\
\xb73\x82\x13\x0d\xfa\x0d\xc14\x14\xcc\xaa\x16P'\x84\
\xad\xa6\xd2\xb8\xd3R\xca\x12x\xb7\x02s\x84\xc6\xd4\xfa\
S\x5cm\xb2\xee'(\x9a\xf7\xc6Ui\x854Bd\
\xf5\xe04%#U%\xb6<\x87LdED\xe2\x18\
\x149\x93\xec*H\x9bMak\x0b9\x13N\xa1K\
b\xee*\x97bM&\x82!\xa9\x1e\x18\xec\xd1\x0bT\
\xf9@g\x99\x9dhC,*\xac/q9\x1d\x0b\x0a\
\xd5\xa97\x13bX\x93h\x0f\x8a\xc3|A\xb6\xd4I\
<\xc8\xad\x0c\xfa\x11#Ht\x1dUJ\x0dp\xc0\xdd\
p\xa3\x22\xad\xa1\xfc\x8f\x88\xecQ\x82\xcb\x09S\x81)\
p\x5c\xc7VfD\x10\xa2\xa3\x85P\xa9H\xd8w,\
\xac[B\xb3[\x0a\xa3PT\xa4\xc9\xd0;q\x09`\
\xdc\x09I\x22jY\x0a\xb7%\x14I\x9f\x01\xb2\xecu\
\x81\xda\x07\x8c\x8b\xae\x05]2\x1aI\x89H\x19\xb2+\
\x5c\xa4\xcb\xb8\xd1\x0d\x09\x96:\xb2\xaad>$\xc8\x94\
\x91\xf2\x1b\xc6pp\x98\xea\x1c \x97\x02\xa6Y\xd0\xa0\
M\x8e\xa2\xa0\x9c\xdb\x91\xef\xd0j/\x8a\x22\x99\x11\x0b\
a\xe2\xd4<\x1d(*$\x84\xdc\xc3\x12\x81\xfa+(\
\x89H'\x0d\xc0\x83\xb8\xa0\xe7b`x78\xbb\x0f\
]\xbah.$\xad\x97\x82l\x90\xabV\xd3\xc68\x14\
B\x1f\xc5\xca\xd6\xc4\x91d*\xa7\x16\xe0e\x15\x09\xb4\
r\x0e\xb8D\x96\x13r5\x5c\x1c\xc9l*%\x8b\xb1\
_`\xae\xf6\x91\x1b\x81\x1c\x0d\xa5PNUE|F\
\xe8'\x0cMu\x12%\x05\x02i1\x15n\x22\x04\x86\
7.\xd21\x22\x1f\x1a\x91p\x96\xa2u3\x1a9\x1c\
\x85\xe8cFT4y\x14n\x04\xa4)\x0a\xe2\xe2T\
\xd6E\x94\x12:)\x8c\xc6\x04\xe4\xe0C\xd4\xa2\x91\xd2\
\xc2l\x9b\xa7\x03\x11W\x921BnTQ\xd7\x0e\xb5\
\xa2{\x84\x80\xafr,\xc4\xf9\xd4\x96\xc0M\xacg\x08\
\x86\x99\xcci\xcdD\xd2lw\xf9\x1a\xd3\x04Zp\xa0\
M\x08VS\x04@\xd9\x9a\x1b\x81\x99V\x92\xc8\xa6\xa0\
=P\xe9\x98\xa7\xa8\xee5)\x09\xc3x8\x0b\x07\xc8\
\x85\xba\x1a\x91!\xa4XQq\xf3\x14\x17\x0f\x91\x96\xb9\
*\xb6%r\x88/\xcc\x84;\x89\x5c\x1d\x16\x1b&\xa8\
1X\x86=F\xe0rT\x1a\x1dF\xeb\x81&\xeb\x91\
Q4\x8fL#\xb3\x22\xb8\xa4\xf8`\xb1J@\x95\x98\
\x95F\xea;!&\xf6\xae\x1d,D\xaa\x90%\x1e\x92\
\x87[\x93R+FEF\xba\x19\x8cP\xc8\x1a\x95l\
\xbb\x0d\xc6\xd3\xb6\x11\x22Q\xb5\xcc!/1Lz6\
\x18\x9d\x0e\xa39\x14b\x92)d\xa2\x15ER\x13\x91\
\xaa\xba\x89\xd3\x08\xd9\x8c&\xa4\xe81(\xc60n\xa4\
\xd2I\xd3a\xb3\x89:\x09\xec\xb5(J\xb7\x1a\x9d\x89\
/\x8cH\xed&\xc4\xce\xa5\x02\xa8\x85\xca%\xa1\xa6$\
\xb3y\x897,\x91B\x90*\xe60\xd2\xc8\xb3\xa5\xca\
\xa4hh\x91;o|.%\x03\xc2%\x05j\x97F\
A\x8d8$\x81\x95E@\xb5\x19^\x09\xbdD\xfa\x86\
\xe3Q\xb9U\x15A\x12A\x8dK\xc4\x16L\xc7M\xa8\
:\xe8\x86\xd7\x16\x1f\x0a\xe6\xe5\x8e\x99\xc0\xd4\x8e!\x0e\
\xa3\x84\xa9r\x1ea\xab\x0b\x0e\x18\xd2\x88\x1a\xb9,$\
\x99\x11\x98\xa9\x93+\xba\xa8,\x81\xb6\xc4R\xc4$\x86\
\xa9q\xdcv\x91\xbc\xa2\xa3\xa2\x15n%\x05\x98\xd4\xe6\
>e\x14jM^&\xe5\x5c*I@\xdc1\xd0\xb0\
\xdcTlU\x1b\x0d@\x89\xc1EF;\x0e\x8a\xe3p\
u\x1a\x89\x15P\xe90A\xa8\x96\xe4;\x13Y/E\
\x8c\xe4n\xa2J\xd8KW\x15S\x98\xe8^\xe3J\x1b\
}\x08w\x165\xd3\x09\x0d\xe6&\xb6\xce[u^\xc3\
M\xb9\x15\x86\xa5\x95\x1b2&\xe7!\x14^\xbd\x8b!\
)TI#k\x86;\xae:\x22t\xd8\x97@\xe84\
\xd5G\x1bL\xa8\xad\xb2\xdc\x09\xc9\x0eG*\x9e\x8cT\
\xe4;\x89F\xc6\xeb\x94'SJ\xc1\xca\xc11\xb9{\
1R\xc4\xd6\xe2fh\x8a\x8e\x99\x09W\x16\xf8\x09\x8e\
\xe8V\xd9DH\xed\xc0X;\xad\xba\x8b\x07\x0ff$\
W*\x0eD\x0c4\x90j\xc3J\x95\x14 \xbc\x04\xf2\
3\x0a\x83\x22\xc3\x89V-#\xb8\x95\xa1\x15\x92$\x80\
icD\xd8\xf0*\x81\x908\xa5\xa9N\x84\xcb\xd0S\
4t\x16:\x04\x90\x17\xc0P\xee72\xf3\x12f8\
\x9c\x0e\xafa\xa5\x14\xb9F\xa0\x88d\x0e\x8a\x09d;\
\x0e\x8d\x8eI\x88cp&\x92\x81\xb4\xe9\x04\xadq\xd7\
DXNEOR\x06\xa1)\x15-A,3\xc6V\
\xbc\x97\xd5\x0eK\x99\x0a;\x90EJO8^\xe2\x85\
A\xa9t\x1a\xa8\x93\x8c\x83QV2\x1a\xf8(\xe87\
\x19\x0c](\x13\x1dJE\x05)\xd4j\x04\xa8\xc8\x8c\
\x8b\xa0o\x81\xd3\x90\xe3\x85rK\x0f\x06p\xd3\xc8x\
^\xc3\xb0\xea\xf8\x8e\xb0\x1b\x8c\x1a\x91\x12\xab\x84\xa8\x8d\
\x8c\x86Mc1\x83$\x89\xf4\xd9\x8f}(l\x86p\
2\x02Q\x8b:\xe0\xdeXn\xf8\xc5\xba\x09\xb8\xdbN\
X\xec+l\xbb\x16\x22\x07\x93\xf4\x96c\xad6\x1dE\
C\x80k\xc0L\x13\xa3\xd9 XCbBr<\xb0\
e\xc4\xdd\xf0MK\x8a`j4\x11\x9d\xc4\xf0+\x8a\
\xd86'\x22Q\xb5;PAdZ\xb8$\x81\xa9\x1f\
B\x01\x0d\xb28\xb04\xad0Q3Q\x85P;\x09\
 '\x1c\xc2m\xab\x94\xb3\x88J\x06\xe6\xc2qs\x95\
HHJ\x95\xa94Ma\x93\x94\x86A4\x12\x85X\
\xdeF\xcf\x05nM-\x05\x92\x1dR9J\xae\x98*\
\xe0\xada\xb8\x1b\x9cw\x5c\xa1Po\xa8\xee'\x1a\x89\
8^Ya,\xcb\xd3\x22!\xd4\xa0o\x86\x09b\x14\
R\xe3\xe3\x99\x93\x13\x81\xb7\x22$\x89Za:$s\
\x15\xc1\xaa\x0dA\x95\x05\x81%\xa9(\x9c\x8a\x95\x86\x84\
H\xaa\x98\xcd\x90\xe60B`\xe2\x1b,%Y\x07\x93\
\xa8\xec\xc8\xa0\xc8\x1c\x18\x86@\xb0\xf7d\xc10\xaa;\
\x16X\x5c7\x02i\xa4\x81z,\x8a\xb2\x06\xa3\xa8\x96\
)\xd7\xf0\x0e\x87\xc0Dl\xbb\x16'a\xc8J\x10\xd4\
=\xb7a\x17\xdav&\xc3\xb3\xe26\xe0\x9d\xb9\x1b\x94\
,\xcd\xdf\x03xT\xa0\xd4\xb2*\xe9\x82cU+\x0c\
\x9a9\x17\xc0\x96\x14\xa8\xd0\xd4F\x09R\x82 \xcb\xa8\
\x95M\xdf\x03\x10j\xc0\xd5\x84\xa0\x91\xa1X\x5c\xc6\xa7\
2\x08\x87$\xec\xbb\x12\xf3<\xed\xf87|\x89F\x0d\
H\x941Dnb\xb0\x05I\xbb\x00\xd2\xa5\x0b\x1c\x1a\
\x8a\xb9\x0a\x0eE\x15H\xf4,M5\x13\x91:V\xe4\
\xc5\xc8\x97A'\x99c\x1a\xa2*GA:\x816\x9c\
\x89\x92\x19\x5c\xa5rT\x8aIt;\x173&+0\
\x94\xa4\xc9k1\x0d\x1d`v&\x85\xd9*\xa8d\xd9\
1A\xa9\xa8\xdc\xba\x93\xc4h\xe3\xc0\x83\xe0f\xa4q\
\x1aD\xe4C$\x0d\xcd\x0aj(\x92\xa3\xa0\x85\x88\xa7\
a\xa6\xa0v# \x93\x98b\x8bD6\xee\x8a\xe1\x84\
\xcb*!\x09fX\xd10\xb8\x0d\xdb\x06\xe8\xe2\xe2\xee\
6&\xa2\xe2\xad\x09\xba\x0dP\xe1\xbee\xc7EB\xb3\
Z\x13WQ\xa8\xe6$\x8d!\x86\xa3\x91\x92\xba\xa7\xd8\
f\xea\xb914(f\x11\x95\x9a\x89Q\xa1\x1b\xbe\x0b\
\x89aJ\x88[\x159\x13\x80T\x12\x99b*-\x81\
(\xd9huJ\x04\xe7\xdb\xca\xd8p'jj7\x18\
C\xd9td=\x88\xac\xe0\xee%\x04k\xb2\xd4\xb2\x10\
\xf2\x19t%]\xb6\x8ed\x16\x1a\x96%\x04\xd4\x86%\
\x18\x5c;\x12\xc6\xd2\xeaW\xc1\x8a\xb5r\xf8;\x9cF\
\xcb\x8e\x95\x13\x92\xba\xe0\xd9\xe0\xb2\x13fq\x0a\xf8'\
\x04\xd6\x05xD\x0eq\xa7sw\xc9a74\x22\xa3\
W\xde\xe3\xc8\xbe\x82\xf9B\xd1\x10\x13\x1d\xc4\xf0h\x8e\
$C#\xa0\xdc!1(c\xab.\x8a\xb0\x02\xad\x90\
C\x8cN\x5c\x12Y\x96\xe0`\xa1\x15\x91:p\x12\x8d\
E\xa8\xabq19.\x86\xc9\xca\x18JR\x06\x9ad\
M\x0a\x015\x15\x02(\xd8\x96'!:\xe8I*\xe8\
O\x89<\x0b\xb2t(5E\x9e\x17\xa6\x06\xf2.4\
^\x08\xa0\x955(>d\xc5\x04\xa85\x04!\xa3T\
x\xd0tB\xa2u\x22p\xe07\x13\x85\xd4\x18\x1dQ\
$H\x97\x84\xc5\x85\x5c\xc50P\xd4H\x9c\xbbP\xb2\
\x12\x0b\xa4\xa2\x0e\x85\xd6\x84\x86\xa8\xa4t\x12\x946\xae\
xXe\x18\x83sL\x06\x845\x13\x89\xd2\x19\xab\x13\
(w\x1cL\x93#\x0d\xd0\xe6\xc6\xe5\x17\xb2\xcc^\x82\
\xe2B\x9e\x85c\x01\x92Tc6'B%\xe2\xec+\
m'\x02\xbf\xb7\xcf\xa0\xdc\x19\xa4\xce\xb8\xb1(XU\
\x13\x03rs\xd8m\xab\x22gh\xecMc\x09\x14\xed\
;\x19Tjl\xbd\x172n\xf9\x16\x0b\x07\x0b\x07\x98\
\xd0\xaaN\x8cd\xd1\xe5\x81\x94\xa8R\xed\x84\xacn\xb8\
\xd6\x87\x12\xea\xc4\xf1\xb0\x97\xc12%\x1a\x8d\xe2Z\x8d\
\xa2\xc7\x22\xbe\x855(\xf2&l'Xd\xbd\xd1\x92\
\x18\xacGB\xab!r\xc1\xb99\x12\xa1\x96\xa5\x8c\xf8\
\x93\x22(\xf0\x92^\x13\x05\xc4\xa0\xdd\xf0+b\x8eF\
\x05(\xc8\xe9\xc2P)\xe8\x22\xa4Q4C! (\
\xab\x02\x95%\x96\x16\x16Q\x97B\xa5GQ(T \
\x14(\x17\x16AYQ2\x07\x9e\xf63\xc2hJ\x9a\
\x15\x9b\x8f\x9e\x0d\xc16&YrdKo\x05{\xe0\
e\xb0.1#\xb9R\x1aw+\x17\x1d\xb0lr\x18\
\xa1\x13\x03Y\x9eF\xabQ\xd4U\x17>\x04\x15\x89\x89\
\x946\xb8Pj\x14*\x0d8\x17r\xd9\x89\xfc\x12\x9e\
\x8c\x8a\x0dS\x07a\xba&9\x8aF\xe0ns\x1b\x87\
\x80\xdaLv\x0f0\xa64\xd0\xdc\xe8B\x1b+F]\
0ict\x1d\xc6\x8a\x14\xba\x99\xf2\x10\xf8A07\
8\xb7\x06d\x8d\xd7\x89a*\x10\x90\xd8\xb2\xe86!\
L\xec\xaaf+\xe1-\xc8\xb8\xb0\x22\xdd\x1c\x93\xaf\xb1\
V\xc4nv\x1a\x98\xc1P\x80\xe3\x22\x14\x1d<\x13\x02\
r7\x02t\xdb\x94n\xb9\x97\xf0(\xd9v\xc0\x94\x17\
*\x9f\xa3#*9\x8cZ\xcc\xc97\x83RM`J\
\xe1\x04T\xd1A\x12\x983X\x94\x93R\xa3\xe04h\
+`\xd5Y\x97R\xcb\x08\x91(\xc5<:x\x12\x95\
\x815a\xa9\x1d\xf0\xba\x0b\xdb\x06\x88j\xc2\x90\xd4\x88\
r%\x93Fp\xd8Ke\xa9!\xb1\x8axZ\x949\
\xa5mFc\xac\x0b$\x93\x81\xa6#\xa1V\xa8M\xb7\
B\xcc\x86\xd4\xe0\xb5.MH\xc3*\x5c\xa6\xa2&\x1b\
\xe0\xae\x0b'2^\xecO1\xd1$\xd0\x97\x04\xe44\
L\x94K\x0a\x08nq\x98&[\x1b\x82\x84\xe0m\x91\
w\x82Zd\xbe\x83\x93\x8b\x10A\xb8s\x01\xb9\xd3\x09\
\x9a\x19\xc4\x8dp'\xa8\x90\xce%\xdd\x8a\xc1g\xa9t\
T;`H\x96H\xd4\x90pc.1.X\xd4\xb2\
\x22x\x11R\xa2\xb12J\x09Lt\x1d\x87*\xb2\xe5\
A\xc2D\xe0r\x95\x10\xadrfX\xd49\x1a\x89,\
b\xccc\xad\x87q\xd1IvU\xb5\x8b\xbe\x0d\x08r\
\xcc\xd1\x86X&.7Q\xb8&L\xc3K\x1f\x06\xcb\
W,I#\xa9\xd5\x02\xd4\x04\xbb\xa0f\xe8\xe6X\x1b\
zN\xd8\xba\x92\x93\x89\xa8\xd0\xc9A[bv\x93R\
'\x09J\x9am]\x97L\xa6\x84/A\xc5Gag\
\xe8\xd01\xd2\xd5\x15o\x8c\xa6D\x8e\xc39%!\xd4\
\xb5\xc5q2*N\x1a\xb1K\x13\x1a\x96e\x03q\x04\
\xb9(\x8a\xccd.!\xb5\x22s\xe9-\xba\xe8'\x03\
\xaecV\xa2R\x86C3\x8b\x8e\xd05`w\xc1\xb8\
\x13\x9ci\xb14\x83u\xb0\xe2\xf4\x08[\xbd\x84\xa4\x22\
\xa1P\xf0j\x11Q\x0a\xb4&\x14d$\x90\x94\xf0O\
P\xabr\xb0*\x08\xdb\x97Av\x13*U\xc1;p\
\x13'\x22`\x99\x13\xa5\xeaM{\x8d\xce\xa5\xae7U\
\x05\xb4\x1ab\x05\xa9:\xf7\x1f\xc95\xc1\xa4\x0b\x83\x18\
\xd4\x9c\xc4\x8b\x0ap\xc1[\x14\xa5k\x8d\xc9H%M\
\x8a`\xecL@\x9b\x1cC\x1b\xa9v46\x971\xb6\
_\x17\x9fR\x84'q\xd5\xe0\xc7\x10\xdd\xd4\x15\x13\xcc\
\x22oA\xa1\xd2\xa4\xc0\xcc\xb95\xe241\xd8\x9a\x0d\
\xd6\x84R\xd4\xb2\x1d\x87a\xa81\xa2\x10\x96\x0c\xce\x84\
\xc0\xddGr\xc2\x13\xd4l\xc7{\xe2f\xf0\xa6e\xc7\
c:\x12\x89\xe8'\x04=X\xa8\xad\x8a\xe9$3x\
\x16 \xbe\x09\xce.\x82r7(9{\x9f\x06&\x9b\
\xed%\xc4\xc8\x89#\xe4\x88\xc1\xa7'\x0d\xf2\xc2\xfbs\
\x05\xd0\xad\xb7b\xe3\xb3\x96*\xafFp\xd71\xd4J\
\x1e\x0dH\x94\x15\xd0MZ\x8a\x8e\xa2\x05\x85\xc5F7\
\x82T\x13\x98\xe2\x96T,\xfa\x8d\xc8\xeaK\x8e\xc6B\
\x98\xae0\xe6\xfb\x0ef\xe2\x92\x9fM\xa9\x14\xc9\x12C\
C\xb8\xc2\x1b\xd94F4\xd8\xb3\x95pk\xa7\xc9\x9d\
H]\x01\x5c*+p'\xc4\xb9\x05BBBT\x12\
\x11q#Q\xd6\xc2\xab\xd0nD\xdc\x89;\xa2\x9aB\
\x94\xa8\xa0\x85\x98Ln\x90*\x0a\x9e\x09eh(R\
6\x9b\xc2P;a5\x1fq_\x06\xe59\xa0\xafB\
i\x8d\xc8\xad$\xcc\x91%GDQ\xa8\x22\x18J\x1e\
la4$\x13FM\x09\x94C\x82\x1au\xc0+\xe0\
\x8d\xbaP\x8a\xc9z\x09@\x9eI\x15TI;\xdc\x94\
\x86\x91\x0cl\xbc\x8e\xcb\x0dv\x89\x09\xe8+\x87Y\xa8\
\xe8\x17\x8114hjK&g\x85l\xa0u\x8a\xce\
\x0f\x04.\x98\xac4L\x10\xd8n\xf4&\x18\xd9v%\
\x06\xef\x8c\x13X\x1d^\x11A(\x19\x10*\xb39\x18\
Z\xbdj1!9G\x80vu\x0cd\xb0z\x098\
\x97\x8a\xac\x89\xf4%\xe0\xa9\x82\x96\x84\xe8U\xbfD\x82\
\xaeXJ\xdajM\xd7\x15F\xf4\xf4Z\x13\x1a\x12L\
hT\xb8\x98\x99\x8cQ\x0d\x89\xc8\xe9br\x82PO\
\x88\x8a\x1e\x118XT\x82i\xa9V\xd8N]\x86\xe3\
\x07bC\xa3\x0b\xd0Y\x126\x84\x90D`\xddH\xae\
\x10\x99+\xd2\xddr\x17\x1aM\x97!J/b\xf8:\
\x17#e\xdcv\x92c3\x8c\x0b\x13\x92S\xb5G|\
)@\x99\xc1W!\x5c\xe1l\x84\xee&\x15\xfe\x0e\x02\
Y\x1c\xe8@\xe1\xd8U\x82)\x05\xb9\x9a\x168\xe6>\
T\x16bj\x0e\x18y&\xe4\xc0\xfb\x0a\x9a\x14 \x9c\
!\xc2\x19\xb9g&3,79\x0f6\x0e\x22QT\
\xd4\x8e\x02X\x12)\x99\xc8t\xc2r\x1cH\xe51\xcb\
\x994\x17a\xba\x97\xa1\x1c\x1c\xe1\x10\x98tj(Z\
\x85\x15[\x1d\xe8\xb0:\xe0\xdc\xe4Qa\xb4\xb9\x8f\x14\
\x17}\x8d\xc3\x81\x9d\xca\xb1\xf0\x9a\x17Pm\xf1\x10\x19\
$\xc5\x17\x0e\x16!\x03G#\x0d\x09Cg\x18:6\
M\xe87N\x07<\x8e\xd9\x09\xa9+\xa8\xe2p\x98&\
\x83\x82pJdJ\x0b\x09\xc9ve\xd0MN\xcc9\
\x91\xab\xeb\xa1\x0b\x82\x86a(V\xa9\x0c\xba1+e\
\x8b!>8U\x91\x1bM\xc7\xa2l[r\x8b\x8aI\
f7\xe8'#\xba/qTJ\xb85\xa9)\x16\x13\
\x91\x8d\xc3\x8c\x13APb\xcfC6\xf0aU\x83i\
\xb4j\x00\x94mS\x06\xe7A\x96M@\x9dd\xab\xd3\
\x0e:\xe1\x98\x8a\xa2. MYf\x86*\x90\xf8\x8e\
P\xd3PjB!\xce\x09\xd7bV\xc4\xc2\x1adR\
x+\x0b\xd4\x9c\x12\x8fA\x11B\x15J\x00-\xe6c\
u&^\x82E\xa8^\xe5(8%\x22Q\x107l\
\x0dQfJz\x1c\xc0\xb7T\x1b\x99\x13tPj\x05\
r\xef\x88\x92bb\x83\xa07\x19\x11+\x04p\x1c\xa0\
\xbb\x15\xc9DN\xa3\x83e\x113q\xd8\x99\x1bN\x05\
\x10O\x0a\x91\x05\xa4u\xb0\xdc9\xc2&d\xb4Tw\
3\xf93\xb9\x99R\xbc\x04\xb5Y,+\x14\x1b\x864\
\xb1\xba\xc4@q\x99(\xb1p\xd4\x13\xafq\xd6\xe5\x86\
\xc6\xccp\xa2&\xaau0j\xc94dL\x8b\x84\xc6\
\xa3d\xc8\xa6\x83\x0a\x81\xc9P\xba\xa3h|r\x1e\x14\
\x09\x06\xd3\xc4\x99,V\x82\x09\xb1\xb9xU\xe0\x98\xf4\
NF\xa7\x17b\xc8\x9a!(\xf6\x8b=\x03\xec\x92\x09\
\xba\x09\xc3cF\xe4\xca$\x81Xl,\xf1S#p\
=\xb2r\xf0!(\xda\xb0\xeaE\x1c\xfaL\xa1\xccH\
^E0pbBS\x98\xd5\x1c2+\x83\xad\xb0\x85\
\xc4\xd0Js\x1c\x0c\x89\xc1|\x0cN\x8d\x02(\xa1\x91\
,\x955\xa1E\x5c\xce%\xe8\xc7\xc0T8E+\x18\
3\x96Cw\x09\x96r%X4\xab\x5c\x1dc`2\
\x94\xc0\xa7\x04\x92\xdbn\xa8\xb0r:\x94\x13\x92\x08\xa7\
b#j!\xa6\x9c\x80\xc88c\xabM\x9a\x81\xd0\xa2\
\xa1\xc0DW1\x17Bp\xe6j4\x8a\x87T\x12\x8a\
\x93\xf2Md\xe1\x22\x819\xd0\xe2\x8c\xa0thC\x1a\
\x84}\x073q\xa8q&\x22X\xdc\xe67\x1a\x8e\xc3\
\x80\x9a\xea\x1bJ\x07q\xa2\xccl$\xa2\x0e;\xe6Z\
\xc3u\xe0q\xdf392\xf9&\xa4\x87\x03\xb9k\xd8\
\x94\xec:\xb0\xd4\x95\x82] u\xac\x0d\xd4\x96&\xc6\
\xa1\x95L\x96a\xc2\x1d\x0a\x92\xc7\xdc\xa9\x97\x8d\x90v\
\xa8\xc6\xeeQrp\xb8\x86\x84\x1b<\xc7d#\xa9:\
\xf6\xc0|G*\xcd\x07=\x04\x8d\x13\x16\x1a\xa3\x93 \
\xa2\x1af9:1\xd8iT&2&\x06\xc6\xc5\x99\
(7*\xa2r*=\x89CD7A\x04\x8c\xbd\x81\
\xc2\xc4\xa2\x0c\xa1\x92\xbd\xa1\xd8\x88(\xc6\xdaJh\x22\
\xec\x12\xc3)\xab \xc6+8:\xb0\x947\x03s\xb4\
\xdc\x17*+mJ%`\xdc\x13\xafri\x19\xed\xac\
\x22\xa4\xd3\x14\xa5\xc1\x04P|\x02\xa0h\x1f\x11I\x8d\
\xb3\xd3\x05\x8d\xdf\x18D\xa3\x9b\x07]\xfa\x8a\x04I1\
A\xb87|\x91R\x9e\xea\x88\xaaj\xa2\xea\x0a\x0e\xe4\
\x09\x86\x90\x9c\x89(Im\x87\x01\xb0\xde\x924\xa1\xba\
\x04\xe7\x06\xf4\x92\xea\xd09NK,C\xc6n\xc4\xf6\
&6\x13\x82\xa4]\x8e\xe8W\x9c)\x82Q\x84\x11\x5c\
X\xbc\x94\x814y\x00|\xb2\x869b\xa2\xd4\xfd\x0b\
\xb2\x0ad'\x15\x9152Kw*\xa0t\x1b\xc12\
9\x86\xab\xb9\x17(\x9e,\x9aA2Z\xd5\x1a\x97\x1d\
`7\x03:\x093\x1b\x88L\xa1\xb9a\xe7\xd4\xe6K\
\x09i\x8dJ\x0d\x918W\x90\xdc\x5c\x89X'F\xf0\
>\x22\xb48\xb2TPq\xe4:\x84\xc5Q3\x1d\xb5\
\x13s\x02\x12\x83L\xc6\x9a,\x13\x83@\xea\xc1\x88\xe6\
6\xd95\xe0.i\x86\xd4\x8d\x1c\x8c\x9a\x81\xd0n\xc4\
&\xe4\xd2\x0b\x19dF\x03eL\x86\xc7\x01\xaa|\x0a\
\xdc\x9a\x99j7\x0a[\x1b\x9b\x09@\xd4\x89AXT\
cCq\x915\x81\xd8X7\x03m\xae\x05\x9e\x81q\
\xd8LK\xf6s\x054\x22\x06\xa5A\xd7\xc0\x84EI\
j\xe4\x11UH\xc5\xe8B\xca\xe35\x1d\xfd\x07q\x12\
+mB!\x0c\xe0\xa0:\xe6S\xd1v\x12\x91\xbc\x19\
\xae\xbb*\x0e\xe4T\x8c\xf0d\xb9\x97w\xa0\x9c\x09\xa8\
\xb1\x99x.\xea\x22j[\x13\xb0M\x17b\x8a\xc8\x94\
\x09\xb5T\xc4\xe4\xe7i\xb4\xd6\x1bZ\x04\xa0e\x1b\x0e\
\xad\x8aUGY\xd8n\x06\xa4\xc8U\xb8\xe9\x8agQ\
\x5c\x8a\xd4\x8d\xa9\x9c'\x05b\x12\xad\x06Z\x18\xee&\
\xc3\xbd\x05aYf\xc8\x92\x0e\x88U\xce\x83U\x8d\xc8\
\x9dJ\x04\xf0\xc1\xb4\xc4\xe7\x90\xe8\x15\x22\xa12\x91\x9a\
d\xc71U\xc8\xef\x8c\xa4>8&\xe2K\xf2%\xa1\
\xb69q\x86cp\xe0n\x18\xedQL\x5cn\xa4\xb2\
*X:\xd8\x99&\x84\xd1\xf0\x19Q\x17\xe6*!\x84\
\x92JX\xd8\xdaea\x8b\x9cI\xa95$cP5\
Y\xba\xc4\xa4g\xccn\xa3m:1(r2\xcd\xd8\
n\xa4\xdclu\x22\x86r\xea1\x863\xf9\xc2\xf0\x96\
\x0a\xf7\x22\xe8\x8a\xce\x0er\x22\xf3r\xd4\xcb\x02\xad\xf0\
\x1d\xcb\x89@\xdc\x0d\xb7+v5Wb\x05\x0a\xc2a\
\x8b(\x1a$6f7\xb2\xac\xdd\xbd\x99\xd8\x87AX\
\x94R\xe3NkR\xbd6\x13j\xce\x04\xb5\x09nP\
!\xbb\x8f\xd0\x94;\x0a\xe2\xa2\xf4'\xa3\x04\xe12\xad\
\xa9\x9c;\x1dpt\x22'\x80\x9e\x0dI\x11\xa8\xdd\xf2\
Cy\x95H\xa8\x98\xd9a\xd3\xc6\x11^\x06[\x90\xa4\
\xb2\xa1\xc0\xe6\xc1\x04\x13\x02\xa3\x04\xf8PzEb0\
p\x05a\xceBB'\xa8L\xd8I\xb1%U\xc6\xa5\
G\x019\xc1\xd1I\x07\x90\x92\xac\x12Q\x0d\x86\xa45\
\x22dC\x1c\xac\x86\xe0\x96\xee9\xcbn*\x22\x22\xcc\
\x19\x5c\x8a\xeb\x83\x97%\x05v*\x9aj\x80\xe5\x19>\
\xbcV\x03\xaa\x5c\x91\x05\xbb\xa9u\x14\x0d#\x80,\xc4\
\xc2\x09\xcd\xc5U\x82\xa3\x92b$Y$7'X\x13\
\x91=`\xa5\x15-K\x5c\xd1\x8bz\x17T\xab\x0ah\
K\xb5\x83pP\x13.Hu\xe6:\x05\x02Y\x91?\
\x04\x8bO\xc8\xe1\xb0\xe8\xc7}\xf8`\xea\xc8\x8c\x17X\
;\x0f!\xb8.\x9e)\x10\xdc\x0e\x10\xd9\x90\x0c6\xc9\
\xe23\x07a\xc0\x95^#r6\xb8\x13H\x1a!\xd3\
EBe\xc0\x9b\x8e\x8aI\x9a\xa1\xd5\xceEO\x03\x84\
\xa6\xe2\xb9K\xc1\xd8m\x90\x09\xc0NG!\xb9\x0e\xe2\
\xb8\xe0\xc6;l\x22\x86\xb0\xf22\x0c1\xd9\x06\x1d\xc5\
f\xa4\x22\x160\xe4Y\x15\xf6\xd6\x94\x80\x9clD\xe0\
\xac\xc4\xa2\xc2z\xb5\x12;\xd0I\xc7a\xb8\x13\x91\xa3\
u\x8e{M\xc1r\xc8\xa31\xdeH\x9d\xa7Q,\x15\
\xb8!_\x04Sd\xeeJIH\xd1bh7L\x1b\
\xbe\x05K\x8b\x07\x022.:[`\xda`Wx\x11\
\xc2\x85\xe8; \xde\x19f\xd3+)\x1brcR\x85\
\x09\x5cJ\xca\x0a\x9a\x97\x96I\x93MF\xc9*\x8d\xa2\
\xf851d\xc3\x0dI$\xaa\x819\x14\x891\xa9P\
:*\x0d\xf5\x13\x91\xa9x\x13\x92f\x9b\x0e\xa2E\xd9\
\xd4\x9a\xe9\x82Z\xfa\x08w\xc0V\xcf{%RuY\
\x10LU\x0b\xe0WP\xb2\xc4\xd5Pr\x89.**\
\x90\xc4\xe5\xf0%\xc4\x97\x914\xeeM\x04\xe1\xae\x05B\
\x80\x9c\x9d{\x8eR\x14\x10N\xa5\xe2\x0b\xb7RR\x10\
ua>&\xa8Uc\x80o\xe4\x94X,\xd6\x1b\x9b\
\x06d\xf9\x8e[\x82[\xa1@I\xa1P\xceV\x1bq\
C\xa8\xbaC\xc2\x04\xe0\x99\x0f\x9f\xd1\x9aYa\xbd#\
\x067\x05W\x19\x86\xf09\x8d(\x1b:N\x17\xf0\x0f\
!\xa8!\xa11\xb6K\x91\xbc\x1b\xa0\xa8\x9e\x04\xa1\xdc\
hC\xa1\xd4UIv\xc4D\xe0W\xb8\x92\xaeH\xe8\
\x86\xe1$\xb68D\xb17\x0c\x847\xdd\x1c\x87R\x9a\
`\xecg\xd3a\xb8EF\xe9\xed%\xc0\xad\x85\xa3r\
M#b\xcb\x15b\x11\x08\x90\x8dy\x09\xf3-z\x93\
BY\xc8)\x1a\x91Sb\xa3R\x85Qg\xa9|\xf0\
\x9a\x89`s;\x0f\x15$\xed\xb2\xd8|MpI)\
\xa2&\xa2\x83*\x16f8\x87\xd1R\x10jUP\xd2\
\xf8\x0b\x1bs\x04\xb21\x97\x11\x8c\xa2\x04\xa0>\x11I\
\xd4i\x04\x88tS\x02\xd05$\x9c\xf0!\xa5a\xcb\
\x22t\xc2\xb9\xec'$K\x0a\x09\xa3\x90\xadh:\x04\
\xe4H\xca\xb2\xa2nI.\xc5\x82\x10\xcf\x02\x97Q\x1b\
\x85Rb\xe0*\x5c\x82d\x9a\xc2\x0dE\xea#\x91\x0d\
\xa5\xaad\x8eB\x9a\x92\xb3a{\x11I\x13\x94L\xb2\
\x08n\xba\x0a\x8c9\xc4\x9d0\x98\xb8\xe8\x8b\x01\xb9&\
UP\xaa9\xb2\xa7\x11VX\xc9\xa2a\x8d\xc0\xba\xa9\
R\xd4P\xb8\xd1\xa1Kc>\x81\xb4\x9c\x12\x98\xdcr\
\x18o#.\x98\x0c\x95\x89\xa5\xc9\xea9P1[\x05\
YA\x92\xbd\xc5\x03\x80m:\x95\xd8\xb0\xe1+3\x88\
3SCw\xc1\xcc\xa4PL\xa8\x1d\xcb\x1f\x131\xdb\
\x0c\xb1\xc0\xe29*\x8e\xa9\x89\xc9x\xe6(M;\x8e\
\xa4f!\x0e\xf8\xb5\x86\xef\x98\xd5\xb8\x89-'\x80\xab\
\x9e\x04\xe4lK\x19DN->\x9e\xd9(\x1d\x8b\xa5\
\xb2\xe4Q\xbal%#\x7f\x181[\x07a\xbc$G\
\xc8\x9d\xa7\x02\xcdR%\xe4)\xd9\xb6\xd5\x86\xa5\x93$\
\xac\x15\xbd\x17R(u.\xc5\xbb\xa6\xc3\xa8\xe8\x22p\
jF3.42\xf5\x22\x15\xf6\x9157|\xe32\
\xe0J\x98U\x22\xc1@\x98\x18\xee\x18\xbeaTk\x16\
\xab\xe8L\xdc@\xdc\x96\xbe\xb8T\xa8*\xac]s\x1c\
\x1d\xf0\x88\x96'Bj\xd6)A$\xe0\xd4\x89A\x5c\
,\x84JK\xb3\x8e\x19*\xec'P\xe1\xc1U\x01~\
h\x999$r\x91\x8ca\xb8K\x811bl\x15n\
G\x11\xe62\x9c\x09\xa4\x84\xc2\x95R)\xa8\xeaD\xaa\
\x910O\x065*h\xc3\xa8\xee\x8e\x02m\xb1\xc3\x16\
\x12\x93\xa1K\x15\xc7\xa8sz\x0d\xddaQ\x8d\xc9j\
\x8e\xb5v&\x85V.\x83\xe4\x1b\x81\xd2X\xb8\x8f0\
\xc3c\xa96\x15I\x8f\xe474\x13\x84S-\x0d5\
\x1b\xa0\xef\x16\x1dQ\x83p$\xd0hw \xeeYI\
\x01\xf1\x1b\x96D\x09\xc8\xee%U\x86B]\x862x\
%G#\xa1\x08ie\x98\xbb\x8d\xc0\xeeXj\x90\x85\
a\xb3t\x1bo1(\xc6Q\x12B,WA\xd8\x85\
\xb1a\x14\xecQ3\xc7\xb3n\x09C\xd7A\xaa\xa3e\
8\x15\xeb\x82|\x1b&\xc5\xb4Y\xa9 \xa3Pj\x89\
D\xd4nI\x84\x86\xc7(\x96+z\x0b\x0e\xa3\x16X\
n\xb1\x1a\x89\xe5\x83|\x06\xd9\x5c.{4\xd0\xa2\x13\
\x9c\x15\x8caat%QX\xa6\x0ag\x14\xe9S\xa0\
\x96b:V\x09\xaa\x95\x1b\x14k\x07L*\xc7mp\
\x94M$L\x8e\x1a\x86\xad\x82s\xd3\x06\x94\xdcn\x0e\
.+%`\xe2m\x89\xce\xc5\x83:\xc9)\xe0\x94N\
\x0d\x0d\xd6qW\xb6\x15\x9d\x09\xdc\xb1\xe74\xc0g\xa7\
B\xc6o\xb0\xb8\x8b\x8dHd\xb6\x13\x98\xe0L\xa3\x22\
)%U\xc1hQL\xf0\x12$9J\x8a\xe2\x12\x09\
L\x82\xc4\xd2\x82\x1b\xa0\xd2\x09\x10A\x0e\x88LL\x9a\
(1IX\x95\x91)\x8a\x97:\xf6\x1b\x82\xa1\xb2j\
67*A*`\xb5\x0d\xa6\xe882h'2U\
D\xd4\x8d.\x96\x1d\x86Cv\x1b,\x85r\xc3M\xb0\
+\xc9x\xda\x88(\x09K\x99\x922@Tl\x9c\xc6\
\xc8w*C\x94\xe0s3\x90\x87ja(C\xc0\xc8\
D\x0e\xc2b\x12\xad\x02\xfcA\x99\x8a\x13\x98\x89\xd8\x99\
\xc2\x11tP+\x19\xf4&2\xc1\xd8N.:\x8d\xd0\
\x9a`\xab\xec\xa2\xb2\x5cm\xa9\x0a\x83bJ\xa3\xd3c\
\xb0\x8b\xd8Od\xd4\xbb\xd0\xa8V\xdb\x84)V\x80\x85\
\xd4\x88w\xa0\x91\xc42\xfc\x84\xf8\xe0J\x16\xd3R1\
U\x82\x81(\x1e\x0d\xc0\xaa5Y\xccR\xeeJi\x8e\
u*$y0kB3 H\x8a\x9cp_\x9e\x04\
\xe7\x0e8e\xafs\x90\xb8\x94\x0dTk2\x05\xa4J\
\xccg@\x98M0w\x22GH2D!\x8a\xea\x5c\
\x84\xb9\x8d1\x9aH\x99(&3i\x04\xdaer%\
\x03\x1bJ\xe5\xd3\x0e\xc2R\x14\x13;\x14a,\x96*\
\x1b\xfc\x10.\xc5\xf9\x8d\x96z\x14RT@\x87\x22\xa1\
.\x90\xe1\x821\xb8*\xb3\xd0\x930\xef\x83\xb0\xb9\x92\
\xc6\xc9\x02B`\xcd\x95[\x06\xe3\x91\x91\x90\xdc)d\
\xa6'+\x90\xb19/\x80\x9dF\xf4\x13\x95\xa8\xe9\x9e\
\x16z\x09\xcdp\x8a\x8agB\x5c\x8e\x90\xc7\xd0'\x08\
\x96\xc9y\x8e,S\xa8\x89\xb0w\xa8\xea7\x993q\
\xaaa\xa2\xa3\xc9\xa1\x8a\xb2\xd34\x1cM\xc6\xe1\xc0\xda\
,6P&\x06\xdbz`\xe4\xe3!\xbaPY\x89D\
\xab\x0d\xca\xa3\xbb\xe2X9T\x17a\xb4\x0a\xfb\xf0\x1e\
b\xa2q\x85\xa0<\xfa\x93#P\xe3\x06\x90\xe2)\x84\
\xc0\xc6|\x19|\x12\xdb\x96\x0a\xe3\x12\xda\xd8v\x12\x81\
\xb2\xf7-BQ\x97B\xe2f\x84\xe4t\x1c\xc5\xab\x84\
8\xf6\xb3\x04&\xb8\x95\x06\xd2\xb2\xbb(bQ\x84l\
\x1dH\x82#\xd4\x88\xaac \x0b\x92\x09\x04\xe7\xd0\xa6\
\x11;*\xa2\xf7\x22\x14\xc8\xd3b\x02R\xc7\xc0%\x9b\
\xc4\xdccS\x91\x95N%\xc5\x02\xb6\x06\xa8\x1cp2\
A\x0a%\x899\x9a\x04\xa4\xe6\x87\x97\x030\xae\xc5b\
\xf7\x1a\xcc}\xf4\x8a\xe8%\x05L\x84B\x22\xa4!\xaa\
\xd8\x86\x05i\x0e\xb7\x13]\x96H\x88\xd1\xd0i;\x89\
@\xd6\x9fbPf\x220U\xb8\x90\xd0\x94g\xb2\xa9\
\x8a\x81\xc3(\xe7\x09\xa5E\x927XV'^\xc5K\
<\x1f\x9a\x95\xae\x04\xa4\xcb\x89\x85D\xb3\x92f\x84\x8e\
\xbe\x09\x9b\xb1R\xb2)\xcc\xa1\x84\xea\x5c'\x04\xca\xe3\
G\x10O\x01\xc1\xd6\x85\xc2p\x9aAuR\x16\x92\x82\
g1\xcc\x93\x0bRiq5\x15!\xb1\xb1V8\xc9\
I+\x86\x0d\xa2\x1c\x09o\x993\x94\x0e\x8a\xa57E\
&F\xae\x83\xaf1\xb5#m\x19\x0d-Aa\xb7H\
\x12\x8a\x89,\xc7Y\x15nBD\xb3\xc0\x9e\x04\xd2F\
\xa4nT\x09D\x94\x06\xcap\x8a\x0e\x84\xd6c\x04\xc3\
\xd0is\x90\xd9c\xe0@\xd6C\xdf\xdc\x5c\xe0\xe0\xb4\
\xe3r\x16.\xc5t2\xa1\x92/\x85\xf1nJ\xa2[\
B\x14\x1a\x9c\x89\x8a{8\xac\x90\x84\xa0V\x14\xeb#\
\x8e3\xb3f\x0bb#\x0b\x97\xaf\x02\xc8b|\xd0I\
`L\xac\x22^\x0d\x8e\xaaIf2\xc1\xb8\x13\x9c\x15\
.\xc6\xd3\xc1\xd8Oa\xb5\x99\xba\xf8\x1a\x8c\x1a\xa0\xee\
DN,\x972\xc8\x96)\x14\x1cp7A.\x02\x81\
b.\xc4\xbe\x08\x80\x9dq7\x02d\xc4\x03,KK\
\xce\x15\x9d\x89\xbb\xc2\xe8H\x1a\x8c\xb0t2\x91\xdb\x1b\
$0@\xb0\x9c\xe2\xe2n5\x09\xb9,\x91\xf0TN\
D\xe4\x95\x84\xad\xb5LR\xa9$\x02\xaeBX D\
\x0e\x88\x86U\x92A\xb2\x00\xb0\x9c\x8eY\x0d6D\xb5\
\x91\xd0\xa7\x1e\xc2U\xab\x1aX\x99\xca\x83\xa9\x0d\x03\xb6\
P\xdd\x95fZt\x13(6\xa3\x09\x8a\xe0r\xa2k\
\x05\xb5\x1b:\x12\xdb\x1b|G\x96\x13QF\xa4\x84\xd0\
\xe8(\x15\xca\x94&G\x062\x8bIJ\xb0\xc98\xa2\
\x09\x966\xc6\xce\x98\x15(\x22\x19qd7t\x8a\xd4\
\x9a\x8e\x87\x03\xa2\x15\x86\x86:\xf2,+7\xa0\xe1\x0a\
\x07\x82`x\x22\x0bG\xac`\x86Y\x05XE\xf6(\
EK\x15e\x82lu\xd9\xf259\x91H \xd0v\
\xc5\xb8\x8c\x17\xb8\x94\x96D\xd4.%d\x845\x1e\xc6\
+#q\x82Vf\x05g\x02\xfd\xa5\x82\xbe2\x86\xe7\
\x08\xd7\xd8\xc1\xcc\x93\xad\x87,\xc4\xae\xf4\x12\x09\x8d\x09\
\x91\xb1\x09aS\x1e\x85\xc8\xa0\x9106\x87P\xe2\xa4\
fn\xb8\xcb\x9a\x0d\x19T\xdd|Y\xbeE\x08\x83<\
\x05\x06\xeb\x94!\x18\xc4f\xcb\x0c\xe0\xb72&\xbb\x09\
P\xa2\xa8\x9b\xa9\xd0\xe0\xf9\x84\xb71W\xc5\xd3\x08F\
t\x1a\xc6\xc3\xb2J\x86W\x19r\x1b\xe2\xa0\xa3,R\
\x5c\xc5G\x19\x90\x9a\xa2\x15\xcb;ay\xa0\xa7j\xbd\
=\x05Gsu\xc6Q\xa1(\x9az\xf04\x0b\xba\x14\
\x89\x13\x865\x86Sn\xd6\xc0\xdaHe\xc8\xa1$\x89\
\x8c\xc6\xd3bT\x97\x12\x9c\xb2iA\xd1\x13\xa0\xeb\x12\
A*T\x91\xdbRT\x8e\x1b&\xb0MI\x94R.\
&\xb4\x18v\xa1\xccn\x84\xc4T\x84\xeaf\xc7\x19\xd0\
9\xb6C\x82sq\xba\xd0v\x1bQq:\xbe\x03j\
0&V\xb8MGU88\x9dM\xca\x8d\xc0l\x91\
(l\x86\xe9[\x1a\x0b!\xc7Q\xb6\xdd\xf0;\xa4>\
R;\xfc\x96|YU\x19\xact\x14\xdco\x98\xd0\xdc\
\x92\xc6\xa5\x09\x8e\xbb.\xe2\xb0\xaeJ\xc252\xe8J\
\x1bXD\xad\xa9\xa6\xa2\xe2\xf0p\xd7\xb3V\x1c\x94\x0c\
\xd2\x85\xb1\xdb\x0a@\x94r\xc2k|jxO\xb2\x89\
r\x98rs4&\x1d\x84\xc6\xbd(\x17A)(\xcc\
\xfa\x93\xa0\x9c\xec',:l\x9b\xa8\x89\xa9\x98\xb33\
\x10\xd3\xe3\x83O\x15J\xb3\x13\x81\xe0\xd5F\xe9\xb13\
b\xcc(&X\x94\xadGq\xb9+\x86N\xa2U\xc1\
\xa6[\x0b;\x18\x85K \xfd\x13!r\x1a\x81\xbd1\
\xe8'\x0c%xM\x82Xm\xc1\x5cN\xba\x09\xca\xa0\
\xd8I\xa5\x09,;F\xb5\xc1\xaa\xe02\xdbK\x06\xa7\
\x05\x08\xba\xb8\x80\xd1G\xf3\x1c\xd5aT:8\x15(\
IP\xa8I9\x0a\xa8v\xa3\x81[\x89f\xc6\xe2\xb7\
\x1d\x02\xe1\xbb\x0ex\x8c;\x0a\xc4\x14\xa4k\x0a\xc4\xc1\
9\xa5\x81\xbaZ0P\x1b\x1c\xd0t\x0et\x82\xe7#\
\x88\xeb\xd4\xbb\x91:\x92cC)\xa0\xeepd2\x8a\
8$\xd3,\xa4\xa8&\x84\xb7\xa1@\xe4\xc1\xb9C\xa1\
\xa0e\x9d\xc7%L\x1d\xe4n\x83f\xb0w\x10\xc1\x04\
\xdd`\xd9C\xa05f\xe4(fza\x11\xb6,9\
\xba\xd9l\xbb\x1d,J#\x13\xaa\xa1\x08\x89|pL\
\x0d\xc9'<w|\xe1'b\xd6\xf5\xdd\xb1n\xb4\xb8\
\x9c)\x1b\x97;*\xa2F)F\x13X\x1b\x82d\x88\
\x9fd\x94Z\x84\x94\xc9\x11\x873\xb8\xb8(W\xa4$\
Y@\xaf\xa0\xe8\xe4\xb9l)\x82H\xacQ\x96\xa9\xbb\
\xe0UB|\x11\x15%hK\xc2\x83\xa0\x90\xa9}\x8c\
\xe8=\x05k\x0c,\x1a-c\x89\x10\xcd\xdf$\xc3\xa0\
\xf0\xcb\x81\xceF\xe8\xc0\x88R<\xfa\x892\xb6\x1d\xca\
a1\xb1\x84\xe9%\xa4\xc9\xa6\xd4\xe0\xab\x91\x08q\xb1\
,eY\xb8\xd0\xe2g\x08\xb6\x0a'\x04Q\x06\xa18\
\xa1.\x07C \x9b\x96\x9a\x12\xad\xf0n\x09\xae\x0d\xc0\
\x9c\xafI\xcb9W#V\x9e\x01\xe8\xeb#\xc8\xddr\
%\x97e\x98\xdaH\x96'\x05\xc7\x914\xe1\x82\xeeF\
\xf2%\xb9*\xd4[\x06\xf8\x12\xf7fw\xa8\xd5j'\
Q\xba\xb8%1\x14Te\x04\xa4\xe26'\xc4w-\
85\x13\x95Re\xcc\xc0\xf5\x12\xf3e\xd6\xa4\xb99\
\x90J\x84\xae\x83\xa2lLw\xd0m<\xc85%\x90\
\xdd\x0b\x13,w3\xdf2QvZ=^\x01\xa5\xe6\
d+\xa2\x00Ne\xb2\x0e\xa8\x96'81\xb3!\xba\
l\xb7\x04\xf1.\xce\x98%\x188\x15\x10\x9c\xe2\xa8'\
$\x0c\xdf\x12\x1e\xeb\x15\x98\xac\xf6#_U\xdb\x0a\xc0\
\xf5.6KQ\xd3\xd0(\xcci\xb7Kb\xc9W2\
k[a4\xf6I\xe1\xb8\x1dG:\x1d'\x058L\
d&\xd5\x14 p\xa2\x12\x82C\xb8\xdc\x0f\x03sb\
\xad`\x87\xa1%Q\x86\xc8S\x18]aQ*\x1f\x1d\
\xf0,\xde\x04\xc5\x97R\x22I\xe0=\xdd\x05a\xc9\x5c\
\x15X6Y\xe0+`\xe5$l\xe3\xbedB\xc0\xa4\
\x97,\xbaP*W1\x1dj\x84\xab\x01Z\x04s\x0a\
\x82M!A\xdcn\x05\x22\x22\xad\x8aIl \xe6\xec\
4\xa3\x14\xe3!NJ\xaa\x13Z\x85j\x126P\x84\
\x0a\x1dqn\xe1\xcd\xd8h+\xc6\x0d\x09B\x82\x82\xbd\
\xf1I\x8d\xc1(\x83,\x1a\x92\x9c\xd8\x01\x15\xa1\x04\x8e\
T\x18\xa71\xbd\x07\x13)\x0e\x83\x81U\x9d|\x99\xf4\
\x13\x92\x9a\x0e\xa7\x0e\x82E\xea7\x22c\xb3+\xba\xc1\
0\xdb\x91\x9c\xd8x\x0d\xcb\xa0\xafzc\xbb\xe0tE\
bG!9\x1a9\x9a^\x06\xac\x0e\x83T\x1d\xe8\x89\
\x88+\x0e\xb2L!\xd04\x22Z y\xa4m\xb4-\
\x9c\x8c\x9a\x1b\xc2`n\x04,\xc5\xa7T(T\x02\xee\
7\x03c\x06\xe0\x8a\xc8\xd1\x0c\xbal15\x82+8\
J%\x17DqbE\x99|\x1b\x8cS\x22\xa9m\xa9\
{6\xeb\x8ak\x18Jy\x90\xe29\xd2\x0c\xf7\xcfe\
(\x15\xf0JE\x84\xc8\xd4\x8dT\xdd\xf1\xec\x98\xdd\x1c\
\x09R\x81a\x8d\xe2\x9c\xe1\xcc\xb2\x0b\x81.\xc2\xd2\xa4\
E\xa9Lu\x1dp:[1\x8c\x9dD\xfeq\xb5\x22\
PSC\xe8*\x0a\xab\x04\xd0\x8a\x94\x1b\xd4\xb1\xc31\
\xb1,4\x0d\xd0V\x11+x'r\x10n \xbdI\
\xc8\xa0\xf8\x8a\xb7\x1aC\xcf\xa9t'\x84\xcc\xe0N\xa3\
\xb0\x9b\x918\x19$cj\xb2JY\x8e\xd8d\x22\xa3\
i*\x17\x1d\x84\x9e\x82\xcb\xa6\xc3\xb6\x06\xb2\xc8\xb6C\
\xbd\xf0U\xa6CC\xbd\x04\x92\xb1h\xd2\xb5\x127\x1d\
\xb7Q\xd5\xb1\x1aj\xb4%U\x88p\x9b\xc1EB\xe8\
J0\x9a\x09\x8ccHun\xb8KM\x89$\xa5\x89\
\xa9\x91\xb9bO\xe0\x05\xe8\x82M\x89\xd0\xddb\x1el\
\xa9iC\xe0\x1b\xa8\xdf\x01H\xae;\xd8M\xce\x83I\
\xd9\x95(5\x0a$S\x89N$\xecU\xa2F\x88b\
\x91\xc0\x94\x89Pj2%\xd0\x98ln\xb7\x1b\x22\xbd\
\x05\x04\xa1K\xb8q^#j%\x180\xf3\xa8\xd9\xf2\
*\x5cm\xb4;\x0d\xc0\x82T&\x91-\xd5\x83\x0a\x08\
\xef`\x1cL\x88\x9d\x06\xe0=U9\xbc&\x19\x13\x9e\
\x0d\xa4By\x8f8\x22\x9058L\x12Bd\xc6\x13\
qW\x06\x9bk\x0a\x13\x04\xcf\xbfuD\x08:a\x09\
\x09<\xc6\xf6J\x81W\x05P\x94\x0cY\xe0o2g\
\xd9\xbax1\xbc$6\xa8ZN\xa3e\xd0\x93\xc2\xa7\
Z\x92\xd0\xaf\x14\x12\xc6\xef\x8cV\x09\xa47S\x93\xb8\
\x9c\xe2\x86\xa8\xa0,\x1a\xf8\xc1\x11\x85\xcb\x09@n^\
#\x91N;\xc0\xa2\x08\x81\x04\xb3\x12eQ\x98\x99d\
2\xcf\x05pJx5&Xp@S\xf1\x09\xc3D\
\x9c\x84\xd3cD\xacV\xc6\x98\xa5\xa2\x1c1U\x1b6\
l%H\x9ce#\x82 U\xd4\x87\x02S\xc1\x1bC\
\xb2\x92\x85'b\xf1\x03P\xa5P%\xdf#3\xc8\x98\
\x93&Q4HRb1)6eF)N\xa3\xa0\
I%\x8al\x04\x06\xd3L\xda\xa9\x15\xc2\x89`dH\
\xa11\x8a\xdd\x0d\xd4\x9c\xaeU!H\xc6b\xa4\x90\x95\
\x07\xf2\x14S\x1db\xa0uW\x1a\xa6\xa6]I\x19\x02\
\x0bA&c\xa9@\xe4\xa5\x15\xe8F\x0e\x01\x9fL\x1b\
\x81\xba\x99\x12\xa6\xa1\xaa\x90\x8d\xc8\xc3F\xec\x1c\xed\x09\
*\xe09\xba\x0e\x10\xd4\x13$\xd2\x06\xe5\x0cKW\x22\
j4F\x09<^\x19a[\x09CcM\x93\x04\xa1\
X\xe0;\x13\x19\x13I\xc0\xd9\x11\xe9\xe4\xbdy[\x0c\
&\xca\x84\x95\xea8\xb8\x81+\x5c\x06sGA\xb6\xf3\
\xd9\xbb\x04@\x95\x04\xa3\x1d\x181S\xd9;i\xcb/\
s/\x9cl\xf8aL\x98\xad,\x8b\x8a\x07W\xa0\xae\
7@iA:q\x11p\x9e\xb8&nd(\x93\x8c\
a\x90\xaaY\x0e\xc2\x17!-p\x98fK\x98\x94`\
\xd4\x8f\x9e\x0c\xa5T\xa4\x99\x88Y\x8be\x81X\xa0\xc2\
\xb6%\x819\xc2\xf7\x12\x8c&\xb0L\xe2\xc5z\x045\
5\x08\x82\xe2\x94O\xfc\x13\xc6H\xdc\xb1B\xa8\xa1\xed\
\x11w\x0c\x13@\xac6\xd8\xec'\x12KM\xc3\x13'\
W#H\xa3(U\x8en\xe3\x8d\x03(r\xc8\xe2\x1b\
IB\x1d\x17\x81J\xccv3TSi\x1c\xce\x83r\
K\x88\x14\xad\x94\xdb'\xa2\x80\x90v2\xa5I\x82@\
<\xb9\x90\x8a\xd3\x08\x91-8\x1b4'\x04\xb1\xd4\x84\
\x915\xc1f$w!\x14fsS\x1bw+\x03\xa1\
)\x0d\xd3Q\xb66qQ\xb1\xd2I\xa4af\x18\xd9\
\xa1B\x84\xa8\xb8\x88\x81\xdch\x90\xd5\x9c\x0dy\xc8\xda\
\xad\x13&\x90\xe2Fn%\x8c\xae;4\x89J\x06\xe4\
n\x0b\x8e\xd5\xc1\xb4\x8d\xd73\x91\xd4\xa1\xaa\x1b\xd8j\
\x0d\xcbD\xbaN\x17dR\x08\x81\xd8\x84*\x12\x89E\
C\xa0\xb3\xc3Bgj\x9bsZ\x8a!\xe33\xea\xa4\
\xb1Nca\xb4\xdc1\xc3\xcfi\x5c\xbb\x14\xa3\x17l\
!\xc9`\xbd\x94f\x0b\xe1?\x04\xc13qFxd\
\x13\xd7\xe8\xcb\x89\xc9\x03sb\xae\xf7\x1a\x8c]mB\
\x9e\xb4\xc2\xab\x03b:aB\xd8,\xb1W\x06\xe0\x96\
\xd8\x9c\xe0\xefB(\x5ce\x8dd\xb2&\xa4bW\x5c\
\x13\x16&hPy\xf4\x13\xa0\xae\xde\xc0\xe8\xc4\xea\xc6\
\xe0\xcaD*\x84\xc9\xefM\xa4\xd4CG\x0a\xb0\xc9\xa0\
\x9f\x81\x00n\x10\xd2\xb1JQ\x0c\xa3\x1bl;a\x22\
^\xc5\x0d\xc6D\x94\xc4\xf3\x80\xc3Z\x06\xe0p\xc8\x90\
\xe4C\xc1JA\xb1#e\x12\x89ry\x8e\xaeI\x92\
~\x06T\xe86\xdb\xd0n\xa3\xa2\x1f\xc1\x97A\xb8\x5c\
\x09@\xe72`p\xa2\x22M\xd0\x92\x1bu%! \
\xe1AT\x80lnJ\x9c\x19\x08(>#m\x15\x8d\
\xc0\xd4\x1c\xf1\x1b\x83>\xc3\xc0\xee7\x22\x1c\xc9R\x81\
\xd5\x91\x187\x07\x03.\x9b.p&1:a\x12D\
l\xc4\x91G\xb7$\xfa\x95\xd0\xa2\x22K\x12\x86\xcc!\
QV3=\xf2\xd9JD\xa3\x08\x81\x5cJ0m\xb6\
\xf8\x0dF33\xec\xe3\x11\x8b\xb6(v%\x0c\xb8\xaa\
EJ\xe4%\xcf\x04:\xd5\xdci'M\x87\xcb4O\
\xb0.\xd4Xwt2\xdf<S\xb1(\x8c\xf0q2\
$p\x1d-rf\xc5\xdf\xe15\xa9B\xd8Y\x09\xd0\
f\xeb\xe0\xac8\x17\x0f>\xa4\xdb\x04b[\xba\x14\x1b\
\xc5\xd1PO\xe0\x9a\x89\xc9R\x12\x1c\xf12\x84f\xd9\
N-\x83\x80\x9c)D\xb3\x15\x10\x9c\xa1\xa9\x12\x8cZ\
\x86Q\x8ac1\xec\x92\xf9\xc1(\x1aO\x9e\x12K\xcc\
\x1c\x11\x0fjk\x01\xb4\xd9|\x1dEz\xdcSPi\
h%\xd1\x93$\x89\xc15\x80\xd5\xa0\xdd0%\xdd\x0d\
\xd46\xac\x09\xca\xb91\xf19\x13\x1bM\x14\xd0p*\
\xd4tc\xcf\xa9,l\xeaEPK\xa8ns#\x89\
\x0a\xb5\xa8\xdd\xf7\xb9@d\xea7\x04\x84\xe78\x0d\xc2\
.\x13,w.,\x8c\xa1\x15\x1b\x87A;a\x98.\
\xf8\xbc2\xe8E#\x03pL\xed\xdbni\xdf\xd5\xcf\
\x09\xacl\xcdc\x08$*\x5c\x8d\x02\xcd\xce\x01\xa8\xd9\
V$'\x22\xa0\xc5\x83\xa8\x94{Q\xb0\xdbj\x97\x1d\
\x87sS>c>\x85\xa4\xb5\xb0\xa9j\x11D\xca\xcc\
\xb1\xc3\xc8MLA\x91\xe8Sn\x15\x98X$F\x9f\
!\xa7\x89\xd6\xc7@\xaa\xf0SL,\xcb\xe5\x83u\x1d\
\xd6\xc0\x98\x9a\xc1\x15\xb0\x91(B\xc1\x19X\xbd\x91{\
\xe0\x844L\xb2R\xd9$$\xca\xcd\xf0\x8a\xe4\x1a\xa8\
S\x95M\x9d\x04\xd5\x10ED\xa9XU\xc1>#p\
'\x22\xae\x0c\x8a\xb1\xcc\x8d\x12\xb1V\xf6\x16\x1bS(\
n\x9a\xe0\xa6ls\xd0\x85\xd8\xad4G)\x19\x93B\
\x11a\xb9rI\xbe\x02\xcc\xbd\x0bj*\xb93L,\
\xe4>\x0b\x10D\x22\xe3t\x8baTY\xb6SB\xd4\
\x13\xa5\x8c\xfa\x96\xa9\xc8QR\xe3\xa70\xdd\xecW\x9c\
[\x0b\x99S\x17\xd8\x13%\xe3\x1d\x84\xc0\xeeRd%\
Z\xac\x1c\x1e\xca\xb3\x13\x91T\x9a\xc6*\x0e\xdb)\xa8\
\x1e\x9e\xd2\x97\x10Eg2i#\xa1(u\x19\xa1:\
V\xe3\xaa\x82jHl\xe2\xa3\xa8\xd9\x99l\x0a\xb6\x12\
\x9c\x12\xc8E8\x12\xa8\xdc\x09\xc8\xd8\xd92E}\x93\
\xaadH\x9c\xc9qT6\xda\x15\x88\x9d\x85$\xd0\xe0\
*'\x15\xcc7)\xf4\x99\xa9\x19\x94bj\xa4k\x82\
\x915\xbe\x08\xad\xc6\xe1\x13\x5c\x1b\x22jD\xe6!d\
]\x96\x10\x13h\xb3\x13\x96\xe0\xae\x9b!\x04\xc6\x22\x03\
xn\xf9\x1bd\xcd\x08\x8c\xce\xbe0\xe3\xb0\xc6\x14b\
\xf4=\xb6\x84\xe4\xc6L31\x94\x91]\x84F\xa4\x0c\
\xb0v#\xd5J\x1c\x03\xb7\xc1\xbb\xe0\x89\x12\xc4\xd35\
\x91\x22\xf8\xc8%\xe5-3Y\x1d\x04\xb2\xc1\xb6L\xf2\
%&'\x05\x98\xd1d\x22\x99\x06\xd6%\xc2RHO\
\x01\xb9\x92S\x22\xb24\xddm\x83J0\xbac\xb0\x87\
\xa4\x09Pw\xc3\xf6%\xb9\x9c\x1c,\xe4c\xaa\x0e;\
\xe46X7\x08npk\x96\xaeeA\xba\x89\xc8\xdc\
!\xe6\x1d\xb1v!a\x08V\x1a\x91\xd1{\x98\xa7l\
s!\x09A(\xcb\xa6\x10\xad\x05\x0dIUY\x09\xc3\
\x94%4Cr\xf6\xc9|\xec+lQ\xc9\x94\x10e\
\xc4\x8a\xfb.\x12rV\xf4\xb2B\x10\xf8\x94\x9a\xfa\xad\
EY\x19\xd1\x930jMP\xaa5\xa0\xab|.\x87\
s=;\x0a\x07[\x1c\x05z\xe3Fp\xdf\x22\xf6\xc2\
\x1a*;\x16cb\x0b\x88\x8d;\x90\x88\xa6\x10u2\
\xe1\x85\x11\x9e\xf9\xec2)\x84\xcd\x06$:\x8a\x90\x90\
\xa3\xf4.D\xa8&\x9d\xc4\xe5l&\x9e\xc40{\x0a\
\xa3U3\xe8g\xd3\x08\x92\xba\x13\x1c\xc6\xb4(\xbd\x87\
yc\xcb\x81l\xb0jH[\x0a\xa4\xde B\xa8\x1e\
<\xd9\x0a\xaf\xf0P\xddJu\x19Ap\xaa\x86\x8a\xa3\
D\xb8\xe5\xe7C\x99\x1c\x05\x9ebf\xe1\xd1S\x06\xa0\
Vbo1\xa9\xb6\x0dZ\xd8\xb2bt\xa5\x89\x81\xb9\
\x07@\xdc!`\xdc\x0dTKC\xcf\x03n0;\x8d\
\x8dU\xe0\x99\x05a\xe5\xc1B7|\x14bxU1\
\xe45\x18\xb5;-7\x8d}\x84I\x11\xe82B\xb0\
\xdc\x15vB\x1d\x10\x9a%\xd8D\xd4\xa3%\x22Y=\
\x11-\x84\x84;\xdcV\xc2^\xecyF\x1b\xbe=\xa5\
\xd4U\xd9\x98\xc2\xf1\xc0\xb4\xe2\xd8\xd4\x22^\xa2Q\x14\
w\xf5\x9cE\xc4\xfd\x18\xa2\xe4\xc56\x06\xa2\xc3D\xcb\
\xc0\x94I\x10\xaf\x85\xe84<MI)\x22k\x88\xb0\
\x8b\xd4\xddl\x09F\x118\xb8!*\x9b\xbe0\x89\x09\
\x8f\x12O\x0e\xb8\x135.MJ\xc2\xaf\xa2\x9a\x16\x18\
\xecUR%$\x0cZ\x92\x0c\x86\xa0\xae\x9b\x06F\xeb\
\x19\xe9\x89\x09\xb0\x84Fa\xa9.!l\xba\x97B\xe6\
&\xd0\xe6@\xafH\x10\xac\xa6\x98\x1ac\xa2\xa0\x9c\xf3\
\x0d(\x1a\xb4%\x1c\xb1\x1b\xa8\x97\x10\xea\xa0\xeb\x83\xa6\
eF\xe7\x98\x86\xc7Q\xbc\x1f!\xb47\x11\x03\xc1\x8d\
\xc8\xe4\x13\xae\x17p\xec\x5cw,q\x13\x92 z\x90\
\x82\x08'\x98\x99T%p\x89P\xaf\x1c]\xb0v\xda\
\xa93\xebL\x93\x03~\x83R\x22\x18\x82\xd5\xcf\x812\
\xa9V\xb8,\x1d\x09\x09G\xa0\x94b\x91\x08\xb1\x08\xb2\
\x1byb\x9c\xfbEm(\xa9\xce\x82\xaa\x82\x16\x10\x88\
\xca\x82*x\x1a-r\xcc\x17\x09\x07O\xd8\xeah\x5c\
\xa8)\x06_\x05\x98:\xc0\xebaJ\xb8\xecD\xd4j\
\x82Z\x0e\xc2\xb5\x88\xa9\x96\xe4L`%T\xf0\x8a\xe0\
\xddt\xc5\xd1\xe13B(EF\x8e\x9eGK\x13\xf3\
\x8eT\x17!\xdb\x05#Rq\xc1\x14c\xda.\x845\
OA\xa2\xcfBb\xc4(\x83@\xcb-\xa6\xa7\x1b\x05\
$2\x19`\xd4X\x87\x03\x9c\x86\x9f\x022\x0a\xb5\x8f\
B\x11aPm@\xdd\x07X\x82!\x85\x943R4\
\xab\x8a\x85\xbf2\xa3\x1d\xd4\x13\x95\x86\xdf\x22\x5c\x8d\xd0\
J\x09\x91\xeaL\x95\x17\x11\xd1a2R`v\x1bM\
\x8e\xa1\x93E#r\xc9\xac\x09J\x91\xdb\x0c\xe3x\x1a\
\xc3NO\xdcn\x07b\x84\xc6\xa5\xd8Z\x12C\x1a\x1a\
\xa6\x05a\xb8 \xd4\x94\x22\xaf\x07c\x81\xd0\xcc\xb0\xad\
\xb4\xa3\xdb\x1d\xa2\x0af\xe3f\xb1\x89\xdaE'`\x94\
lX\x99\xc5\xd8T\xc2\xa6g\xed\x1c*\xb1~+Q\
\xdb\x18\xe3\x8b\x9c\xaa\x89\x5c\xc3t\x12\x80\x85\x17\x1e\x9e\
\xc5\xa9)5!TY\x82\xb8\xec\x134\x0dq`\xae\
+\xb18\x1b\xaf2$j\x0a\xb0\x12\xa0\xd0\xb9\x08y\
\xf4\x1a\x98\xc4\xa8\xc9\x9a\x19\xdc\xc8J3.\x8ea`\
\x8aH\x9d\x07U\xb0D,\x15\x06\x96\x1cR&\xc4N\
W\xa3\x01(-\x22!\x91\x83\xaa\xfe\x84\xcd15\x22\
\xa2\xc2\x11m\xa7'\x83m1\xba`\xfc\x8a\xb0\x91:\
\x13\x22\x03\xf0\x5c\x0e\x8e\xd4u\x8d8)\xc8\xec'\x05\
\xd2,\x1a\x9a\x93\x96g<!\x15\xc1\x90\x87\x17\x0e\x16\
\xbe\x15K\x16\x91\xd8n\x94\x1dB\x8c\x04\xac\x99t\xc2\
\x92;\x16O\x09\x9d\xc7l\x0d\x10\xd9B\x13\x92(W\
e-\x17\x22I\xe8i\xeb\xbc&I\xe2'Q\xb8\xc1\
\xbd\x97_Na)\x15X\x96x\xadP\xa2HCR\
%\x187\x0c\xe0\xc2hn\xf8\xf6\x93\xa4\x0e\x12\xa8\xd2\
\xe8Mh'\xf3\x83\xb0\xf9\x1cF\xe0\x9aI\xc2\x91\x85\
\x0cutT!\xbe\x01\xa8\xbf\xb5\xbe\xb9B7\x1f\x05\
\xde\x0d\x8e\x96\xa6\x0c\x88\xa1c\x81~\x87L\x0a\x99a\
1B\xe3Bt\x12\x1a\x92\x84B\x08t\xb0\x94\xbc\x1a\
\x9c\x0a\xa3\xa0\xe8^\xe6\xef\x8c\x13\x1a\x14p\xc1Fd\
%L\x1d\x87\x5c\x87\xf2\x8bG\xa6\xe15\x94\xa8\x12\x8d\
\x95m\xbb17\x15\x1b\x9fRQ2\xc7B\x07\x11\xa8\
\xc5\xd6\xd8\xd0+\xd2\x82\x83\x00g\xc7[\xe9)\x87\x9e\
mx1\xa0\x93O\x12\x86S\x06\xe7\x19\x18\x9c\x97\x93\
Q\xa5\xc2\xa3j5.;\x9a\x8a\xac\xc7r\xc1\xd7\x08\
u2\xe8k\x16d\xdcNo\x8b\x90\xa2)L\x12\x93\
w\xc8\x89N\x83YfC\xae\x0d\xb1X\x84n\xf8\x1d\
\x8d\x08^\xbb\xb91H\x15\x08w\x12\xb8\x1a\xd0JR\
(5E\xe9g\xbeDR\xe2\x5cF\xa7a\xab\x09A\
\x0bbV\x1c\x09\xa8\xad\xed\x19\xa5A9-]\x0b\x8e\
\xd8\xd8\xa8N\xe5\xa0\xbc\xe4^\x06\xb5\x22H\x07Q!\
\xc1\xed\xac\xe5\x5c\x82\x9f2\xb8i\xc8\x94\x8d\x97HX\
:\xb2\xc4U\x0dPO\x02l&\xdd\xcb\x91\x18\x0ce\
\x84\x84n\x81Q\x11Q<\x13\x9c\x13\x91\xa9\xd9\x19\x88\
\xc0\x94a\x13\xc8q\xd4\xb3\x1a\x1c\xa2\x22\x83T~\x9a\
ZH\x85*<Zy1\xb8i\x10<\x1b\xa8\xdc\xed\
\xcdIX'8G\x17\x83pI\x85NxF\x0dC\
\xc2\xec\xb1\xbb\x8e;\xbe\x0a2\x04\xdc\xda\x8c@\xc4\xe6\
u`\x82C[\x94\x08\xd1\x1c\xc1\x90A\xab\xa6\x15\x14\
\xc1_\x02\x06f]\x8f>\xa2\x0e\x89\xb1\xb9a\x9c\x95\
 t\x11\x02K\xa0\xd4\x22\xd3\x8e\xf9a\x15xX\xc6\
\xe9p\x94\xac]\xc6\xa1\xd2\xc5DO1\xb8\xa5\xc9\xaa\
\xd8\x8a\xc8\xece\xd3\x05Y\x81\xafM\x15&\xa5z\x17\
eD@J\xaf\x19\xa1\x06z\x13I\x1bkc=\xf3\
&\xa3\xae\x19\x0a\xec\x85;\x0a\xa4%\x07\x02r7\x02\
\xa6\x0c\xe7\x07l\x1dm\xed(8\xcc\x95L\x9e\xa2\xb0\
\xd6.\xc3z\xe1\xc3![\x1apL\x0c\xd8\xef\xee\x1a\
\x05AfM\xf0X\xa8\xa8\xb6\x06\xa0\xed\xf2*\xdcI\
\xaeE1X;\xc0\xacB\xc6v\x8b#\x81\x90\xa4\x89\
\xd8s\x8bB\xad\xc9Q\x83P\x85l\x18\xd4\x0a\xd4\xf4\
\xae$Z\xc2TC\x8e\x12\x99F\xc7\xe8\xbb\x17\x93.\
\x84A5\x82\x86\xc7U\xb0\xeaF\x05\x09\xd3a\x98\xac\
5>\x89\xd8\x84\xb1[\x0c\xe9\xd4\x14\xee\xa4\xac\xc7\x0d\
\xb0Na`\xa4!\xb1\x1e\x06wG\xf2\x187F\xc3\
u\xc15\xb0\xee449\x8a\x8dI\xc7|\xb1I4\
\xeeQ\x8e\x133\x9b\x0d\xd7\x1b\xe1\x82y\x1b\xbe\x08:\
\x8c\x90\xe3-\x8aht\x22K\x17\x1e\xdbp'\x03d\
\x94\x18Q\x16(\x8b\x04\xa8n\xb9f*\xe1)\xb8\x1a\
A\x12%\x03\xb8\x97\x12\xa3\x93\xc2\x87\x8d\x88Cb\xcc\
\xba\xa8\xcb\xa1A(8\x0d\x92\x96\x16\x1b\xbe=\xac\x12\
J\xb9\xc2:\x1d\x0bP\xcb|\xc7R\xea,B\x13\xc4\
h\x8a\x0a\xeeI\x9c\x85\x9e\xd6\xef\x8fj\xdb8d\xf0\
%(\x88\xa8\xab|MH\x94a\x11\x82\xa8\xd0\x87q\
(\xc5&\xc5A\xd8\xb3/$\x5cU\xa1Q\xc1\x02r\
\x8bf&\xc6\xe0\xc8n0:\xd8S?\xb2e\x9d\x06\
\xcb\xec\xb5Q\xd4$I\xf4\xd1X&\x1a\xc185\x87\
oE$\x8dI\x82^\xeb\x06\xe4M\xc0\x8c\xb3\xc2\xbb\
\xac\x19\x11#=\x86\xe3\x1b=\x07a(\xc2P\xde\x10\
\xb6\x1a\x92\x0a\xab<\x00$\xb0%\x9b0,Q\xd2\x06\
\xb3@LX\x89\xb4\xe1\xde\xe5\x87p\xec6hvh\
;\xa2)86lJ\x18\xe8\x87!(\x95\x8d\xc8X\
B\x1a\x91[\xd1\xdd\xf2B\x93u\xb0\x88\x91'\x82\xb6\
\x10\x86\xd0\xb0H\x1d\x10\x9c\xac!=\x87M\x95;\x08\
XQ\x0d\xa6N\x0e\xa8\x98\xb0\xa85>\xd59\x0e\x1d\
&\xa1\xd1\xc6\x1e0\xcb\xecq\xc4\xba;\x11\xd4\xcb\x80\
\xe6UI\x0d;\x8eo\xefV\x83\x9f\x8a\x09VP\xd0\
D\x96\x13\xa4\x92\x9e\xc3u\x1b\x13\x1b\x91\x98\xd1\xba\xd8\
$Qrd\x95\x86l,'\x22\xa8\xacPV!<\
c\x80\xa9q\xd5\x09\x22\xa3HO\x1c\xc9\x9c\x18\xe1p\
V~\xa1\xd1\x13\xc6\xc2\x84\x89P'VW\x06\xe0N\
qbi%\xa4\xdd\xf1\x81U\x0a0\x99c\xd7\x07b\
\xed\xa2r6M\x06\x1b\xa7\xa0\xd4\x96\xc20n\x09\xa4\
\x97cp'\xf3\x84\xc12\x98\x9c\x1b\xacL\x10\x85T\
:`\x84\xbb\x00\x82\xbc\x90\xdd\x8an%\x81\xc5T\xa3\
\x92\x98q\xeaP\xf4\x1a\x92\x12\xa8\xdc\xb6F\xbb\x19\xa2\
P\xacQ\x10\x98\xe2q\xf3\x8bd\xc60\x87qF\x0d\
\xc51\xbeD\x22k\x02\xb0\xe1\xd0P\xdb\x82\x10\xad\x8c\
\xad\x89D\xc9C\x1b\x9e\x03\xa9ws\x9f\xb5\x87\x11\xa9\
!T7V\xd6c\xaf1\xf0/I\xa6\x13\x06}\x08\
\xa4\x0eG,I\xdc9\x1c\xb4\xdc\x95[\xdf\xb2\xa4)\
x1\xb0\xccJ\xa6\x85\x9dpx!\xbb\xe0x*\xc3\
;\x8aa\x11\xb9\x8b\x16\xab\x89\x88h\x96\xb1Y\xb2P\
\xca\x90\x95pj^\x82PL\x09\xcc\xe1\x93\x09:b\
\xb5\xea$JzvF\xeb\x92\x91vQA\xb8\xc2\xdd\
iQI\xe2yb\xeae\x22\xa2d\xce\xdbp'8\
\xa5\x18+zR\x87a(!\xc9bQ\x18\x5ch\xb1\
?$\xd4b\xb1*H\x94%\x03RY\x13\x02\xaa\xc6\
j;\x1c\x07q6\x90\x9aD\xeb \xf8\xc5\x1b\x92\xb8\
\x8b+\x91\xb1\x9fB\x16\x11\x22P@\xd6\xcf\x1d\xf3\x18\
\x94\x10\xb0n\xf8J\x1cq%\x0d\xf0\xc19\xc2Q\x15\
\x91\xa9\x1d\xe3\x02SQ\x08J\x84-\x96\xf4\x1a\x82\xab\
\x12\xd4\xecg\xd7\x05\xe3\xdb\xa2\x1b\xccg(wZ\xd3\
\x04\xd0\xeae\xd0\xcf\xa1|\xc7TY\xc0Y\x83\xa8\xb2\
\xdc\x92\xe2Kq\xf8\x1bU\x09\x98w'\xa9\x9d\xa0\xb0\
\xcfs\x1b\x93w\xc6\x0b\x02f8\x8c#\x88J\xa3\xb1\
\x0a.)\xa1Q\xb0\xb2\xc6\x5c\x0a<\xc5\x19\x0d\xc5\x05\
\x86\xeb`\xd8\xa9Q\xd6\xc3\x10\xdd\xf1\xb2\x94\x0dI)\
a\x9e\x17\x18\x05\xd1\x9f\xa6\xea\xe4tt&p\xd0\xb6\
\xa2}\x06\xe2\xc2\x98\xc2v\x0d\xc9\xbb\xe4\xb1\x97_E\
\xa9\xc5\xb1\xbaz\x90\xb6&NbP\xdc\x92\xd12\x86\
Ya\xbb\xe4U\xccA\x9fA\xb9\x13\xae\x84\xa6L\xb8\
\x934,\xc9\x92\x93q\x84\xe0\xbb\x1a\x84Q<R\x15\
\x0c\xe4m\x98\xaePI5\x1b\x82\xf1\x8bq\xb2\xec5\
\x03\x13#\x88\xac67\x8a\xab!\x0f2\xc8W!\x0e\
\xe2y\x09UzM\xac\x0fA\xb9\x1d\x14&\xb0q\x22\
\x92+\x09G\xb7n\x0a\xa5@\xeca\x97L\x10\x89t\
\xc1\xb8j\x0c\xe4\xeceP\x9a\x95\x15[\x1bK\x01\xb9\
\x7f\x81TrZMA1q\xc1\xa3\x81AXo\x11\
\xbe\x185/\x08\x8c\x1d3\x15]H\x8a\x8e\x8cB\xe1\
\xa41t\xc5m\x87E0\xeb\xe4\x9e\x1b%K\x8d\xc0\
\xab}\x84\xb0\xcf^\xc3\x92S\xea\x07t'$\xd4\x9a\
\xe3\x5cYX\xac\xd0t\xc8\xba\xf4\x1d\x05\x22\xe8\x98W\
\x06\xe9\xb6\xd3\xd8v\x22\x848%\x83\xa2\xb1TE\x08\
\xd4w\x15\x8a\xf0\xc1U\x8eY\x10'\x14'A9\x1a\
9\x9c\xc5\x98\xf2,L\xb2\xad\x91N\xc2\xa8\xac\xc7b\
\xa4,jC\xa9b\xe3\xb1R\xa4\xbd\x09\x5cIE\xc6\
RS\x08\xac\x11Ae\x83p'\x185s(7|\
a)TOB\xe4\xc2\xb1gbQ2\xd5\x04\xea\xe9\
\x8c\xad\x87a[\x07c\x98\xd87\x06L|H\xf70\
\xe26\xea\xa4T%\xc0S\x91\x13VL`\x9f\xc9-\
\xa7\xc0\x94q\xe2eQ\xb8\x0d\xcaB\x8c\x84C%\xab\
~\x12\xd8\xaa8\x93QX\x99\xa1eL\x0a\xb7(v\
\xfb2\xb9\xcd\xd8T\x1c\xd4\xcf\x0b\x8b\xb6l-m\x83\
\x19K0j0x-\x5c)\x81(\xd9\xae\x84W\x06\
\xdba\x5c\xfe\x9cbY\x99L\x93:\x17f\xef\x93(\
-!\xb9s\xe9Ed\xa6\x85\x18\xef\xea^\x83Q\x12\
\xc9\xa4\x93\xc7\x07c:\x12\xd1(w\x15\x89Bt\xc1\
\x08|\xcc\x98\xf9\x91K\x87\x82Q\x83\xa9\xba\xc4j'\
[\x928\xe2(\x82k\x04\x9cEf+a\x9fB%\
!(\xc1\xe4+\x09PY\x0e\xa3\xb1T*\x8dP\x84\
\x10\xb0U\x91\xc7\x1a\xe1\xc3\xa9q\xb1\x5c\xdd\xf0q!\
\xee\xce\xc4j]\x91z\x90%\xd3\x03t5\xc5b'\
2ec\x98\xd0\x941\xe6G\xb9\xb1\x89K+89\
\x13X\xc1)\x22\x16\x0a\xc3\xa0\xaf\x83CBHM\xa7\
L\x1e^\xfaxm\x5c\xcdT)%\x81\xc3|\x86\xe3\
\x09\xa1\x91R\xd7&W\x02r\x14\xce=\x0bT\xac\x0b\
\x03p3`\xdc\x0d\xc0\xae\xa5.D\xbb\x10T\xc8Y\
To,n\x17\xeb\xc0\xdc,R\xcd\xe1\x5c[\x819\
\x15\x1c\xab\x99O\xd5\x9a\x9d\x06\xf4\x15\xa8+T\xb8\xe7\
\xd4G\xe9:!K\xc5!\xcb\xc1\xd0\x99\xc8\xba$\x96\
\x12 \xb2\x22\x09\xad\xb6\x14D\xd4\x847\x02rL\x0d\
\xd0\xcaF\xa4r\x85x\x1a\x92\xcc\xdd\xf3\x83\x7f\x02d\
\x90\xe4jIrM$\x90\x9c\x92\xb0n1v7[\
m\xdc\x847\x05\xc8&d\x96\xc4\xe6N\x1d\x08\xa1a\
^\xc7Cu\x85l[\x9a`\xde\x0dH\xdeE\xa4S\
\x993\x85\xd1\x1a\xfb\x97-!\xd3\x06\xd2&\xeaW2\
bH\xb6b'\x0c\xfa}\x99H\xe4\xa3\x06\x92\x10\xe2\
K\x0d\xb6\xeb\x8ds\xd9\x8av\xfc\x09\x8f\x19\x08uX\
\x1f1\xd1[\x05\x87\x02\xd8%\xa2m\x8cB\xe3\x82T\
j+\x8a*\xf15X\x12(\xc8\xe5\x1b\x9c\xe0V\x1a\
\x9c+\x89[\x05\x8bp658\xacZ\xb1R\x10/\
Ir\x84*\xa1(\xc2[\x15\x87oM\xd8\x97\x1e\x8b\
p]\x16\xcc\x98\x9c\xc4\xd8\xaf\x87R\xe6\x85R\xb1Z\
\x8b\xdcV\xd8\xe6\x151jD\xa3\x06\xa4J\x06\xa4\x8a\
A\x1a\x93#\xb0\x94`\xef\x84\xe0\x95J\x1dM\xd6\xc1\
\xd1\x12\xd8\x94\xe2\x8a\xce\xc3pK\x91[jp\x84B\
(\x86e\xd0U\x1dI\x16]\x0e\xa3\xb9\xd4\xadYd\
N\x9b\x15\xe4@\xad_}%,\x1d\x83\xcc\x99\x12\x93\
.\x84B\xc2]D\x9b\x14D\x0dW\x07\x22\x99\x1b\x96\
D~)\xedK\x09U\x03r\xb0\xaa\xb0\x817%J\
\xb3\x82\xc1\xf7*\xc4\xb8\x8e\x99\x17P*,fnn\
\xf8\x1e\x16\x0dA.6\x0d\xc0\xdf\x01Nc\x17#w\
\xc0\xdb\x09\x92\x9b\x0d\x95\xd8\x93\xdcD\xd3_U9\x19\
9z\xac\xfaz\x09\xce\x10\x8ew*&@\x94\x5cv\
B\xab\x92V\xcbq\xe9\xac\x0e\xc2Y\xec7\x02\xb1\x08\
|0\x8bT\xb3\x1b\x15\xc6\xa4\xddaQ\x8d\xd7A\xd8\
\xae\xcc\x22V\xcbR$\xf8l1[\x06\xf8\x09V\xc3\
i\xa1e\xd0\xdd\xf1\x85e\xd2\x9f\x86s\x14%\x15\xc1\
\xdcy\x94\xd4\xa1\x0a\xc3o\x1ba\x125\x16eE+\
\x99-\xbfY\xd3\xdf1\xa9A/\x13Q8zc\x11\
r\xd9\x9ck\x88\xd0\x94as\x956\x8c\xd5,\x1a/\
\x83pE$\xcb|\xcd\xdf%pt\x12#\x06(\x81\
e\xd4k\x03RLS\x13\xa15\xc1\xa9\x14\xd55\x11\
C\xa3/\xb2\xec']\x8c\x86t\x1a\x91\xd1\xfbD\xa1\
(\xcf\x15\x1e\x16b\x96\xae:\x17|\x06\xb8\x09\x03R\
%\x1b\x1187\x1e\x8c-\xb70\xa87\x071^$\
I\x1a\x8f>'bhu\xf4]\x06\xe4T\xc1\xd8J\
0NIC\xb1.F\xd93\x19\x17\x94D\x12\x87q\
ZH\xa0\xae7\xf8F\xd2\xb8\x9c\xac\x18Oc>\x83\
J+\x84\xa1\xb9bY\xe4x\x19\x0d\x91\x17)\xa0\xa1\
W!\xd5\xd3\xd1\x89\xfc$t\x19Ea\x02\x8eF\xf8\
\x0d\xd0K\x8a\x13\x96*\xe8&\xf0\xae\xa3\xa0\xae\xef\x06\
\xaa5A`\xe9\xb1vD\xd6Nn\xc2T,#*\
\xe0\xb9c'\xccKbx`\x9e\xc5v,\x1f\xc8\x9c\
\xafJ\x98\x1b\x9fU\xdfn*7\x185Vn\xf93\
\xfe\x07F\x88E\x16B\xaeD/F\x10\xd4\x89F\x05\
\xeb5#pJ\x15\xf5\xc2t7|\x10\x8b2L\xac\
gc\x99d\xca\x89\xe0\xecr&\xb1\xb0\xec%\x03\xb9\
(\xdd\xf0:\xac:\x0e\xdb\x09@\xee\xa8S\x8b\xf0m\
7PXl\x8a\x0d\x13\x06}\x05R\x18\xe8\xcc\xb59\
\x1e\x0aq4\xc5\xb7\x99\x97B\xe8vB\xb3\xfc\x82j\
\x95\x04\xda\x91p:\x09@\x94fG\x1c\x06\xc9\xd7\xb1\
\x12u.\xaf\x8b\x1bg\x01\x0bw\x5c#\x5c\x1b\xa8\xb3\
\x13\x91`\xac\x91C\x22\x22\xa5V\xa2s\xb0R\xf3\xc1\
\xd8\xbdvQ\xf2$5%\x06\xbe\x81n\xc1\xd8V\xd8\
jD\xa3\xd6r\x22\x14_m\xb8\x13\x9c\x1a\xd7\x0e\x86\
\xef\x91\x0dJ\xbe\x11$G\xa4\x9c\xbc\x1d\x88n\xe2Q\
\xb0\xec&\xe9\xe9Bd!\xbe\x046\xb0YTv\x12\
M\x19\xba\x99\x19\xf4\x22T\x8e[ X99\xc1_\
c\x8fA\xd0\xbb\xe0q\x15\x87\x5c\xf0NGL\xf0v\
\x1a\xccNp\xaf\x1f\xc17\x178\x0aDQ#O;\
\x10\xb0N\x09\xacb\x94\x90\x96=*.\x12\xad\xca\x9e\
\x82m\xb2%\xc7\xe0\xc7OE\xbd\xb6\xda\xe0H\xe8\xe8\
\xc4+\xa8\xa0U\x91I7|\x8e\xe4PT\xb9\xc9\xdc\
\x98\x0f\x04\x08\x1a,j!\xd2\x84\xa0\xae(L\xa22\
|\xf0Xu\xb6\x06,QA\xb8\x13\x92\x8ctT#\
<,C\xa3\x13\x84\xda\xa1%\x1e\xbbc\xa1\x0f\xd6i\
mD\x96\x13%\x15\x15I\x8a\x17v\xd8t\xc19\xd8\
\xae\x0b\x06\xe1\xd8l*!19\xc6k\x1b-\xc7\xa3\
\x0b\x06\xa2\xb8MD\xab&l\xcfAXT\xc8\x95\x83\
\xab\x1d\x82\x94]\x16d\xc2\xa9|\x84\xe1\x14\x99\x82d\
h\x89\x13\x88\x1dG\x90\xa9$\x89V\xc3\xb1\x12%\x04\
\xa9\x8f\xc1\xc0\xbc\x0c\xc3>\x84\x9a\xaa!a{\x0e\x97\
Be\xe5\x86S\x84g\x916\x83\x95\xc3\xa5\x06j\xd4\
V\xb9\x1d\x5c\x7f$\xad\x8d\x8e\xa8\xd1\x1e\x0d\x04EH\
\x95\xc0K1#\xa8\x87\x85\xb6PPC\x1b\x06\xa5\xd0\
\x94\x17cbu\x1b\xb95X\x18\xa8V\x12\xa8\xcb\xac\
\x1d\x18\x9c\x8dID\x96\x99\xc6XjGP\xdc\xa2%\
\x06\xe0\x9a\x09\xd4bD\xbfW!\xb7\x16\xd9u,\xc8\
\x99\x82\x0b\x0d\x0a\x84-\x96\xa4\xcb\xa6\x04\xdb\xb8\xdc\x09\
\xc8\xc4\xe1bI7\x83\xb6\x09\xd2\x84\xb9%\x17b\x96\
3a\xa9\xd8n\x05U\xb6\xdc\x09H\xa4Y\x89Q\x0d\
\x89fL\x8a\xda`\x90\xae\xcc\xbf\x81(\x1dn\x8a\xa1\
g\x82\xb0\xec%VE\x8e\xa6\xef\x936*,T\xb1\
X\x8f\xc11\xbc\x1cEF\x94\xd0\xcf\x895\x15H\x86\
\xc7\x90Y\xd4Qv\x16\xc1\xb8!\xc0r\xac\x9cLw\
\xd0\x98\xc5\x0a\xbc\x7f*\xec\xd23\x22g,.,\xcd\
\xdf\x05\x04f\xea \x90\x99BT\x0b\x03rD\x91Z\
\x15bn`m\x09\x09H\xa0\x89l\xe1R\x86\xeb\xe2\
V\x1dl%Q(\x1d\xf0\xcfs,]T\xddr-\
\x07\x11XA\x04\xa1i\xaf\xb2v\xdb\xa3\x220n\xfb\
\xdc\x8c]\x84\xe4\x94:9\xc0\x9c\x0d\xa6JF\xac\x1a\
\xa6\xcc\xd3\x08\xa7l\x1b\x14@\xe2pJ\x073\x02Q\
\xb2j}\x06\xa4\xb12B\xc2\x11I\x14H\xd2\x8a\x19\
\x8b\x15F]\x10\x8b#.\x84`\xe2Tj\x0d\xd73\
\xe8M1\x89\x22?\x04\xe0\xd8\xa1\x87(\xe0\x8b\x0du\
\xc1%S15\x99+\x0e\x1b\xe6:\xdf\x0f\x91\xa4\x89\
\xc6\xa1\xe5\x16\x92\xc2\x06\xe0:\xc8\xbf/m\x06\xaa|\
\xc5%+\x04\xd0\xa0\xdd\x04\xa5\xa7\x82\x88\x13.\xf6d\
\xb0\xd3\x91R\xf8D\xd4\x8a\x09\x0dAV\x8a\xee\xc6\x15\
Y\x02P6]\x09\xc0\x9c\x94\xc1\x0eG\x81\xe8U\xa2\
\xc4Rq\x98\xe6L\xa0\xcc\xfb\x06\xf2\xd8n\x04\xe4\x9c\
+\xa0\xc5t%\xa4',uBPP\xb3\x1bQ\xb3\
4\xef\x84\xd1z\x12\xd3\xd8j\x96`\x98\x9c\x8d\xc0\x9c\
\xe2\x9b~\x8dgL]\x88bB\x90\xe6\x08 \x88*\
+\x0d\xc1H\xd4\xba!\x92\xc4\x0d\x1b\xbe\x06\xa8'/\
m\xb8\xf7\xac\xd4@\xa8\xad\x09\xc4\xa2k[\x8dI\x97\
B\xb1\xc7\x08\x8c\xcc\xb7\xcf\x08\x9c,\xc9\xeat\x91\x5c\
\x5c\xc4\xc8 \x89IB\x89\x1e\xe0\xdb\x8f\xcd\xb5\xf4!\
\xe87AX|15\x99\xd6N\x02\x86\xef\x93w\xc0\
\xb8\x0e\x16D\xa6P\x8a\x93Rg\x1c\x90\x92)\xa6\x13\
+\x80\xa0L\xe0\xa8\xdd\xc4\x88S\x83\xad\xb0\xca\xc4\x14\
dL\xec\x18\x99\x16m1K\xd5\x95\x83-q\xb8j\
GB\xe2\xd8P\xc9Ob\xa5\xed\xe2Z(\xb0k\x88\
O\xd7llCbq\xb1\xc4nm\x82j02\xc9\
\x97\x14H\xd4\x91\x1bR\x98\xd4\xfb\xb6j)\x8bJS\
b\x02\x1bm\xc8\x9c\xe1|\xb1\xdc\xea%\xc6\x98D\xc6\
O\x04\xcb\x91)\x12\x88<\xc8Ss\x89\xff\x00\x01\x96\
\xaa\x84\xb41k\x85I\xb8\xad\x84i\xdcq\x99\xc8L\
\xd3\x0b\x96\x22\xa3\xcf\xa9]\x0b2k\xa6\x16\x16d2\
\xa6D\xf2\xc0\xd6ed\xba,\xeaJ\xc1\xa9X\x22\x1e\
\x1dE\x91D8\xe3\xb0W\x8c\x0cV\xb1\x01\xe9\xb5(\
\x99\x1c\xb1[\x04\xc0\xa2F\xf8\x09\xc92.8\xba,\
&=\x9a\xf5\x22IB\xafi\xb8{N\xc4\xd7\xb9\x0e\
\x05EQ\xd4h\x9a\x89\x83\xb6\x09l]\xe8E\x04\xb8\
\xe12\xf6]\x85\x0fy.a\xdb\x07\x1a*\x86\xf9\x10\
\xeb\x9c\xe0\xa3\x0b2\xf3\x98\xdf\x5c.8\x5c\xc5a)\
c\xb8\xe2)\x84\x05Mn*\xdc#\x98\xff\x00\x81\xb4\
\xaa\x10\xc6\x09\xe0\xa6\x12\xa4\xa1\x09\x1dK\xb3\xae\x0e\xc4\
\x95P\xdd\xf0\x5cZ\xa2\xab(\x86\xa8E\x0e% W\
\xb9{\x0dEE\x11Q^\xe4\xcd\x08\xae\x1b\xbeGg\
\xccK\x11\xf02!\x22+\x82\xc5\x9c\xa1MV\xfbm\
\xc0\x9c\x92\x89Cu\xa1\x22s\x83rXN\x08L\x84\
D*\x09A07\x0d\xb6\xc4\xe7\xd5+z\xd4\x1b\xe0\
\xc7k\x8a\xd5&pjv\xa5\x10\xb0v\x15\xcb\xa1(\
\x12\x8cZ\x8c\x15\xb1\x8a\xc8\x94c\x0b\xdf\xdfaI\xc6\
\x0cp.,\x15\xb6&\x84\xd6\xfb\xf3&\x1c\xce\x0d\xd2\
\xe5\xecT/\xcb\x04\xe4\xb4\xca\x1a\x84j\xea5.\x83\
\x94\xc7/\xf8(\xe8\xd9|\xc5[\x91Lb\xb8Z\xf8\
\xc4\xe0Np\xe3\xbeDW\x06\x9c\x8aP\x8a\xa1O\x1c\
\x0c\xb1v\xc5C'Q:\x1dp'#\xe6d\xb9\xe1\
f.gf>EZ\x14-\x05\xc5a\xb7#\x99\x9c\
\x14\x1b\xc6\xc2\xb8\xd3\xc8\xca\xa3Z\x93\xf0W\x19D\xd6\
\x06\xe7\xd5Nv&6\xe6\xb8'>\x92Epv\x18\
n\x08\x97%gM\x94\x96%\x18\xb4%\x1e\xa3p\xfd\
\x09\xac\x13X\xf6T)\xb0\xeea\x0aU\x9a\x0e\x13\xa3\
%\xcc\xce\x13\xc4\x94J\xc1\xc6G<x\x93\xc0\x95\x84\
2\x16]\x0b\xeas$\xdd\xeaU\xab\x91\x1b\x8e\xf7\xfc\
\x13t\xfc\x1eC\x14<\xc4Y\x91\x8ajL\x13\x22\xc0\
Y\xec\xba\xd8\xb6eV LPQ$\x89\x0e\xc5\xda\
\x12\x90\xd55\x16\xac\xa3w\x22\xa6Dk\x8d\x04\xb6\x96\
]\x0b\xac\x18\x98MF\x02\x5c,\x17\xc2V\x0d\xc1(\
lW\x1c\xbd\x0e\x02\xcc\xb1(bj6\x17\xa0\xe8s\
\xc21\x8c\x1d\x05bk\x8cG\xb1U2\xe8&J%\
`\x9bo\xd3\x92I'\x06\xf8\x15\x82\x18\xae\x9b\x0d\xd6\
\x81\xa0\xdc\xae\x04\x09\xaf\xb1u\x13N\x83f\xd8J0\
m\xd0\xac4C\x87\xa4\xbe\x12\x95\xcc\xa7\x09\x9aI\x10\
_:\x97cM`\xf8\x13\xc0\xa6\xb8'\x12$[\x04\
\xb0\xd2m\x8a\xe1\xd3\xde\xcc~'\x91%\x1e\x0b\x8c\xc3\
x&\xa7A[j*%\x05\x08\x1a\x85\x8aB\xcf\x06\
\xf2X[\x91W\xa1q3\xe9'8\xce\x82Ufh\
\x918\xac\xc0\xa6\xc7a(%\x0e\xd8U+aT\xdd\
\x05Q(\xc5\xcc\xe1{\x8a\xfe\x92u\xc2I\xa7rp\
n\x09D\xac3\xc2\xc4O\xb4H\xa8\xf5\x0e\xcb\x05m\
\xa6\xe3\x04l\x93<\x08\xf1bDS\x964\xd5\x04\xa0\
\x8d\xcf\x06\x9b\xc3\xd6u\x0d\x09h@\x8ar:\xfd\x93\
\x1b\xa0cp\x0e\xe2%\xc4\x97\x12\xb4\x92\xe2\x05Y%\
\xba`\x954\xc1\xd92&\xd4\xc6$W8\xacw|\
\xe0\x90\xa8+\x12\x89\xa6\x13?\xf0\xfc\x84\xa9\x1d\xc7J\
\x8a\xc4K\xb9\xc8\xb5\xf6[\x83w\xc6'[`\x94\x0e\
\xbbk\xb5\xb0\x88EEoY\xbc\x22\x1d(KF5\
\x02D!(%\x10\x87aS\x90\xdc\x09\xce\x0d\xc7\xab\
A\xdb\x05sI\x15\x06\xa4\x98$\xbb\x09\x847\x22b\
x\xb4G\xae\x9bClj\x22t\x15\xe4lLL\xd8\
\x976\x13\xbb\x91\xe2DH\x8fI(\xc1\xbc\x1b\x81\xbc\
[\xc2k\x1e\xaad\xee)\x8c8\x13A3w\x1c)\
q,\x90\xb9(\x84Xj\x07M\x87\x02.\xc58\xc8\
\x82\xe2w,\x99\x10\xecq\x12\xe0IEdM\x97\xbe\
:l?\xc3\xee\xf8\xc2t\xf7y\xca\x11k\x89Xt\
\xb0\x96\xcc-\xa6\xe0\xe4\xc1C\xdb\xa8\xad\xeaX\x99t\
\xdbP\xb8\xad\x83\xb0\x94`\xdc\x14\xd3\x04\xc2\xb1\x9c\x8e\
\xbe\x9a\xa8\xc4\xb2&\x06\xe3\x0b\x0a\xc4\x04\x8b\x10\xf0e\
\xd4\x818E\x84\xe4\x9a\x95\x1b\xc8B\xbb&6\x1d}\
9\x9c\x13\xb1DB!n\xbd&\xa7\x19hNqr\
'+\x06\xe7\xd4\x9d\xb6^d`6\x92\x0a\x12p\xcb\
<+)\x8f5\xb0\x86\xb0\xcf\xa0\xac6\xc6\xe0\xa4`\
\xdd\x8c\x98\x96f]\x06\xcd\x8aS\x04\x22\x1cF\xe4\xbe\
\xcc\xcf\xb5i\xf1\xf6\x8b\xd0\xf1\xee\x01\x11z\x0e\xacV\
\xdahK\xda\xaa\x5ch\xe1\xe8G\x82u\xed\x89\x7fS\
!_\x08\x92\xd8iqXu%\x96\xce\xa6\xeb\x09F\
\x12PwF\xef\x9c\x1d\x05\x5c(\x89e\x0b\x1b\xbe0\
n\x91\xea*\x90\xd8\xbb\xb1*\xf6M\xc6Br\xb0\x9c\
\x1d\xb0\x8a\xec\xaa\xebF\xcarr\x1d\xa8Jj\x5c(\
\x81\xd4\x10 4~\x8d\xd66\x91*e\x8e\xc2|G\
\xc7\x1eD\xc13\x84\xa4'R\xb2\xe7\x04\xe9\x03P\x97\
\xfc<m4N\xe0.B\xda\x85\xf8\x07Lf\xbb\x0e\
\xc4\xc3\x13\x9fQ\xb8\x13\xae\x19\xd0W\xc5\x12B7|\
\x90\xc4\xa4\x826(*\xad\x87k\x0a2\x13\x9b\x9d;\
\x8a\xc1\x03\xb8\xea\x85\x98\xd1\xba\xe2c\xc8J1\x8c\x15\
I1(\x8e\x04-\xd7\xa3)\xfaSR\xf8587\
\x03{mT%\xe3\x83O\x80UU\x15\xb7E\x831\
]\x88X\xe5\xd0Z\xe0\xecYAk\x1cx\x97\x82\x1a\
O\x86\x0ak\x02(\x92\x9cF\xa2\xb6/Ri\x02\xf9\
`\xd4F\x0di\xf4'!\xdd\x0dF\x8282\xe1\xb9\
\xc2b\x83m\xbf\xcd?Ng\xd1e(w\xfc\x1cp\
!\xd7\x8e\x04\xe7b\xb3\xa6\xd4\xbe\x22s\xb182\xf7\
\xa6\x16\x12\xc5| \x82\xc3r:\x08\x8c,\xf6]H\
\x22\xbb0F\x0d\x13\x04MHf\xef\x9d\x89\x22pI\
\x89\xddJ\x88\xfa\x03q\xb2\xea%\x18\xb7\xae3]\x85\
q\xb8%\xc0\x9f\xa7\xc3\x04\xe1\x90L\xb9\x1cM\xc3\xa3\
\xa5\xb6\xd2\x5cp42\x98!\x09I\x0c\x8a`\xad\xf0\
ET\xaa\x1d\x11\x22\x1e\x19\xb2\xd5!\x1eK\xd8\x88\xa4\
\x12\xaa9d:\x8d}*\xed/F\x7f-\x9b\xd8\x91\
0!\x14~\x0d]\x09\xa1\x10\xf6b6\x92\x82dN\
G\x22%\xe0W\xb0\xe9\x82+\x02\x18\x9f\x12K\xe5\x8a\
\xa8\x9e8;\x8a\x98@\xd8\x9c\x8d\x8b\x19\xc2\xb81\x14\
xR\x0c\x8a\xc6\x08\x96T%\x92\x1c=\x15|,:\
\x95HN/\xb0\xdc\x17\xc2\x98\xb8L\x99\x91\x0d\xb4\xf0\
u8o\x97\xa0\xaf\x8b\xb6-.$\xac)\x1a\x8c\x88\
\x82\xc2U!\x14\x92\xc2\xb8\xbd\xf1\xc9\xe4\xf0k\x1c\xa9\
\x84\x09e\xf0vRv)\xc4o\x81g\xa1\xaeBM\
Q(\xaf\xfc\xaf\x22\x15/|\xf2\xc1\xbd\xb8\x9b\xfaR\
\xc9\x99-\x96\x0e\x90:\x89\x8e\xe4\xd0\x98\xc8u\x8c!\
\x91\x04\x92\x225\xa8\x96\x0d\x9b\xbeJ\xae(\x0a\x84)\
\xc5\x11\x8c\x93\xc0\xbd\x04\xa0\x84\x5c\x84n\xb9\x12%\x18\
/JY,nIb\xb0\xc9\x819\x1b\x22H\x8c\x1d\
\xc9\xa905%\x99/\xd0\x89\xdb\xe2\xb0\xca\x83\xa3\xc2\
\xeb\x8e3\x82\xb9\xe0\xac4\x91X\x91*\xf1\x0a\xc2\xb6\
\x134\x93\x8a\xc1`\xd3B\xb1\xce\x85\xe1fZ\xe3j\
\xb04\xd9\x8a\x9a\x8dDB%(\xfd\xbcW\xb7\xe5w\
|z\xb19\xfb\xcc\xd6\xc2\x851^\xb4\xc2\xb8\xd0\xb1\
\xbe\x11\x84%\xb7fEE&Z\x91\xc4bDH\xee\
1S\x17l:w\x12\xdaB\x15\x87b\xa7Q\x0b\xd9\
XnqPPuo\xda*\x99\x8d\xd4\xcb\x86\x13\x03\
\xa4\x0a\x09D\xc1\x94\x962\xe8*\x14\xe0M\x0b\x12\xa7\
\x81\xa1\xdcN\xa2\xec.M`U\x8a\xd4\xbb&\x12\xa8\
\xe8\xe0o\xfeiT\xe5\x17\x0b\xfb\xd4Tj\x82U\x1d\
,WLk\xea\xb5$\xfb&\xb0k\x0a\x96\xb8\xdc\x12\
\x9b\xc5\xa1\xd8V\xf4\x0d@\x9c\xe0\x9fBh%_\xc4\
7\xd7\x08\x97\xc3\x08T(\xc1NE\xd6+Q*\xe8\
=\x10\xf4\x1d\x8e\x90w'A\x07\x09\xd3\x07bxT\
N\xf9\x0a\x95\x1b+!G0\xd9p\xa8\xef%\x1dD\
SOh\x88\xff\x00\x87\x904'\xd7\x99\xdb\xc9\xf3*\
\x89\x91\xb1-\x85I:l\xcc1W\xd5N6U\xfd\
'\x96\xdb((\xd8\x99,_fV\x0dH\xe1\x0a\xc3\
p%OE\xdb\xf0\x1f\xff\xda\x00\x08\x01\x02\x03\x01?\
!\xf4'a\xfak\xf0\xc7\xb3I?\x81\xc9\x17S=\
\xf8\x13\xe2&\x07\x1b\xdd\xd1\xe8\x14\x12z-\xcf\xb0W\
\xda\xa0m\x95\x7f\xf8\xf9$\x92I\xfc\x1c\xb2_\xb7\x1e\
bo\xc0\xa6C*C\xc5U\x8e\x83c\xe4'\xe9\xcb\
%\x92\xc9~\x8c\xb2_\xa6T\xa1\xe5\xfaM\xfa\xea\xfb\
T\x0f/e_\xfe1\xe0\xd9%)\x0d\xc2\xef\xe1\x09\
\xce%\xccA\x0f'\xe8\x91?`\xbd\xb4\xa2P\x98\xa9\
\xb7\x0c\x87\xe9\xa7Q~\x06\xab\xcf~\x0cqG1\xbf\
Y(\x95\x8a\xbe\xca\xb6\xdab\xff\x00@\xa9\xcf\xbf}\
\xa5\x7fZQ+m\xd8v\xd9W\xf7Kh\xd8\xd6\xcc\
\xa2W\xa4\xc6\xc4\x1a\xf7^\xeb\xf8Bi&\xbc\xdb\xfb\
\xcd\x8ea\x07 \xda\xb2x\xbc~\x98\xa8x[\xef{\
\x08[h\xc8\x9e\xa4M\x92Y\xb0\x8e\xa4\xf2m\xff\x00\
\x0b\xa1qmpo\xf8\xf9\x1bI\x1cN\x90\xb3n(\
\xe9f\xa2\xbe\xeeY,LN=\x9b\x09\xd3\xf02P\
d2f[\xf0C\x0f\xd8\xab\xec\xabmL\x15\x09m\
\xbc\x15\xbf\xc0Ke_\xd6\x94J\xdbv\x1d\xb6U\xfd\
\xd2\xda&%\xeb\xb7\x82\xec\xa4o\xe0k\xbdn9o\
\xe3\x00\x85\xc0u\x048S\xfb}1l+\x8a\xf8\xc9\
-}K\x16\xfa\x22g\xf0p\x88Cq\xebO\xa8\xdc\
\x8d9\xc1\xdf\xd8\xa6\x05;\xef\xa1\xfb\x16LLV\x15\
\xb0V\xd9N\x06\x97\xb6\x98\x98\xc2\xefp\xad\x8a\xbe\x0a\
\x83\xfb\xd7a\xdb\x14\x84\xe3\xdf\xb7#^\xc6X\x19\xd0\
\x14\xa9p\xd8\x22\xdb\x9f\xf6rp\x5cK\xe1V\x10 \
9\x16\xa7\xc8\xc2O\xeaS\x0eVi\xf1\x8b\xa2\xf1\xb8\
\xcd\xb7\x98!}H\x9ff\x97\xc2\x99O\x93\xfa\x1c\xd1\
\x070\x816\x13S\xccURXm\xbd\x0d\xf2\xc3\x04\
cW\xa1E\xe1\x9aHV\x10\xae,b\xa8\xdf\x09$\
V\x19U\x12\xcdA8\xc4v%\x99c\xd3\x99<\x12\
\x8fr\x9b\x91)\xc1\xdf\xd8\xbc\x04 \xe2?N\x11\x0b\
e9\x13\x15\x85l\x15\xb6^\x07\x97\xb72'$\xcf\
\xb9V\xda\x7fz\xec;b\xd4\x0d\xfb\xd9d\xb11)\
\xf6,b\x9c\xe4h\x92\xf5\xf6\x1ah \xd6\x0c\xfe\xbf\
w%\xdcIio\x91\xc5\xc8\xa9\xe9G\x9d\x0eb]\
\xd8\xad\xf3\x97s`\x98\xc8\xea\xaf\x8a7\x93KK\x8b\
*\xf5\x9a\x8d\x08\xc9px%3vT\xfd\x8c\xe1\xb5\
\xc4K\xbd2\x1a\xa8\xd3\xf8\x11\x8a\x93.\x04%\xe6\xeb\
\x82\xa4\xe9ho\x91f5{\xe2\xc8\x5c\xa8B;\xb5\
\xdd^\x1ev\xc2V\xf7\xb3\x84\xcf\xa0\xa8'\x18\xcc\x9e\
\xc3X\x1a\xf4\xf8\xc5<o\xe0\x5c\xa2\xf6uq_e\
\xa7\xd0\xa4of\xaf\xb0\x90\x9c\x0a\xe2\xbe\xd0\xf3\xea\xca\
%~Q9\xf4]\xbd\x162-1{\x88Y}'\
\xbdK&E\xd7;ER\xfd\xf2B\xfa\x8b\x9ai\xcf\
\x88\xc9I\xbd\x89\x89\xe6\xa0\x88L\xa3\xccp\xd0\xd3\xc8\
fK\xf9\x87E$\xb7\x19-e\xa4diSX\xea\
J\x22\xfc7\x97rD\x1c\xd2\xec~\x92\x04\xcdu;\
r\x1d$x)\x98_\xbc\x88SgFJ\xf8\x14\x1c\
\xf2)\x97fS\x0ad\xc6\xea#b\xce\xf1X\xf26\
'\x16\xb1\xcf\xf3\x1f8\x8f-N\x17\x0a\x93\xde\xad0\
NE_Bc\xd0\xd5\x82g\xe9\xd6\x1c\x12`\xa7\xec\
\xd5\xc5}\xa9z\x06\xf6j\xfb\x0d@\xd8\xae+\xec\xc4\
4\xbfVQ+\xf2mzN\xde\x83\x19Bo\x81 \
WxK\x82\x1b]M\x22\xb31f@Uj\xf1u\
x\x16\xd4\x89\x8e\xc8H\xf2uC\xc89\x8f\xdc\x8de\
\xf4\xdb_I\x0aK#%\xb2\xbf\x08\x9c\x09\xc7\xaa\x94\
\x09\xe0\xa9\xec\x9a\xf4U\xf0\xe7\xdd\xf5)\x17\xd1\x96K\
\xf4dLX\x9b\xd24\xfb\xd4&<\x8a\x9e\x8c2\x1f\
\xae\x85o\xc2\xa6'\x1e\x9b\xb8\xef\xe81\xa1\x92\xb8A\
\x02b\x15%\xedO\xe3\x93\x8fU\xa1\xb8\x13'\xd8\xb5\
\x1e\x92\xbe\x15#\x91\xcb>\x8c\xb2_\xa2\x99\x22\xc0\xc6\
\xf4hC\xaf\xbfH:{\x95a[\xf0\xa9\x89\xfan\
\xe3\xbe\xdc\x10A\x04a\x18\x98\x9d\x85\x7f\xf9CC[\
0\xc8{\x09\x8a\xad\xa4\xe3\x19D\xad\x94\xa0LND\
\xf1\xa5\x13z)=\x81_n\xed\x82\xb0\xee]\x8c\xc2\
\xf5*\xff\x00\x90ljv\xa7\xed\x88#aS\x07\x14\
X\xab\xff\x00\xc0&'\xee\xd7\xc0\xd4\xa9;\xd9O\xd2\
hn\x04\xe4NpV(\x15\xb19\xf4\x1c\x86\xfdu\
}\xbb\xb6\x0a\xc3\xb9v-\x04\xcf\xa6\xaf\xf9\x04\xe4K\
e\xfbb\x82\x08 \x8d\x94\xe4\xa8\xb9\xc46\xd4~v\
}\xd2t\x05\xc2L\x99(\x94H\x9f\xa2\xd8\xd4\xe2,\
)\x0a\x07\xb5oJv\x1d\xbdUa[\x05lW\x19\
x\x98\x9cz*\xc2\xb7\xaa\xaf\xea\xa7?\x99jpK\
\xfe\x18&/r\xc0\xe81\x94J\x13'\xd1ND\xb6\
@6c\xa0\xc7\xcfeX\x89\xfa.\xc3\xb7\xaa\xac+\
`\xad\x8aP13\x82b~\x8a\xb0\xad\xea\xab\xfaI\
\x03\x1a\x9f\xcf&$D\x8b\xfe&Q+\xd9\xa5\x8f>\
\x82I/\xb7B\x1aJ\xb6\x18\x99\xc6\xc1\xfd\x15\xb2H\
z\xaa\xdb,<\xbfEl%\x12\xbd\xac\xb2X\xd24\
\x0d\x8f\xf0r\x89^\xe6\xc4\x87\x17\xfcL\xa2W\xb3s\
b\xb6\xcax \x82b\xdb\x80\xa9\x89\x95ca\xe5b\
\xd5\x89\xcf\xa3t\x1b\x82}Um\x96\x81\xc9\xfa+a\
(\x95\xede\x92\xca\x8a\x06\xc8\xfc\x1c\xa2W\xbbW\xc0\
E~H\xad\xf8\x9a\x82=\x11V$$\xbe\xcc\xe3@\
\x9c\x09\xc6(Db\xf4\x17\xae\x98\x9cz3\x89)\xc0\
-\xb5q_i\xdf\xfe\x1d\xb9\x1b\xf6R\xff\x00(*\
\xdf\x95\x111l\xd5\x8aq\x8d\x89\xc6oaLO\xd1\
LE\x0b\x03\x97\xa0\xae+\xed;\xfbf\xe7\xd8\xcb%\
\xfb\xf6\xc6\xff\x00\xe1\xc0\x98\x9f\xa0\x9c\xfe\x06\xb9g\xa3\
(\x95\xe8\x8ap'\x18\xaa\x09\x10\xd3\xee\xeb\x88\xa1\xff\
\x000\xb6?j\x98\xb0+\xf2\x04\xf6\xda\x9f\xc10L\
\xbd\x19D\xacZ\xc2Y/a8\xd8\x91\xd4j=\xd3\
x5\xff\x00/>\xe4\x9a\x81#\x15I/\xf9\xb9\x09\
6\xdb\x8d\x85\x7fZ\x86!!\xe1\x12I>\x88\xd8\xd8\
\xae,S\x818\x13\x8c\x1c\x94J\xdb\x1b\x91\xec\xa18\
\xf5_\xa2N\x7f\x06\xed\xe8\xbb\xfel\xb6\x05L\x09\x8b\
\xf3p\x10z\x09F*\xfe\xbc4&\x17\xa3$\x91\xb1\
\xe2\x98\x98\x9e)\xc1#z$\xed\xcf\xa6\xde\x0b\xd05\
?\x84v\xf4]\xf6Id\xbd\x99d\xbf\xc9\xa4(\x8a\
\x7f\xf2\xc6\x8c\x12\x89D\xa2V)\xc0\x9cz*\x84\xa2\
I\x1b\xd0;\xfaS'\xe8\xb6U\xe9\xab\xed1~&\
di\xc8\xd4\x12\xc5}\x88~L L\x84\xcb\x05\x7f\
\xc9\x9b\x82M\xb112Y/\xd3\x13\xe8;\xfbJ\xbd\
E}\xb5\x1f\x89N\xa2R41_bp\x96K\xf6\
\x22s\xef++\xda\x91(\xb2\x8b\x04\xb2_\xfcj\xb0\
\xad\x8b$\x92I\x22d\xa2P\xde\xc4\xa2\x1e\xbb\xb0\xed\
\xe8\xca%c(\x95\x83{*\xe5\xde\x8a\xb8\xaf\xef\x89\
d\xb2_\xe1\xc6\xe4n}\xed%;.\xc3b\x10\x8a\
2O\xfcj\xb0\xac<\x08 \xaa!2qlo\xd9\
\xbb\x0e\xc2q\xeb67\xb2\xae]\xe8\xab\x8a\xfe\xf4\x96\
K%\x92\xff\x00\x0e7>\xf9\xb8\xf5\x17\x18\xb0\xd1S\
\xd9\x89\xf7\xf2\x89D\xb2^\x09\xc9,\x97\xb05\x03\xb6\
\x0d\xd1@\x9c\x90\xb0MF4\x94\xe2\xec_\xeb\xc8\x98\
\xa9\x84\xb2^$\x22\x16*\xc2\xb7\xa7\x22d\xa2W\xad\
$\x8d\x92\xc9{A8\xf5\xe5\x12\xb1\x94J\xf62\x89\
_\x90~\xe8\x94zr\x12\xc4\x9bD\x96#_\xe0\x99\
d\xbce\x92\xc9\x12\x13\x8c\x1d\xb0n\xca\xb0CJ6\
++\xc5\xd8\xbf\xd7NpN\x09\x82D\xbcI\x93\xc5\
XV\xf4\xd3$\x94J\xd9N=\x06\xe0a\xbc\x12\xc9\
\x7f\x89%\x92\xc8\x12\xbd\xdar'\xb3a\x93\xf8\xf9\x93\
 \x85A\x1c\x09^\xccO\xbdB{b\x98\x94\x88%\
\x81!\xdb\xd8\x90:\x0e\xb8L\x09\xd8\x94\xed\xc98\xc8\
\xdf\xae\x1abd\xad\x96\xe0mG\xa0N?\xe0E\xdb\
2\xc9d\xa2W\xaei\xb1E\x7f$\x90\xe5`\x99\x09\
\x91\x22C_\xbfg\x19\xd8\x88\x14E\xc0,k\xb7\xb1\
\x14\x8aF\x13\xc1\x22\x9d\xb4\x10\x991\x89\xc4\x99=\x92\
\x19\x0fe9\x13%\x12\xb1cpI}\xb4\xc4\xe3\xfe\
\x00\x5cJ%{W3B\xdf\x8cN}u\x01*\x10\
1o\xfc#\x86\xaa\x09\x82\x965\x9f\xbd\x82\x08\x08=\
\x11XV\xd9HHI[\x04\xe1$\xfa2\x89^\xc5\
\x5cO\x11\xb1\xb1W\xf4\x05o\xcb\xab{\x96\xf0j\x07\
\xc665?\x8dj}\x92\x9c\x09D\x89\xb1B\xa2X\
\x9b\x02F,\xcf\xde\xc9$\x84\x84\xc9\xed\xab\x0a\xdb)\
\x09\x15\x08\xc51m\xa5\x92\xf1\x94J\xf4\xe5\x92\xf6\xa5\
\xe3\xb0\xde*\xfe\x80\xad\xf9uot\xd8\xcbR'\x22\
_\xf1-\x14\x04YV\x11\xecN\xc3\xb7\xac\xac&'\
\x8a\xbe\x0b\x02P'\x8c#@\x84\xe3\x12D\xc5\xc5\x8c\
\xe3(\x95\xea\x93\x22{-\x8fa=\xb4\xc4\xc5\x7f\xf9\
\x1eW\xfcm\x09\x09A45\x8c\x14\x85_]\xd8v\
\xf5\x95\xb0O\x15}\x83Cq\x8ccp\xe0L\x9cD\
\xc4&.\x22Y/\xd1\x92}\x05\xb3#x\xa7>\x82\
r&+\xff\x00\xc8\x0e\xc3\x7f\xf2hLE)\x16D\
\xfe\x0d\x22x+\x0dZ\x98\xd4\xccXJ%b\x89\x8f\
D%\x12\xbd$\xc9\x13%\x0d\x92O\xaa\xaf\xf8\xa9D\
\xa2Q(\x94J\xf5\xdd\xc7\x7fU\x86\x1eF\x81\xb1\xbf\
\xf9I\xc5:\xc2\x9c\xfe\x0d`\xad\x80\x22A12Q\
+\x19\x13$\x9d\x92Y,\x94J\xf4S\x9cUF\xc9\
\xf5\xca\xff\x00\x9ew\x1d\xfdV\x18i)\x1b\x1b\xdbH\
D\x94J\xc1[\xfe58 \x16<\x0a=\xac\xa2V\
\xda\xc0\xae+\xe0\xd4`\x89\x84\xc4\xc4\xe4LO\xd2\x94\
J%\x12\x84\xc4\xfd\x04\xc6\xc7_XNq\x91<e\
\x12\xbf\xe0\xdf\x16\xc1\xb8\xf4\xc5\xb0V\xff\x00\x8dNp\
7\x03\x09(\xc9=\xea\xc0\xae+\x89\xc6\x0bbhN\
\x04\xe4ND\xc4\xe3\xd6O\xd0\x92\xaf\x5cU\xc52\x7f\
\xe1\xdf\x17\xa8\x96K\xc50\x91\x0abp\x82Q+\xfe\
:0\x94){E}\x99\x13\xc1XV\x15\x86\xc6\x88\
\xa29\xed\x92'\x8c\xa2V\xc9\xc9$\x93\x8c\xb2^2\
\x89[-\x8e\xf8+`\xad\xe8\x8a\xfb\x09\x89\x8a\xde\x84\
\xa2Q(\x95\xf9\xf6\xe3\xd7\xa8T\x13!V/\xf8\xfd\
B\xc1_\xda\xca\xfb)\xc8\xb0V\x15\x85a1!\xa4\
\x22\x84\xe7bQ(\x96K%\x92\xc4\x10\x96K\x13\xf5\
%\xe2\xad\x82\xb7\xa2+\xec'\x22b\xb7\xe2\xa5\x92\xff\
\x00'\x98[\x09X\x91\x8d\x0f\xfe6\x11<\x0b{r\
\xe31`\x96K\x1e\x09\x07V\xc0\x94J%\x12\xb1\x96\
K$L\x91<\x13\x9d\xb9d\xb1\xb1\xb2Q+\xd5W\
\xd8Bp'\x1f\x84\x96K%\x12\xbdc\xbf\xa0\xee+\
\xe0\xaf\xe967\x1e\xcd\xd4\x90\x9d\x0a$\xa5J\x7f\xe3\
\xe6s\xdc.3\x16\x09d\xb1\x15\xdc\x97A%\x12\x89\
D\x09X\xcb%\x89\xce\x12';)\xecK%\x8d\x8d\
\x92\x89X\xc2!z*\xfb\x09\x92&'\x1f\x85\x94J\
\xf5\x8e\xe4\xb2^2\xc9x;\x8a\xf8+\xfaM\xc7\xba\
\x14\xc4\x89\x0b\xfe1\xaa\xc4\x16\xf6\xeb\x15\xd7\x05b\xcc\
k\xdb\xc5\x87 C\x14\xe4O\x04\xe3e8\x13\x8d\x84\
\x93'\x8a\xb0\xad\xb6\xac+`\xb6\xe6D\xca\x04\xf1\x91\
\xfb\x19D\xafE\x8e\xde\xcac\xf1\xe0\x86\x13\xa1\xb3\xff\
\x00\x18\xc4\x13\x03\x1a\x18\xfd\xba\xc1$W\x82\xb0\xd3\x08\
\xadb\xc3{\x22r'\x22{\x09\xc6\x09\x89\xc6\xc9\x08\
\x85\x8a\xb0\xad\xb6\xac+`\xb6\xd3\x91W\x0a1R\x17\
\xbbc\xb7\xb1t\x1b\x8f\xc9\x86D-\x09\x19\x04~h\
\xee;\xfa\xb3\x83$\x8b{\x05lU\x85a\x5cV\xd9\
\xae\x84\xf1\x18\xb4\x16\x14\x92\x89[J\xa0\x9cS\xf5\x0b\
\x05oNdO\x19\x13\x13\x13\xfcjq\xb1Y_\xa6\
\xc3m2\xbf\x05\x88d,\x86\x82\x0b\xf3'q\xdf\xd7\
\xad_\xb1V\xc5XV\x15\xc5m\x94\xe0\xae\x82&C\
P\xa8d\xa2V0\x88X L\x919\xd8\x96K%\
\x92\xfd\x01[\xd4X\xa6H\x9c\x89\xe3,\x97\x8c\xa2W\
\xe1S\x13\x8ci)\xf4\xd8m\x94\xc6O\xe0dK\x16\
HJ\x12\xb6\x05#Q\xff\x00\x04\xef\xb3\xa8-\xea\xdd\
\xe9\x15\xf0*\xc2M!\xec\x9d\xfc\xfa\x02s\x8c2\x19\
(\x95\xb6\xaf\xb4\xac+m\xa7\x22b\xbf\xa1(\x95\x8a\
\x13\x82I\xf6\xed\xfb\x019\x13\xd8%\xb2K%\x8d\xc6\
\xc4\xb2X\x99\x04\xa2P\xd8\xeb\xf8\x19\x12\xd8\x90\x9b\x09\
\xd0\x94R\xff\x00\x82w#\xb1s\xc3\x1f\xabv\xd9l\
H\x9c\x95\x15\x02\x12\x1b\xf7\xd9%\x92\xf6\xe5\x12\xb6\xd5\
\xf6\x95\x85m\xb4\xc4+\xfa\x12\x89X\xa6H\x9c\x8b\x19\
D\xafh\xde2\xc9d\xb2_\xa2'\x22s\x8a\xe1\x16\
\xcc\x96K\xd9\x96K\x13\x91c3\xf8\xd9\x22F)\x10\
\xc8\x7f\x8f\x96K\xf68\x98\xb8\xc2\x8f]18\xd8O\
`b\xdc\x03\xf7\xbf\xb2\xd0\xa9\xb0Obv\x150\x99\
\xdaW\x15\xf1W\xc1\x5cW\xc1\xa8\xd9B}\xdc\x92K\
%\xe2\xc3l\xad\x04\x8fFY/n\x19\x0f\x1d\x96.\
\xd8PU\x8dEX\x0a\xdf\x8d\x81NCH\x08\x10\xfc\
|\xb2_\xa6\xe2\xd9b/bd\xc4\xc4\xe3\x04\xe7b\
\x81\xe6\x98\x22&\x86[\xf1\x1fA\xb2LN6'\x14\
\xe3\x09'e\x5cW\xc5_\x05q\x5cN6\x93'f\
Y/\xd5N=)d\xbfH\xa7\xd1\x96K\xdb\x89\x1c\
v^\x05\xd8\xd0U\x8d\x05\x07\x08R\xfc\x8c\x22\x02V\
$k\xd4\x94J\xfc\x0b\xb0\xed\xb6\x98\xb3\xe8\xcc\x14\xbe\
\xc51=\xb6\xc0\xa5\x06\x06e\x8d\x84$E\x0a\x04\x98\
\xd2\xc9eX+\xe0\xae!`\x5cB~\xaa\xbf\xb0S\
\x12\x9d\xbeFXY\xb0\xde\xd8\x9ca\x08\x85\xed\x16\xa0\
Q\xbd\x00\xff\x00+\x18X&D\xa5J\x7f\x1a\xec;\
z\x04\x9fF\xafd\x93\x91m\xb0\x86\x06\xf8}\xe1\x13\
\xc1,Q\x04`\x92X\x99P\xaf\x82\xb8\x85\x811q\
z\xaa\xfe\xc1(\x14va\x10\x89\x11aa,\x966\
6I;)\x89\xc12~\xcdN0JJ6\xe7\xf3\
J\x82\x04\xc9)G\xf8\x84\xa2W\xa2\xdf\xa8\xb4\xcbe\
b\xef\xe8\xab\xfa\x09\xc6\xcdX8\x86\xfd\xc8\xf3\xc8V\
\x15\xbd%lg\xd0\xbcv\x15\xb0\x82=\x18\x10\xf4]\
\xf6\x89N\xd2\xa0\x9e2V<\x1eG\x8cfD\xe4\x94\
J\xd8j1w\x1d\xfdEa\xdbm\xdc\xab\xda;\x0e\
\xdf\x87\xa5\x04\xc3\x8a\x7f\x87\x94J\xf4\x92\xf4\xd4\x83\x9a\
\xc5\xdf\xd1W\xdbOi9*\x11\x87\xcc\x92L\xf7\xe2\
\xc5a[\xd2V\xd8\x16\xdd\xe3\xb0\xac+\x10\xc8~\x8c\
H\xfa.\xfbf\xe7j\x8d\x8a\x80\xd4\x90L\x93\x1b\x0a\
\xbb)\xc6\xc3\xb8\xef\xea+\x0e\xdbn\xe4\xcf\xb4v\x1d\
\xbf\x17\x03\x10\x90\x90/\xc4\xd0\x88Cr:\xfa\xad\x08\
Q\x0cu\xf4dL\x94J\xf4E}\x8aU\x1c\xf47\
\x9f\xf4M\x85[\x19\xd8\x94J\x13\x818\xd9V\x15\xb0\
V\xc6Y,\x94J\xdb5a[\xd4'\xb2\xae-\x92\
p'\x1b#P5\xb7,\x96PPD\x14\xfa\xf0\x86\
\xe3i\xdf\xfe\x06\x82Xl\x94\x7f\x132d\xcf\xae\x10\
\x99\x95/E2}1_\x04\xe3\x04\xc4\xa3\xb8\x9fe\
\xf4\xcb\x14+b\x9c\x89\xce\xcabd\x8a\xb8\xab\x0a\xd8\
+\x12\xc9eJ\xfa&\xac+{$\xec\xa6'\x1b#\
P=\xb9d\xb2\xa2\xa2\xb2\xaf]\x8d\xed;\xff\x00\xc1\
\xbb\x8e\xe4\xc1[\xbf\x86@\xc8{\xb7a\xdb\xd1a\xdf\
\xd8\xd9\x8aX\xc0\xd4zI\xcf\xa0\x9c\x0bi`6E\
\xbfr\xa1W\xd7\x11\x5c\x04\x89\x88\xa2\xb8\xc5\xc7\x8aR\
@\xae+\xe2\xaf\xb0\xbdbdO\x06\xa3f\x19\x0c\xa3\
\x0bcbb\x0c=\xb9D\xad\x97a\xdb\xd3\x9e\x07a\
\xdb\xfe\x1d\xdcw\xc4<\x96,\xab\xbfov\xec;m\
\xcb%\x92\xfd\x94I\x11\xec\xd9<\x16\xd2\x91.\x09M\
\xff\x00b\xaa6\xd3\xf4\x08\xc0\x9c\x88A\x22\x04\xb6P\
\xaf\x8a\xbe\xc2\x13\xeb*\x89\xc6\xd42\x18\xf0\x8d\x8d\x92\
&\xe0\x9fBQ+e\xd8v\xf5\x13\x1d\x87o\xc0\xca\
%~\x0d\xdb\xd0\x98.\x8d\xfc\x09\xa7a#\xfc\xb6\x83\
\xea+z\x22\xbe\xc2\x11H7\x07\xec\x96\xb6\x8a\xf8B\
!`[4\xa0HJ0HKj\x92g\xd1V\xd8\
T\xf4i&\x09d\xbd\xa8!\xe0\xd6\x12'\x80\xfd\x15\
a[\xfeTv\xf4 \xa8\xc6\xf7\xfd\x12\xaa\xfeW\x81\
\xea\xc5oDW\xd8c\x83\x01\x17\x0a\xa9o\xdcHq\
\x8a\xe0\xb0W\xd8\x81l\xa0H\x81!!-\x9a\x87\x08\
L\xab\xd0V\xc6\x04\xb6a\x10\xb1\x99+%\x92\xf6P\
\xb0\x0e\xe3P5\x82d\xfaJ\xc2\xb7\xfd\x080\xae\xfd\
\x84\xb5!\xee\xca}\xa3Q\xb30\x9d\x8b\xb6\xd2s\xea\
\xcc\xe2lR\xc1\xbd\x7fp\x93+\xca\xb0\x88\xd8LX\
\x92\x8d\x92T\x12\x12lHJD\xb6\x15\xc5q\x04\x15\
\x85m\xa4\xb6a\x10\xb1\x9d\xa8d=\x96\x1e0\xc8x\
'>\x9br7>\xabr7\xeeo\x1d\xbf\x172~\
\x9b\xb12\xa4\x88\xdf\xc1R\xf7K^\xcd8\xda\x9c\xa3\
\xf6\x1d\xbd\x9bK\x10\xdc\x0f$C\x91Ko\xdc\xa07\
\xef\x82 H\x1d\x08D!`\xc1\x04\x09b\x96\x04\xa4\
HHBB[\x0a\xe2\x08+\x0a\xdb)\x09N\xcc\x22\
\x16\xc0\xb6a\x90\xf6gi\xa9\xc2Y/\xd1nv%\
\x92\xfd\x16\xc6\xfd\xcd\xe3\xb7\xe4a\x90\xc6\xe4nv\xdd\
to\xe0j\x98&6e\x12\xb6\xd2\x13\x8cbD\x94\
J\xf66\x96\xfar\x86\xbd\x818\x16\xd9X\x91<Z\
\xab\xbf\x91\xbb@\x81\x82\x11\x0b\x17\xb1\x88,*\xe3\x11\
H\x86C\xc1\x0d\x82B\x09\x09z\xafd\xaf\x81V\xc3\
\xb6\xc4\xa2V\xd3\xbf\xb7\x1b\x91\xb9\xf70\xc2\x8a~Q\
nF\xf6o\x82\xac=c\x7f\x18g\x9d\x99D\xad\xb6\
\xa0o\x18d?gio\xa6\xe7\xf6\x19<\x16\xd9X\
L\x9cr\x84\x87\x89a\x18\xce\xc2\x08\xac\x0bB\x042\
\x19,\x97\x88\x97\x01l\x09O\xa8[IcH\xab\x8b\
\xb6\xc4\xa2V\xd3\xbf\xb3\x92qlo\xdc\xc8\x87B/\
\xce\xb9\x1a\xbb\xfe\x85z70H\xff\x00\x0a4<_\
\x06\xd6\x17m\xa5m\x95a[m8\x13\x8d\xba\x037\
\xff\x00N0\xae=WQ\xacH\x92\x08d?g\x0c\
\x87\xb2\xae+\xe3(\x95\xee\xe5\x12\xbd\x9c\xa2W\xa2\xc3\
\x8c\xff\x00?\xcb 1\xe3\x7f\x05\xd3n\x81\xb2D\xff\
\x00\x0a$<\x0db>\x0e\xdbJ\xdb*\xc2\xb6\xdab\
q\xb6\xc4\x82P\xea\x98%\x1e\xa4N\x22\xa9\x1e\xd6\x19\
\x0fe\x5cW\xc6Q+\xf1\xf2\x89^\xa2\x12\x8fj\xd1\
\x8d\xfb7op\xb9\xdf\xf4!?\x1e\x0e\xa4B\xc3\xda\
'\xe8e\xb2\xae+\x8a\xfe\x93\x90\xd2x\x8d\x90%\x8c\
2\x1e0\xc8~\x9a\xb0\xad\xb4\xad\x8a\x05/\xc1;\xfe\
lO\xb4v\xf7\x10\xcb\x16\x19\xe4\x92\x7f\x16\xaa4\x0c\
r\x0f\xa7,\x97\x86[*\xe2\xb8\xaf\xe9:\x8dX\xa5\
]\xfc\x91\x8b\x01\x22\x1e\xcdXV\xdaV!\x10\x84\x0a\
\x1f\x82w\xfc\x0cH\x8f\xda\x87oY\xa8\x1c?\x07X\
J\x11e\xff\x00\x1e\x97B\x8b\xb6\xaf\xb0\xaf\xb0\x9c\x09\
\xc6(/Wp\x1a\xbd\xff\x00\xa3a\xb2\x1c\x08\x82\x05\
M\xb4\x11\x8c\x11\x84\xacId\xb2Y,\x94J\xc6\x04\
6]\xc7r\x11\x0b\x16\x18\x99?\xc2\xca%z\xa9\xfb\
\x8b\xbbz\xcd\xc8\xe5\xf8V2u\xec\xe1\x10\xbd\xdd\xe5\
(\xdbW\xd8W\xd9N1K\xd6C%\xa1\xa2\x08 \
\xc6Yp\xdaA\x1b$\xc9\xed\xff\x002x\xc0\x860\
\x88C\xb8\xeeB!b\xc4a\x0b\xf02\xc9x\xca%\
z\xd1a\x93\xf1\xad\xc7\xbdN\x09\x91\xbf\x833\x06\x8f\
\xc7\x04\xa8\xd1G\xa6\xb6\x14\x22\x82\xdfr!\x8c2\x1e\
\xc9\x0c\x86C!\x95\xc1Q\x7fD\xb0x\x9d\x87o\xc0\
\xca%b\xdcl\xbb\xfamb4\xbf\xf8\xb6\xa3\x08\xb8\
m\x1b\xf8\xc0\xb7?\x8dd\xc1&=E\xb0\xac\x89-\
\xf7\x04\x94\xf5\x82\xc5\x05\xbd\x221v\x1d\xbf\x03(\x95\
\xb0\x96\xc3\xbf\xaa\xad\x98\xdf\xb1\x94J\xfc\x1af'\xed\
[\xd9\x0aR\x17\xb41\xe3\xdd\x9e\x96Gf\x9c\x89\xe0\
\xbd\x9c2\x19\x08\x84C!\xe3\xc2!\x12%\x8cH\x8d\
\x0dWnI$O\xd5:\xc5Ov\xec5\xeeQ~\
\xc8$%\xf98\x13\xf6\xcd\x92\x89X\x09\x97n\xfe\x11\
\x08D/b\xaaS\xee\xc13\x94\xa3\x7f\x1b)\xc8\xb0\
^\xd6\x11\x08\x81\x0ca\x10\xb6e\x92\xc6\xa0kf\x19\
\x0f\x112v\xe0CeT\xa7\xdeB\xf73\x19\xb2H\
K\xf1n\xe3\xbf\xe1QO\x7f\xe1+\xd1J%\x09\x95\
a$\x8cC\x10\x9caLD\x92\x89D\x11\xb73\xb5\
\x1bQ\x84\xa5\x1b\xf8*)\xf5\x15\xb6\xe5\x12\xb1W\xfc\
+P45%dN\xd1\xfbJ=\xcb\xa0\xe1\xf97\
q\xdf\xf0w\xc0\x98\xb1(~\x9b\x16pbD!\x89\
\x93\x811\xb2}=1We\xa1\xec\xd2(\x19\x9d\xfb\
\x15\xfa\x8a\xde\x9a\xbf\xe1\x9a\x1a\x92 \xa7h\xfd\x9d\x03\
{r\xc9~\xc5\xe27?\xf0n\xde\xd9,%\x09\xc0\
\xa8\x89\xc6\x82\x8fn\x04\xa2Q(\x94Z[\xb2\x11#\
\xb3\x11\x87K \x92O\xa0\xae+\xfa\xb2'\xec\xe5\x92\
\xc6\xe3\xd6u\x1a\x91\xed\xbb\xfa\xb2\x89X;\xfa\xf3\xb6\
\xd4\xb2^\xc2q\x81\xb9\xf5[\x91\xaf\xcc\xbb{f\x0d\
\x12\x86\x22\x0a1\xa8\xab\xd5\x86C!\x90\xfd2\xd2\xdd\
\x90\x96K\xd9HF=\x8ap\xc4\xc5\xc5\xb6\xae+\xfa\
\xa9\xc8\xb6\xe5\x92\xfd9d\xbfa\x124F\xd3\xbf\xab\
(\x95\x83\xbf\xaf;zo\x02}T\xc4\xa4E\x04\xc1\
'$6\xdf\xbd\xbbz.\xff\x00\x86\x86E\x91?\x81\
\x06\xc7\xea\xcfB\xd4\x82\xdb*\xe2\xbe*\xfe\xe0ld\
\xb2Y(\x95\xeb\xbb\x0e\xde\xe6\xb2\xbf\x5clon\xc4\
\x15\x09\x07/c\x0f\x04i\x22\xdc\xff\x00\x04\x82\x98\xbd\
\xd9\xdb\xd1w\xfc-\xd6\x15\x89\x17\xbd\x86C\xc4\x9f\x5c\
\xb7\x03{*\xe2\xbe*\xfe\xe0\x91\xb2Y,\x94J\xf5\
\xdd\x87osIG\xae67\xb6\xcbbQ\xee\x14\x0a\
\x02\x0b\x0a\x8c\x97*TQ\x8c\x11\xf8\xf1\xa9\x1a=w\
\x80\xad\xd0\xb7\xf0I\xce\xc2'\xd1\xbaD \x80\xf6\xc9\
\xf4\xe4\x96K%\x92\xc9d\xbf`+\xed\xb67\xb6\xdc\
\x8cv\x1d\xb6]\x87os(\x95\xb7@\xd4D\x0f\xd5\
\x9f^d\x96\x0a\x02P\x93\x7f\xf0IQF2O\xb7\
\x96K\xf6\xe2\xa8\xd1\xecA\x8e>?\x0b\x10Q\xe9T\
5\xb7\xfd\x11\xf6\xd3\x91zN\x04\xb2Y,\x96K%\
\xe3\x0c\x87\xea+\xed\xb67\xb726;\x0e\xdb.\xc3\
\xb7\xbf\x89\x1cY/\xea\xa6+{T\xe8J\xdf\xf8)\
\x89\x08;\x10d=GoB\xf2\xff\x00\xc6\x92\x04\x04\
Io\xc0\xcb%\xe0\xad\xe8\xb0\x82\xf57\xf0Qi\xf8\
\xb1\xb1\xbd\xb6\xc6\xfd\xaaND\xc6\xe4o\xd3\xb1$\x8d\
\x8d\xfe(\x81\x22h\x9a \x13\xef\xfe\x08\x15}7o\
B\xf2\xff\x00\xc7\x13p'_\xc0\xcb%\xe0\xad\xe9D\
\x13n5*\xef\xd8NE\xf8\x96\xc6\xf6\xdb\x1b\x8fF\
Y/\xd3hllo\xd3ccc\xe2\xf72O\xb7\
\x94J\xc4`\xca1\xa1\xa8%\x12\x86\xe3\xf3N\x82\x12\
\xa2\x84\x1f\x83H\x8fMN)Hd\xf1+~)\xb1\
\xb1\xbfA\xd8v\xf5\x9d\xf1l\x92Q+jJ\xc5\xed\
\xe6\xb9,M\x89\xfd\xd9\x18&\x10\x94\x8aO\xe7nD\
\x0c\x11\xff\x00\x1e5\x83QF\xfe6\x02\xb7\xe2\x9b\x1b\
\x8c'm\xd8v\xf5\x9d\xf1~\x80\xc6\xe0E>\xdd\x81\
\xa2\x1a\xb7\xfe\x10\xdf\xfc\x1a6\xf7\xaa\x90\x9c\x08\xa4\xcc\
\x8b\x14\x08BSe\xb9\x1a\xfc\xac\xaf\x07\x01\xa8\xf7\xf2\
\x89C\xc3V\x04\x85M\xb6\xe1\xc8\xba^\xfd\x84\x85\xf7\
&\xc6\xfd`\xc4'\x80\xef\xf8Q\xdb\xd8%\x84E\x03\
\x88\xd5\x0d\xf7\xff\x00\x06J\xc5\xdf\x81j\x06\xc8eV\
\x03\x04\xcd\xff\x00\x82v2\xc9bbS\xf9T\xd5\x0c\
T\xc3\xd9\xef\xe5\x12\x869P\xd4\x11\x1e\x82.F\xfa\
\xfd\x11}\xcbc~\x89,\x97\x8abx\xa5\xfa\x12\xc9\
~\xf4v\xf6\x0e\x18\x18fQ\xd4\x95\x81X\xbb\xf0p\
\x86\xe3e\x837\xff\x00\x04\xf17%\xf9\x839#\x89\
\x0fd\x82 \xb6\x13\x8fo,\x96!2Q(\x94J\
\xda\xc8\x0a}\xff\x00B\x92H\x16\xf5\xe5\x92\xf6d\x9d\
\x96\xc6\xc6\xe4l\x94J\xf4\xdd\x87od\xef\xb3\x1e\x85\
\x1bN\xc3\xb6\xc3\xbe\x13\x84\xa45C\x80\xe4U\xb6\xdf\
\xe1\x18\xde\xd0\xd1`\xa4\x8ah\xdf\xc0\xa7\xf9{\x95D\
\xb2\x16\xcc\x19\x07\x8bQ\xee%\x92\xf0\x9fF\xac\x16m\
\x22\x1d\xff\x00X{=\x84\xec\xca%\x12\xc9x\xb67\
\x04\x8d\xfa\xae\xc3\xb1,\x97\xec\x1d\xf6Z\x1e\xdbC\xa6\
\xcb\xb0\xed\xb0\xee1\xb8\x1cG\x12D\x99O\xa2\x97\xe0\
\xdd\xb6\x9c\x8a\xb6j\x84\x1b\xff\x00\x04\xaf\x7f\xe0\x9c\xc7\
\xc0\xc9d&\x9f\x94\x22b\x19\x05\xb0<\x07\x01P\xa8\
_\xef\xe5le\x12\x88\x8c\x13\x85\xaco\xe0\x85\x91m\
\x9a(Q\x5cd\x9fD%\x12\x89d\xb2Q+\xd1\x84\
B\xc6Q+\xda\xb65\xb3A@\xc5\xb6\xed\xb6i\x0e\
#\x88\xe6:\xfeE\xdbi\xc0\xa3e\x94\x09\xa2Hy\
!+]\xfb\x09\x18\xbf&!\x96!\x8f\x03\x1a\xc0\xd8\
\xe9//%\x92\xf0/tV\xd9\xa8\x89\x15\x09\x0c#\
\x7f\x05Kf\xaa\x95S\x18#\x19d\xbd\xb0\x96K%\
\x12\xbd\x18D,e\x12\x89d\xbff\x98\x96\xcdEC\
\x16\xdb\xb6\xdb\x08\xe4I\x94[\xf2N\xe3\xbe\xcd\xe2\xb7\
\xa7\x0b  x)\x18\xa7\xf9\x1b\x10\x90\xc51W\xf1\
J\x02\x98\x94\x8e\x0c\x80<\xa6\xfd\x879z\x13\x1f\x95\
$E\x91;-\x93\x8ba\xcb\x11N\x0d9&2\x89\
_\x93w\x1d\xf6o\x15\xbd:\xb0B\xa3\xd1\xc7\x14\x85\
_\xc7\xdc\x82\x11\xaa\xfe\xac\xa2W\xbc\x92 Q3\x09\
2]w\xf2-7<\x12\xc9{.\x83q\xedId\
\xb2Y/\xd8\xcb%\xfal\xc12-\x96\xc6\xf62\x16\
\xff\x00\xc1\x89\x91\xa67\xf9W\xee\x8c\x90\xa2JK\x82\
\x9f\x8f\x8e\xa4j\x08\xbfHT\x13\xd8.\x0fz\x84\xcd\
\xc4\xfa\x11T\x84\xcbz.C\x04W\xa2\x94J\xf6\xad\
\x93\x1e\x8c\xa2Q,\x97\xb7\x22\xa3\x80\xe2:7\xfd\x0e\
\x99\xfc\xdb\xf7i:\x88\x93\x09\xd9W\xe4\x13\x1f>\x9f\
0I8\x17\x07\xbe\x91\xd8\x16\x91\xad\xbf\xe8hz.\
\x03\x04W\xa2\x94J%\x92\xfd\x9b\x1b\xf4\xe4\x9d\xb5\x90\
\xa6\xff\x00\xc3u\xfe\x0d\xb0\x0d\xfeD\xe5\xe8<\x0e\xdb\
L\xbfnb\x01\x12R#\xf2:\x87\x19\x13\xe9\xa7\x84\
\x93\xefP\xa8\xdd\xff\x00\xc2\xc2?\xd5%\x92\xc9D\xaf\
j\xd9\x22bq\xe8\xbbm \xa8\xf3CH\xed\xdf\xc1\
\x80\xd8\xde\xcbr7$\xa2W\xe3g\xd0x\x1d\xb6\x99\
~\xe5\x86V=`\x1b\xf1\xea1\x8d\x09\xf4\xd3\x11(\
\x95\xef\x95\x12\xb1,b\x11-\xdd\xbdYd\xb2Q(\
\x96K\xf4\xe5\x92\xf6\xd8\xdc\x09\x89\xc7\xa2\xed\xb6\x88o\
\xfc\x19\x9bb\x04F\xc6\xf6do\xf3\xf7\x8a\xde\xe60\
X%@\xd0\x92?!;'CC^\xad^\xfa\x15\
\xbb\xb0\x9aX\xe7-\xb8\x1f\xba\x98\x1a\x18lke\xb9\
\x18\xd1\x18H\xd4h;\x04\xd8\xf6\x1b\xd9v\xff\x00\x82\
\xbcV\xf70\xd8R\x13PJ7\xe4\x05\xb4\xe0\xaaS\
\xea\xcf\xbe\x98XY\xbd\xff\x00\x04\xac\xe2\xa5\x84\xfb\xa7\
A\xb1\xf0\x8c\xa6%\xb38\xd8a\xe1\x9c&\x13\xb0\xd8\
\xde\xcb\xb7\xe6\x1e\x07ox\xd4\x12\xf6G\xc27\x89Q\
Qp\x84\x12\xca\x19\x04\x8f\xc6\xd0A\x84\xfd]PO\
\xde\x89\x89\x18\x91\xbf\x82\xce5\x8fa1\xe9\xb7#r\
J%\x12\x89Cq\xb21\xdcw\xd9lo\x16$\xe0\
\xed\xb2\xdc\x8ffQ+\xf22\xc9c\xc0\xed\xef\x1a\x1e\
\xc8\x90\xb8\xf1((.H\x97X\xd5\xf8\xfe\xc8\x14J\
~\xb4\xc0\xc3zp\xc8d2\x1f\xaa\xf0\x92\x06o'\
\xd7\xae\xe9\xe9K%\x8d\x8d\xedN3\x83\xb8\xef\xb2\xd8\
\xde2@\xc7m\x96\xe4o\xf0\xed\xc8\xd62\x89^\xd5\
\x87\xeeD\x84\xca\x8a\x07r\xdd\x99d\xb2\x87$\x14\x14\
&\xe2\x1f\x8e\x88S#\xd9+\xe2\xd4\x8e\xf8\xab\xfb6\
\xb4=\xfb\x156C\x22\xf4'\xd7v\xf6n\xe3c\xc5\
\xb1\xbfE\xdb\xf0\x89\x89O\xb9ot\x1a\x1b*(\x1d\
\xcb}\x06\xa4\x9b\x87\x05!W\xf1\xc9\x98JS\xecU\
\xf0Npw\xc5_\xd7\x94J%\x12\x87\x16\xe0\x856\
\xff\x00\xaf@$K\xf4e\x92\xf6]\xbd\x9b\xb9;\x0d\
\x8d\xfa.\xdf\x80\x94J\xf7\xad\x8d{6\xa0h\x992\
\xa1S\xd8\xd2\xc8\x90\xb7r\x86\x9f\xc6(`\x920\x92\
\xfe\xc5<\x12\x8fA\x0b\x99,\x97\xb2\xeaQ\xb3pR\
7\xf0Rw\xf0PAo\xc2\x0d\xff\x00\xc7\x89\x89{\
6\xa0j\x09D\xa1\xe5\xfb4IW\x1a\xae)\x0d?\
\x8c5$\xc1\x90&/cq<\x1b\x8d\x9a\xca\x07\xc8\
{u\x8e\x9bR\x10\x9d\xa4e\x1b\xf8\xc3\xd9\xf81\xb1\
\xbf\xf8\x11\xe2n6\xe5\x92\xcb\xc5oh\x9c\xec\xb64\
;\x17\x8d\x8d\x14\x14zr\xc9x\xb2\xdcC(PJ\
?\x16\xb9\x15bQ\x13\xed\xe3\x1a\x91*\xe2\xd1QA\
Q\x13\xe9\xc8\x16W~\xc5\x13\x7f\x04\x15P\xd1\xe9\xbb\
z\xd8\xec;m\x0e\xff\x00\x9f%\x92\xf1n\x06\xe3n\
Y,\xbcV\xf6mN\xd2bC\xb1x\x98\x91QW\
\xafr\x0a\xd65\x0c3\xf8\xb5\x02`w\xb8\xdc1\x18\
\x9e\x15\x0d\x08\x884zs\x103V\x18\x9d\xff\x00\xc1\
,\xfan\xde\xb6;\x0e\xdbC\xbf\xe7\x07}\x99D\xad\
\xbb{\xa0\xdcaAV\xcaB~\xdf\xac5\xc4\xa5\x1f\
\x8b]\x8a\xbf\x0bll\x94J\xd9J\x04\xe8o?\xc3\
\x7ft  \x93!\xbb\x12\xd1\x17\xa6\xd8\xde\xc8\xf6\xc7\
\x7f\xce;\xfa\xc6\xfd\xd0\x94\x14\x15l\xb47\xedR\x9c\
\x06\xb8}\x1f\x8d\x0d\x87\xc0\xa4*\xfe\x0d\xb1\xb8\xdb\x81\
\xb8!\x10Bh$\x09\xf7\xfe\x0b{\xff\x00\x04\xeb\x8c\
zm\x8d\xec\x8flw\xd9\x96K\xfc\x8a\x13\xfc\x7f\xd2\
S\xecId\xbfN\xb0\x84\x88\x84\xbf\x16\xad$D\xaf\
\xc9J%\x09V\x12w\xfe\x09\xf3\xdf\xb0\xdd\xff\x00\xc1\
#\xdf\xf8nn\x84\xc2rR\xb2,j\xc7$2\x19\
\x0ckd\xef\xf9\x91\x93\xf8\xff\x00\xac\xaf\xdf\x8db'\
\xe3 q7\xe4e\x12\x89D\x1e\x12\x88hN\x8ap\
R\xb0\x92\x84\xf1\xbf\xe8\x8e\xff\x00\xe0\x97\x7f\xf0\x86\xff\
\x00\xe0\x93\x7f\xf3hw\xfc8\xbd\x84\x93\xec[\x92\xaf\
j\x90\x98\xd8\xf1\x95\xb1Q@\xd8\xd0\xf9\x09z\xee\xfe\
\xb5r\x09\x83N\x7f\x17\xc4+\xc1os(\x95\xe9\xb7\
#^\xed X\x01bR\xe4\x85\x08\xc58\xff\x00\x80\
*\xf6\xcd\x0d\x8d\xc9\x0f\x14\xc5lj(\x13\x12\x1b\x17\
?]\xdf\xd2\x86C\xc6\x1dhbBu\xfcc_\x88\
P\x98\x94\xfb\xb9\x0a\x0a\x04\xd0\x82\x08\x88\x051\x19\x12\
\x13\x13\x8f\xc5\xca%z\xae\xe3\xb8\xd9#c_\x83\x18\
~\x8b\x11$\xfb\x16\xf6%\x10\xc8\x92\xdf\x8b\xa0B \
%?\xf1\xe4\xa2V2\xc9x\xcb%\xfe5\xdcw\x18\
\xdc\x09\x89~\x0c\x97\xe91\x10G\xb2o`3\x02u\
\xfc[ kd\x8a\x7f\xe3\xc9D\xace\x92\xf1\x91/\
\xc5\xb9{\xe1s\x1b\x8cJ\x0a\x0a\x85\x22\x82\xaf\xc3\xb7\
\x04B\x06\xa2\xdf\x8d\xc9\xc4h\xff\x00\xc7BP>X\
\x95\x15\x10RPU\xf8\xad\x7f\xc7\x1b\x1f\xf0\xaeY/\
\xf0\xb2\xc9~\xc5\xc0q\xfc\x8e7\xf8F\x96'\xe3l\
Y~N\x08\xf6rO\xe0\x1d\xfd\x9b\x98\xd4\xfeK\x1b\
\xf70\xc8~\x8b\x9b!O\xe3\x88N\x1eW\xe4d\x9f\
\xca\x0e\xfe\xb9\xed\xc9W\xe0o/\x22\xa9\x156J\xb6\
\x15\xd8\x89\xc1w\xb7C\xf67\x08Q\x1f\x91#A?\
\xec\xca\xbf\x05yy5\x09\xab\xb2,\x0a\x06\x22\x05\x1c\
\x17{t?b\x9c\x92\x1e\xc4\x0f\xc7\x04\x11M\xff\x00\
\x8a\xbbEu\xc4x\x14\x15bD\x1a\xfd\x9b\xbf\xbe\xaa\
%d/\xc7!8\x122}\x92\x82\xa2Q+\xf3)\
\x09\xc7\xb9Bq\xf8\x98\x146\x02\x14\x15\x0a)Q\x13\
\xec\xdd\xfd\xf9\xb8G\xfcp\xfb\x13\xec\x94\x15\x12\x89_\
\x99j\x06\xfd\xcad\xfe\x15\xc7\x19{\x02\xfcm[\xd8\
\x05\x06U\x12\x94~3\x8bnY/nQ+\xfe!\
\xdf\xf2\xac0\xcb\xd8\x17\xe3j\xde\xb5X\x0c\xc2_\x8d\
\x11\x18N\x1eV\xcc\xb2^\xdc\xa2W\xfcC\xbf\xe6J\
J\xf6\x81\xa8\xf7\xae\xfe\xb3\x1a\xf5\xd5\x05-E\xba\x0d\
?\x1b*\xb7\xa0v\x1d\xbf\xe1/\xe8\xb7\x84\x93\xf9\x1b\
\x07\x89I^\xc8'\x1e\xf9\xdf\xd6h~\xbaI\x00\x98\
\xd1\xfc]X)\xb41\xa8\xdbv\x1d\xbf\xe0\xef\xe9\xa4\
A\x1f\x8dN\x04\xc4\x16\xce\x82\x8cR\x9d\x89D\xaf\xc8\
\xb1zr\xaa G\xe3\x110A\x93\xff\x00\x13\x7f\xcc\
\xbb\x92 \xb6u\x15l7?\x95b\xf4\xee\x07`O\
\xf1v\x1da1\x7f\xc3\xdf\xf3Q\xb4v\x8a\xe3c[\
I\xa8\xf7\xb2\xc9\x7f\x83NR,*\x96\xfcg\x11\x1f\
\x82\x91\xdb\xd1J\x7f\xe5!\xb4v\x8a\xe2b[-(\
\xff\x00\x82\xbc\x91.\x09\x9f\xc5\xc4a!W\xe0S\x13\
\x9fI\xb9\xff\x00\x93$R\x12\x13\xfc\xebs\xb4\xef\xea\
X\x83\x85\xbf\x17$C\x15{\xc6\xe3\x14\xa7eXJ\
\x7f\x0d\x08\x84B!\x10\x88[p\x88_\x85\x1d\xe2\x9a\
\x0d\x0d\xfbxd?\xc3%;.\xfe\xb5\x90\xff\x00\x18\
5\x02\x10\xbd\xdbp7\x1b\x0d\xce\xc2\xb6\x0d\xcf\xe1a\
\x10\x88D\x22\x11\x08\x84B\xd9\x08D/\xc0\x97\xf4\x0c\
>\x12DN.\xde\xc9\xdf\xf3\x101)a1\xf8\xe2\
\xfe\xd5!aV\xc2\xad\xb0a\xc7\x1cd\xb2_\xbb\x84\
B \x8f\xcb\x04\xb6\xd8hq)\xc5\xdb\xd9;\xfeb\
\x01\x8b\xf1\xe2\xaf\xb6\x09A+\x0a\xb6\x15m\x83\x0f\x98\
\xf9\x8f\x90\xd9,\x97\xee\xe1\x10\x88D/\xc5'8\xa7\
\x22\xe6^;z=\x05[.\xa2\xa7\xfcJ\xb6\xd4\x0c\
R~\x1d\x0fn2\x89\xea\xa2\xb1\x5cLN6\x09\x9c\
\x14\x15m\xd2VK%\xec\x92\xc9d\xa2W\xae\x11\xef\
\x0e\xc3\xb7\xb3jv\x1f!\xa9/\x1d\xbd\x1e\x82\xad\x95\
Q\xd3\xfe\x16\x19\x0f\x15m\xa9\x19\x97\xe1\xd0\xf6\xda\x11\
z\xb4\x89\xe1\x22bq\x88)\x08\xa0\xabn`\x99%\
\x92\xf6Id\xbcfO\xd1\x821\x8fxv\x1d\xb6\x1d\
\xfd'q!2bm\x94\x84\xf6K\x87\xf8\x03w\xda\
n}\x8aq\xe8\xb7>\xfaA\xaf\xc7\x9e\x1e\x046\x09\
D\xach*\xf7\xe2BS\xea\x92\xc9~\xd5!8\xf4\
\x9d\xfd'q\xa1\xb2\x22-\x96\x86\xff\x00\x0a\x03w\xdb\
J}v\xa3\xd3J}\xebC%Q\xf9\x04\xe8\xa80\
\xc3l\xd0U\xef\xc4\xa7j\x17\xa1,\x97\xedZ\x81\xbf\
F\xa2\xacYb\xf1\xd8HO\x04\xbd\x1a\x85[\xe0\xd4\
m\x01\xa8\xc4\xa8\xa3\xfe]\xd3\x07\x08\xb7\xe3\xd5\xc4\xc6\
\xc6\x9c\xfb\xf8d2$\x7f\x0e\xd8\xdf\xa3AF,\xb1\
x\xec46$%\xe8\xd0*\x5cN6\x80\x9c\x7f\xc2\
\x042\x1f\xb7\xb9\x05\x8b\x1d\xbf!,M\xc8\x91,\x96\
K%\x92\xc9x\xcb%\xfe}\xb1\xbfM\xb8\xd8\xbbi\
\xecm\xb19\x14\xb0l\xb6[2\xa2Q+\xfeA\xa9\
\xd9\x96K\xd9\x92E\xfc\x92\xb7\xbd\xd0\x9f\xb7\x94J\xd9\
r\xc2Q(\x94J\xf6\xc9F7m=\x8f\xb6%\x02\
\x80\x91;-\x91G\xfc\x8as\xea\x8f\xfc\x95[\xdfs\
\xed\xe5\x12\xb6g\x09D\xa2Q+\xd9\xff\x00\xff\xda\x00\
\x08\x01\x03\x03\x01?!\x12\x10Ea\xb2\xcb\x11\x82\x04\
\x84\x84\x84\x16\xc00\xd0\xd0\xd0\xfd\xa2Bq\xeb\xa1m\
+l\xae'\x04\x92L\xed\xa7\x1b)\x09\x92'\xb27\
\x84\x18I\xaf\xc0Sm0_\xdd;z\x8d\x8d\x15\x15\
l\x83\xb1v\xc4O\xa2\xc7\xf9T\x84\xb1\xd5\x80\xf1#\
\x10@\x90\x90\x82[\x06\xc3C\x0d\x0d\x0c~\xcd\xa8\x1b\
\xf5\xd2\x82V\xca^\x8aX\x98\x82b\xae)\xc6\x09\xed\
46'\x22\x11&\xc2X\x15E\x0a\x17\xbfH[,\
\xb8\xb8^\xe5\xdb\xd4LH\xa0\xa0\x82\x08 v.\xc6\
\xa1)\xf4d\x8f\xca\xa5\xb1b\xb9jq\xb2\xf9\x7fC\
UGO\xf0H7=\xba;lX\xc4\x09\x08%\x80\
\x82\x93\x8a\x87\x0aP<\x03B\x081\x8f\xdbK%\xfa\
\x91\x22+d\xf07>\x8a\x13PJ%\x10@\xaf\xf8\
\xa0v\xda\x86@\x82\xa6\xd5\xd8\x17\xa0\xbdXd?E\
D\xa7\xa2\xaf\xb0\xac^+\xe0\x85E\x0a\xca\x7f:\xb8\
\xdb\x85;i\xe6\xfdi\x9b\x1cY\xa3\xb1\x1c\xe9\x1e\x89\
f\x86\xe1,\xf7A\xf9\xf6y\xc5\xd7\x83Z\xd05\x1c\
P\xfa\x7f\x5cp\x10k\x04\x12\x10A\xc6\x85\xa5j.\
\xdb\xe0\xee[O2.\x84\xfe\xba\x96J|Q;W\
\xb0\x8c\x0dU\xc9M\x91N\x84\xf8B\x08&#\x1f\xb6\
\x92}5Q!\x15\xb2l\x91zRH\x96\x14U\xff\
\x00\x14N\xde\x84m\xdc/A\x02^\xdds\x1a\xf4U\
\xf6\x15\x8b\xc5|)(*(\xfc\xebH\x85\xe3\x1d/\
\x91\xa7R6Y\x22[\x9eM\x01\xdd\x99\x9d4\x0e\x22\
\x95%9ymSH2\x9f\xc9\x1c\x0d\xe0$\xcde\
\x0c\xd58\x1e\xdcT. \xb4\xa6\xe9\xd8\xba4\xc2\x08\
5\xb4Q\x9b\x8b\xa0\xff\x00n'\x99\x04\x0d\x0e\x97|\
\xf1\x1f\x19\xf3\xe5\x81v\x03\x1f\xe0\xee\xf4k\x0d\xfa\xe5\
E\x09\xf6-(\xf4a\x90\xfd\x8aB\xdbx%\xed\x0e\
\xd8;\x0e\xd8;\xfb\xb7\xb4v\x1d\xbf\x10\x9c\xfa\xef\x81\
UM\xd0\xcf\xf7\xdf6\x0eMq\xb7$\x0f\xab\xdb\xa7\
\xc9\xab\xb0M\xd5\x8f\xb6\xc7\xb2\x99pj8j\x05\xd4\
q\x19R<\xc1]\x16p\xd7U<NH\xe1\xe7\x88\
if\xa5\xc4\xa7\xac\x03K\xd6\x87j\x95\xa1SQ\x00\
!\xc9.%\x12\x1a\xad\xe2\x1eB\x07\xb0\xb5\xdd\xb3P\
s\x0a\x1c\x5cR\xb7LWu\x08\xb4^\xb8u\xcc\x86\
\xd4\xa8}\x8e\x0e\xd1\xc0T\xfd'\xb9V\xd0\xf3g\x99\
\xbb\xa9\xaa&\xf3\xe6\xd3\x5c\x85\xf2\x0b\xa6\xdcD\xebE\
FGV\xfe\x817(\xd9\xc4pU\xc8M\xd1e4\
\xd34\xa1\xa12\xac\xea\xf2\xcch\xb2\xda\xea\xaa\xcd:\
4\x9d\xd6i1\x8aL\xb2\x1e\x09\xab\xa9\xcbJ\x87\xdd\
13$\xd9E=\x5c\x08s\xa9%e\xab-Fq\
\xe6\x9c4\xd0\xa9\xe0\xd2\x14>lC\xc9\x896\x9d\xfa\
\x18%\xf0\x0emY5K\xc9h\xc5\xd4\xeb\xca\xe2\xd1\
\x8a\xe8& \xe2T\xa4\xe1\xea\x93\xd0\xa8\xc2\x05\x94\xd5\
\x14\xe53(w\xa5qm\x12\x96\x8a$j\xd4\x0dh\
&SXd\xd3\xd0\xb8T\xa4\xa6\x8c\xcc\xc9H\xb3\xaf\
2)\x1cG-\x97(WQ\x0a\xf5V\x1e\xac2^\
FI\xcc]\xe3wcQ\xaai\xecK8T\x93\xb3\
\x1c\xb0\x94\xd1\xb8\x16BE\xa2^\xca\xefI\x93\xea\xc6\
2\xfd\x88\xd1\x1a\x8fv\x82\xdbv\xc2=\xa3\xb6\x0e\xc3\
\xb6\x0e\xf8\xc2!{w\x82\x11\x0b\x17a\xdb\xf0\xedO\
\xb0\xa3\x0cc\x94\xff\x00cR\xa52\xe0C};\xa2\
I\x02\xf8\x8b\xd6\xad\x19\xad\x04VI\x5cI\xb4N\xa2\
W\x12\x93\xadW>V)/\xb0\xb76\xdb}\xfe\x02\
X\x0b\xb4-w\xb9\x00\xea\x1a\xcb\xa7;\xe4l=\x89\
\xf2\xdc\xfa\x14\xd4\x19\xa7-\xd72\x1f\x09B\x99\xb82\
d\xda\xe8\x01\x0d\x08i\xae)\x9b\xd3\x8e\x18\xd1\x0aq\
\xacQ\xfc\x14\xcc\x98\xe0\x18\x04i\x97Z#\xa3\xe3\x11\
\xdcBN\xad\x22!\xd5\xa6V\xca\x97\x14\xab22\x98\
Dy\xd6\xd92\x82Y=3j\xa6\x8c\xa9\xfb\x0b\x86\
,V\x89\xcd\xdd\xcc:]\x1b\x08\xa5jSE\x9dD\
=\x9em\x12\x12\xa3\xcb\x22\xe7\xf5D\xa3~\xb1Tg\
\xc5\xf3n\x92U:r\xb0\xa4\xa5\xf4VJ\x1e\xd4\xb4\
\xd3WMU>\x83^\xafx6\x0d\xb7\xab\xab\x22\xb5\
-\xdc^\xfb\x9c\xc4\xf0\xa2f\x9ca\xe2\xeb\xaa\xbe\xa2\
\xf9\xea\x86\xa9\xc0T\x95n\xe2_E(\xd0\xa0\xc4E\
Y*\x9e\x90x[\xf3\x8e\xc6\x06\xe9\xe2\xf6\xf0\xc8x\
;\xe2\xd8\x13>\xc18\x14H\xb2'\xd3D\x82\xf5\x10\
\xc8~\xb1\xbd\xb6'\xe6\xa3\xfc*D\xbd\x9b\x8e1)\
\xd3\xa2>\x1d?\x84v\x99jh\x97\x05\x1eG\x02\x17\
$\x0d\x9fD}\xcb\xf92J\x1c\xb8\xb8\xbb@\xe2\x8e\
\xce\xae<\x96_$\x0c\x98\x0a\xd5p\xcb\x8bI(\xc8\
\x5c\xd1\xc9y\xda><\x0c\xd9\x90v\xd2I\xa4\xaa\xec\
\xa5\xae\x81\x22\x04\xba\x14^\xcc\xdd\x08u\xa7\x13IL\
\xc9pi\x8f\x9c\xe5*\x13l\x92\xd5\x0b\x95\x90\x8c\xdc\
|\x94\xb5I7d\x9d\x11YJ&+\xc3W\xc8\x89\
z \xf3\xea\xd7M_\x0c\xb0W\x1a\xfb_\xb7S\x9b\
\xa9C\xbd~\x13.8:\xb2\x8f\x83yb\xee\xa3\xd6\
\xe1\xc5\xbaT\x1b0\xdc\xf0f\x99!e\xca\x89'\xf0\
d\x83)\x07Zc\x0e\xdf\xc1>.ol\xa9\xd0'\
T\xb6\xc4:\x91f\x8a&a\x0a\xf7\x11\xd5\xa9\xde\xaa\
5\x8c\xda\xf9\x14Y\xb1(\xe0\xa3P\x87\x0db\xa4\xea\
\xd4\x04\x13R\x82*\x92o\x82\x81_\x99\x93K\xcd\x14\
\x02\xe0\xc0\xec\x95$\x98\x14S\x83\xab\x8c\xdby\x89;\
\xb1\x09P\xb4`Mpi\xb9D~\xb1\xa9K/#\
r\xee8\xb58\xacZ\xd4\xb4\xc5t\xd3\x94\xd7&G\
\x224\x8a$)\x95*\x94\xe7/\x02M\xb8C\xe5j\
\xd98l\xf8\xb4\x09Z\x8f\x9bN\x90\x9d\x0a\x17\xcc\xb7\
\xc4bJ8\x09\x0dRh\xdaI#\x96\xde\xad.m\
\x0a\x92\xa3]^\xe9\xdff\x98\xab\xecI\x915\xe9\xb5\
\x03\x90\x90$\xfb\x94=\xb6'\xe6\xa3\xfc\xc9\xb0\x1a3\
2_$\x01\xb8\x90\xdc^o\xa8\x9cD\xdd~K\x87\
\xefQ\xa5Q\xbe5>\x11\x14_\xde\xa4\xc3\xa6\xe5\xe0\
A\xdc\xa6c\x0aUhP\xf0\x09\xce\x22\xcd8g\xcf\
\x85C\xed\xfa9\xb0u\x7fcK\xae\xcd\xefE\xa2&\
\xba8\x144UU\x0ar\x5c\x17\x0c\x10c\x81\xe1j\
\xa1\x8c\xbc\xfai\xb5ol\x9c\x89\xed\xd4U\x8a\xa0\x9c\
\x11>\xd1\xe8J}\x1a$\xfbt\xcf\xa4\xbd\x93\x1f\xa7\
\x0c\x865\xed\xaa*\xc5\x85\xf9\xba\x80CN1D\xa2\
c\x8e\x06a\xc5\x9b$\x91\x86\x13\xc0X\xf7\x84la\
\x86?\xc3';t\x14lL\x08){\x1a\x0b`\xaf\
E2W\xf6\xf7\x0b\xd1^\xc9\x8f\xf0t\x14~u\x0e\
&\xb0\xde'u\x08\xa1\x22bb\x08,C\x0d\x8c6\
6?\xc3\xa7\xb6\xdc\x8f\xd0%\x82\xb7\xb2Xj=\x02\
G\xb6\xc4\x89\x14\xf4W1=\xbb\xb8\xef\x83\xbe5\x0a\
X\xd3\xed\x1b\x91\xafV\x19\x0f\xd1\xb3\xf0\xc8T\xc1X\
\x86\x5c\x86%\x93\x03g\x82b\x0b`Ya\x86\xf0o\
\xf0\xcdz\x127\xb6\x94\x0a\x18+{\x15A:\xc1)\
{\xc2$\xac\x88\xf4W1\xfbwq\xdf\x07|h\x14\
1\x92\xbff\x98\x94\xfb{=\x84\x89{Y%\xed9\
\xb2I\xc1\x08\xdcL\x91l\x03d\xe0\xde/\xf0\xc8D\
\x0e\xa3\xc60\xc8~\x8a\xa0\x99>\xd2\xe0t\xf6\xa42\
\x1e-\x0d\x10\xc8~\x81=\x8d\x83\xb6\xdb{\x08\x1d1\
5\x09\xfe\x15\x8f\xdc\x13\x9fh\xac&\xc4I$\x92N\
\xd5\x02)$\x92Y\x22I$\x9f\xc5\xc8\xe3\xa7\xad1\
\x80\xbd\x99\xd4=\xb2/f\x88!\x91\xb6\xc4\xf66\x0e\
\xdbs\xb1\x03$\x911q{\x19d\xbfi\x1e\xdd\xa9\
\xf6\xaa\xc2\x17\xaa\x9e\x22I$\x9c'\xf1\x8b\x02I\xf5\
\xd3D\x88\xf6\x06B\xb05\x1e\xde@\x91\x8c\x0dl\xc7\
\xb6\x18\xfdwa\xa9\xff\x00\x8f\x81?NI\xc2I\x09\
\x93\xb1$\xfe2}\x89\x22h\x1b\xdc\x5c\x9e\xc9$\x88\
\xc5\xa8\x1e\xd5\xa8\xf4a\x11\xe9\xb1\xec\xc2!\x10G\xa1\
\x0b\xfe=\xfb\x02Q\x85DO\xe4\x93\x9cU\xfdi$\
\x92D\xc7\xc1\x04\xb2Y\x0c\x87\x8c\xb2X\x90\x9c\x0d\x22\
1\x04l/\xb1HV\xc5\xdbi0c_\x80Cf\
?(\xecY\xec.!\xfa\x0f\xd8\x1a\x1b\x81\x0b\xf2\xb5\
\x7fZ\x08$\x91`\x5c8dH\x81\x0cdK\x06\xc9\
\xca9\x09'\x14\xa4\xca\xf60\xb6\x1d\xb6\x94xB\xfc\
\x02\x1bC\xfc\x9b\xb1g\xb0\xbb\x01\xdf\xd2k\xd8\xa1<\
\x1f\xe3\xd0\xf7I\x14c\x02\x04H\xe0\x99\x10\xb7e=\
\x9d\xde\x85\xec4\xe7\xd9;\xec\xa4G\xab\x04\xfa\xef\x04\
2\x1f\xbf\x86C\xdb\x91/H\xf6\x96)\xfb9\x13\x17\
\xe3\xd3,\xf74lJ%\x12$5\x85X\xa1\xec\xc8\
#b\xefB\xef\x8an}\x9b\xbe\xca\x22}V\xa0~\
\xbb\xc1\x0c\x87\xef\xe4K\xd9\x1e\xda\xf6\xc4\xa0O\x04\xfe\
>S\xf6\x8a\xfe\x95dMv\x02\xb0u\x17\x16\x11\xc3\
\x02 ^\x9c\xb1-\x8b\xb1cR%\x02\xd9cD2\
\x1f\xb1\x86C\xc2\x08!z\xa9\x98\xd7\xe4\xdd\x8b=v\
\xa0km{sp \xbf\x1eL\xab\xd9\xab\xfaQ\x0c\
\xa7`H\x13\xb1\x17\x16\x0ap\x85\x8fP\x84\xb6\x1d\xf1\
h\x8c\x12$H\x91,!{U\x84\x08z\xad\x09\x9f\
\xe4\xdd\x8b=v\xa0j6\xd5\xc4\xfd\xcc\x94*(\xc9\
'\xf2(d?b\xaf\xe9)\xba\x8c\xa2\xb8\x899\xc1\
\x09\x08 \x826\xd2\x17\xb8?\x7f\x0c\x87\xe8\xde_\xef\
\xdd\xbf\x03/\xdc\xc0\x94X\xa3\xf1\x8aK\xdc\xab\xfab\
\x02I\xc1\xb7#\x18\x84B\xf4H\xf7'\xf8\x9b\xcb\xfd\
\xfb\xb7\xfc\x0aD\x85\xf8t\xe3\x09\xf6P\xc8~\xba\x9d\
\x04\xbblJ\x04\xf6T\x165\x14\xb8L\x826\xe4K\
\x19\x12\xf7\x8e\xfe\x9c\x93\xb6\x84\xc4\x84\xe3m\xa9\xff\x00\
\x96LO\x12Y/\xf0\xa9\x89\xc0\xc2\xfc\x0db\x8e9\
[\x16\x86\xe3aa\x15\x89\x04\xc2_\x8a\xdd\xfd8\x91\
\xf4$j\x06\xf6\xda\x1a\x9fo\x08\x87\xbdb\xd9+\xfe\
\x08\x92I$\x82\x08#\xde\xaa\x09\xfb\xd5b\xcck \
\xc1DJ\xc1\xdb\x0a\x87:\xe3Y\x12C!\xed\xc8\x90\
\x94\xfa\x10\x88{\x18#\xdd\x9cC\xf4a\x90\xf6\xd2\x13\
\x8d\x97a\xdb\xf1l[%\x7f\xc2\x1c\x93\x89$\xfb\xea\
=\xea\xb1f7&(@\xc0\x98\x87l\x12'\x18\x87\
\x86$}\x8c\x22?\x1a\x0d\x09\x9f\xb1j\x06\xf6]\x87\
o\xc6\xac\x15\x15\x0dA\xbf\x1b2I\x04\x10%\xedS\
\x8fz\x99v\xc5B\x81H\xa3\xb3H\xde\x0e\x842\x19\
\x0c\x87\xb1\x1e\xceG\x83\xbe\xcc\x08D\x22\x16\xdb\xb7\xb6\
\x91/z\x90\xbf\x0a\xb0PPPT\xff\x00\x13\x0c\x8c\
d\x9cDW\xb5\xa6O\xbbNp\xbba\x06Q2F\
\xcd\x22dz\x0c/g,]\xf6a\x10\x88D-\xb7\
om\x0c\x87\xef`o\xfe\x8b,\x09\xfcM\x85\xfbh\
eX+l\xa4+\x08\xc3f\x19\x0f\x146\xdc2\x1f\
\xa0\x9c\xfa/\xf1\xae\xf8\xb45\xea;\x7f\xcf\xc1\x02O\
\x09d\x93&'\x22\xaf\xe0d\x9cl/\xdbd\xe2\xac\
=\x88\xc4\xf6`\x8d\x8a\xec\xc3!\x90\xc8{mN\x12\
%\xfeQ\xdf\x18\xf5N\xdf\x89_\x9a\x09\x8f\xb2\x81\xa2\
*%B\x97\xbf\xa8\x0a\x1e\x84(W\x15\xf6\x1a\x82\xa2\
\xad\x84N\xc9\x02\x04\x93\xb3\x04\x12%\xb2\xed\x8d\x98\xa5\
\xec\xa1\x90\xfd\x9b\xa9!\xdc\xb8ND\xb1W\xfc\xf0\xbf\
4\x16\xd6\x02U\x84\xb2\x81\x151W\xde\xa9\x0a^\x81\
\xc2\x16\xccAN(\x8d\x89 \x8d\xb9'\xd2,\xf6\xb0\
\xc8~\xd2\x07r\xe2\x82\x8cU\xfd\xb4\x11\xf8y\x13\xfc\
\xcd\x05^\xaa\x08\xb7>\xf1S\x15m\x98\xa8:\xe2\xf0\
h|$\x22\x16\xc2'\xd9\xce\xc4\x10\xf0/@\xd6\x0d\
F\xcb\xb7\xa5\x0c\x87\xeb\xb0\xea\x22=H\xfc\xa2r/\
\xcc\xd8\xbf\xad,L/}V\xd9j\x95,^\x0b\x8c\
L\x821\x88(\xdb\x82=4\xc5\x84\x22\x08x\x16\x07\
\xb2\xd4\x0fm\xdb\xdbB!l%\x10\x0e\x9f\x81\x84B\
\xf7\xae\xdf\x98\x1b\x91\xb2\x05\xecU\x04\x81Ha\xa9%\
\xe8\xca%zs\xe8\xe8\x10\x9cl\xa7\x04=Y$\x82\
\x08-\xb6\xb8\x04\xc6\xa4\xa7\xf1u\x15aw\xafg\xe4\
\x1d\xbf066>\x0fg1\x9a\x18\x85\xed\xe9\x8fB\
`D\xec\xb3\x1cZDB!zx\xd0\xf6\xd7\x06\x0a\
\xc7\xf8\xba\x0a0\xbb\xd7\xb3\xf1\x89@\x99$\xfeQ\xdf\
\x14\x84\xf0%\xed\xda\x05\x0c7\xefG\x82g\x18\x1a\xc5\
\xbd\xa4\x88\xc6\x11\x0b\xd5\x81\x05\x01l;\xed\xbd\x86\xc7\
_N\x19\x0f\xd95\xf86\x86\xa7\xdb\xb47\x04\xb2\x7f\
(\xef\x8bC~\xe4\xbe\x0a=\xf52\x1eqj=$\
\x84\xb1\x82=T\x10\x8d\x93\xbe\xdb\xd8\xab\xd4\x86C\xf6\
)\xfb&\xa7\xd945\xef\xe4\x9d\x97R\x8d\xb5\x7fx\
\xaf\xe86O\xbe/\x86\xcfj\xcfEX\xb3m\x0b\x19\
^\x82BS\x82S\xecR\x9d\xa4\xa0O\x16X\xb4W\
\xdaj=\xb3\xbf\xa7]\x0a\xfd\xdc\x0d~0\xe8K%\
\xec\xab\xfb\xc5}\x89d\xbcX\xdc{\xd6\x83\xd5\xc61\
V\xbbVz*\xc5\x9bhX\xa6-\x98 U\x12\x91\
)\xda\x84B\xf5\x12\xd9hn1e\x8bE\x7fx\xef\
\xe9\xa8\x13\xef\x1a\xfcR\x13\x13$o\x02\xfc\x09\xb2F\
\x91\xa0l\x9f\xc0\xdeS\x1b\xdb\x15\x85lXX\xbc\x10\
\x9cl\x90\xc8~\xac{\x15m\xb64\xe7\xd1\x81\xafM\
\x8f\xd3\x82\xdf\xf0:\xe1\x22d\x8b\x02\xfc\x09\xe0\xd24\
\x0cn?\x051\x87\xedU\x85lS\x16.\xd8\xce0\
G\xa3\x08\x86\xd2Q\xec\x15\xb6\xd3rG\xa2\xd4\x0f\xd3\
c\xf4a\x10\x86\x90\xff\x00\xe1Q8*\x0d\x8d\x09\x89\
\xc7\xb2%\x83[$\x22\x17\xe2\xe5!*-\xe9\xaa\x09\
\xe0\xad\xb2\x85ln\xc66\x89?F\x19\x0fl\x86C\
\xd9\x88\x1a\xdai\xce\x09\xec\xbbb\xd4c\x22\x1f\xbfc\
D\x16\xf4\xe2\x06\xb6\x9d\xbdwq\xdf\xf0,\x98\x13\xc1\
\x09\x09\x89\x92\xc9d\xb2_\xae'\xb4L\x9f\xe3\x16\x1c\
\xd0\xca\xbdI\x8c\x15\xb6P\xad\x8d\xd8!6R^\xb2\
\x08\xf4\x926Ss\x83S\xf8\xd8\x1aP?Q\xd3i\
\xdb\xd7\xb8\x7f\x85\x94J\xf4A\x09\xe3QP\xd6\x18\x08\
\x0aG\xb4\x89\xfc[r1\xb5\x89\x02#aAG\xa1\
\xb3e_\x14]\x82\x16\xc5\xb8\x17\xab\x08\x85\x8c\x22\x17\
\xb5w\x1d\xf6\x1a\xa9\x22X\xc3!\xfb\x18d?E\xdc\
\xbb\x16\xc6\xa7m\xd8k\xf3r\x89D\xfa\x01bq\xa0\
\xa3\x0ad\x84\x82\xc0\xb6b\x0a?\x17#\xc1G\xb0\x13\
\xc6\xa2\xafCf\xca\xbe*\xc5\xd8+\x8bb\xdc\x0bf\
\x04-\xb8D,a\x10\xbd\xab\xb8\xef\x8au#\xf0.\
\xe3\xbe)\xc8\x97\xa1\x0b\xfe\x0eI\xd9$O\xf2\xa3~\
\x82dW\x12\x91C\xd1am\xab\x8a\xe2q\x82\xbe+\
a\x1f\x84\x0f\xd7V\x15\x89\x93\xf4a\x90\xc8D/E\
\xa1\xad\xa9\xdb~\xd4m~6E\x8c\x11\x8ar\x22\x08\
\xfc\xa2[n\x9e\xa5$\xfd\x02\xb8\xae&'\x02\xbe+\
\x1b\x8b\xfa0F\xcc\x08D\x08{r\x08!\x10\xb6\xec\
\x15\x89'\xd1\x86C!\x10\xbd'\xb2\xc6\xdb~\xd0\xdb\
\x8f\xc4!\x10\xbd\x15q\x5c\xac\x89\xf4\xe4\x9f\xca\xc6\xc6\
\x95\x8c\xa2W\xaa\xac+c`\xad\xb2\x9c\xc88\x90\xc8\
%\x8a\x90\xc3\x0d\x88\xc1\xa26\x82 hx\xb58\xb4\
5>\x92=\x18\x1a\xdb\x99?FD\xbd\x18\x1a\xc5d\
T\xdb\x99\xc2\xe1\xdf\xd8Q\xeci)\xf6\xf0\x88^\x8a\
\xb8\xaeD\x14\xfapG\xe5`1/b\xac+c`\
\xad\xb3{\xb5\x08\x10\xc2\xd605\x5c h\xb0\x82\x08\
#\x07A\xa1\x8dl45\xe8\xb0\xc4\x08m\xb5\x03\xdb\
\x92}\x18d?I\xe2\x94\x8b\xe8\xae\x1d\xfdz\x06\xfd\
\x8de\x7f\x87S#\xf2)\x93\xf5r\xc5\xe8\x97\x16\xd2\
\xbe*\xde\x8a\x18\xa6$%$\x89\x91\x222\xf8\xf1e\
\x81\xbe\x08\xc6\x19\x03C\x1a\xd9!\x10\xb0k\xd8\xb5(\
~\x9b\x22vX\xd4\xe2\xc6\xbd6?p?\xcc\xae:\
\xbf\x1e\x84B\xf5X>=\x14\xc5\xc5\xb2\xaf\x8a\xb6-\
\x22\xda\x86\x82RD\x90 K%\x8d\xfa\x02\x11\x02\x11\
\x181\xa2\x08 jp\x84B\x1a\x8d\xa8\x10!\x10\xbd\
\x165>\x9a \x99<Z#\x16\x84\xcf\xd3c\xf6\xf3\
\xf9Hd=\xa5X\xa2\x8d\xc8_\x89\x92}\x82\x8c7\
]\xb5b\xcd\xb5Az7\xe0V\x1a\xc6\x90\x96\xd9\x0c\
\x86A\x18\xb4\xc8!\x11\x84b78a\x90\xc8#\x11\
\x8d\x10\x88[7\x0e\xfbd\x89\x0d\x89\xf62%\xe9\x08\
\x88\x16\xdb\xf4\xde\x0d\xcf\xb3\xb0k\xf00\xc8{.\x85\
\xd8\x94`\x8a\xfc\xdeV+m\xab\x16z\x13\x18\xa7\x1b\
W&=\x85\x0e)\x09l\xc2!m0\xb04\x92\x04\
\x08D-\x84\xc1\x08\x84A\x04\x22\x10\xd0\xc8!l\xdc\
;\xfa/\x80|>\xbc\x22\x11\x0c\x87\x8c\x11\xb4@\xd4\
\x0fm\xa1\xfaLnF\xfd\xa4?\x0e\xecY\xb6\x8a\x8e\
\x09O\xe0\xe5\x12\x86?i\xa8\xdb\xbbi_\x15m\x83\
\x10\xc2\x81p\xa8\xc5\xee~\x88L\x88\xdb\x8d\xa7\x01\xb8\
\xc1\xa8 \x82\x08\xc4h\x820A\x18 \x82\x18\xd7\xa1\
\x22^\x9b\x04l\xb1\xa2\x04-\xb64Y\xe8\x99\xb6\xee\
;\xfaR\xbf:\xecY\xb7\x11\x83E\xf8S\x1d\xfd\x8d\
\xc4\xeb\xd1u\xdbJ\xf8\xabl\x1e\x12HI\x81\xe1\xce\
_n\x05\xb1\x84B\x1b\x91\xcfd\x826\x03X\x90@\
\xd0\xf6MN\xc4\x22\x11\x08\x85\x8c\x08z\x07\xc0B!\
\x10\x88CC \x85\xe8Ag\xa2\xf6\xce\xe3\xbf\xa2\xed\
\xff\x00\x14\x10!?\x80o\xdb\xc6\x8e\xda\x13\xdb\xb8W\
\xc54!\xe1`\xec#dAz\x16\xa4\xe0\xaf\x84\x22\
\x16\xcc\x22\x11\x22D\x22\x16\x08$\x96@\xf0j\x08d\
<hD/N\x19\x18\xc3!\xfa\x8bc\x03[\x0e\xfb\
.\xa3DmTT8\x8d\xc7\xafo\xb7\x1f\xe1\xd4\x84\
\xaf\xd3A,\xf0\x17\xe0\x12\xf6\xb0_\xb6Cm\xdc+\
\xe3p\x87\x85\x83\xb0\x94\xa1\x09\x8dd\x18XE\xd8A\
\x0bf\x11\x04\x89\x10\x88G\x10B$H\x81\xe3\x08\x84\
A\x08\x81\x0b\xd3\xe1\x90\xfd\x18D6]G\x88\xd4\x0f\
a\xdfj$i@\xf6h(&G\xeb\xdb\x91\xfem\
\x0f\x10a=\x19\x13\xc6I&}\xc3H\xd1\xee\xd2\xdd\
H\xbbn\xe1_\xd1\xb0V\xf4E&4D,P\x91\
\x12$\xb0\xc4\x89\x0c\x90\xd4a$\xa2\x11\x08|6\xa2\
\x06\x86\x86!\x90C!\x90@\x99\x90C!\xed\x91\x84\
2\x18\xd4\x8dN\xcc2\x18\xc4m5\x1e\x9b\xb6\xc3\x0d\
\x8d\x11\x84\xff\x00\xe1hx\x83\x09\xe8\xa7;\x09\x92&\
*\xfbt?v\xd0\xca{w\x0a\xfe\x8d\x82\xb7\xa24\
\x89\x96\x0e\x0cR\x11$\x92J\xc6\x11\x0b\x06\xa0\x9e\x18\
D, \x82\x16-@\xd6\x11\xb2\xc1\x04\x09\x9e0F\
2%\x83\xd8jva\x90\xc6\x1f\xb1;l\xd8\x81\xac\
'\xff\x00\x0fl\x87\xbfM(\x16\xdc\x93\xece\x12\xbf\
\x02-\x8dl\xdd\x8b\xf0V\xc5X\xb3\x15|LV\xdb\
!e\x02pX\xa1c\x87\xb0\x1e\xcd\xbd\xa3/\x87e\
\x22v\xd8\xc7]\xa2\x08\xd9\x8cZ\x9d\xb7\x81\x03X\xb1\
\xad\x94\xcck\x07\x7fME\xb1+\xdc;\xfe&\x02\x0f\
N\x04\xb6\xe4'O\xc9\x89\xc3%\xd9;\x17\xe0\xad\x8a\
\xb1f*\xf8\x98\xad\xb6C\xd8\x88&(\x15\x91%\xc2\
D\x11\x81\xfaq\xb0\xd6\xd3{lxD\xec\x92N-\
N\x10B\x1a\xd8\x84B\xd9j\x07\xb0\xf6\x93<\x1d\xfd\
{\xb7\xb9\x1d\xfd\xcb\xb0\xed\xeb\xb1\xfbT\xa0Q\xf5r\
\x89_\x83T$\xa9A=\x9b)\x16*\xf8\xabz\x84\
<\x12P\x85\x02q\x82X\xc3!\xec\xbbz\x16=\x96\
\xa0k\x164Db\xd0\xc6\xa7\x16\x1a\xdb\x82\x19\x0c\x87\
\xe85>\xc6\xe1_\xd0?t\xef\xee]\x87o]\x8f\
\xda\xbcB~\x9c\x89\xfc\x19\xa2F9-\x92\x13\xa6*\
\xf8\xabz\x84\x5c\x81\x8c[\x84\xc7\xa6\xae\xde\x85\xa26\
\x9a\x8d\x88\xc1\xd0j1\x8cci\x02\x042\x1f\xa5\x0f\
B=\x1b\x85\x7f@\xef\xee\x9d\xfd\xbc\x8d\xfa\xf5\x22\x85\
\xe9\xc1\x1e\x9b\xb6\xc2\x91\x7f\xc7\xb1\xe0\xb4\x1a\xc6\xacY\
\xe8\xdc/@\xb1\x88bV\xa4\x16\xc5T'\x08\xf4\xe0\
\x8cZ\x81\xacX\xd1\x22X\xc1\x03\xae0\x88#\x17\x81\
\x1e\xa3Q\xb2\xd4{\x17b\xeck\x15=\xd3\xbf\xb9l\
o\xd7\xa9\x14/NI\xf4\xdd\xb6i\xfcz\xa9\x06\xc9\
j\xc5\x9e\x8d\xc2\xf4\x0b\x1a\x89\xac\x1b\xd9Ezxd\
<Z\x81\xa8\xc5\xa1\xfa\x04I\x02\x11\x04lF\x03\xf5\
\x1a\x8cc\xd9;\x17b*\xfb\xb3\xbf\xe2k\xf7\xc5q\
\x08\x1f\xe3\xd3P\xa5~\x9a\xbf\xaa\xae4\xc5\xa5I/\
\xb4T\x12\x88\x12K%\x92\xf6\xe0\x81\xedA\x03X\x1b\
$\x96K\xc6\x08\xc5\xbc\x11\x1e\x93-\xec\xc3X\x5cY\
\x83Q\x8b\x1a\x92\x19\x0f\x07|U\x8b\x8a\xc44\x8fm\
\xd8\xb3\xd8J\xfc[\xa9g\xef\xa5\x8at+\xfc\x7f\x10\
\xc5\xe9\xab\xec'\x1e\x8a\xbe,\x98\xb6R \x86)%\
\x93\xb3\x0c\x87\x88\xd1\x18\xc8\xdc\x91\x222\xf8\xc67\x04\
\xb2^2N\xcd\xc0t\xf4\x8fd\xd4\x0e\x8c\xbbh\xd1\
\x042\x1e\x0e\xfb\x17\x88\xa7\xd1v,\xf5\xd8\xdf\xb7v\
\x1d\xbd\xf8\xbf\xe1\x92\x08bR[\xd1Bp'>\x8d\
\xd8\xd6\x1aW\xb0\x95\xdf\x03\xc4\xee1\x87\x8eI%\x12\
\x89D\xafJ\xd9\x04<]\xb0\xbba\x8f\xd1cR5\
;\x0e\xd8;\x0e\xd8\xa2\xa1\xed,\xfcT\xb2X\xec;\
{6\xcc~\x9a\xf6\xc9\x12\xff\x00\x1e\xc9\xc6x\xfdF\
\x9fB\xecVa\xb1\xb4'\xe9-\xc3\x0f\x13\xb8\xef\x81\
\xec\xe5\x12\x89$\x96K\xf4-l\xbbav\xc3\x1f\xa5\
\x1858\xbb`\xec;b\xca\xf6\xec\xfc\xd2\xe4.D\
\x9267\x1f\x87V\x15\xbf\x1a\xf0\xa8n\x08\x89\x22x\
+b\xa4@\xb1]\xe8\x10\xeaRF\xc5Rv$\x9d\
\x968m\xbb\x0e\xde\x93S\xb2J%\x12\x89X0\xe0\
(cg\xac\xd4\xed\xbb\xed\xb6<P\xf1\xb3\xd8\xb7\x1f\
\x8b \x81\xb8\xfcB\xb0\xad\xf8\xd7R\x060\xd8\xdf\xf5\
\x82\xc1[\x15\x02E\x8a\xef@\x8a\xc7B0\x09\x93\x8c\
\xa2V\xcb\xa1;n\xc3\xb6\xdc\x22\x10\xd6\xca6\xfcr\
\x14\xb1\xb3\xd6hjv\x9d\xf6h\x19%\xf1C\xc5\xdb\
\xd8:~1s\x1b\xfc\x0a\x1f\xa3\x22\x7f\x8f\x92-w\
\xfd\x09\x98\x91\xe9Y\xb6\xa9\xb4\xa0\x82\x04\x08\x10\xf4\xdd\
\xc7\x7fb\xea5\x8a\x1f\xb1bI\x05\xb6\x8f\x06\xe7\x1a\
\x1e.\xc3\xb7\xe7\xd2\x1f/og\xa4C\xf4S'\xf1\
\xec\x5cP\xdb\xfe\x88\xb5\x8c\x89mY\xe8Ll&k\
\xc1,\x96L\x9f\xa6\xee;\xfb(\x9cP\xfd\x9bC\xda\
1\xb9\xd8\xa1\xe2\xc7o\xcc\xcb%\xe2\xd8\xd8\xdc\x8d\xcf\
\xe1\x0b\xe8\xdb\xd4HK\xf0taXT\xa2\xbb\x09\xc1\
f\xc9l\x10\xaf\xb5\x22x\xc1\x042\x1e\xcc\xa2W\xb7\
\x1dFF\x11\x185;O\xd26=\x89\xc2`c\xc0\
\xb6\x9d\xfdi\x81\xf0\x0f\xf12\xc9x\xb667?\x84\
j\x8dN\xdc\xb2X\x9cz\x89\x09~\x0d\xd4\x81\x8c5\
+\x8axY\xb2[\x04+\xed'\x22\x13\x8c&L\x89\
\x1d\xb8d<\x1b\x92D\xbd\x94H\xd0\xc6\xa0t\x1a\x1a\
\x9d\x97\xe9$\xbe,lt\x1b\x18\xf0-\xa7\x7fU\xd0\
l\x91{\x12I!\x90\xfd\xac\x11\x8bc\xf5\x92\x9f\xc1\
\x8a\xf8O\xb4V\x15\xbd\x14?cXo\xdb\x0c\x11\x8d\
\xd0N\x04\xe3`\xb0V\x1b!\x85b\xc2Y/\xde]\
\xea\xc4mY\xec(\x91\xb2F\xc9\xc6\xb1P^\x91\xd8\
\xb3\x14\x9c\xe1\x0fA\xb1\xfa\xa4\x92G\xdbd\x9cd\xbf\
\xaa\x94\x89O\xe0\xc5|\x13\x15\xbd\x9a\xb0\xad\xe8\xa1\xfb\
\x16e\xa0[F\xfe\x06\x86\x09\xc6\xc1`\xad\x81\x0a\xc5\
\x84\x89l*\xec\xc8\x91\x22X\xc8\x97\xa9w\xac\xe9\xb3\
g\xb0\xb2F7\x03\xd8U\xb9H\xbd#\xb1f\xc3n\
I\xf4$o\xda\xf2N\x0f\xd8\x83\xcf\xa8\x91\x02\x12\x9f\
F$}6\xe4kf\xf2\xfci\x1b\xc0\xf1H\x87\xb2\
\xd8\xd4\xfe-U\x22h{\xf6\x1e\xd0\xde\xcd\xa5lU\
\x8b6Q\x00\x84\xe3\xf0\xd6z\xb2\xc9{/\x22q\x8c\
\x93\x83\xc1\xdc\xb7j\xcd\xb9\x8fFQ(\x92v\xe5\x12\
\xbd8!\x92N\x05\xeb\xe5\xe1X\x91\xea%\x22S\xe9\
C!\xfai\x89l\xde_\x8d\x22s\x81\xec\x93\x8d\x84\
\xe4K\xd1\x96K\xfc\x0d\xc9\x151Xo\xdbi[\x15\
b\xcd\xa9\x13'\xf0\xa8\xb3\xd5\x96K\xd9NJq\x92\
I\x1b\xc1\xdc\xb7j\xcd\xa7A\xbfN\x08\xf72\x89\xc4\
\x92H!b\xd8\xd9\x125\x03C\xf5I@\xbd\xb8\xaf\
\xeaIX\x85\x89#x';\x07\xf8\xc4\x01\xe4o\xec\
8'w\xc8\x9c\x90\xb0V\x10\xb6W\x10\x9e)`\xb8\
\x84\xfd\x8d\x9bI\x9fR#i\xd8v\xda\x91\x87\xc3\xb0\
\xeeXojF<b7\xe8\xccm\xbb~\x09(\x12\
\x13\x16\xcbll\x9c\x8cl~\xb1/n+\xfa\x94\x92\
@\x99$\x92!\xa9\xd9?\xc5\xdf\x04\xb6\x92\xe5\x8d\xfd\
\x84\xc5\x82\xb0\x85\xb2\x98\xb8\xb6\x1b\xc1q{\x1b6[\
&}\x07m\x8b6\x8e\xc3\xb6\xcb\xc0l5\xb0\xee7\
\xb4\xf0\x10\xf0N-\xc6\xdb\xa0\xde\xdb\xb7\xe6\x86/F\
\x04=Z\x8a\x85\x7fE9\x1b\x91\xb1!!\xac(!\
\x06\x04\xce$\xe4\xa4\xa7\xf1\xfb\x81\xf4K\x9f\xd8\xe5\xed\
\x04\x08c,\x96J%l'\x04\x08\x10 @\x87\xa3\
$\xfa\xf2\x89^\x8c\x08lQ\xb1\x22pE\x8d\x93\x8b\
c{\x0d\xc8\xde\x0f`\xecY\xf99'\xd8\xb1z2\
%\xeb\x22\xaf\xe85\x83cbBS\x851\x05\x88\x14\
\x13\x03S\x85e~\xd6Y/\xdc\xcc\xc5\x8c]\x0f~\
\xc3r\x9d\x99D\xacdKe<%\x12\xbdY'\xd7\
\x94J\xf5h\x1b\xc5\xb8\xc2\x919\x1e\xc3cx\xb7#\
x7\x03\xd8;\x16\x7f\xc3%>\x8bd\x8e\xde\xa2r\
W\xb4\xef\x8b\x0d\xb3F\xc1\x87\x22\x11\x0b\xde\x89\x93\xf6\
\xf3y\x1e\xb0\xf7\xecX\xcc\xa9\x22x\xdc+\xedI,\
\x966?M\x86\x10\xf6\x1a\x22\x0apD\x8a\xc5\x83C\
PH:\xfa\x0c\x86C\xd9\x90~\x8b\xb7\xfc\xa2R%\
>\x8b\x1b\x81\xdb\xd4\xa4\x9d\xa7|XoI$\xc9\x92\
N\x14{\x98D/o\x1bH\xe0T\x9b\xf67k\xe8\
NE\x8d\xc2\xbe\xcb\xa1\x22D\xbdU\x85\x83@\xd3\x83\
{\x16&\xa4F\x05aX|#\x993\xe8H\xd9\x12\
;\x0d\xc98\xb7;n\xdf\xf2K \xbd\x1bPK\xf5\
\xd5\xfd\x0a\x8a\xb1\x1a\x1cvo/\xc6\xa2\x81(\x14E\
\x81\x8d\x15\x15\xfe\x06Q+\xd5\xbcB\x08h\xdf\xd8\x81\
N\xff\x00\x9c-A\x02\x18\xc0\x86\xca\xb1`\xa8C\x06\
\xc9\x93\xc6$p9l'\x1b?2{r$J'\
\x06@\x86\xcc\x83\xd9\x96K\xc1\xe2\xd8\xde6l1z\
\x0e\xfb.\xdf\x9cY\x85\xe8\x98\xc8D/U_\xd0\xa0\
\xa3`\xb5;7\x97\xe3QAX\x94\x8b\x14\x14\x14~\
\x06Q+\xd5\xb9!\xd5%ln\xec\xce\x83\x0c\xa2V\
2\x89[*\xc5\x98I3\x84\x08\x12\xc9d\x11\x82\xc4\
\xd4a$\xb2\x08 C\xd1\x94J$oi\xb9'j\
D\xb0x\xb67\x8d\x9b\x0c^\x83\xbe\xcb\xd8\x82?>\
>\x17\xc0?M(\x113\xe9$llk\x19\x93\x15\
\x8b\xf0=\xb4\xc4\xe3h\xf6P*\x10\xc8x\xb1\xafw\
AG\xa3/w\xec\x86o\xf8G\x0c\x9fj|\x93\xb3\
\x02\x04\x08\x12%\xb3$\xe3\x05;2I,\x967\xb0\
\xed\x83c\xae\xcb\xb7\xa8\xd8\xdf\xfc\x5c\x920\xc2b\xf4\
\xe0H\xa0\x98\xf4dBbX\xc2!\x0a\xc5\xf8\x1e\xda\
b{G\xb2\x88\x16\xd4{\xba\x8a\xbd\x14d\x99Cd\
\xf7\xecL\xbf\x0b\xe3\x1b\x8ck#e\xb8\xd97\x8b\xb6\
\x13;N\xde\xa3c\x7f\xf4\xb0\xc8d\x84\x1bu\x0b\x04\
\xb0\xb9\x13&H\xd9AF\x22\x16v\x06\xb1\x98&v\
X\x92$$1\xaf\xc0\xa6I\x15\x94n\x9f\xc6o\xff\
\x00\xd2&\xb3\xbb\xe7\x142\x1e)\x09\xc7\xa3\x02V\xcc\
\x89z3\x04\x08\x10\xda\x9c\x0f\x80\x96K\xc5\xb2qw\
.\xf4^\xd2\xc2\xdcu\xd8\x1b/\xec\xd5\xc5\x7f\xf8\x18\
D/VB\x0d\xba\x05\x82X\x5c\x09D\xa2DTU\
\x88\xe8W\x88\x9e\xc3\xc0\xf3\xb3$\x09\x09\x0d\x0f\xf0)\
\xe0K8\xafI\xf1\xa2n\xf8\x09\xed5\x1e\xdaI\xc5\
\xfa\x01\xe0I;.\x9b\x0e\xe5\xde\xd0[$\x91?h\
\xae+\xfe}\x8b\xd5\xd1YF\x06\x81\xa7m\xb1\xacX\
\xc7\x85\xb1\xa2\x91\x94\x14`\x9e.\x85\xf6T\xc8\x91\xb9\
\x1a\xd9\x86C!\x10\xbd\x88\xaf\xec\x90wx*\x9f\xbf\
\xd2*\xb0\xb1\x12N0%l\xc8\x962\x89[-\x8d\
c\x02\x1e\x84\x8f\x80oi\xdf\xd3a\xe2\xed\xb1\x04\x0b\
\x16?\xf9\x93\x17\xab\xd2'8(\x1a\x06\x9d\xb4\xc4\xb1\
l\x8c(LHeeEC^\x94I\xa1DLJ\
va\x90\xc8D\x22$}u\x7fd\xec\x0b>\xfeI\
{\xfe\x84\x14\xb2_\xa6K%\xe3(\x94K%\xe2\x99\
\x1e\x9b\xf4C\xbe2$K%\xec\xce\xc3\xb6\xc3\x88\xf0\
J\xa4\x11\x1f\x99\x7f\x84W\xdbw\xc6\x08\xc4D\x89\x89\
\xc0\xdcaG\xb0/\x1d\xbd@NI\x1e\xda\xb8\xaeC\
!\x8ch\x94J\xf7\xb2\xa4m/~\xcc\xa2\x1e\xff\x00\
\x03u\x9fE(\x95\xe8\xd9\xea:\x8f\x18\x0e\xfb5\x15\
\x0d\xc8\xdc\xfa)m\xb8!\xff\x00\xc0\x17\xf8E}\xb7\
}\xb0cp&'\x82^\xc4^;z`\xd4\xe0\x9f\
\xa0W\x15\xc8d< \x99?VY/\xd7DE\x85\
U\x8bx{\xf6\xf6vz\x8a\xa4\x04\xbd\xa8\x22\x08n\
}=,O\x03'\x89\xff\x00\xd4\x0d\x89\xe1\xbc\xbf\x19\
\x93\xc5`+\x17\x8cjK\x91\x82s\xb6\x10\xc8eB\
\x08X\xb7\xeaOc(\x95\xe9\xc4{h\x10\xdb|[\
\xbb\x09\xac\xf7\xec]\x87W{\x9d\xb9\x1b\xc0w\xdbl\
\xabb\xec&1\x8e\xc4l\xbba\xb9\x1d\xbf\xe9\xa4\x92\
E|-\x17\x97\xe32x\xa0\x82\xb1y$\x08Hj\
} \xa0B\x04\xf6\x12\x8fNd\xc9\x12 C\xd3h\
t\xf62\xc9x\xcc\x9e\xda!G[\xf6(\x1b\xf8F\
b\xf5a\x10\xbd6\xc6\xc9~\x85[\x0e\xe3\xb8\xe87\
\x88\xcdC\x1a\x92^\xc3r6;\x7f\xd5!bn6\
%\x92\xc4\xc9(*\xc2\x96\xdc\xc5\x09\x9ab)\x918\
\xbbl\x15\x14b\x96\xca\xf5S\x912Y/e\x8d\x08\
'\xbb\x9c\x10!\xef\xd8\xb3\xb2v\xed\xd9\xed%\x93\x8c\
\x920\xde%\xc7\x8bC~\x8bd\xfe\x0eQ+\xfe\x22\
v\x12\x8cbDd\x94\x15\x0d\xfa\x16\x81\xa7\x11@Q\
\xd8\x85\x8dE\x04\xb2^\x0d\xe3\x02^\x9c\x89`\x9c\x92\
\xc9{-\x0d{\xf0(7\xf5\xfa\x16\x93\xdf\xb6\xdd\x9e\
\x94\xb2_\xa3,\x96H\x91$\x92I\x04\x127\xea\xec\
\x98\xfc\x1c\xa2W\xfcZ\x13\x11\x88\xf4[\x8fA.F\
\xd2\xa1\xe0 \xb0'#r6/l\x88)\xd9c^\
\xf4h\x90+\x96\xf7\xec9\xf4BHD-\x80w\xf4\
\xae\xf6\x07r\xcd\x9b\xbf\xec\xa5\x92\x1f\xa4J6\xe1\x09\
z\x080\xc3S\x83cb\xf6\x84\xe3\x15Oe\xa1\x92\
\x89^\xed7E\x9c\x91\x0f~\xc2h\x9d\xb7\x812d\
\x92K\xf4\xee\xf6\x07r\xcd\x9b\xbf\xed\xd8|\xbdP\x15\
\xf6\x17\xa0\xa8\xa8lk\x16\xa2\x8fn\xd7\xa4\xda\x1a\xf6\
\xe4\x89\x9b\x87\xf0s\xbf\xe8C\x22\xbe\xe0X\x9d\x9b\x07\
l\x1d\xff\x00;B!\x7f\xc1\xa6>2O\xa2\x0a\xfb\
\x0b\xd0PP&%\x8dQG\xbf%\x12\x86\x86\xbd\x91\
&\xcbaB\xe4\xd37\xf67\x8f\xe0\xea=\x93s\xb2\
\xc6\xeb\xb3`\xed\x83\xbf\xfc,\xdc\x8f\xf3\xb2'\x88\xd8\
\xd6\xdd\x18>\x11\xec%l\xb7\x1bi\xce\xd3[\x07\xeb\
\xa8\x13\xf4Hd=\x99\xc4\xe0v\x1a\xc5)\xc2\x92c\
\xd3LH\x927\xf06\x89\xdf\xe0\xbd\xc1%\xe9H\xcb\
6\xec\x1d\x861\xec\xdd\xe9\x1e\xcc\xa2W\xe1\xe1\x10\xbd\
f\xff\x00:\x9c\x88\x92D\xc4\xbd\x13cx\xbbm\x89\
F\xcb[I\xec0\xfd\x82\x82D\xb6\xe1\x90\xf6T<\
1\xb0\x89\x9fP\xc9A \xdf\x7f\x82\xef\xdf\xb0\x87\xd3\
\x19f\xdd\x83\xb0\xc6=\x9b\xbd#\xff\x00\xbd\x92V0\
\xc8{c`\xb6I\xcf\xa7QV\xc2~\xd6d\xff\x00\
\x038:\xe0I\xef\xfa!\xdd\xfa\x19o\xfa\xc6I\x95\
%\xb0\x9c\xfal\xb6\xc5\x97z-@\xd6\x09\xff\x00\xe0\
/n\x10[\x06\xa7\xd4\xa0\xa3\x16\xa7\xdbB!\x09\xc7\
\xe0\x13$\xact\x12!PaA\x1b\xf88\xfb\xf6\x16\
\xf7\xfe\x09\xfb\xff\x00\x060nF\xa7\xd4e\xb6,\xbb\
\xd1t\x1a\x1a\xff\x00\xbe\x94H\xa6U\x82\xa2\xa2\xa1\xb1\
\xac&\x10\xb3\x89\x02\xc2\xd8\xd0\xd1\x0c\x867\xb0\xaf\xb4\
\x90\x91\x0c\x87\xb0\xef\xb3\x0c\x97\xab(\x95\xeeV\x19\xc1\
`j\x0dB\x08\xdaD7\xfe\x09\xb7\xff\x00\x04\xdb\xff\
\x00\x82I\xdf\xf4on\x84D\xfb\x0d\xc5c\x0a\x1c\x88\
d\x92$S\x83\x1b\xd3cS\xf8y\xff\x00\x98\xa0Q\
\xc6\x82\x811,&\x1d\x0a\xf1 hK\x0bP5\xb0\
\x94b\xaf\xb4\x90\x94\xed;\xfb8\x10\xf7/\x0eX1\
yC*~\x80\x82\x18TS\x04\xa0\x96$\xe0K\x7f\
\xf0O\xbf\xf8-\xdb\xa2\x1b\xff\x00\x84^\xff\x00\xc2,\
R\x15p7\xe9\xb4G\xbd\x96K\xdb\x96K\x13\x17\xfc\
\xca\x1b\xd1Ka\x84\xd9W\xd8\xb9lU\xfd\x8b^\xaa\
p'\x1e\xce\x09&LS'\xf7\xf0<\x04K\x18h\
\xc4\xd1+a\xa9\x1f\xfe\x05\x92\xafD\xde,&2\xc9\
b\xbe\xc5E\x18\xab\xfb\x04\xfdd\xc4\xe3\x16\x91{\x06\
\x82\x11\x08\x5c\xbf\x04\xd4\x09\x8a\x95&\x0a\x09\x93&L\
_\xf86\x99m\x91\xb1\xe2\x0b\xc7bd\xf0<B\xbe\
\x0d\xc7\xe1\x02\x81?Ul65\xf9RQ+`J\
Hd?\xfb\x94\xc4\xf6I/\x88/\x1d\x89\x93\x18x\
\x85|R\xfc P'\x1e\xa3\x1c1LK\xf2\xb2\x89\
D\xb2^$\x08\x7f\xc3\xa5\x1f\x94A\x06\xb0\xb7\x1b\x0d\
\x8d\x0a\x97\x14\x0a\x8a\x09\x9d\x82\x19\x0c\x86C\xc2V\xc3\
\xbf\xb3\x1a\x81\xafM8\x13\x82p\x84B\x17\x8e\x04\xc9\
\x91#\xff\x00\x16\xb6O\xe6\xe0K\xf2h,\x14\xf0J\
1LHU\xb8\xa4TP'\x22\xae\xd8\xed\xb2;\xed\
\x92\xc9~\x9c\x0dzi\x89\xc1-\x9fa2_\xf0\xc2\
\x09d\xb2Y,\x96K\x1f\xfc3\x17\xe2\xe7\x04\xccn\
1o\x06\xe3\x06\x1bel\x13'\x07}\x918+\xd9\
l\x13>\x98\x1d\xfdZ\x0aF\xcb\xbf(\x9f\xfd\x0b\x17\
\xe3'\x03l%\x18%\x03\x0d\xb2\xb6\x0c\x9c\x1d\xf6F\
\xc4\x9d\xa4\xa1A1\xe9\x03\xbf\xabP\xa4K\xf2\x89\xcf\
\xfd\x13\xfcs\x0cN\x0cP7\x1bQ\x8ekea\xd7\
\x97\xe2\x90\xb6]\xb0\x10^\xb1\xdf\xff\x00#v\xfcs\
\x0c&!\x8a\xb0J6[\x81\xa7e\xa0\xe5\xe5\xf8\xc6\
\xdc!\x05\xeb.\xff\x00\xd4\xd0\x98\xb8\xc5\x8d18\xc6\
\xa2\x82\x02\x0c\x1d\xf1X\x1e\x04\x84\x84\xc9\x8a\xc5\xe3D\
\xec\xa4,&1W\xff\x00\x94v\xf7R\x89X\xa18\
\xff\x00\xa6\x91!bLO\x1a\x8a\x09\x090w\xc5b\
B\x02\x02d\xc5b\xf1\x8ff0t\x1b\x8cU\xff\x00\
\xe5\x1d\xbd\xf2d\xff\x00\xd4\xc8\x9a\xc5\xc4\xf6fO\x16\
\xe3b\x08\xff\x00\xdb@\x13\x91b\xf9\x0d\xb3\x08\x85\xb0\
\x94\x7f\xee\xa0\x05E{1\x03\x88\xb0(\x94\xe3\x22d\
\x84\x9bnDC\x8d\x8d\xc7\xa4\xf6\xa8d?\xfdN\x82\
\x8d\x971\xc8X$\x89\xc59\x11\x01\x06\xdc\xe3\x0f\x98\
\xf0K\xd6(\xff\x00\xd5\xe4Llhk\x0aP'\x88\
\x85\x8d\xc8\xd9Y|8\xb65\x88\xd8\xd7\xa0\xd4\x16\xc1\
/\xf9\xa1\x94J\xff\x00\xbbND&%\x851\xa1\xb8\
$\x92\x04\xf1B[3C\xc4\x98\x91$\x89\x89m\xa6\
\x05\xb2l\x92\x7f\xf5ab6I(\x95\xe9\x8c0\xb0\
&I\x05\x22Bd\xc8\xc6<l\x16\x07\xb2\x87\x82\xb7\
\xfe\xa8\x89$cq\xb7V\xc2I\x1cq`d\x95\x90\
46;x\x10\xfb\x02\xc0\xf6P\xf0V\xff\x00\xd5\xe5\
\x12\x8a\x8a1QJ\x04\xc7\x81\xe7e\x04 \x9c]\xb0\
m\xa9(\x95\xb0O\xdd5?\xfa-E\x18\xa0\x98P\
L\x13;( \xc6\xe3\x17l#\xf4\xc2}\xcas\xf9\
\xc8D/\xcc\xad\x89%\x7f\xca\xca%c(\x942\xcd\
\x02cd\x92\x89^\xdeI^\xe9~\x1e\x08\xff\x00\xc7\
\xd1Xh\x18\xdc~Q{\x18D/\xfc\xa0'\xb4\xad\
\xf9\x85\xb3\x7f\xf8\xe8D/\xfa\xe9\xdaV\xfc\xc2\xb60\
\x88X?\x7f\x04\x7f\xf6l\x10B!\x10\x88_\xfc\x0f\
(\x94J%\x12\x89_\xfc\x0eI?\xf3/\xff\x00\x80\
\x1f\xfe\xc9\xff\xda\x00\x0c\x03\x01\x03\x02\x11\x03\x11\x00\x00\
\x10\xccW\xd0\xfc\x06m\x96\xbb\xa9\xcf\xdbI6\xdbm\
\x1e\x04\x84\x90A l\x0f\x1b\xd8\x1e\xdb}\xd1\xe4\x82\
\xb4m\x03\xcfnI\x94Gj\xdc\x92Y\xf2m4\x92\
6\xcbe\xb4\xcb'\xda\xb4\xdai\x1a\x96\xff\x00\xdbZ\
R\x0f\xb6\xe66\xd2\x92\xedj\xf6\xc7f\xdf\xfc2M\
$\xd2@\x00\x00\x090\xc7\xdf\xed>\xdf\x96\x93IY\
!\x16\x85\xac}\xb7\xb3Y\x1bz\xdc\xc7[m\xb6\x9b\
m^\x04\x84\x82\x08\x00lK\x1bK'\xff\x00o\xf9\
\xbc\x10\x18\x89\x10y\xc7\xee\xba1V\x05\x89I\xbam\
&\x9b\x12K\xf5\xb9I!^\xb6\xdbiT\x9f\xdb\xc9\
\xbbv\x9f\xf6\xc5\xb6\xd1\x12\xff\x00\xbb\xdb\x19f\xdb~\
\x82I6\x9b@\x00\x00\x09$\x97\xfb\xed6\xdf\x14\x9a\
IIi2\x07\x92j\xd7\xc3\xd4\xdb]/0\xcbM\
\xa6\xd3m&\xd6\xfb\xa2\x08\x04\x90\x0f\x04K%[m\
\xbc\x84$\xa9$p\x01$o\xbf\xdb)*M7&\
\xdf\xfc\x932[-\xc0I)\x99~\x9bgn\x01\xff\
\x00i~\xceK\xb7\xd46\xd9o,\x93\xfd\x9a\x06\xdb\
\xee\x12I\x94\x90$\x02I\x09$\x0f\xff\x00~\xe6\xdb\
z\x9adH\x95\xb2S?\xa5\x07\x1eO\x1c\x12\xed\xf5\
\xcbm\xb6\x93m\xb6\x9aVl\x08 \x12\x09`Ia\
;m\xbc\x9c6p?`\x01 }\xf7\xd5\xa3bM\
7d\xb2J\xd2\x16\xff\x00-\xb5\xdb!\xb8\xff\x00\xfe\
\xfem\xb8\xfb{3j\xcb\xbe\xec\xa6\xd1k\xbc\x92\xdd\
_f\xdbn\x12I\x94\xd0\x00\x00\x00\x0d&\x06\xdb\xee\
\xe7\xfbN\xdbrH\xd4\xb2\x5c\xaf\x90]6\xa1`}\
\xb1\xa7[m\xb6\xdbM\xb6\xd3m\xb4\xd9;(0\x96\
Ie\xe0\x10\x09\xb2\xd8\xe9\xd04($\x9f\xb6\xf6\xcf\
*i5-\xb2\xd9\xcd\x12\xed\xb8\xb6Ke\x93\xed\xbe\
\xfb\x7f\xf0\x09\xf8\xaaJH\xbf/6\xdaI5\xb3i\
7\xb7\xdb\xab\xa2i6\x90 \x00\x01\x01$\xde\xdfh\
6\xfe\xf8\xd2R\xcbd\xb2aL&\xe4\xcd\x9a\xef\xbe\
:]\x85\x8a6\x9b,\xb5cm\xa6\xd0\x12\xc40\x9f\
K%\xf7\x80@\xb6YQ\xb5[A \x0d\xff\x00\xd0\
sbM\xa6\x9e\xd2Y}2\x7f\xf7\xbfI'\x86\xef\
\xbf\xdf\xef\xb6\xcd\xfa\xa3J\xca\xf7\x8b6\xdaI'\xf3\
m\xb5\xbe\xdb+\xe2M$\x90\x04\x80@!$\x96\xdf\
\x7fL\xb3^\x92RI$\xb6k\xe7e#u>\x87\
\x83\xdb\xdb\xfa\xa9V\xef)\xb5\x8bi\xb6\xdbm%\xb6\
\xdaJ\x95R\xb8\x80 \x139\x16\x03\xe7\xe0\x12\xd7\xdb\
\xad\xf2I\xa6\x9arY&Y\xef\xf1J\xcbm\xfb\xfd\
\xba\xff\x00}\xfe\xe3\xcd\xa7\x0c\xfb`\xad\xbc\xdam$\
\xe3m>\x9c\xddo\xa4\x91$\x00\x04\x80\x00!$\xc8\
rK$\x95$\x94\x92\x99d\x80\xbb\xd1y4\x8e\x87\
\xcab0~\x8a\xf9\xd6\xa5O\xb0km\xb6\xdbm\xb6\
\x9e\xdaI$r8\x91\x00\x10`\x16\x93\x94\x80\x12\x9f\
\xdb\x91\xf2m6\x92m\xa5g}\xfd\xbd\x8a\xc9(I\
\x7f\xfb\xdbo\xb6\xe7]3\x88\xeb-\x8d\xbc\x9bI&\
3I\xbc\x94\xfdo\xe4\x91$H\x04\x10\x00\x05$\x92\
rI6\xca&\xd4\x92\x09d\x80H\xb3M\x91\x7f\xa8\
\x04\xd2\xbc\x01\xc0m\xb6\xdbm6\xdbm\xb6\xdbm\xb6\
\xd4|K$\x8dHc\x84\x12@\x04\x02\x011\xac\x09\
?!\xabi$\x92i4\xa5\xe7\x1d#m\xab)-\
6\x9aO\xfd\xbe\xf6\xa5+_\xb6\xac\xf9\xb6\xdbd\xb6\
\xbam5gu\xed\xf4\x92&\x00$\x92\x00%\xb4\xcd\
\x92\xdb9\xfb%d\x92\xff\x00!\xc0\xc1\x93}\xe5\xaf\
\xfa\xa9\xc8i\x04\xcbm\xb6\xdbi\xb6\xdbm\xb6\xdbm\
\xb6\xd5\xa7I$\xad\xcb\x8e \x10\x00\x00ZL\xa8\xd6\
A$\xa3\xd4\x84\xd8\x91)&\xed\xe7\x0c#M;.\
I\xb4\x92]\xb7\xb6\xe6\xa5+i\xb6\xf0\xbd\xb6\xdam\
$\xf3m%g\x5c\xed\xb4\x92$\x08\x00\x00\x01\x05\xb6\
\xcc\x92K#\x1b\xa5$\x92\xff\x00a\xe4\xac\xb7B\x0e\
\xf1\xc6\xd2.@\xd7\x1bm\xb6\xdbm\xb6\xdbm\xb6\xdb\
m\xb6\xdbCi%\xa4\xc9$\x9b\x0bf\xc0\x13\xb1$\
\x92\xf7\xa0\xb5\xab\xc4\x83\x03M\xa6\x99v\xe2\xa2M;\
g\x096\x93i\xa6\xb4`$)\xa6&\x84\x9e&\x9b\
a6\xd3Mm\xaeWm\xfe\x92\x83\x81\x00\x12\xcaD\
\xa6\x9a\xbeI\x22~%e\x92\xc8\x01 \xfby\xa4\x1a\
T\x8eUR\x06\x0b\xdbm\xb6\xdbm\xb6\xdbm\xb6\xdb\
m\xb6\xdb\x5c],\x8aId\xb3\xe2@$\x92\x00 \
\x11b\x04\x80;@\x90\xa2v\xa6\xd2\x0a\x843\xcd\xab\
.\x096\xdam\xb6\xbd{\xa6)\x86\xb4\x05\x9a\xb6\xdb\
E\xb4\xd3\x7fo?S}\xbf\x92I\x80\x00\x00\x8b@\
\xb4\xda\xb3I\xa8[K$\xb2\xcaA\x04\x0cv\x11\xb5\
\x5c\xd7\xb2`\xd3Q\xdbm\xb6\xdbm\xb6\xdbm\xb6\xdb\
m\xb6\xdbmJ\xfc\xad\xcbd\x96\x9ey$\x10\x01$\
\x90\x01\xb8\x90\x07\x80\xd9gI\xa4\x9b\x18*\x95\xcd\xa4\
u\xa04\xd0i&\xd0\xfb6\xef\xcd\xbb\x07\xb2f\x92\
E\xb4\xdb[o\xb1\xdfm\xf7\xc2\xe1\x01\x00\x02\x03m\
\xb6\x94\x92[*JIl\x96\x02A\x22\x00\xaacJ\
\xd6\xd4\xa2\x17\xda4Zm\xb6\xdbm\xb6\xdbm\xb6\xdb\
m\xb6\xd3m(\x8c\xb2\xd9m\x92\xd0\xa8\x00\x12\x08\x04\
\x10M\xd9\x12\x00\xe9\xfe\xeb\xe9\xa4\xda\xf8\xa6S\xa9\xa6\
u\xa4\xa4\x98m&\xd9\xff\x00\xb6\xe4\x89\x0e\x9b\xd6\xf4\
\x92e4\xdaM\xfd\xb1\xdbm\xb6\xdf\x1d\xe9\x00\x02\x03\
m\xb6\x9bRK#nI,\xb6\x80\x00\x02Y,\x92\
I\x10\x93\x97\x8f\xc4\xaa\xdbm\xb6\xdbm\xb6\xdbm\xb6\
\xd3m\xb6\xdbM\xb6\xf82Kd\x92I#A\x01-\
$\x92p\x07PH;K)\x894\xdbr\xa3\x85\xc6\
&?\x94\x12\x19l&\xdf\xff\x00\xdd\xec\x9f\x817\x92\
B\x82I6\xd3km\xbe\xdbo\xfb`\xa1\xd8\x00\x01\
kI\xa4\x9ajK$\x92I,\xba\x80\x00\x06\xf9,\
\xb2I)u\xdc\x98WOjm\xb6\xdbm\xb6\xdbm\
\xb6\xdbm\xb6\xdbm\xa4\x97\xd2\xcbe\x92\xcb+4\x03\
\xf8\xa4\x80y>\xc8\x010\xcb%\x0cD\xdam\x193\
\xb1&\x86\xb4\x02\x5c^\x12\x93\x7f_\xed\x84\xa3~\x96\
h\x8aD6\x93Km\xf6\xdboe\xa0\xbd\xd0\x04\x82\
Km\xb4\xd2NI$\x96K'\xda\x00\x00\x22\xc3\xec\
\x92I$\x92{\x16\xdbm\xdaI\xb6\xdbm\xb6\xdbm\
\xb6\xdbM\xb6\xdbm\xb6\xd5\xdf)$\xd2Y$\x8d\x82\
W \x01.\xdf\xcbi\x16I-\x96*\x0aI\xdb\xc9\
\xcc\xa4\xe9\xb2\x13l\xb6A\xc3_~\xd5\xa2\xddkR\
\xd4\x83h4\x93Km\x96\xdbo\xfa?o\xd4D\x92\
C_\xb6\xdbK\xcb$\x92K\xf7\xdf\x80\x00-C\xa4\
\x92I$\x92\x9c~\xdbm\xdbm\xb6\x9bm\xb6\xdbM\
6\x9bm\xb6\xdbm\xb6\xd9\xdb;d\xfb[,\x8d6\
\x81\x16\xb7%\x8b\xfdh?\xd9e\x92w\x13m2p\
\xe9$\xc5\xd6Y,\x92A\xf3{~\x90\x8e\xd9cr\
W\x1bH&\x92O\xfd\x9f\xdfo\xf0\xdb\x7f\xd9\x84\x82\
Bd\x02\x9ak[$\x96\xcb\xb6\xfb\xc2\x01\x0cK\xd5\
\xb2I$\x92I-\x9cm\xb3m\xa4\xdbm\xb6\xdbm\
6\xdbm\xb6\xdbm\xb6\xdbwm\xbe\xe7m\xff\x00\xdb\
m\xb6\xdbc&\xdf\xfd9\x01\xf5e\xb6I/\xfdH\
\x7f\x1b\x1e\x96\xdf\xc9d\xb2\xda\x0a_\xf2\xdf\x98Ko\
\xe6_\xb2I$\xdain\x9d`\xea\x97\xdf\x7f\xa4`\
&@ \x02A6I.\xdb\xfd\xb6\xfbr\x014\xca\
\xf4\x92I$\x92Kc\xb6m\xbbm&\x9bm\xb6\xda\
m\xb6\xdam\xb6\xdbm\xa6\xd2Zm\xb6\xd8\x7f\xf7\xfb\
}\xb6\xdb\x0dcRo1\x05\xd5l\x965\xff\x00\xd3\
\x02q\xdbl\xbf\xdbKg\xfb|C{`\xde\x91\xdb\
n\xe6\xdf\xb7\xc9\xb4\x9bM\xee\xdcMz\xd6\xdfm\xec\
@0\x04@\x00@\x04\xcb\xfe\xdb\xff\x00\xf7\xdf\xe2\x08\
:\xd1$\x96I$\x92[-\xa8\x1f\xd6\xed4\x93M\
\xb6\xdbm\xa6\xd3m\xb6\xdbm\xb6\xdbm\xcd\xb6\xfb}\
&\x92\xc9\xbb\xdcI6\xe3\xfd^\x80uh)\xf9/\
\xc0Z\xbc0_o\xc6\x916\xff\x00\xfbIK\xecE\
\x1e[o\xda_\xff\x00)6\x9am|\x9bi\xa7\xbe\
\xdb\xee\xb4\xb1\x91\x16\xf0\x00\x01\x049\xb6\xdb\xff\x00\xbe\
\xd2\xe7\xb8IAd\x96Y$\xb2Y$\x81\xab6\xed\
\xb6\xd2M\xb4\xd3m&\xdbI\xb6\xdbm\xb4\x9bMa\
\xb6\xfbo\xb7\x96\xdb\xba\xa7I6\xe8nC${c\
D\x0c\x917\xc8r\x86q$\x93Y\x8f\xff\x00\x9fH\
k\xed\xb9\xb6I/\xe9O\xb7\xe9&\x93iZ\xdbM\
\xa5\xf6\xdb\xee\xb7\xf1\x83\x1f\xf04\x01\x0d\xb9\xbe\xdf\xed\
\xb7\xf2o\xf1mQ$\x92I$\x92I,\xa4\xda,\
].\xdaM$\xdbm4\xd3i\xb6\xdbm\xb6\xd2m\
\x1a\xe7\xdf5\xb6\xdf}\xfe\xfbV\xa4\x9bo\xb4\xa9\x02\
\x82D\xd8I\x1c'!\xc07\xb7\xdbq\xbc\xb9\xee\xd9\
\x0d\x7fxc\x1bg\xfb\x85\xb7\xd64\xdai|\x92M\
\xb5\xf7\xdb\xcd\xb6\x9b\x99e\x965\xbb\x00\x85\xbe\xdf\xd9\
$\x92Y\x01I\xa9,\x92I$\x96Im\x84[@\
\x8fv\x9aM\xb6\xd3i\xa6\xd2i6\xdbm\xb6\xdbi\
iU\xb2I$\xb6\xdb&\xdb*\xec\x96m\xb4\xed\x82\
\xb0\x1b\x7f\x18&\x93\xf5mG\xa7\xfb\xf1e\xbd\xee\x98\
 \x10\x02\x00\x1bd\x9b\x05\xb7\xe9\xb4\xd3m\xec\x92m\
\xa5\xff\x00\xfb\x7f\xb6\x96S$\x96!3\x12yn\xd6\
I,\x92\xcbui\x82$\xb2Y$\x92I$\x96%\
,\x13\x93\x84\xad\xb6\xdbI\xb7\xbbM6\xdbm\xb6\x9b\
_mr\x92\xc9%\x92I$\xadm\xb7\xfbM\xab\xbf\
\xa7\xd7X\x1bN\xed}\x12v\xcb4\xbf\xcbE\x97\xed\
\xfb@7\x11$9d[\xe5\x17\xfb\xc8\x0bm\xab+\
M\xb6\x8f\xe4V\xd4\x92\xcbd\x92\xd9\xbc\x92Yd\xb2\
I%\x92H1)\x82%\x92I$\x92I$\xb2\xb7\
-\x06Z\xf0\x0d&\xdbM\xb5\xb3m\xa4\x9bm\xb6\x9b\
[}c\xd2I$\x92K$\xb2\xc9\xf6\xfb\xcd\xadz\
4\x88}\xc6\x8e\xdeYu\x9f\xdb~\xb6\xcdC\x92\xfd\
\xb0\x00\x80x \xab,\x7f\xe7\x16\xdb\xc9\xb2[5+\
m\xb5Q\x04g\xfc\x92\xc9$\x92Z\xe5\xb2\xd9e\x92\
I%\x92I\xb0\x0d[\x14\xb2\xc9,\x92I$\xb6\x9a\
\x09\x12\xd8FH\xb7\xfe\x7fn\xd2\xed\xb6\x93m\xb6\xd2\
_\xed\xb1\x7f\x89\xfe\xd0\x80\x9c\xb5K\xbe\xebZ5\x8e\
\xb6\x0b\xf6\xe1u\xa4\x80d\x9b{,!Z\xd02]\
\xff\x00\xefR\x92A:%\xa0n\x97\xfb5\xfb\xa7\xb5\
l\xa4\xef\xf5\xb5$\xa3\x12Ie\x92\xd9m\xb6\xdbl\
\x92Yd\x92PH~J\x95\xb2K$\x92I$\x92\
RA\x12JB\xf0N\x05\x9bm\xfeI\xb6\x9bm\xb6\
\x9b{}\xb6\xc4ZO\xe2\x92\x9c\x8eI\xfc\xabl<\
\xbb\x94\xb3\xd7\xfd0-\x80l\x9d&\x0d$\x90A.\
_\xf7\xe9\x92KE\x80e\xa4~\x9e\xdb\xef\xb6\xf8\xb7\
\xbc\x9b}\xf8:7\x1b\x12[-\xb2\xdbl\xb6\xd8T\
\x92[$\xa4PATc@\x01I$\x92I$\x92\
K\x00\x96H\x0c\x80\xc9d\xa9\x838\x1f\xe6\x9bm\xb6\
\x92\xdbm\xb6\xd3o\xb6\xc5\x83\xf1\x0f0\xf9\xf3nD\
p!\x1d\x9d\xc7y\x04\x91Y<\x82\x93@$A+\
S\xf3j\x92\x08dP\x0d\x96\xff\x00\x93\x1bo\xb6\xd6\
\xfd\xb7\xff\x00\xff\x00\xbe\xfd\xef\xf7\xf6}\xb82[e\
\x9e\x13o\xe4\x91!$\x92O2a\x00\x18K$\x92\
I$\x92I@\xb2JL\xa4\xdbm\xa4A\xa0-N\
\xd3m\xb6\xdb\xdb}\xf7\xf3o\xbf\xd8|6\xe7\xb6\x98\
\xd7\xef\xcdt\xe2)\xe5sh \x02]\x9d\xef*{\
o  \x05)\xd4X\x01`@\x0c\xb6\xfd\xdb\x00o\
\xf7\xd6m\xf6\xdbo\xb7\xbd}\xf7\xfb\x7f\xbc\xb6\x7f%\
\xbaYi \x11!$\x12\x99\xa3l\xda\x12\xc9d\x92\
I$\x92I 6\x03`6\x81E\x96\xc9$\x92\xc9\
\xf6\x16\x08S\xdb\xef\xb6\xfbOg\xf2m\xf6\xff\x00|\
\x9e\xdf\x7f)^\x82\xb8\xb0\xdb\xec\xdb\x82@ \xcb+\
d\xcb) \x84\x92\xdf\xd2\x09A\xba\x0c\x92\x7f\xb3i\
\xed\xf6\xdfm\xbf\xff\x00\xed\xb7r\xb5\xb7\xdbm\xf1~\
\x7f\xb6\xd2I%\xb02I$,\xa2\xc4l\x9b2K\
l\x92I$\x92Id\x96\x93m\xb6H$\x92\xc9$\
\x92J\xe4\x8bPw[\xed\xf6\xdbO'\xd6}\xff\x00\
\xfb\xfe\xdf\xc0\xc9)^\x12;\xe6\xb9\xb8D\xedm\x97\
\xc9m\xb2K\xf5\xa4\x83\xfe\xdb\x0e\x08a\xb8\x0c\x96o\
\xbf\xc9&\x9e\xdb}\xbe\xfb\xcf\xf469\xbf\xfbm\xb1\
~o\xfe\xf2I%\xb4\xb2A\x04qVdl\x00\x14\
c,\x92I$\x92I$\xb2Y,\x92\xc9$\x92I\
$\x92I-\xb2G(\x1c\xab\x90\xdbmf\x9b}*\
\xbbm\xb7\xdbY\xbe\xd2\xa8\xab\xe0O\xb1%\xb9\xdf\xfb\
\xa5\xb0 \x00/\xf8\xa6\x00.\xfd\x09%HA2H\
G\xdb4\xd0\x1bm \xff\x00-\xf5\xb6\xcb\xbe\xfb\x7f\
\xbb\x7f\xff\x00\xf6\xdeI$\x92\x90A$:I\x04\xfe\
\x014\xe3%\x96I$\x92I$\x92I$\x92I$\
\x92Y$\x92\xc9d\x922I#\x08/[on\x9b\
\xfd*\x9fm\xbe\xdf\xff\x00\xbf\xd2(\xb6\xe0K,\x8a\
\xa4\x8d\x9b\x02M\x9b\x83D\x9c\x12@!m\x01\x08\xc8\
\x09\x16K\xaf\xdbl\xda[\xdf,\xff\x00\xb9\xb4\xb6K\
\xff\x00\xfb\xfd\xf2[\x7f\xf6\xdaI,\x92\x92\x09$\xc0\
I\x04\xfc\xd1\x14\x81,\x96I$\x92I$\x92Y$\
\x92Y$\x92I$\x92I,\x96\x122G\xff\x00\xf1\
\xe2Fw\xdbm\xb6\xdb\xd9\xb6\xdbo\xa1&Zf\xe1\
@\xa7\xfb\xe0\x00 \x90\xd0 \x00B\x97^\xe7`\xb7\
\x13(\xd9\x89\x04I*[\xef\xbfM\xda\x94'Y-\
\xb6\xcb#M\xb6\xd3M\xfd\xff\x00\xf9Y,\x92\xd0B\
B\xceI4\xfd\x81\x0a\x03%\x92I,\x92Ie\x92\
Y$\x92I$\x92I%\x92\xc9e\x92\xdasg\xff\
\x00\xf6\x11&\xbe\xfbm\xb6\xdbK\xb6\xdb\xed\xefb\xca\
g\x85K\xdd\x84\xea\xdd\xb6\xd8H \x12Ks\xde\x04\
\x00\x00\xedH\xc9\x81 [e\xff\x00o\xf6I&\xdd\
x\xc9m\xb6\xc8\xfd\x8d6\x9bm\xb7\xbf\xd9\xd9$\x92\
\xc0L\xa0\xe6H4\xd4\x96u\x92@2I$\x92I\
$\x92I$\x92I$\x92I$\x92[$\xb6\x0aN\
\xdf\xff\x00\xb7\xdf\xfd\x93\xb5\xed\xb6\xdf\xff\x00\xb6\xdbm\
\xbb \xc9h\xd8\xe3\x07\xc4.\x9a\xb6Y+y&\x09\
\x0c\xf6FH\x94\x94;\x02P\x0dK%\x9b\xef\xf6\xc9\
\xa4\x94\x83\xc9$\xb6\xc9-\xbeJ\xdam\xb6\xbf\xda\xd9\
$\x96\xd9\xcbnI-\xa4\x83\xff\x00u\xb5 \x12I\
,\xb2I$\x92\xc9$\x92I$\x92Id\x92\xcb,\
\x96\xeaF\xfb\xff\x00\xbe\xff\x00\xfd~\x02\xed\xb6\xdb\x7f\
\xb6\xdbm\xbe$\x99'\xcc\x1c\x11\x5c\xd7\xf6\x8d\xcbl\
\xafl\x08 \x8f\xb6l\x14\x9d\x02\x13\xb0 \x83-\xb3\
}\xf7\xfb\xb4\x9d\x83I,\xb2Kl\xbaZ\x9ai\x82\
\xff\x00\xfa\xdbd\x92Y\xcaW\x91$\xa0\xd9\x97\xb9$\
\x08\x92\xc9$\x92I$\x92I$\x92I$\x92I$\
\x92Y'\xec\x02N\xff\x00\xff\x00\xb6\xff\x00\xff\x00\xff\
\x00\xdbM\xff\x00\xdf\xff\x00d\x9bm\xbfd\x8b\xac\xb6\
>\xa7\xc3\xec\x00;\xfd\xf5\x92o\xb8&\xf1~M\x82\
P\xa5 \xd7\x00\x90\x92{\xed\xe7\xfb\xff\x00\xf4\xa7N\
I\x04\xd9\xff\x00\xd2wl\xb6\x10\x9f\xfeX<\x92\xcb\
\x93\xa4I$\x92\xd9E\xea|\xd0\xb6Y,\x92I$\
\xb2I$\xb2I$\x92I$\x92Y'\xd7\x12G\xdf\
\xff\x00\xbe\xff\x00\xff\x00\xff\x00\xd0\xa1\xb7\xdfod\x9b\
m\xbf`\x98=0\xe7D\x94\xa4Fh\xc8rv\xcb\
\xf4\xb2\xd1~m\x80Q\xa1\xb2\x96 \x02I\x12\xef\xa7\
\xfb\xfd\xff\x00\xdchA$\xdb\xb5\xb6_%\x96\x90\x05\
\xba\xd9E\x92\xda\x8d\xd2[$\x92\xc2\x01 \xac\x86\x97\
A$\x96\xd9$\x92I$\xb2I$\x92[$\x92J\
A\x84}\xf6\xff\x00\xed\xff\x00\xff\x00\xff\x00\xfe\xff\x00\
\xfd\xef[}\xf7\xdb\xed\xbes\xe9$\x8c$\xa0-\xed\
\x81?j\x10\x7fY\xb8\xd6\xb5\xd4\xb2\xaa8i\x14\x0c\
\xe0\x02A\x00_\xaf\x7f\xfd\xf6\xc0d\x016\xa7\xfe\xd6\
\x07$\x86\xe0\xde7j\xed\x96J\xc6\xf2\xc9%\x92\xd0\
A\x00\xbe!\x0e\xf3e\x96Y$\x92I$\x92I$\
\x96K,\xb6X,@\xef\xf7\xdf\x7f\xff\x00\xff\x00\xff\
\x00\xff\x00\xff\x00\xdb\xf5\x9bm\xf7\xdb}\xbeb\xfb,\
\xa8\xd2\xd9;N\xf0\x0e\x97\xc1\xe7\xdaF\xed$$\xb6\
\xb81Y\xf0\x0c\xfb\x82\x09\x00Y\xe5\x7f\x7f\xbe\xe90\
\xd92\xff\x00\xff\x00\xd6\x87f\xfdT\x99\xb7\xf8\xad\xb2\
\xc8\x8e2\xd9$\x96Yd\x96\xc9#\x18!\xa06K\
,\x92I$\x92I$\xb2\xd9d\x88\xd8!\x00\x7f\xf7\
\xff\x00\xfd\xff\x00\xff\x00\xff\x00\xff\x00\xb2Km\xf2m\
\xf6\xfbm\xb7E[ \xabt\x14\x0b\xff\x00a\x0d\xe3\
{\x87\x01\xe9\x1c*\xe4\x96PZT\x04\x8c_\xbf\xb9\
\x00\x10N\xb26\x9e\xc9\x90\xdc$\x7f\xfe\xf6\xdf\xbf\xdb\
\x90\x92j\xd9d\xb6H\x14\x96I$\x92\xd9$\x92I\
!\xa9\x86\xf96Ye\xb2Ke\x92I,\x92Y\xfc\
\xa6I\x11\x04\xff\x00\xfe\xfb\xff\x00\xff\x00\xff\x00\xff\x00\
\xfd\xf6\xcbl\xa3m\xb7\xfbo\xb7e\xcb(\xaf\x0c\x5c\
52O\xc4\xb9\xa4d\x7f7\xd8\xb8\xa5\xb2PST\
\x06\x19\xb2\xef\xf6\x00\x80\x05\x93\xa7e\xb2\x11\xf8\x80o\
\xf7\xf6\xdf\xb6\xdcH\xd3j\xd9m\xb6J\x15\xb2I$\
\x92I$\x92I#m\x90\xf0\xbdYl\x92[d\x96\
\xd8\xbev\x10\x06\xd6$\xd7\xc9\xef\xff\x00\xfb\xef\xff\x00\
\xff\x00[\xff\x00\xfb\xdbmzm\xb6\xfb\xef\xfdgy\
)\xe0\xa1`R\x15)\xdbS\xcdVy$\x9f\xb8\x8d\
\xba\xf6H_\xa2s\x04\x89j{\x82M\x96\xc9d\xb6\
\x03$Y\x83\xb4\xb2Z.\xf6\xd6\xdeI\xd8\xd5\xb6\xcb\
m\x92I$\x92I$\x92I+I\x91\xbb\xb2\xd9-\
\x96K$\x92H\x13\xd2\x00\x03v\xb4\x9e\xfb\xff\x00\xb6\
\xfb\xff\x00\xff\x00\xff\x00K\xbf\xff\x00\xdblb\x11\xb6\
\xdfm\xb7\xa7{`\xc4\xb0\x846\x08\x0a-H\x9b\x92\
\xc4\x0c\x9bb\x84\x9aP@V\xc4H)+#{\x00\
A2\xdbd\xb2[l\xbf\x02\x0d\x96X\x06\xd6\xd6\xde\
I\xefe\xb2Ql\x92I$\xb2I$\x92I$\x92\
J\x0d\xb1\x94\xa5\xb2Q#L\x10y4++d\xae\
\xd8?\xff\x00\xf7\xdf\xff\x00\xfe\xff\x00\xff\x00\xfd\xb6\xc9\
\x17\x0e\x95\xc6\xf2\xed\xfe\xc5%\x22\x833\x93\x22d\xcb\
s6H4\xb5iGf\xe2V\xd9b\xed\xd0\x07$\
\x06$\x89l\x00\x16\xd9`6H\x10\x01\x90S\xf6Z\
\xd7\xd1\x90\xdaM\xfd\xf1\x9b\xa1l\x92I$\xb6I$\
\x92I$\x96HM\x96m\x1d\x92X\x0aA\x81p\x14\
\xc1kd\xae\xd0;\xfd\xf7\xff\x00\xff\x00\xfe\xff\x00\xff\
\x00\xfd\xb6\xc9[\xd6\xb2\xf6\xf6\xfd\xbe\xc5'b\xbd\xb3\
\xc8[p\x19\x10F\xde\xf1\xed\xb9c\xe6\xe3V\xda;\
\xcd\xd2\x05\x04s\xc9\x09~I\x00\xdbm\xb2\xca\xac\x82\
\x80\x8a\xf6\xdb\x1f\xf4H\xdc\xaa\x7f\xbd\xf2\x19$\x92I\
%\x96I$\x92I$\x92I-\x96\xdba\x05\xda\xdc\
\x04\x12\x0bi\xb4I;}\xff\x00\xff\x00o\xf6\xff\x00\
\xff\x00\xff\x00\xff\x00Km\xb6\xd8\x87\x00\x01U\x1bM\
\xb6\xd2\x15+\x83V\xad\x82\xc4&\xa6\x80\x14\xa5\xb7\xf3\
Lt\x8fQY/\xe17l\xb2\x02U\xc0\x1f\xf8\x00\
\xa4\x0c\x84\xfd\xbb\xb6\xda\xc1\x1fB-\xedXL\x12\x13\
\xb88\xc9$\x92I$\xb6I$\x92I$\x92Ie\
\xb6\xdbc\xd0\xb6\xd3\xb6\xa6\x0bM$\x00\x1b\xff\x00\xff\
\x00\xff\x00\x7f\xff\x00\xff\x00\xff\x00\xff\x00\xff\x00\xd9m\
\xb6\xd8S@\x03O\xdbM\xb7\xe8\x85e\xa9X\xe5|\
\xec\x15\xcd\xfd\x0bg\x81\xff\x00\xc8\xe6\xc7j[/\xc5\
4Cv\xc8\x10\xff\x00)\xff\x00\xe0K,\x92\xed\xf9\
\xf2\xd8\xec\xb2\xc2,\xf2XA\xb6\x93\xb9\x13\xc9$\x92\
Il\xb6I$\x92I$\x92\xc9(\x00\xdbe\xb6\xe9\
y{\x90CV7\xff\x00\xdb\xfd\xb6\xfbo\xff\x00\xff\
\x00\xff\x00\xff\x00\xff\x00\xfd=\xb6\xd8P\x00\x00\x04;\
\x7f&\xd9\x0d\xac\x85\x88\xb7\xce\x17\x06\xe0d\x1d\xb4\xa1\
\xe0\xacm\x1bE\x12\x05\xc9?cm)\x13@\xa5k\
\xdf\x91\x12`\x82\x1f\xc6ZG\xc0\x12g_\xef\x05\xb6\
Yhv\xc9$\x92Im\x92I$\x92I$\x92K\
(\x04\xdbm\xb6\x05\x12d\x82F\xf2\x7f\xff\x00\xff\x00\
\xef\xf6\xff\x00\x7f\xff\x00\xff\x00\xff\x00\xff\x00\xfb\xfd=\
\xb6\xd8\xd0\x00\x00\x0a{mf\xd9\x0f\xa5\x9e\xfe\xbe\xe3\
\x9e\xf8\xe1\xa0\xfdw]X\xa5\x8f-\x88\x82L\xf2\x82\
\x09 \x94\xaf@\x02\x04{Z\x95\xa4\x83D\xb4\xfe\x8e\
\xe4\x82\xd7{\xee\xa5\xb6K\x22VI$\x92Kl\x96\
I$\x92I$\xb2I%\xb6\xdbm\xb6\x80I\x85G\
\xb7\xff\x00\x7f\xff\x00\xff\x00}\xff\x00\xff\x00\xff\x00\xff\
\x00\xff\x00\xff\x00\xff\x00\xf2[m\xb6\x11 \x00\x00\x00\
\x12\xed\x16\xff\x00\x19\x1c\x8e\xf9\xb4\xf6\xb0~t\x87\xae\
\x86\x0d\x9e\xef\x1b\xd3\x0d\x96H\x12\x91m\x84\x10\xd8 \
pA1\xff\x006\xa9O\xde\xff\x00\x9d\xb8\xe4\x03,\
\x97{=\xb6\xdd\xe1\xf2\xc9$\x92[,\x92I$\x92\
I$\x92I-\x96\xdbm\xb2\x80\x01\xed#\xf7\xfbo\
\xb6\xdf\xed\xf7\xff\x00\xff\x00\xff\x00\xff\x00\xff\x00\xff\x00\
\xf6ol\xb6\xfd`\x00\x00\x00\x1c\xff\x00\x1e\xdf\x81\x5c\
\xae\xeaj\x16\x96yfJ\xec\xec\xadE\xb0\x14\x81\x0d\
\xf2\xd9)7,\xa4H\x01\x04\x9c\xd8<\xff\x00\x9d\xff\
\x00\x9f|\xbfs\xb1\xe4\x11e\x93{=\x96\xdcN\x92\
I$\x92\xcbm\xb2I$\x92I$\x92I(\xb6\xdb\
m\xb6Z\x00(1\xcb\xff\x00\xff\x00\xfe\xdbo\xff\x00\
\xff\x00\xff\x00\xff\x00\xfb\xfd\xff\x00\x96\xdbk\xfb\x9c\x00\
\x00\x00\x00\x04Q\xb7\xdbf0\xb6\xfd\xda\xda\x1c\x89\xaf\
\x0b\xfcMIk\xa0\x9e\x94\xaf6O\xfejM\x9c\xcb\
im\xdd\xc0\x04\xb8\x08\x05\xff\x00d\x80I\x04\x11\x13\
l\xad\xf4\xad\x96@\x04\xb2I$\xb6\xcbl\xbdI%\
\xb2\xc9$\x92I$\x16\xdbm\xb6Z\x07\xe7E\xae\x7f\
\xff\x00\xfe\xff\x00m\xff\x00\xff\x00\xff\x00\xff\x00\xfb\xff\
\x00\xff\x00\xb6\xcbgi\x80\x00\x00\x00\x00,\xc7\xb7\xdb\
\xe6\xcb\xd6\xdd\xd1~\xe3\x1a\x0f\x06\x1a\x00\xedS\x85p\
U\x93\xa6I\x0f\x94\x01\xd8K*)L\xd5\x96\xb6\x08\
!\xa5\xf4\x89Z\xfe\xf0\x81e\xb9\xf6}\xb2P%\xb2\
I$\x96\xdbl\xbfIe\xb6I$\x92I$\x86\xdb\
m\xa4\x92\x00\x22\x92A\x0cg\xf6\xff\x00\xff\x00\xbf\xff\
\x00\xff\x00\xff\x00\xff\x00\xff\x00d\xf6\xdb'\xee\x00\x00\
\x00\x00\x00\x00\xa36\xdbnX2\xbb\xae\xe8\xb6K\x88\
6\x0c\x9d'*\xcb\xc9C \x82ol\x91\xab@\x7f\
d\x80\x86\x91r\xedWn\x89\xb1Qom\x93\x00-\
\x80\xc8\x0f\xd6[,\x92\x81 \x12\xdbf\xfaI-\x96\
Y$\x92Id\x86\xdbm\xa4\x92\x00\x22\x92\x08)s\
\xfe\xff\x00\xff\x00\xff\x00\xff\x00\xff\x00\xbf\xff\x00\xff\x00\
d\xf6[h>\x00\x00\x00\x00\x00  \xd7\xfbnU\
69\xe1\x88\xcc\xb9\xa3\xb7\xb7\xfc$\x0a\x02\xb0\xe7\x1b\
\xcf\xc1\xb2\xc6\x04\x9b7g\xd2c\x5c@\x91\x08/>\
\x005W-\xbf\x82m\xa4XG\xd6\xc3-\x92\x13%\
\xb6\xdb&\xdaId\xbbK$\x92I$\xa4\xdbm\xa4\
\x00\x00\x18\x90\x92I%x?\xff\x00\xff\x00\xdf\x7f\xff\
\x00\xff\x00\xcb-\x96\xdb\x9b\xe0\x00\x00\x00\x00\x00\x04\x91\
v\xfbo@z\xcb1D\x88\xf5\xaf\xd9\xfa\xfe\xd9\xc3\
d\x9d\xda{~\xda\x8e\xfa\xd3\xdf\xf8\xdc\x92\x83\xf8 \
\x14\xd6L:\x81#\x9fb\xec\xcc\x0d\x92\xd9%\x96\xd1\
$\x92Id\x96m\xbf\xd0Id\x96\xcb$\x92I%\
\x84\xdbm\xa4\x92@\x14\x90\xd3I$\xfd\xbf\xff\x00\xff\
\x00\xff\x00\x7f\xff\x00\xff\x00\xcbm\xb6X\xb0@\x00\x00\
\x00\x00\x00 \x11n\xfbnXz\xd99B\x08\xfc5\
\xdb\xf9\x1e\x12\xcf\xf6\xaf\x1c\xc7\x13\x09\x8a\x9d*\xcb\xd5\
\xf2\x09J2`\xc2S\xfd\xd0\x01$\x11c\xcc:\x0d\
\x96\xc9e\x92\x1dm\x92Ke\xb6o\xbf\xd2I$\x96\
I$\x92I$\x96\xdbm\xb6\x90BMC\xb2I'\
K_\xff\x00\xff\x00\xff\x00\xff\x00\xff\x00\xf6\xdbm\xb5\
\xfe\x80\x00\x00\x00\x00\x00\x00#\x82I\xdb\xa9\xb2@K\
\xbe\x0f\xa6a\x1b\xc7\xe9\x02}A=\xc6W[K,\
\xa4\xb1jS\xc8\x96\xe4\x9d#\xc9\x93\xb2\xb6n\x89\x04\
\xef\xfc\xa9\xf1\xee2\xd9%x$\xdc\x96[m\xb6\xfb\
\xfe\xe2I$\x92I$\x92I$\xb6\xdbm\xb6\x00\x0a\
M\x1a\x9aI${}\x17\xff\x00\xff\x00\xff\x00\xff\x00\
\xf6\xdbm\xb5\xb60\x00\x00\x00\x00\x00\x01<\x92M\xfb\
)\xfbT\xcb\xfe\x0f\xa6+Kn\xfcN|n\xf8\xc0\
s\x03\xadf\xe7\xc8\x0c\xb5\x13\xf6\xd6\xc0\x0e@\x01i\
\x92\xca\x1a`\xd9\xb1\x13\x5c\x05\xf2[c\x00$\x94\xb2\
Y-\xb6_\xf7\xe6I$\x92I$\x92I-\xb6\xdb\
m\xb2\x80\x004\x90\xd2I\x90+mU\x5c\xbf\xdd-\
\xb6\xca\xcf\xc4\xa4\x00\x00\x00\x00 \x03\xb1$\x92I\x01\
\xfd\xf7\xa3\xca\xe73\xb2\xb0!\x98\xbb\xbc \xdeV\xc3\
Jr%\xb2\xd6Q\x0d\xfb\x90\x83\x92'\x90\x94K%\
\xbcGr`\xcb\xafFId\xb6\x1f\xad\x894\xed\x96\
[m\xb6o\xff\x00\xbeI$\x92I$\x92I$\xb6\
\xdbm\xb6\x00\x00\x08\xa6\x92I%Km\xaa7\xff\x00\
\xf9\xbc\x96\xd8  \x00\x00\x00\x00\x00\x00\x03\xf1$\x92\
I\x07\x7f\xb7\x83\xca\xe7\x06\x22\xfd\xa5\xd5\x8a\x81pE\
\xd6\xad\x86\xbf8\x98S\x09\x04\xff\x00@\x81\x1bm}\
\x92X\x0f\xd2\xbb6@5vt[,\xa9\x08\x85-\
\xa6\xed\xb2Ym\xb6\x7f\xf0LI$\x92I$\x92Y\
E\xa0\xdbm\xb6\x90\x06\x08\x84\xd2I&[m\xb6\xdb\
h\xdbl\xb6\x84\x90\x00\x00\x00\x00\x00\x00\x04\x10\x09$\
\x92I\x224\xa6\xc7\xf8\xa6\xb5\xd2<\x8a\x94\xa4\x13k\
\xbd\xa4\x91\x1f\xcd'\xcd\xa0\xf7\xba\xc7I\xd1!Kc\
c\xc9\xf4\x96\xd4\x93\xe4;-\x98I=\xa4H\xaad\
\x91m\xb2\xdbm\xbf\x7f\xfeOI$\x92I$\x92I\
D\xa0\xdbm\xb6\x90\x09\xcc\x94\xd2I&[m\xb6\xd2\
t\xdbkw/\xf0\x00\x00\x00\x00\x00\x00\x00\x10\x09$\
\x92I3\x14\xa6\xfc\xea\xa6\x95\x184\x9d\x16\x1f\xe5\xb9\
\xc9\x09\x03W\xfd\x7f\x03[\xad\xbfL\x19\xf9\x14[d\
\xb7\x83$\x92\x5c\xd3\xc4\x87-\xb0\x11t\x96n\xe3d\
\x03m\xb6\xee\x9f\xff\x00\xff\x00\xb7XI$\x92I$\
\x96I+\xf6\xdbm\x80\x00G\xe4\xb4\x92I\x90[m\
\xb4\x98\xb2\x84\xd1 \x00\x00\x00\x00\x00\x00\x00\x00\x00\x02\
I$\x92I$\xb4\xe6\xf9\x034\xc4\x8a\x85\x89\x15\xfc\
\xb0\xa4\x11S\xd6%\x924C\x13\x89,\xd2\x14T\x94\
\xf7\xe5\xb9$\x0c\x98X\x92t\x86\xdd\x96VA\xf7\x0c\
\xd0$\x01l\x9f\xff\x00\xf7\xff\x00\xfe\x99-I$\x92\
I$\x92K+v\xdbm\x84\x10\x0e\xe4\xb4\xd2I\x10\
[m4\xd8\x92>\x16\xc0\x00\x00\x00\x10\x00\x00\x02\x00\
 \x00I$\x92I$\x95\x17\xf9Qt\xcd\x1a\x84\x89\
\x87\xfc\xbe%\xa44*\xfbv4\x0fS3,\x96`\
\x18\x14\xec7\xf36\x0d\x9f\xcb\x1bb\x16\x9d\xb6T\x01\
\xdd$\xd0$\x13m\x9f\xff\x00\xff\x00\xff\x00\xff\x00\xfe\
mI$\x92I$\x92*M\xb6\xd8\x0d\x91\x00\x0a$\
\x94\x92I\x92\xdbm\xa6\x84\x92H\x00\x00\x00\x00\x00\x00\
\x01$\x80@\x00\x92I$\x92I$\x02F]\x0dw\
\xe0)\x8eV\xed\xf5\xd6\xf8\x93V\xa4\xd6\xfb\xfc\x9f\xe0\
\xfc\xa2[\xf6\x936\xef@\xbb\xed\x04\x96\xc9#w$\
\x9f\x92\xc0\x08\xb9\x84\xd3M\x1d/\xdf\xff\x00\xff\x00\xdf\
\xd1rmI$\x92I$\x92\xabm\xb6\xd8\x0d\x95\x00\
\x05\xa4\x84\xd2I\x82\xdbm\xa7\xa4\x92ID\x80\x00\x00\
\x04\x00\x00$\xb6I$\x92I$\x90@ \x92N=\
\x0f\x7f\xc4\xa9\xc2\xd2y\xbd\xdc\xcc\x9bTK\xe8\x09\xa5\
\xb5\xa2\xd8:I\xa1\xb1V\xfc\xc9\xbf\xfd\x1f\x98\xdb#\
Cf\xda\xdfCc\x22\xdc\xd3D\x1c\x9f\xff\x00\xfd\xfe\
\xff\x00\x83\xf3m\xc9(\x92Qe\x9b\x83m\xb6\xdaI\
\x00\x00J$(\x92M\x02\xdbm6\xa4\x92Idl\
\xb8\x00\x04\x00I$\x92H$\x92I \x90I \x92\
I%A/\xbc\x13\x11\xf22D\xcb\xf6P\x0e\x00\x0d\
\xa4\xbfz\xb7\x91\xfb\x7f{\x06\xed\xca1\xbf\x7fCL\
\x89$@`\x81\x12S kKgG\xff\x00\xef\xdf\
o\xb2~B\x9bmJH\x92\x09%\x96\x83m\xb6\xda\
\x09\x00\x00K$T\x92I\x92\xdbi\x80\xa4\x92Y#\
\x84 \x00\x04\x12H\x00\x90@$\x82I$\x92I$\
\x92I\x06k'\x9c\x91-\xd6\xd6\x0d\xcf\x8dM&H\
M\x84\xb6J\xb4\x14G\xc0%\xbf\xb6\xcas?}\x02\
h\x89%@-\x916\xc1)%I\xfe|\xef\xaf\xfb\
%\xfbg\x0e\x9am\x81$\x96H\xd0\x16\xdbm\xb6\xc8\
\x01$4i\x09\xa4\x92L\x86\xdbm\x01$\x92I&\
\x925\xb8\x04\x82I\x04\x02I.\x10I\x00\xb6I$\
\x92@$\xfbs\xfeSck\xd9\x1fYi\xc5\xc4\xed\
cl\xfe\xde;%\xbbI|\x99\xad\x7fy\x04O\xba\
zY$\xa6\x82\x01\x84\xeb\xeaXI\xb4@\xb7\x93M\
$\x96\x87\xb5\xebm\xd9!6\xcaM\xb6\xdbm\xb6\xda\
I?\xa7y\x09\xa4\x92t\x16\xdbm\x81$\x92K-\
\xa4\xcc\x1aD\x92\x09 \x00\x08$\x92H \xa6\x09$\
\x80A$A\xc5z\x1f*KY^Y\xbe\xd0\x9d\x03\
\xf6\xe1\xb6\x9b\xb1\x00\xdc\xa0\xee\x95\xd2o\xf92\xdf\xba\
K\xd9l\x90\x12\x01\x80\xea\xd8xI\xff\x00\x04'\x92\
m$\x91e\xb5Km\xdbm\xb6\xdbm\xb6\xdbm\xb6\
\x10\x08\x04%(D$\x92H\xb6\xdb`\x15$\x92H\
Bd\x92\xd7@\x80A)\xac\x17\x04\xb8:\x0d\x22I\
\x04\xd2@<\x80A_\x10IFMV\x7fX@\x14\
\xb4\x9bm\xb4\x9bu\xa0\x92\xdbi\xf2m\xfe8\xe6K\
\xb5k\xc9m\x91XA\x07p\x88\x1b\x81\x22\x05$\x92\
I7J\xad\xb6\xdbm\xdbm\xb6\xdbm\xb6\xdbm\xb6\
\x02@\x006H@$\x92H6\xdbd\x87$\x92Z\
J`\x10\xdfD\x90I$u\xd9\x00\xc6ND\x8eI\
\x00\x1aI\x12\x82M\xbe\x12\x08F\xcd\x16{9o\xe6\
\xfe\xdbi4\x9aQ\xa0\x9b\xdbi\xf2I\x8c\xc7FY\
\xbdKIe\xb3\xa8\x08\x03\x9e\x81\x1b\xb5b!$\x92\
I\xb6L\x8d\xb6\x92m\xdbm\xb6\xdbm\xb6\xdbm\xb6\
\x93 =~BI$\x92e6\xda`\x99$\x92Y\
d`\x82\x01\x00\xa7\x11 \xfd\xa9\xc4|Ki\xfe\x91\
\x09$\x016\x82I/\x00-gYK\x10=*\xe4\
\x0e\x0ai6M\x99\x82\x99\x11\xff\x007\x09'\xb8\x22\
i\xd2\x0b\xc9m\xb2\xaa\x92_.\x84\xfb\xf1\x12\x01&\
\x02\x7f^\xdbm\xb6\xdb@\xdbm\xb6\xdbm\xb6\xdbm\
\x96\x03\xb8\x0fbBI$\x92a\xb6\xdbd\x09$\x92\
Yld\x82\x00\x0e\xd7n\xc4\xff\x00!\xe4\xec\x0d\xb6\
\x91)\x00\x90\x012\x02H\x06t\x98\xa3\xcbB0\xbf\
b\xfc\xb3,\xb2}\xf8\x09\x80\xd4\xa9}7)6r\
0_\x93/[,\x92\xc8I8\xbc\xc4\xdbc\x12%\
7\xb2Mj\xdbi\xb6\xdb@\x18:\xe5\xdbm\xb6\xdb\
i$\x02\xd9,r\xdbI$\xc5\x0d\xb6\xdb`I$\
\x92[\x18 \x10I2\xc5\xe9\x1b\x10\x01\x04\x00@'\
\x10\x09$\xfc\x9c\xc0\x92\x09$\x83\xbb\x0cI\x05\xbe/\
kQ\xa6\x99\x04\x10Cp\x12\x9f\xe7m\xb3I$\x87\
Qks|\xc9$\x91\x92i\xfd\xbe@?\xfb\x14\xf4\
$\x8aw\xb6\xef\xa9\xb6\xdbi\x90~y\xdbm\xb6\xd9\
(\x04\x02\xd0$\xe2\x92I$\x81\xed\xb6\xdbd\xc9$\
\x92K\x11 \x02\x006[q\x1f\x90@\x00\x00\x00\x03\
\x00\x00?\x91$\x00\x92H$\x907\xcd\xc9\x0d\x98\xbd\
\xbaS\xa6\x90\x04\x80I\x02\xd9o\xc3\xff\x00\xbaI\xa4\
\x84\xd4\xe9rFIl\xb5\x02\x1eB-\x91\x1by^\
0\xa6\x13\xcb\x91\xec\xe96\xdbmI$\xaf\xf1W\x12\
\xec\x08\x00\x00\x014\x80\x9aI$\xd4m\xb6\xd3MI\
$\x92\xcb\xb9 \xda\x0c3\x82\xd1\xe4 \x01\x00\x80\x08\
\x00\x00\x00\x00\x02\x009\x93@$\x12M \xc9e\x89\
-%OTH\x04\x10\xd0\x1b\x91\xff\x00\xc6o\xf3X\
\xfc7\xe5-\xb6Bi`\x04\x127\x8d1P\x1dK\
\x8e_jP\x0d\x91jM\xdc\xdf\xe9I$\x83\xca\xf1\
b\x92\x00\x00\x00\x06\x0a\x82\x92I%\xb1m\xb6\xdbv\
I$\x92\xdb\xf0\x00HO3\x81\xfb\x00\x04\x00$\x10\
\x01 \x80\x00\x00\x00\x00$\x11\xd1$\x12E\xb8I,\
\x86-%I!m\xb6oa?m\xbd\xa6\x7f\xbaA\
\xec?\xee\xbf\xbffij@\x12\xfe\x96\x05Y9\xed\
7[>\xf8\x09\x10\xdaMV\xdbmI$\x92I$\
\x93\x9d\xf0\x03tb$&\x92I$cm\xb6\xd16\
I$\x96\xf2\x08\x04\x02@.\x03aOgH \x00\
\x01\x00\x80@\x04\x00\x00\x04\x80\x98d\x92I\x1d\x0d|\
\xb0\xfd%\xc9\xb7\xf8?\xfeO\xdb\xff\x00\xb5\xbf\xebO\
\x1f\xec}d\xd9\xf6*Kc\xc4\xd8\x15v\x86\x030\
\xbf\xe0\xc7&\xd95\xb6\xdbm\xb6\xd0-I$\x92I\
$\x9d|M\xbc\xbeK$6\x92I5\x8bm\xb4\xd9\
\x12I$\xb2(\x09\x00\x90@\x17\x96I\x0b}I \
\x82H$\x12@\x00\x00@\x00\x01hD\x12I\x0b\x7f\
$\x90\xefi\x89\xb7?\xff\x00\xed\xf7\xff\x00o-\xbb\
\xf0h_\xefS\x02\xd9\xbf\x16\xcbE\xa4\xda\x94\x925\
zc\xfa\xbe\x9f6\xd8\x11\xb6\xdam4\xd2iI$\
\x92I$\x92I5\xb6\xb9\xe3J\xa4\x92MZ\xdbm\
\xb6\xd8\x12I,\x89B\x01$\x80\x18aX\xee\x83\xb6\
\xf9\x00\x82\x09 \x02\x00$\x80@\x04\x02I)\x82H\
\x04\x81\xdc\xe7\xa5\xf6\xf6\xa6\xda\xb2['\xff\x00\xfd\xbf\
\xc9o\xf6\xfbg]\xd2}\x99\xbfH\xd8\x18O\xdd=\
\x01\xa4\x1b5\x09%6\xd9\x0d\xb4\xdbm\xa5\xcf\xcdI\
$\x92I$\x92I3D\xb4\x02Q$\x92M\xda\xdb\
m\xb5\xb8\x12I$\x8d\xc0I \x80\x83,H\xa46\
5\x99\x00\x12\x09$\x90\x09$\x90\x00\x00\x02\x01\x00\x92\
I$\x80\xac\xc3\xb6\xd7\xfb\xc9lm\xd9&\xdb4\x9d\
\xad\xfd\xbf\xdb\xe6\x8e6o\xd9\xb6H\xa1\x09n-\x0a\
\x11!\xdf\x0dI!\xb6\x9bm&\xdbm\x12\xa9 I\
$\x92I$\x92I7\xcd$\xa3X,\x92~B\xdb\
m\xb6\x98\x92I-\x8a\xac@ \x03` nM\x80\
\xca\xf7\xea6A\x04\x12\x01$\x02D\xa0\x00\x00\x12\x98\
\x99\x80\x12C\xac\xbd\xf7\xb2\xdb\x15\xab4\xd2Is\xba\
@\x02\x93\xba\x94e\xbbt%\xb2\xd2nT\xeal\x13\
]\x93\xf3z\x9b)\x90\xdbix-d\xa2H\x22I\
$\x92I$\x92I7\xcd%]\x8f\xa0\x99\x13\x9e\xdb\
m\xb6\xc9\x92Kl\xaaBI \x83\xb8 \x14\x0e\xd6\
\x906I\xb4\x00 \x02\x99$\x10\x08\x00\x00\x00 \x81\
\x05$\x92A\xfa\xd5\xbe\xb6m\xef\xdeI*I\x04K\
C\x81\xb1<\xa7'\xfb\xe7\xfd\x921CC\xfb\xdc3\
O\xdb\xd3h\xdb)\x90\x9bI\x01 \x0d\x22@\x06I\
$\x92I$\x92I&\xe9$\xee\xc0\x13\xd7\xc4\xb4\xdb\
i\x11$\x92I$\x94\x90I\x04\xfd\x01\xa4\x13!6\
\xfajM6\x92M&\x92D\x00\x00\x00\x00\x00\x00\xee\
\x91\x09\xb4I\x1b6\x8f\xf6\xfd&\xebK\xe0?~\x0f\
\xd0\x86\xd5\x92\xd9\xb5\x9e\x09,\x90\x88\x0a[\xc5#\xce\
|\xdf\xf7x\x9a-\xb0\x06\x06\xac\x0d\x92\xbaI\xa4I\
$\x92I$\x92I&\xe9&\xad\x80\x11\xdfA\xb6\xdb\
I\xc0\x04\x92I%\x90\x12I\x04\xfd%\x00\x91 6\
\x86h\xdb\xe4\xd2I$\xd2i\xb6A \x12\x08\x00\x01\
(\xc4\x10I ,Z_%/\xcbt\xb6\xc4\x7f3\
cc\xb5\x92\xed\xb9\x07\xff\x00d\xa4P\x00\x16U/\
al\xde\xf3j\x9a-\xb0}\xbd\xe1$\x92VI\x84\
I$\x92I$\x92I>I&\xe3\x00\x02\xf0\x00\xbd\
\xf5)\xa1$\x92J\x90'\x90I \x05\xd9\x16\x19I\
\x00\x00\xc9\x00\xcc\x92\xc0\xf4\xeed\xa4\x09 \x92\x00\x00\
\x00@\x00lY\x0d\x89R\x7f}\xb1 \xd9o\xfb}\
f\xd2Ym\xbb\xff\x00\xca\x8e\xc8fv\xedD\xfb2\
LI~\xdf\xdft\xd1A\x93x\x00\x81,\xa0\x92L\
\xb6I$\x92I$\x92Ivi$\xaa\x00\x00\xf0\x00\
1\xf49\x05d\x92Z\xda\x96\x82\x00$\x80\xb8$\x9b\
H$\x02\x19\x00\xcd\xbaBo\xd4-,\x91\x0d\x00@\
\x04\x00@\x04~X \xae/_m\xb9$\xdb\xb1\x00\
o'\xd6\xed\xf8$\xa6\xa0\xdf\xc8c\xff\x00\xf3\x0c\xd8\
\x14Dm\xec\xde\xfb\x90\xd8k\xcc\x00\x00Y$\xa0\x92\
M\xb6I$\x92I$\x92I\xb3I'-@\x92\xa0\
\x00\x00\x00\x0b\xe4r\x92Im$\x92H\x04\xca\x09\x04\
\xaf+\xb6\x05\xfd\xb3J\xa3\xff\x00[oZ,F\xcd\
\xb4\x08\x00\x02H\x00\x10\x01?\xac\xde\x1d\xde\x07\xedo\
g\xdf_\xfe\xd6|JI\x7fe\x80L\x1d\xa02F\
\x92XCk\xee\xda\xfb\xf0\x80\xf5&\x00\x12\xc9)&\
\xde\x096I$\x92I$\x92I\xb3I%d@\x02\
\xe0\x00\x00\x00 `\xb2\x16Z@\x00\x82H \xc8\x09\
\x04?+\xa4\x93\xf4\xa7I[l[kW\xe6H\x09\
$\x01$\x10\x00\x00\x00\x00 \xfb\xaf\x07\xbf\xfe\xea\xa6\
G\xc9-\xb7\xe4\x82\x07\xfb;l\xb6iw\xf2\xd0N\
\x96\xdaK}\xee\xdf\x1b\xb3\xb6\xb1\x80\x01\x12\xc9)&\
\xccI6I$\x92I$\x92I\xf2I%0\x00\x12\
\x00\x00\x00\x00\x00\x00O\xcd\xc2I\x00\x82@\x03|\x08\
$\x11\x99\x00=\xd4\xff\x00\x84C$\xb5\xfcv\xda\x98\
\x1b\xbeA \x10\x91 \x00\x08\x00\x00\x003\xb3\xb6\xfb\
m8\x80I\xb7\xc4\x11\xf6\xf6XA3\xb8@\x00\xca\
\xd7\xd6\xca\xf7\xdbv\x94\xea\xc9l \x02\xd4\x92\x12I\
$\x92\x01\x04I$\x92I$\x92Y\xb2I\xdb0\x00\
\x12\x00\x00\x00\x00\x00\x00C\xd1\x08\x01 \x82I5\xee\
I$\x10\xf9\x0c\xe6\xbb\xbb C\xe4\xfek\xb6\xdbe\
\xb2\xae\x09$\x00\x91\x00\x10\x08\x00\x00\x08\x00\xf6\xc12\
\x82X\x80\xdaI\x12K\x04\x92\xd9%\xbe\x0aA\x1d[\
\x22R\xfeN\xdbe\x13\x1b\xcb%@\x03d\x92\x82I\
 \x92L\xa4I$\x92I$\x92\xa4\x92I\xcc\x80\x00\
4\x00\x00\x00\x00\x00\x00M\xb6\xf5]$\x82\x09$J\
\xeb,\xe0\x00$\xda\x00\xe4BM\x84\x03\x22_[m\
\xaa6F\xcd\x12\x01\x00\x90\x00\x00\x00\x00\x00\x01E\xe4\
\x92\x08v\x02\x98\x12\xcb-\xb2\xd8\x00b\x10\x83^{\
\xf7\xb7=\xb8\xec\xfdM\xb2@\x90)\xc8A \x93a\
\x04\xdbm\xb6I$\x92I$\x92^\x92I\xcc\xc0 \
\xb6\x00\x00\x00\x00\x00\x00M\xb6\x98l\xc4\x82\x096\xda\
pAt\x00$\xd8I \xc2\x0d\xa0\x03-\xe9\xdb%\
\x8e\xda\xb4\x89\x90\xd0$\x92\x08\x04\x00\x01\x00\x02\x1f\xa0\
\x80B7\x02\xd4\x9f\xdbl\x92H\x98\xf4\x12\x16P{\
\xf6\xb7\xff\x00\xb5\x0an<\xb2\xf4\x00\x16\xdaI6\x83\
i\x04[m\xb6I$\x92I$\xb1\xee\x92L\xd8@\
\x008\x00\x00\x00\x00\x00\x00L\xb6X\xda\x84\x05d\x84\
ZF\x86\xdc@R\x11 /\x80\x02 \x82@\x04W\
\xc5\xb6\xdbm\x84\xc8\xdb`\x90\x08\x00\x10\x00\x00\x82\x09\
\x15\xd4\x8b\x09\xa7/\xd2\xc9e\x96'\xf8\x80\x9bF6\
\xba\xd4\x82\xa8>H\xc3-\xa8\x00M\xa4\x92H\xb6\xdb\
m\xb6\xdbm\xb6I$\x92I$\x8en\x92L\xda\x09\
\x00\xb8\x00\x00\x00\x00\x00\x00E\x96\xc9z\xe6\xc7$\xa0\
ZN\x86\xb2\x0a6\x93i\x0f\x04\x01@\x00@$\xb3\
{I\xd9-\xb6\xa0\x92D\x82\x08-\x82@\x00\x92\x02\
U.\x10\x89Yn\xd2\xd9e\x96\xfd\xbc$\xcb\x10\xf6\
\x00\xe27\xa1\xb1!\xbdl\x88\x03$\xa0\x80A\xb6\xdb\
m\xb6[m\xb6I$\x92Io\xdb4\x92o0\x00\
\x05\x00\x00\x00\x00\x00\x00\x13bm\xc8w\xfb//L\
\x13c\x04\xc8\x09 \xcbd\xa4\x1a\x0f\xe0VJ \x12\
2d\x00e\xb6\xdb\xdaa&\x92II\x22m6\xd2\
IW:R\xff\x00,\x96Z\x02w\x02\x08\x1eJ\x00\
m\x92\xbe\xfb*\xdfP\xdb%\xe0\xca\x99$\x11m\xb6\
\xdb\x0d\xb6\xda\x0d\x96I$\x92I'\xdb$\x96\xeb \
\x00%\x80\x00\x00\x00\x00\x00\x01a\xc9[\xc7\xfb$\xb7\
\xc1\x93i\x00Z@$y$\xe4\x82O\xc0\xa8\x00\xe4\
\x91\xfbI\x00ZVK\xfc\x81$\x92I$\x92I$\
\x92I\xff\x00|\xb6\xcbm\xb6\xda\xf7\xf8\x82JN\xc9\
.\xa4\x96\xf5[\xda\xd3S\xcbi@\xc9)\x16\x01m\
\xb6\xdbM\xb6\xd8\x0d\xb6I-\xd2I\xbbm$\x9c\xb0\
\x00\x00*\x00\x00\x00\x00\x00\x00\x00j\xf6\xb5\xfe2\xc8\
\x92\xe5\x8c\x0f\x00\x90\x83\xe4JA\x04op\xa5\x86`\
$\x92A\x1d$\x90/\xa9%\xad\xceBN\xc4\x92I\
$\x92I\xfd\xf64\x02A\x05p\x90\xa0\x92\xd2V\xd0\
\x0b{\xfb\xfc\xdc\x07\xd8t[P.*I2\xda\x05\
\xb6\xdbm\xb6\xdbm\xb6\xcb/\x92%\xf3i$\x9c\xb4\
\x80\x00;\x00\x00\x00\x00\x00\x00\x90*\xf6\xb7\xbe2\xd8\
\x9cI\x92\x09\x00\x00\x17@\xca@\x003d\x080i\
\x04\x80\x00\x09\xbc\x92M\x17l\xb9Z\x83J\xc4\x92I\
$\x92I&\x98\xb5\x83-\x9a/m \xa4\x93R\xd0\
\x03\x7fk\xfc\xf8\x84\x09G\xdbP*\xb8\x086\xda\x0d\
\xb6\xdbm\xb6\xdbm\xb2\xcb&\xdf~\xdai'L\x00\
\x00@\x14\x00\x00\x00\x00\x00\x00\x02\xb5\x99\xd9,\xb2\xdb\
m\xb65/\x00Z@\x04\x00\x01&\x02I?v\xf0\
\x00\x02I$|\xbc\xc96\x01\x12\xdb)\x024\x92I\
$\x92`\xd3-\x83\x0d\x8aD\x02I &\x92\xf6\xd2\
\x83\x9bo\x8f\xea\x92I\x12\xd8\x00\x02JA\xb6\xdbm\
\xb6\xdbm\xb6\xdbm\xb6\xa5&\xfbl\x92I',\x00\
\x00\x0bF\x00\x00\x00\x00\x00\x00\x81\x10,\xdb-\xb2\xdb\
m\xb6\xcc\x81\x84\x92@\x00\x02@&\x02A?\xbf\x91\
 \x02H\x04p\xd7\x89$\x98\x12\xdbd\x90\xb4\x90\x1f\
%jd\xc3-\x8aS\x02D\x12A\x09\xa4\x95\xb6\xd0\
\xe3\xfb\xfd\xcf\xc6\x92I6Z@\x02JI\xb2\xdbm\
\xb6\xdbm\xb6\xdbm\xb6m\xbe\xed$\x92I\xdb8\x00\
\x01c\x80\x00\x00\x00\x00\x00\x00\xa9\xed\xad\xe6\xd2r\xdb\
g\xb6'bZ\x15\xd8$\x81\x8d\x80\x80\x00\x08\x02H\
@\x02\xa13\x90\x0f\xeb$\x92DKm\xb2\x82\x0d\x9b\
\xb7j\x8cKm\xb2H\x07U\x10\x02M\xb2\xa6\x92\x12\
O%Jo\xc82\x08s*H\x00\xa9)2\xdbm\
\xb6\xdbm\xb6\xdbm\xb6m\xf7\xc9$\x92[q\x80\x00\
\x90\x93\x80\x00\x00\x00\x00\x00\x00E\xed\x8d\xe6\x9av\xdb\
g\xb6'b{\x1e\xb0 \x83\xd7\x00\x88\x00!\x92\x03\
\x00\x01Y3\x10\x0f\xbd$\x92L\x93-\xb6\xd9m\x81\
uf7\xdbm\xb6Iu\x05\x12\x02m\x9a\xa6\xb2\x12\
\x07\x05\xd8o\xec\x22AW+(\x00;)6\xdbm\
\xb6\xdbm\xb6\xdbm\xb6\xfc\x9aI$\xbd\xb2$\x00\x00\
\xdc\x00\x00\x00\x00\x00\x00\x00\x04Y\x16\xf2\xda\x95\x96\xdb\
m\xb6\xdbm\x9bl'\xc0*A\x16\x9aAd\x92H\
\x04\xfc\x00d\x80\x01 <\x92I$I\xb6\xdbm\xb6\
\xdb-\xb2\xdbm\x93}(Nh}\xb1\xa9\xfd\xb0\x80\
\x07\xc5s\xce\xe8\xa0At\x01!\x00\x11!6\xdbm\
\xb6\xdbe\xb6K)6\xa4\x92I$\xfc\xb6\x10\x00 \
\xe1\xb0\x00\x00\x00\x00\x00\x00 X\xa7\xd2\xca\xd4\xb6\xdb\
m\x9b\xdbm\x9b$\xf2\xa0\xea0\x1a\x88J \x90H\
$\xec\x0a \x80\x01$\xe7\x92I%\xb2I\xdbm\xb6\
\xcbm\xb6\xdbm\xbd\xcba\x1f\xa4\xcfU\xeb\xfd\xb0\x80\
/\xc5q\x86\xe8\xa0D\x8b\x01)\x00\x01)6\xdbm\
\xb6\xdbm\x96K`\x16$\x92X\xa7-\x80\x00\x00%\
\xa0\x00\x00\x00\x00\x00\x00\x01\x04n\xdc\x9b\xa5e\x96\xdb\
m\xb6'm\x9e\xd9\xe8%o\xf6v\xcdi22\x02\
$\x12I\x05\x02I$\x81\xce\xc9$\x92D\xdbl\xb6\
\xdbm\xb6[,\x96\xca\xbb}\x93\xf0m3\xd3L3\
\x09[\x05\x12\xad\x12@\x02\xda\x05\x80\x01) \xdbm\
\xb6\xd9+\xb2\x83%\xaa$\xd3g\xcb` \x02\x00\x01\
\xa0\x00\x00\x00\x00\x00\x00\x09\x00\xca\xdc\xbfml\xb6\xdb\
m\xb6'm\xb3\xd9\xea\xf3\xa3\xfa\xd6\x8d v\x86@\
d\x10@,\x90H \x822\xc9$\x92I\xb7,\x92\
\xdbm\xb6\xdb,\xb2J\x00#\xfe\x9a$\x10\xd0r:\
|L\x10\xeb\xad\x10\x09\x05\xc8\x0d\xa4\x01!$[m\
\xb2\xc9.\x80\x82L\x99[m\x92\xd8\x09 \x82@\x1c\
\x00\x00\x00\x00\x00\x00\x00\x00\x87Z-\xbb6u\xb6\xd9\
\xb6\xf6\xd8\x9d\xb3\xd9\xb2vs\xd9\x00\x91\x180\x12H\
$l@\x04\x02H$\x12J\x8dd\x92I&L\x9e\
\xdbm\xb6\xcb\xb4\xa0\x90\xd0,&\x80\x00\x00\x00\x00\x10\
\x00\x00\x93\xc2rP\xd8\x17\xc8\x0c\x90\x02$\xa0\x9bm\
\xb6\xcb@\x00\x00A\x04\xcbf\xd6\xda\x00\x00\x02\x08 \
\x00\x00\x00\x00\x00\x00\x00E\x09O\x0c\x9b\xa7\xcd\xb6\xdb\
m\xb6\xd8\x9d\xb3\xdbbv\xa7Q\x00\x92\xe8\x22\x00\x00\
$\xfcA\x04\x12I \x12DYl\x92I'\x89\x0c\
\xdb%\xb2\xd9,\xa8l\x92a$\xc8\x00\x00\x00 \x80\
\x08\x00\x83\x1d\x1f\xe4!\x04\xc8E\x94\x80,\xa0\x0bm\
\xb2[\x00\x00\x00\x00\x04\xd8\x90 \x00\x00\x00G\x14\x00\
\x00\x00\x00\x00\x00\x00\x02\x00\x92[fv\xcfm\xb6\xdb\
\xff\x00\xf3y\xed\xb6om\x9d\xcd\xfe\x16\x10D0[\
5\x84 \x0d\x80\x92M\xa4\x90\x08$w\x92I$\x90\
\x0f\x19e\xbbJ\x19n$\x92a\x00\x00\x00\x00\x00\x00\
\x90A \x92\x09\x00\x10\x01\x04\x12D\x9fb\xd4\xa4\x83\
m\xb6X\x08\x04\x10\x00\x00\x02\x08\x00\x02\x09\x00\xc6\xc9\
\x80\x00\x00\x00\x00\x00\x00\x00I\x92\xdb'vem\xb6\
\xdb\xff\x00\xf3y\xed\xb6\xdbm\xacy\xf8\xd2\x82F\x90\
\xcb4\x84\x06\x0d\xa0\x80\x0c\xa4\x92I$o\xb2I$\
\x92\x09\x09m\xbb\x02@q$\x92h\x80\x00\x00\x00\x00\
\x00\x00\x09$\x00H$\x92I$\x00L\xad\xad\xbc\x84\
\x91m\x96\x92\x09\x00\x82\x08\x00\x80\x00\x00\x00@+\x12\
\x00\x00\x00\x00\x00\x00\x00\x00\x00}\x1d\xfd\x13rY-\
\xb6\xd9\xed\xb6\xdbm\xb6\xd9\xbd\xb6\xdbi]X\x88\x1d\
\x1bi\x12\x10\x00\x04\x81h$\x92I$\x82I\xd9$\
\x92I\x00\xd4\x80\x90\xdaI$\x9ad\x10\x00\x00\x80\x01\
$\x11h\x16\x17)\x04\x82@ \x00@\x04\x92\x08\x10\
\xcb-\x88\x02\x09\x00\x00\x08$\x00\x00\x00\x00A\x05\x10\
\x00\x00\x00\x00\x00\x00\x00\x00\x93@\xb9~\xc3RKm\
\xb6\xdb=\xb6\xdbm\xb6\xd9\xbd\xb6\xdbk@\xc8\x10+\
\x99h\x16\x92A\x84\x83i\x04\x02\x08$\x92\x0a\x19$\
\x92I\xf2\x03F\x92\x92I$\x91\x00\x00\x00\x00\x00\x01\
\x04\x81`\x12\x85 $\x93a$\x00H\x00\x10\x08\x0a\
[$\x85\x90\x01\x00JI$\x10H\x00\x02\xf8$\x00\
\x00\x00\x00\x00\x00\x00\x00\x00Ie\xbf[n\xd6[g\
[\xdbm\xb6\xdbf\xdb{f\xc9[g\x9d\xdf\xd0(\
! \x00\x18\x02$\x03i\xa0\x930\xdf\x80I*l\
\x92I$\x9a\x08\xa4\x92I$\x90 \x00\x00\x00\x00\x09\
\x04\x80\x90\x00\x12H \x021)\x80I \x80\x00\x00\
\x00\x00\x00\x10\x01\x02\x12\x09\x00\x02\x00)6\xc1\x00\x00\
\x00\x00\x00\x00\x00\x00\x00\x00\xd9-\xbf\xcbf\xf2\xdbk\
6\xdbm\xb6\xdbf\xf6y\xbd\x89m\xb7\x8f\x150\x01\
\x14\xd8\x00\x9a\x08 \x83o\xa0\x81m\x9b\x80\x08\x184\
\x92I$\x93 $\x92I$\x90 \x00\x00\x00\x02H\
 \x02\x99$\x02@ \x12\x817\x02\x00 \x02@\x00\
\x00@\x00\x02\x00\x02\x12A\x04\x13\xb6\xd8\x80\x00\x00\x00\
\x00\x00\x00\x00\x00\x00\x00\x00\xa5l\xab l9\xdbm\
\xb6{m\xb6\xdbm\xbf\xdbm\xb6\xdb=\xb6'\x07\x19\
 \x00\x1f\x10\x0d\x92\x02\x99 \x08\xa9\x00\x12H$s\
\x92I$\x92M\xb4\x92I$\x00\x00\x00\x00\x00\x12H\
 \x92I\x04\x92I$\x82I$\x92\x01$\x00H \
\x00\x00\x00\x02\x00 \x12@\x04l\x00 \x00\x00\x00\x00\
\x00\x00\x00\x00\x00\x00\x01 '-\xab\xb8\xd8\xd9\xdbm\
\xb6{m\xb6\xdbm\xbf\xdbm\xb6\xdb=\xb6\xa7\xday\
\x16I:\x80\x01\x92\x81\xc1$\x80\xa8\x00\x00@\x00t\
\xd2I&\x92i\xa4\x92I$\x00\x00\x00\x00\x00\x00H\
6\x90I\x04\x12I$\x90I$\x02\x00$\x92\x00\x00\
\x00I\x00\x00\x01$\x00\x09$\x00\x00\x00\x00\x00\x00\x00\
\x00\x00\x00\x00\x00\x00@3\xbd\x9b\xff\x00\xef\xfd\x96\xdb\
m\xb3\xdbm\x89\xdbm\xb6\xdb=\xb6\xdbm\xb6\xdb!\
\x7f\x90\xc0\x00~\x00&\xcfd\x860\x09\x0b\x82A$\
\x92K\xf4$\x92M$\x92I\xb6\xd0\x00\x00\x01\x00\x82\
I$\x92I$\x80A$\x92I$\x90\x08$RB\
\x80\x90\x00\x00\x00\x00\x00\xefa,\x00\x00\x00\x00\x00\x00\
\x00\x00\x00\x00\x00\x00\x00@\x1a\xb5\x9f[\x93\xdd\xb6\xdb\
m\xb3\xd9\xbd\x89\xdbm\xb6m\xed\xb6\xd9\xbd\xb6\xdbc\
\xda\x92X\x00n\x00&[m\x86\x82\x09\x0c\x02A$\
\x90J\x5c$\x9bi$\x92I\xb6\x00\x00\x00\x00\x00\x82\
\x08\x04\x92I$\x12\x01$\x92I$\x92I\x00RD\
d\x90H\x00\x02H \x02H\x05\x00\x00\x00\x00\x00\x00\
\x00\x00\x00\x00\x00\x00\x10g\xff\x00\xdb\xc5\xb6Ym\xb6\
\xdb=\xb6\xdbm\xb6\xdbm\x9e\xdbm\xb6wm\xb6\xef\
m\xbf\xf3\xde\x04\x01i\x08\x92\x0c\x80\x92@\x04\xd8\x01\
$\x91l\xa9l\x92I$\x92m\x00\x01\x00\x00A\x04\
\x12I\x04\x12A\x04\x12\x01$\x92A$\x92I \xda\
@\x00\x10\x01\x22\x12F\x00\x90D\xa4\x00\x00\x00\x00\x00\
\x00\x00\x00\x00\x00\x00\x00\x10>\xff\x00K\xcd\x96\xc9e\
\xb6\xdb=\xb6\xd9\xbd\xb6\xdbm\x9e\xdbm\xb6wm\xb6\
om\xb9y\xe4\xc0\x10F\x01\x93m\x80\x02\x00$\xda\
\x00$\x93m\xbe\xa6\xdb`$\x90$\x00\x09\x00\x02I\
$nI\x04\x10@$\x92A$\x92\x01$\x12I$\
HI \x82\x08&\x80\x06 \x82D\x84\x00\x00\x00\x00\
\x00\x00\x00\x00\x00\x00\x00\x00\x01&im\xb6\xddJ\x05\
\xb6\xdbm\xb6\xdbm\xb6m\xe2v\xd9\xed\xb6{\xcd\x9b\
\xdbl\xdb\xd9\xbe@\x13)\xbf\x92n\xc0\x80I\xf8\x22\
@$\x00)+\x0c\x92I&\xc0\x00\x00\x00\x00\x00\x08\
\x16\x92I\x00\x92A$\x82H\x04\x00\x09$\x12I$\
\x00I$\x92A\x00\xf4\xdd\xa0Z@$\x00\x00\x00\x00\
\x00\x00\x00\x00\x00\x00\x00\x04},\x7f\xfe\x96\xef\xda\x04\
\xb6\xdbm\xb6\xdbm\xb6m\xe2v\xd9\xed\xb6y\xfd\xb6\
\xdbl\xdb\xd9\xbf\xe0\x03\xa9\x94\x03F\xc0\x00M\xfa\x14\
\x09$\x93\xe9\x07&\x1a@\x02\xc0\x00\x00\x00\x00\x02\x07\
\xd6\x10I$\x92I$\x92A$\x92\x01\x04\x82I$\
\x92I\x00\x02A\x00<\x9d\x84\xcaI \x00\x00\x00\x00\
\x00\x00\x00\x00\x00\x00\x08\x02#\xf5\x9a\xa5k\xd6Ym\
\xb6\xdbm\xb6\xdb=\xb6\xdbm\xb6m\xbd\xb6\xdbm\xb6\
\xdb\xbd\xb6\xdbl\xfc/ov\x00x/\x03\xe9\x19\xc9\
\xd0 \x01`\x84Wa:\x00\x00\x00\x00\x08\x04\x01\x09\
$\x92I$\x92I$\x92I$\x92I \x92I$\
\x92I\x00\x02I$\x01( \x12I \x00\x00\x00\x00\
\x00\x00\x00\x00\x00\x02\x01\x02/\xfd\x965&v[m\
\xb6\xdbf\xf6\xdb=\xb6\xdbm\xb6\xdbm\xb6\xdbm\xb6\
\xdb\xfd\xb6\xdbl\xec'+\xe4\x04x9\x000\x0b\x92\
\xb1$\x039\x80\xaaE\x86\x00\x00\x00\x12\x01 \x81\x09\
$\x12I$\x92I$\x90\xd9$\x92I \x82I \
\x92I$\x82A\x00\x12I$\x12I$\x00\x00\x00\x00\
\x00\x00\x00\x00\x00\x00\x09\x16&\xd7\xe3\xb7-\xaa[m\
\x9b\xd9\xed\xb6\xdbm\xb6\xdbbv\xdbm\x9b\xd9\xb7\xb6\
\xdbl\xf6\xdbm\xb6-\x1c$\xedQ\x7f\xdb\xb0\x88\xfa\
\xb2\xeb\x13L8\x92\x0f\x0d`\x00\x00\x00@ \x12@\
$\x82Id\x90\x98d\x90\x91\xe4\x92I$\x82H \
\x92I$\x90\x01 \x92H$\x92I$\x00\x00\x00\x00\
\x00\x00\x00\x00\x00\x80M\xb6\xcd\xfe\xe75d\xb0\xdbf\
\xdb\xdb6\xf6\xdbm\xb6\xdbbv\xdbm\xb6\xd9\xb7\xb6\
\xdbg\xb6om\xb6m\x09\xbf\xfe\xa6\xff\x00\x90\x91\xa0\
\xd5\x9d\xbb\x13M8\x8eO:\xf4H$\x02H$\x12\
H$\x92Hd\x838d\x92O$\x92I$\x90H\
\x04\x92H\x04\x80I$\x92I\x04\x92I$\x00\x00\x00\
\x00\x00\x00\x12\x00$\xdb-\xab4\x95\xb2\xd9,\x96\xdb\
m\xb3\xd8\x9d\x9b\xd9\xed\xb6\xd9\xbd\xb6\xdbm\xb6\xdbl\
\xf6?m\x89\xdbm\xb6\xcd\x94)\xfc\xd7\x9b\xff\x00\xf2\
\xac\x105\x84\xcaF\xf1\xff\x00\xff\x00\xff\x00\x87\x98 \
\x00\x08\x1b\x06\x01$\x12I\x0b\x909)\x9cI$\x92\
C$\x92I\x04\x12I$\x92I\x09$\x96\xfbl\x9e\
\xc0\x00\x00\x00\x00\x00\x00\x10\x01 \xdbm\x8b\xae\x95\xb6\
[m\xb6\xdbm\xb3\xd8\x9d\xb6\xd9\xe6\xf6\xd9\xbd\xb6\xdb\
m\xb6\xdbg\xb6\xe7m\x89\xdbm\xb6\xce\xd3i\x7f\xfe\
\xd2\xfcB\xb7\x00p\x84K\xff\x00\xda\xff\x00\xff\x00\xdf\
v\x90\x00\x00@$2I$\x92H\x18\x83\xc6\xc9\xe2\
I\x04\x90C$\x92I\x00\x92I$\x80\xdc\x8d\xa4\x92\
I\xa6\x90 \x00\x00\x00\x00\x00\x00\x10\x02rK&\xd6\
\x1dk\x92Y\x0d\xb6\xdbm\x9e\xcfbv\xdbm\xb6\xdb\
m\xb6m\xbd\x9b\xd9\xed\xb6\xd9\xbc\xdb\xdbm\xb6\xdbb\
\xf9\xef\xff\x00\xff\x00\x93\xf9\x1b{I?\xfd\xff\x00\xff\
\x00\xff\x00\xff\x00\xfaI*\x04\x12I\x04\x92I$\x91\
\x19#l\xc7\xde\xda\x89-\x92I$\x92I\x04\x12\x0a\
i\x82\xd2I$\x93M6\x93\x0d\x00\x00\x00\x00\x00\x00\
\x90JV\xdb'\xb6\xe9&@\xdbl\xb6\xcbm\xb3{\
bv\xdbm\xb6\xdbm\xb6\xdbm\x9b\xd9\xed\xb6\xdbl\
\xdb\xdbm\xb6\xdbby\xff\x00\xbf\xff\x00\xff\x00\xff\x00\
\xfb\xfeo\xff\x00\xef\xff\x00\xff\x00\xff\x00\xff\x00\xdaI\
+d\x82\x09\x04\x92I$\x91\xd1#~\x8bI\xca\xc8\
-~I \x92I$\x90\x9bm$\x92I\xa4\x9aI\
\xa4\x92\x09\x00\x00\x00\x00\x00\x04\xa9\xe1\xb0[m\xbf5\
e\xbfKm\xb6\xcfm\xb6\xdbm\xb6\xd9\xfd\xb6\xdbm\
\xb6\xdb=\xb7\xd9\xed\x9f{m\xb6\xdbbvu\xed\x8f\
\xc7\xff\x00\xfc\xff\x00\xff\x00\xdb\xff\x00\xff\x00\xff\x00\xff\
\x00\xff\x00\xff\x00\xff\x00\xff\x00\xf6I$\xb9\x92I$\
\x92C\x85\x0fh\x9fI%\x9b\x01/\xd6\xdb\x22d\x92\
M\x9b\xe0\x92I$\x92I$\x9bM$\xdb\x00\x00\x00\
 \x81\xf9\x1bE\xed0\xc9l\xbf\xa7e\x9fKm\xb6\
{m\xb6\xdbm\x9b\xdbm\xb6\xdbm\xb6\xdb=\xb3\xdb\
=\x9b{f\xf6\xdbbv\xf7=\xadk\xff\x00\xfc\xff\
\x00\xff\x00\xff\x00\xff\x00\xff\x00\xff\x00\xff\x00\xff\x00\xff\
\x00\xff\x00\xf4\xb2I$\x9f\x92I$\x92C\x84\x83\xb5\
?\xd9%\x96\xdbg\xf2|\x92D\x90L\xa0\xd0\x92I\
4\x92I$\xd2i\xb4\x9b\x000I$\xcd2mI\
kOY?\xf6K,\x96Km\xb6\xdbf\xf6\xd8\x9d\
\xb6?m\xb6\xdbm\xb6\xe5\xbd\xb6\xd8\xf6\xf6\xdb}\xb6\
\xdbm\xb6\xdbf\xf2?\xff\x00\xff\x00\xff\x00\xff\x00\xff\
\x00\xff\x00\xff\x00\xff\x00\xff\x00\xff\x00\xff\x00\xff\x00\xf4\
\x96I$\x92i\xfbM$\xd4\xb6Il\x96I-\x92\
Kn\xd6n\x07\xe4\x1c\x00)$\xd2I4\x92M$\
\x93A$\x00\x00}\xa93m\xbamMco[\xd6\
\xf2\xdb-\xb6\xdbm\xb2\xdbg\xf6\xd8\x9d\x96\xe7m\xb6\
\xdbm\xb6=\xbd\xb6\xdb\x96\xf6\xdb=\xb6\xdbm\xb6\xdb\
f\xf6\xef\xff\x00\xff\x00\xff\x00\xff\x00\xff\x00\xff\x00\xff\
\x00\xff\x00\xff\x00\xff\x00\xff\x00\xff\x00\xf4\x92Id\x92\
\x8f\xf4\xbbJ\xdd\xb6\xc9l\x92[-\x92\xcb&\xd2|\
|\x84\x80\x00\x09\x00\xdaI4\x9aM\xb4\x9aL$\x00\
\x00o.\xf0&\x1d\xb2\xd9e]\xdb\xc7\x7f\xb5%\xb6\
\xdbm\xb6{m\xb6\xd9\xbd\xb6\xd9\xbd\xb6\xdbm\xb6\xdb\
m\xb3m\xec\xf6'm\xb6\xdbm\xb6{m\xb6\xc5\x9f\
\xff\x00\xff\x00\xff\x00\xff\x00\xff\x00\xff\x00\xff\x00\xff\x00\
\xff\x00\xfb}\xf4\x92I$\x92J\x95\xd6Ym\xb6\xc9\
(\x16H\x0c\x96\xc9d\x9f\x92\x00 \x00\x00\x09\x04\x93\
m\xa4\x93M$\x92w\x12\x00\x00m/\xf0\xa6\xdd\xb2\
\xdbmk\xd8\xf2\xdf7m\xb6\xdbf\xf6{m\xb6\xdb\
m\xb6\xdbm\xb6\xdbm\xb6\xdbm\xb3o7\xb6'm\
\xb6\xdbm\x9b{m\xb6/\xbf\xff\x00\xff\x00\xff\x00\xff\
\x00\xff\x00\xff\x00\xff\x00\xff\x00\xff\x00\xff\x00\xef\xb4\xb2\
I$\x92I^\x80\x92\x03d6@\x12ZE\x92H\
\x9e\xdb\x92\x00\x00\x00\x00\x09\x04\x92I\xa4\x93@$\x90\
?\x00\x00\x00\xd9\x5c\xa1\xff\x00\xb6_\xcbg\xf5\xdbm\
\xd2[m\xb6\xdbm\xb6\xdbm\xb6\xdbm\xb6\xdbm\xb6\
\xdbm\xb6\xd9\xbd\xb6\xcfm\xb3\xdb=\xb6\xdbf\xfb\xdb\
bv\xdb\xff\x00\xff\x00\xff\x00\xff\x00\xff\x00\xff\x00\xff\
\x00\xff\x00\xff\x00\xff\x00\xff\x00\xff\x00$\x92I$\x92\
I$\xa4\x92I$nI \x82\x04\xb2YI$\x92\
\x00 \x00\x00\x00\x02\xd2Ij\xdb@\x00\x00\x00\x00\x00\
\x00\xda\xa4\xa1\x7f\xb0MIn\xcbI$\xd6[m\xb6\
\xdbm\xb6\xdbm\xb6\xdbm\xb6\xdbm\xb6\xdbm\xb6\xd9\
\xbd\xb6\xcfm\xb3\xd9\xed\x9b\xdbf\xdf\xdbbv\xd8\xd7\
\xff\x00\xff\x00\xff\x00\xff\x00\xff\x00\xbf\xff\x00\xff\x00\xf6\
\xf2\xed$\x92Y$\x92I%\xa4\x92I$nH$\
\x92M\x92I\x22d\x12\x08\x00\x00\x00\x00\x02BI\xc2\
I\x00\x00\x00\x00\x00\x00\x00\xff\xda\x00\x08\x01\x01\x03\x01\
?\x10K\x07\xe6\xc0Cu\x07\x80\xd2\xa9\x05\xf0%\x99\
\x9a\xfa`U\xce\x8f&\xeeC\xda]E\xa1\x0fB\x1a\
\x8d\xdc\xb1J\x86\xab\xc7\x92\x10hf\x97w\x89:~\
\x09\xee\xd2\x87\xf1L\xd0\xd6\xec\xf0\x16v\xc1\x08\xe1\xe9\
\xd2g\x0d\xc9\xecn\x0a\x85\xed>\x1cMn\xc8\xdd\x7f\
L\xa1M\xbe\xa9\x99\xd2\xe8C\xed\xa9\xf6zp(\x1e\
n\xe2\xf27\xbf6oyI=;\xe3\x7fO\xb2\x0c\
\xb8\xf6\xe3\x87\xe8f\xf9\x17\xf4\xfb\x1ev\x97\xe92]\
g~\x86\xe5\x8bdd7\xc9\x90U\xd5\xb1X\xcf3\
\xab\xaf\xfa2m\xdb\x8b#\xf6\xaa@\x8d~.\x86V\
\xee\x87NG\xd1C\xe3\xd5\x19\x0d\x96\xe7\xdaJz\xf2\
\xa2\xecMnX\xfe\x0fr\xaf1\xb5\xde\x9e\xb1\x1b\xd0\
\xb7\xaf\xd1\xa8\x1d\xe8\xca\x8f\x9c,\xcd\x11W\xf2\xf5$\
\xdf\x8e\x05|\xef)\xfa\xc3\xecf\xbeN\x84\x9b\xb7\xb9\
L\xc16kB\xdd\x11\xa1\xac\xfa\x88\xde\xeat5\xf8\
?\xa8@\xfa\x9c\x88\xfb\x81*+\xca_eD\xacs\
\xb1\xf0\x1aCO\x8d\xe4\x81_-+x7&\xe3)\
\xf5\x1eN\xa4\xf5\x14\x95\x10\xdc\xc54(+2\x7f\xa2\
6\xf3z|\x9c\xc7\x1f\xe1\xbc\xa9;\x1cF\xec\x97\xf8\
p4\xb7K1v=\xde\x1b\x87\x7f\x83\x92\xd9\xeb7\
8\x0f\xff\x00e\x9cM#\xa87\x0f\xd0\xcd\xd5\xdc\x80\
x\x1a\x15~\xbf\x84\x15V\xf1\x84\x8eE\xe2\x86\xe6\xc7\
\xc1t\xc9\x8e*~\xb8\x85z\x8c\xfc1\x16\xean\x1f\
FS\xf1w\xaf\x03\xf7-\xce\xa5\x9c\x0dWj3B\
\xf8$c\xd1^\xd8fLe\xc4\xfe\xbe\x05~z\xef\
\x07\xd9\xc9\xc6\xf5\xf0\xb3\x93\xe9\x8a\xdey\x90QU\xb2\
\xe3]Q\x0f\x0d\x0e\xb7.]\x0d\xce\xcd\xd3\xd2L\xb9\
\xeb\xc7\xb8\x96<\xaaA\xa3\x04\xbe\x19\xdd\x9f\xd8?\x07\
\xc9\x7f\xe1\xc27\xe4dK\x9c\xd0\xaa\x14\x94\xf7\xf8\x99\
[\xba\xf2fg~\x86\xff\x00\xee\x0e\xb6>\x8d\x0a\xe1\
\xc0\xed\xd3\xf6#\xa1\xf2e\x0f\xa1\x7f|\x8b\xdd<\xe0\
\x90\xb2\xdb\xe0|\xce\xad\x10mr?\xd2\xc6\xa5>V\
>O\x85\xcd\xc6C\xd0x\xd0\xcc\x9d)\x86\xe3<\x18\
\xad\xfe\x1a\x8f93j\xd8\xfb\xd5/\xe9\xf6p\x1b\xf2\
\x1a|42\x0e\x1c\xb4\xd8{\xdf\x99\x99\xbf\x1by\xc6\
4\xfc\x9b\x86\x85\x1e\xb9[~X[\xbe\xf3\xdc\xde\xa6\
\xc6\xe0\xea]\xf1\xde+\xb1\xa9\xfe\xe8J\xff\x007,\
Nc\xb3|k\xf4G^\xc54Z\xf8 \xa2\xbf\x82\
\xde\xbfX6\xf3|\x0eA\xfc\xb0\x8f\x0dg?\x8c,\
]\x17\xca\xfc\xc7c<\x8d]\xf8\xe7\x06\xaf\x7f\x01X\
\xcf<\x06\x83\x9f\x14\xef\xd7c\xce\xf0\xa0\xa4\xc9\x91?\
\xe1\xfa\x1d\xecT7\xfa\x0f\xa8p!\xe7\x9e\x04\xee#\
.\x0e\xf7\x13\xc3\xc9\xcb\xd8O\x01\x8b,)\xe8\xc8\xd4\
Uv\x19>\xb4\xdd\x09\x19_\xa5\xf0'U\xeb\xba-\
\xca2\x0b\xfd\x1d]\xce\xae\xf8\x1c5\xd0\x8f\x01\x08\x9b\
C[v\xba\xf8.5\xd5aw|\xec\x88\xfa\x7f\x0b\
\x01\xea\xcf\xce\x17\x80\xcd>0\xb4s`\x1d\xe4\x1b\x9a\
\xecIWo'\xec\xfc\x9b\xa7cA]|\x92Q[\
\xc9=;\x89~\x1aF\x16=>\xbfD\x7fI\xdc\xd3\
\xc1k\xaf\x81\xeay7\x5c\xa4\xdd\x7f\x06\xbd\xef\x99g\
kR\xd6>?\xd0\xef\xa33r\xf7\xe1\x8az\xd1\xf0\
\xe9\xf1'R\x9d\xbf\xc3s\x91\xa1\x9c\xbc\x5ck\xee\xfd\
\x0dWO&\x87\xca/b\xea\x9c\xff\x00cB,q\
\x1f6e\x13F;\xfdAR\xe5\x17#\xd1Ex\xea\
2\xc7\xed\xa1\xf63O$\xb8\xbb\xfe\xcb\x8e\xfb\xc6\x0f\
\xa8\xdd\xe4$6\xb4\xed\x14\xbe:\xf0\x22\x9b\xabb\xdc\
k34\x8b\x1e\x9f7,[\xa17yF\xebt\xe1\
C\xbc5\xdd\x0a\x83\xa2\xbe\x92L\xd4\xc5\x13=x\x8a\
\xb2\xf6*x\xeb\x95G\xbd\xfe\x0d\xce\x9f\xa1\x1b\xb9\xe2\
K\xfd\xa2C\xe6uG\xec\xe0\x97\xda\x9e\x0d\xc7\xd2\xa6\
Q\xf2UG\xf1rIj\xaf\xa9\xc2>{\xc1\xba\xfc\
\xc8\x85\xbd\x04\xf1u\xean\x1cy?G\xb7c\x89|\
\xb2\xa3}\xc4\xbd?q\xb4\xe3\xfd\x90Q\xd53wp\
\x8b\x0b\x9e\xd7\xf6|\x0aG<\xb0\xdc}Fqlj\
\xcd{\x1a\xaf\x8aw.p*|\xdf\x00\xfc\x9f,u\
{\xcf!\x8d\xe5\x8b\x0d\xf8\xd8\xaa\xae\xfd\x0d\xff\x00\xd4\
\x95n\xd1\xcaj\xbc\x8c\xcd.N|4;\x7f\xb3\xa9\
\xd9\xe07_9\xd1\x84\x14Ul\xa8\xe7\xb1\xd2}\xef\
\x91\xc4k\x9f\x1d\x0e\x097U\x12\xc5\x9dN6\xb7\xe9\
k\x94&\x9e\xd2n\xa7\xbe=U\xe3\xeep\xde\xad\x5c\
\x99n\x09}\x9a\x1f\x86s\xef\xbd\xfe\xcc\x9dMG\x7f\
\xe0\xba\x08\x15\x98\xed\x80\xf2\x1b:\x1a]\xde\x0e\xef_\
\xd8\xd7<\xf8\xb8\xd32>y\x0aRi\xfa#s\x9e\
PN\xf6\x84]\x15\xbfBEc;t\x15.\x7f\xf7\
\x0d\xfe\xd21\xf0;\xac\x0fq\x96\xc5\x09\xe3\xe3\x89`\
\xabt#_\xc8\xd1\xbb1\x14\xab\xb2\xcf.\x84i\xf9\
22\xb7\x5c.\xe6\xfb9L}X\xb9\xf8\xf0k}\
\xfc\x1c\x04Nw\xb5vK\x8du[\x17\xbay:\x82\
\xd7_#\xde\xe6\xc8\xeb\xd8\x82\x8a\xfe0H\xcc\x99\xcb\
\x81a\xdeo\xb1\xa5\xdd\x99\x19\xdeu\xb9\xf0_\xf8n\
\xbf\x18\xf7M\xd4\xb1=\x08\x11\x85\xee\x9ep\xa8\xac\xc9\
\xe4cT]g\x07\xb8t\xd0\xa0\xa4AM\xd52\xd0\
\x87\x07\xad\x10\xb1SD\x8c\xbb\xb1\xfc\x8dd\x99a\xce\
\x1ffcoB\x17\x0a\xba\xc3\xba=f\xa2\xe0\xd8\x96\
\xb3o\xd6\x8e%8\x11\xea\xcd\xecu4\xe9\x98\xe54\
\xb0\xab\xb8\xba\xbe\xb7\x91\xb8\xbb2.+}\x19`\xdf\
\xe2E\x95u\x19\xb3\xfc\xe1i\x91\xa1\xaafQ2\xb7\
\xc1(\x15\xac\x97M\x8b\xe4\x87\xf2\x14\x5c\xc4\xb8\xcf\x8e\
w\xd7\x1e\x22\xfb\xdf\x0b]|\x1c\xc3\xfb|7\xba\x92\
\xe2\xef\xfb>)\xdfY7\x7f\x11\xfd\xc3q\x0aNV\
\x0e\xe5\xf9\x10_\xe69\x93\xbdQ,\xfe\xcc\x9a\x11\xde\
;#-\x1b\xb1\xbd\x95}0\xdcdf\xcf\xec\xe44\
S\xdd\x95|\xach\x15_\xd9\xfag\xb0\xcb\xa3.:\
\xfe\x8f\x88.\x98\xf8\xee3\xf9^\xa72<\xa2\xbe>\
\xfeNc\xfb\x85\x12\xe0\x90\xd9\xfc\xb3\x9bXB\xbc\x9f\
\xf9\x06_\x9e\x1d\x8c\x9f=9\x19\x939p;\xfe\x9b\
\xc1\xbb\x1f\xc2\xcb\xf9\xd9\x9a\xeb\xfc\x9f'\xdb\xc1} \
\xba\xcd\x7fx\x03\x7f\x8f\xdeE\x875\xcan6w\xbd\
\xddQ\x07\xd6nX\xcf|\x11\xfb\x7f\xa4z\x1b\xd4\xcd\
u33\xb7\x5c<\xa9\xb9\xfb\x0fP{\xb3\xa1\xe7\xf6\
IU\x7f%5\x91=;\x94\xbf\xcb\x9dW\xd73q\
\xc9\xba{\x14Ys)\xc8;\x8f\x19\xe4&\x5c~P\
\xea\xeb\xe1\x18\x17\xf8\x15\x9e=\x06\x9e\x1d\x19!\xc8{\
\x8f\x1dI#\xdf\xc8E\xbf=\xe8H7u\x83\x83\xf1\
\xe2v(\x91\xc9n\xa2&\xe5q\xba&7\xa8\xf2\x5c\
\xdf\xb9\xfep~\x83\xae\x02\xdc\xbf#\x22\xaf\xeax\x8b\
\xfaW\xd2\xb8\xb1\x90|x\x9b\x8ca\x00\xc3\x98o\xde\
\xd6\x1d{\xb2*9\xce-\xa1\xb9t\x83D\xf9\xff\x00\
0\xdc\xea\x86\x93\xe1\xbc3\x817\xb9\x14\xf9\xfd\x8fs\
K\xf1?ff>\x1eL\x85\xbc\xe6Y\xd7\xc7\x85M\
.\xec\xca\x97R\xee_yH|\x0e\xe8g\x1f\x93\xa0\
\x1b\xe4Qs\x8b\x11\xbf\xe9C\xf6>\xa3f\xb7\x03C\
\xd8\xdd\xf1,F\x5cu,\xe9\xf8E\x1c\xaf\x95\xb7\xe6\
4\xf3_\xa1\xb8\xee#\xc8\x1b\xc9\xb1\xcc\x968\xf9\xbd\
)'A\xe9\xd8\x96\xfc\x09'3\xfd2\x1e\xfa\xa2\x14\
9\x96\x08\x94\x9f\xbf\xe4k\x91G\xcalP\xae~0\
\x1b\xaf\xe0\xec\xf8\xf8\x9e\x17\x89\xe4\xa4\xe4\xe9\xfc\x1ee\
\xf9|8\x9dH/\xe9\xf6_\xd3\xece\x11\x9fQ\xbb\
\xde\x05C\xfe\xff\x00g\xcb\xff\x00\xc1\xc2h\x854\x16\
\xe4&\x5c\xa3Q4[\xab\x1c\x04\xc6v\xbdq\x0e\x94\
d\xa9\xe0\xee3!\xbcVGu\x8c\xd6\xec\xf6\x11\xb8\
\xcbfM_=\xf9\x92\x1f3\xaa\x15\x8c\xf3\xc3}_\
\xbe\x02[\xb5\x19\x99\xafcK\xbb\xc7\xea\xfa\xc0\xbf\xd0\
\x7f\x06\xe5\xa6t6#\xafa\xaf\xc3H\xc0\xf9/\x03\
U\xde\x95\x1dKw\xe3\xdc\x10\xb9;\xcd\xc5\xbdLv\
\xe8&dgy\xd6\xe7\xf8f\xea\xed\x91\x05\x1cS~\
\x08c8Rg\x5cG\xfb\x07\x5c\x8e\xe5.\xb8\xb8w\
8\x11\xdc~p\xb0M\x14\xff\x00Ia\x12\x9b\x05j\
=\x035C\x92 dv\x80\x02\xd0Z\x04\x94\xd2I\
\xbb\x16\xa3X9\x99\x98\xb6\xd46\x1a\xd6\x1db\x909\
]\xb7\xdc\x1e\xa3\x0f^$&H\xbcI\xa4\xc9 \xe0\
o\x7f\x82kv\x5c\xbe\x8a\x8c\xea\x9ah8G/\xce\
DD\xfc\x9aV\xb9d\x95\xb3\x13\x11\x0f\x92\xb5\xc40\
\xc8\xd6\xc3\x95\xaf m\xa1\x8ee\xcc\x96\x92\xdb\xf2W\
%\xc4\xb4\xa5\x90\x9d\xd3\xc5D\xc8\xc9\xe1\x04\x18\xcbq\
+5i\xcf\x1aQ(\xfa\xe0c\xbe\x14M<\x0d\x92\
\xdc\x0d\xc7\x1d\x91`n]\x16\xca\xfc\xb0Z\x0c3u\
\xfc\xc3u\xfc>\xb5N\x03\xf4Q\xae)\x89r\xbb\xa3\
\xf7\x15xTP^\xc7\xce\x87\xf36FG%\xa7B\
I\x1d\xd5\xfc32\xbfR\xee\x1el\xe6y\xd6>\x09\
\x0eG\x7f\xf4u\x07\x12\xb7\xbe\x82\xb1\x95\xfa\x0c\xe8q\
\xaf\xc6\xa7^\x9c;\x1b\x8c\xf6\x00\xdd\x99^\x9f\x9fs\
\xcc\xfd\x17\x01<\x19\x93\x19q\xc2\x08*\xb3u\x94\x82\
\xdf\xfe\x9b\x9f\xe1#~\xfa\x89\x0f.\x047\xff\x00\x04\
\xef\xdfB\x9f\xe3\xe5\x5c[\xba\xe4ry\xb3\xf8\xbfQ\
\xf2\xea\x99C\xe6n\xbf\x22-\xcb\xbc\x1dH\x1d\xbc\xff\
\x00d>Y\xdd\x94~\xff\x00\xa5:&\xe7G\x80\xe9\
wFE\xe3\xfea\x0a\xb4\xe1\x1a\xc0-\xee\x9f\xa1\xd9\
\x9c\xff\x00\x87\x01~\xe7!\xc7\xf9\x80qo\xefS\xa0\
?K\x97\x1c\xf5\x1b\x17\x17\xd7\xe8q_\x1d\xfb\x93\x1e\
\xf9X\xb3s\xfd\x9b\x9f\x83ss)\x83\xb9\xe5\x14)\
\xd5<\x0f\xf0\xf1\x9e\x0a\xfbv&l\xac\xe7\xc1\xc8\xf7\
|\x9c\xb5\x96\xeaTV \xb0\xcb\x04\xf2\x0a\xb2\xfd\xe4\
UJ\x9d\xd1e\x7f\x8a\xfc\x99\x19\xdb\xa1\xc1:\xed\xf0\
x>\x9a\x97\x9c\xff\x00\x87PoS\x9a\xeaxh&\
\xdf}\xd4\x1c\xa1X\xcb2\xb0\xa7\xc7M\xe4\xbd\xd3\xc8\
\xdf;'\x14\xf9W\xe7\x1f\xf53\x81\xfc\xe0`\xa7\xdc\
nV\x8d\xf3\x135\xb8\x8c\xe7\xd7\xe8\xff\x00\x0a5_\
\x14\xec>\xa1/t\xf0o\xab\xf64\xfc\x14M\x11\xb8\
\xfc\x15O\x83C\xbb\xe6\xfc\xe0L|\xb8\xc9s\x1f\xfa\
\xbe\xb8}\x04\xcf\xde\x1b\xa3\x95\xd4\x7f\x07\xbc\x1b\xbcF\
Be}>\xf86\xa4[\xd2\x87g%\x87O\xd9\xba\
\x9a\x8eR\xbc\x9f\xd1'\xfb\x5cx\x88\x94\xd7/\xb6\x7f\
k\xf4\xb0\xd2f\xb7\xe8&\x95Ux\x8d\x0f\xa2\x8f\x91\
(H\xb6\x7f\xac\x0b\xf7\x89\x92\x8c\xe5h\xe8Y|\xe6\
Y\xa0r\xe5\x9d\x88\x0f}\xa6DD\xf6Qt\xfet\
fC\xdfTT{\xed\x86\xec\x7f\x0d!\xaeI\x1b\x8e\
\xbc\xf1V3\xcf\x1f\xa2\xe6\xb0\xa0\xa4\xce\x17\xbay\x19\
\xe7\xc7\xfc7\xaf\xb7\xf0\xdd\x7f6\x1a\x93\xa0\xff\x00\xc2\
\x83\xc4XF\xbf\x92\x89pH\xdd\x7fI\xbf,\xcb\xe2\
\xef\xa1\x99\x9d\xa3[\x1f\xbb<\x16\xf0U\xe1t\xb1+\
\x97\x0b\xdd<\x9fa\xe0\x968\xf1\xf0}\x92q\x1f=\
\xfe0\x0d\xee\x9e\x04\x8e\xddQ\x1c\x22g\xf1\xda\xb0R\
\xf7\x9c\x84^\xe0\xd0\xb6\xab]\xb9]\x8d*c\x12U\
;m\x02Y\x0a7H\x845\x8cI5sF\xe1\xc5\
BC\xcc\x0aVUI\x0cD35m\xcfU\xdf;\
cgD\x14Q\xc9\xc2BJN\x08\xe1\xae\x84\x9dD\
\xb9\x15\x13\xc0\xb6\x13\xc8\x8d\x9cZmsJ\x86{\xef\
rM\xbaX\xd5\xdda\xd7\x95\x8e\xf5\xba\x95\x13\x8e#\
\xd9ab\xefj(\xad\x1bY\xa1\xaao\xc4\xaf\xfa}\
\x8a-\xf1\x1f\xa7\xa2\x15/\x97\x93\xe2\xe7\xaf\x11\x0b\x93\
\xbc\xd8\xfa/^\x05\xae\xbeL\xca\xfb\x1b\xaaEZ\xb3\
\xbf\x82\xa3\xeb\xc7\x8b\x1e\xa3\xeeB~\xfd\xc8\xec\x8d\xdc\
I\xab\xb7\x92<{\x0b1\xd4\x7flwG$\xdel\
C\xc7\x9f\x1e\xacRq\x8ek\x09\xff\x00S#G\xe7\
\xa1\xa1\x95\xc5\xd2#\xae\x122\xe6\xbf\x85\x03\x7fB\xbc\
?\x08\xe3\xbd\xf8\xa6\xe38\x97Y\xe7Fq/\x86Y\
%\xf5\xeeD\xf9|\xf125\xecfo\xf3\x870A\
W|\x97\x02\xe3]P\xbe:\xef8\x0bGq*\x07\
{\x9d\xd3\xc2\xfc\xcf\x80\x95\xd2\xa4\x97\xf9K\x13\xaf\x82\
\x89pH\xb1\xb7l$\xaa\xa3E\xae\xbeI\xe9\xdc\xfa\
/\xf6FM\xf9\x1c\x16\xd3\xc4\xe6\x1d\x0c\xd0\xf2\xdf\xfc\
!>\xdd\x0ary\xcdY\xc0\x98\x18\x8f\xe6\x0c\xe0\x8f\
\x11\xefH$\xea\xf5\xb0\xf8:\xa6I<\x22\xdd3\xf2\
AUo\x07\xc1\xb3r\xe4C\xa3\xe0\xed\xf2'\x91\xf9\
7+\x9ao\x9f\xe9\x90X\xdf\xc7\xec\xdc\xe1\xa3\x11\xf9\
ztC\xb1KVV\xd71\xdc\x99K\xb7\x93\xe0\x9f\
u\xf8\x9f\x01\xd2\xf4\xe0Xo\xea\x8f\x82_\xe1\xb9\xae\
\x04x\xd7\xfaJZ\x06\x9b\xd7~,\xeb\xb6\xf6>W\
\xd6F\xd5N}Ii\x9b\xae<\xc9\xd1\x1f$\xf5>\
M\x86\x9bJq\x8e\x83\xfa\x08\x91^\xfc\xcc\xca\xd1\xa5\
\x8ea\xfd\xb9\xf2\xbf\xd4nV\x10\xf9\xb7g\xc45z\
p\xd4\x83G\xc1\xdb\xe4\xd1EC\xe7\xa4\xc1\x05\x1cS\
~0\xdd\xf6g\xe8Z\xeeAL\xdct\xe8/\x83q\
\x9b\xb3_\xe0\xd67F\xe1r^_\xf0\xcf}\xcd\xc7\
\x03\xab=G/\xfb\xd1\xe0\x0c\xee\x96\xf2:\xbc\xfb\xd0\
\xa8~\x22\xadY\xdf\xc1\x91\x9d\xe7[\xe3\xfd/\xbb:\
\x8f^\xc3q\xc6\xa7\xa7\xca%Nu\x84#\x91\xa9\xc4\
\xbb}N\x13\xd3\xb9\xa5\xdd\x8c\xbf.\xf0_\xd3\xec\x83\
\x92\xab\xe7\x91\xa1\xfej)m\xead\xearw4_\
}`\xaa|\x1a4'y$I\xe5a\xfc\x8e\xdf\x03\
\xe2i\xa6\xf0=\x86\xa7\x08\xba=N'\xcb\x1d\xc6d\
q\xad\xfa\x1f\xc4\xd4\xf8-\xfd\xd8\xbd\xd3\xc9\xf0\xfe\x11\
\xfa/\x84\xec^\xe9\xe4mDg\xd4\x82\x8a\xfe\x0ah\
\xb5\xf1\x84\x14W\xf1\x87\xe8\xfb\xae0S\xfe\x8d\xc2\xf8\
\xd1.\x09\x0d\xee\xfe\x09v?f\xa4\xfdG\xbdo%\
J\xce\x93\x1fF\xa4\xb8\xd0\xdd\xedn\xc5\x13za\xb8\
ZE\xf0\xeay\xba\x12\xdc\xb2\x859\xe0nD\xf8\x09\
4\xdd\xb8a}[(\x87B\xfa\xe1\xfe\x10\xbeEe\
&\x9a&(\xaa>*$\x16\xe1\x94A\xc2\xf9X\xba\
c\xbc\x9bi9m\xb2\xd6u\x99\x99\x91\xa1\xc6%~\
K[\xb8\xc9\xb4\x88h\xd2\x14\x8d\x8e%&\xf5Y\xb1\
\xfaT\x8a\xf3\x9bH\xbb\xa2R\x90\xc4\xbdA\xe8\xbbJ\
dl\xe1%\x9aNP\x8e8\x0a\xc7\x15\xf0\xee)\x05\
1\x15\x10{\xc4H\x13\xea\xb7L\x17\xc1@\xdf~\x9a\
\xdd\x8bu$\x98\x9c\x9a\xa8\xe8\x11zP$\xcb\xcd\x92\
\xe5Ii <\x9a\x19\x15*R4\xcd!51R\
O\x8ax\x1a\xcc\x91E\xc0V\x91UF4P\xcd\xe4\
\x9aE@\xf8I\x94\xa2\x8f$\x8bxE&j\x19\xb2\
\x1bk0\x0b\x93\x0a\x8b\x00R#t\xa5L\xb0IF\
r\xa1\xa5A\xeb8Y\xaf \xdc%\x95T\x8d\x0a\x0c\
R\xda\x84U\xba&\xac=\xe34\xe9\xb9\x99C\x850\
N^@\xa4\xb0\xb8\xe2Lo\x1f8\x8c\x12\x0d\x87\xa6\
\xa5Q\xb2L\xaa\x95M\x8e\x12\xa9&M\xa0\xa9\x9c\xa1\
VP\xe3ZL\xa3M\x09\x89J\x05\xc7D\xdai6\
G\x08\xb19!\xc2T(vX\xec~4\x94$\xc3\
[h\x82\xa1*T\x89\x92M\x87\xec\xa35@\xa3\x82\
1\xd5'B\xf6%\x9bvQa:\x03\x83\x0dn\xcf\
\x07\xdb\x22\x82OU6\xb0\xda\xa2\x07\xd8\x85\xe6 \x8b\
:\xa9\xc97 \x93'\xe4\x8c\xa4\x84\x0c\xd2f\x90\x8b\
\x04)o\x9bUm\xa1\x0a\x94\xe11R5L\xefi\
q\xe5}t\xe8\x9e\x85s{D\x92I\xa5\xc0\xfaJ\
\x9c\x9d\xf0\xfd\x0e:\x9c\x04Nw\xb5K\x15N\xdeH\
+]|\x92\x89C*\xcf!\xd1&\x1a\x93\xd44\xa7\
_\x06\x5c\xeb\xc8\xb7\xb9!}\x1e\xe3\xe7\x98\xd4\xae\xaa\
\x7f$k\xf9-u\xf2*U\x95\xfc\x9c\xac\x1d\x00\xe6\
i\xe8K\xcd:.\xe4\x1f\x06\xb3q\xd8\xe8=;\x1f\
\xe0\xcc\xe2\x1dtFN\xb8\x91\xc9\xdc\xe2w\xa7sp\
\xf0\xfe\x0f^O\xc7A\xe9\xae\xb5\xee'\x87/\xe0\x88\
\xa8\xb8\xee\xce\xe3!~\xcf\xcb$\xf9H|\x91\xee\x1b\
r\xf8\x1f\x07\x0e\xa5\x17|\x1cO\xdf|\x07\xa9\xd3}\
\x0e\x09\xbf\x89\xd0g\xf6s\x07P\xfe\xf1{\x94/\x90\
`\x1d\xf50\x10c,Z\x1b\xce\x9cJ\x9eo?\x92\
\x86\x18>^G\xec\xa7\xda\x88\xdc\xaa\x9d\x0d\xb7\xb9\xfa\
y\x96.\xfeE#QH\x814G\xe7\xcc}\xb3\xe2\
\x16\x18c\xb0\xe6\x8a\xb9\x97\x1c-\x12\x1d\x07\xde\xb0\x85\
c,\xc8\xd7\x1c\xf9A#/3u\xcd\x16\x0f\x97\x0f\
\x83\xf8\x1f\xb1fHSN\xec\xbf\xa7\xd9~~%\xee\
\x9eEc,\xcd\xd3\xf4U\xdez\xc0\xd9\xae{\xa3\x83\
\xd3\xe0\xd4\x9b\xff\x00\x84\x11\x9c\x9d\x01\xf0\x16\xe25\xf6\
\xa6\x0d\x0aj\x7f\xbc\xc4.k\xa9\xb9\xd2\xdf\x02\x17&\
\xe8\xdc\xf0\xbb \xe1\xef\xe4\xdcm\x91\xa2|\xff\x00\x87\
\x12\xf9e\xd2&_\x0c\xa2\xf7\x11F\xfc\x1cU\xfc\x81\
\x1f\xb7\xfb\x13\x93\xcfr\xc7\xcb\x9dJ\xc1<\x8dy\xa1\
G\xfa\xb3,:~\x87\xfc?\x16\x1b,\xd3\xf8X?\
\xb9\xd0\xe6\x12\xbe$\x90\xcb\x06\xe4\xf3%\xcf\xfd\xe2d\
\xeb\x85\x9f\xde{\x01\xd4Rg\x0a\x07\xaegd\xc0\xf9\
\x9c\xf5'\xa7sS~\xbc\x8c\xad\xddy\xc3!\xef\xaa\
\xc7u\xff\x00\x0d\xee\x848\x0d\x02\x1d?t:\x8f.\
\x86C|\x99\x95o\xa5\x8c\xbb\xe1\xfc\x13p\xeeJ\xb6\
)\xce\xc4\x16rl\xf1\xebi\xd8_\xdaU\xbf;#\
\xe0\xbf\xf0\xf2]x\xec^\xe9\xe4\xe4\xdf\xa2\xd8\xfe\xb9\
\xd0\xee\xc9Y$\x90\xf7\x8a\x8d:,Z\x93\xa9;\x9c\
\xc6\xa6\x1a\x95\xcb\xc9wC\x90\x7f.IG\x14\x9f\x9d\
\x8d\xee\xa6\x84\xb8S\x0d\xee\xa75v\x9e'WO\xdc\
\xe0\xeeg\x91g'\xd0\x87\xc6\xaf\xc1\x1fe\xc8F\xe0\
l\x86\xf8\x1a\xfd\xacs\xb4r\xdd\xf4\xc5)F\xe6\x08\
K\xc3r&\xa7&\x97\xf3N\xa83i\x13Z\xb4\xc6\
\xe1\x22i\xb6\xc9$\xaf\xd0q\x18@\xd8X\x15\x98\xa7\
*2[ zZ\xa9\xa1\x1dq\xba\xa2\xb89B \
\xd3j\xf1t\xe0L\xd3i\xdc\xa1\x8cy\xb9\xa8\xe9\xe1\
x\x8aP\xa5\xb3XK\xfcMz\x13\xa05\xb5A\x0e\
\xee\x14\xc1\x9e\x183M]4\xce5\x00\x9c\x9dK\x96\
\xd6\xdc\xf0\xb3W5\x5c$\xbd3d\xcd\xcb\xc2?\xc0\
]\x89\x1bH\x06YT\xa1:\xa2\x1bjJYl|\
a?#L\x0c\xb8e4\xd3\x12l\x9c\xa7aR\x11\
\xf8\x05\x86\xd4x\x82\x0b\x03A\x0e\xe2\x12\xc1E\xa5\x92\
qrK\x80\xe35v[*\xaaRj\x08\x1d&t\
IU\xf0J\xec\x83\xbe\xcc]\x92'L\x0b\xa5a\xd5\
\x165\xe5\xb9k\x04:\xce\x8aRe\xadeIx\xdb\
y\xa5\x0b\x0a\xf1\xda\x0e\xc1(\x9d.N\x1cL1\xa7\
[\x028\xd2\xa4\xcd\x94\xb7\x12\x92\x0bLZ\xf8-S\
u\xa9K\x9b\x095\x9e\xfeS*U \x9ak1\xa5\
\xdd%OX\xdbL3\xe9g\xd2\xf2V\xb3Dn\x03\
\xa7BQh=eb\x0a\x0a\xc4aZ\xa12\x94\xaa\
h\x91\xaa\x01Z#\x81\x132N\xb7\x9d\x1a'\x99.\
\x8c\xd9\xc8\x097V\xee\xed\xe8\xc1*o[\xb2.\xef\
\x930C\xe6\xed\x172\x1b\xe4\xf67\xa8!\xf3v\x8b\
\x99\x1f\x9f\xf8Y>+\xc4\xfa\x1f!\xf3\xecf\xa7\x92\
~\xb1o\x95>M5\xbeNN\xe7\xe8\x7fD\xac,\
\xb6gR\xa2\x91\x06\x97v/U\xbeC\xeb\xdf\xe8Z\
K\xa5{\x0f\xfbr\xc0Cs\xe4f\x5c\xca\xbb\xcfH\
>\x82%r\x8f\x98\xe5\xf6'\xd1\xf8\xafc#+\xf4\
5\x5c_\xa0\xb5\xbe_c\xb3+p\xb9\xb8\xe4\xcd\xcf\
\xc5\x8a5\xb7\xcc_^\xec\xf2\x12r\xfa8V\xe3\xe8\
\x9c)\xdc\xdeD\x1f\xc1\xb9\xe4\xf8\x12\xba\xf9t,\xab\
\xcb\xf6\x7f\x85\x16r}\x1c\x96\xcbH\xb1.?\x84|\
\xaf\xf1\x0d[\xf2\xa8\x84w\xd5\x02\xa5-\xf8\xc8\xb2\xa0\
p\x7f$\xe7\xea s\xcdx%\x04\x5c?gvp\
\xb3\xcc\xde\xb7\x19\xd7\xdc\xe66\xe6h\x13\xfe\x0en\xc7\
\x22\xd0\x8f-\xea\x7f\x0f\xf6\xc4\xd5O\xec\xdc\xec\xaa\xcd\
Q\xa1\x86\x86\xab\xe0\x8a\x8a\xad\x93\x1e\x5c>pz\x11\
\xa1{\xa7\x93%\xdf19\xb7G\x83\xa5\xcb\x8e\x9a\xfd\
\x8a/\x87\xccn\x88\x83'SQ\xfb\xe4K\x8b\xb8\xfc\
^\x0bjN\xf7?E\xb6'\xdcr3'\xbe\xa3M\
'n'V<2\xe0\xee\x5c\xce\x0f{\x148\xf7\xfc\
T\xec>\x0d\x17~\x04u\xech>\xb6\xa5\xf0\xfb\xd5\
3Ob\xe4\xf34\xd6\xf85\xbb2\x84\xef\xfa8\xa7\
\xa8\xf8W\xff\x00\x10\xb9\x03b\xb1\x9d\xa7K\x9fg\xf4\
nz\x5c\xfb\x0e]\xfdz\xcb\x1a3?\xa1\xeb\xb5g\
\x9a\x1b\xe5O\x93\xc9\xc8}\xb1\x0f\x9b\xb4[\x07\xbbw\
\x86\x83%\xba\xf0Sr?\xd2\xc4:\xab\xba\x1a\xcf\xd7\
\xa0\x94\xaf\xebrJ+y-u\xf3\x87\xd0FF,\
\x82\x8a\xfe\x0f+\xc6\xf2'DI\x22i\xd1\xa3\xc0]\
&\x08:^\xf2IW\xce\xddbD\xff\x00\x0fX\xc3\
\xb2()2Z\xeb\xe7\x0a&\xf5\xc6\xf7O$\xf7\xbb\
\xef\x22R\x5c\x9c\xb8jn3\xc2 \x9e\xfc\x8b'\xf7\
\xaa>_\xbc\x19\x9a\xac\xbf\xd7\x875\xb4\xeb\x85w'\
f\x09n\xfc\xce\xe2\xca.w(\x9a<4\xfca%\
\xcf\xf7\x91\xc84\xaf\x92rt\x9b\xdbL2\x22c;\
k\x84\x14]Y\xcd9\xa0f\xefkv>\x83\xc5\xd5\
\xf2\xb0\xd2]\xf3\xf6L\xafz\xd7\x0d\x0e\xf5\x93Y\xbf\
\x81\x9b\x85\xf2'\xca\xbf8r\xc7\xc4\x89i+\xecz\
\x12\xcb\x8e\xa8\x87\xfa\xcb\x93\xdbh\xdei\xab9\x1f0\
\xa56\x02\xe7p\xcd\xd4\xb5\xad>\xc7\x96p\xa1\xea\x14\
\xe0\x85\x8d7\x15>\x88\x92\x12cc0\xa0\xa7\xa1^\
\x22q+/(\x18k\xb6\x5c@\xe0\xbe\x22Z\xdaM\
T\xba\x0c\xe2\xd2J\x8c\x11\xca\xc1MKl\x97\x12\xf7\
k\xb5\xe1\xb2\xd0TBo&\xcd\x1a\x04\x8aI\xcbv\
\xa2l^\xa0\xf0\xba\xa6vT:\x0e~\x05\x85\x95\x0b\
\xb95*\xa4\x0e\x15\xbb\xf9R\xf6\x0e&\xe3\x8bS\x1c\
V\xd4\xdeH5\xd8\xc3\x84\xdd\x06^\xad?\xc2\xb8t\
\xd04\x03S*\x82\xc2m4\xaa\xd3,T\x959#\
>r+\x16\x03\x14!\xcc1\x88\x8bW\x93\xb0\xa0\xb9\
\xb2%\xad\xb7\xb1\xb3Ja\xb7\x0a\xb4\x1a\x9c\xebU5\
Ve-\xc6}\x1e\x9b\x13\xaa\x13W6\x18\xca>\xe3\
,\xdc\xa7A6\xd2$9fiIxKi8l\
\xe2\x03\xe78N\x90\xb5\xcfJ\x8bY1\xdf\xdd\x0a\xbd\
*\x10q@kk\x84\xf8\xca\x1e10\x91D\x22\xd5\
\x06E-\xcet0Kf\x89\xba\x90\x82\x1ba\x18\xb4\
{\x09RIIn\x8d\xe0\xcc\x87t97t\x93\xa6\
\xa5\x0b\xaa\xe6\xa4\xb6\x85IM5BYI\xea-\xb2\
\x02\x85p\x9a\x9a\xa2cuL\x0d\x14r\x97\x09UH\
$y4)vB\xbd\xbc\x89b\x92\x94\xe0\x9d\xa1\x88\
Ca!U\xb6\xdc$\x90\xf2\x059ZR kj\
\xa0A\xf5E|\x84m\xb9K\x05\xb6b\x1c\xde\xd9\x10\
\xa5\x22UF\x9eM\x0ec%u\xeaF\x08e\xd5\x09\
U\x90\xf8\xb3h\xb5Y\xa6\x9ai\xa6\x9c5UOG\
[\xb3\xf4\x0e\xf8\x93\xb1V\xba\xf95\x7f\x11Cq\xc6\
\xdb\x02\x94\xfa\xc9\xf2p\xa4h'\x19o\xf6\x0f\x9b\x92\
sD\x087\x1fToS\x09\xc9\xdc\xdczdu#\
\x9a8\x93\xee}\x90\xe2\xe4\x19\xf1\xed\xc0\xdc\xfa\xdcN\
\x0a`S+\xde\x9532\xbfRx.\xa7^\xbd|\
\x7f\xa4\xae\x9a\xf5\xf6\x22\x05\xe7xGBO\x88_\xd3\
\xec\xbd\xd3\xc1G\xeb\xf8Z\xeb\xe0\x86\x9f\x0c\xa7\xfa\xe4\
\xc4\xa2\x97\xc3-\xf8\xe1\x9a9\x0f\xc5\x02\x90\xdd\xfa\xf5\
G\xe8\xbd\x8e\xa0\xa1v\xe0\xb0~G\xed\xd3\xea\xcdN\
\xf4\x93\x91\xef\xc0\xea<\xf1\xe6p*\xf4(S\xf3\xfb\
5;\x04\xb3\xc2\x0d;\xb8\x8d\xf2o\xf7\x93w\xcf3\
q\xf8\xc1\xf8\xbc\x94\xb9\xff\x00\xa5\x05b\x0b\x93\x97\x0d\
N*\xff\x00\xd9>^\x1a\xded\xa1\xcdg\xa8\x9a\xfd\
O\xd9O\xb5\x116\xb7\xe1\x7f%\xca\xa6\xfa\x9f\xe8\xfd\
J\x8b\xf25=e]\xdeCO\x17\xf8\x8f\x0bFZ\
\x0e#}O\xe8\x99\x0b}Yq~zX\xdc\xc0\xb2\
t_\x89\x0f5\x0eG\xb7\x83\xf4s\xa1\xf8\xeeT\xfd\
\xfa\x9a~O\x05:\xbf\xc1\xb8\xdc\xa3\xe0\xa6\xfb\x9f\xb7\
\x91\x08[\xef&\xeb\x92$>\xf25\x13j\xc0\xb4u\
\xf2@\xb9C\xfa*p\xf3\xd6H\xd7\xf2DS\x0a4\
\xfc\x9aF\x14|\x1a?\xddK]|\x8d\xe5:{\x12\
T\xc7<\x17\xf0r\xf4\x89\xde\xa5)\xd9=r\xc0f\
ex\xd6\xc7\xd2^\x14k\x8ac>&\xab\x0b\xee\xab\
r\x89\xa7\x82\x82\xb1\x07S\x16\xf1s\xe9\xfcTO\x95\
~I\x0bEo\xcc\xd6\xec\xb02}\x0a\xaap\xcd\x10\
Q\xe7.C\x1a\xad\xbb\xd4\xb5\xd7\xc9\xb97Q\xf8\xa1\
jN\xbb\x14\x14\x99\xd8\x98:(.7\x91$\x89\xdd\
\xe1.Y5,\xf9\xe2g\xb8\xb7\xf4>\xeb\xc1\xfa\xb6\
\xc3\xec\x9f\x03\x83\x96~\x8a\x8a\xcc\xe1\xad\xd9\xe1\xbb\xe6\
f=\xf4Xn\xb8r\xc7\x9a\xf73vX\xae\xf0o\
}\xecnu\xae\x13xt>\x06Z\xeb\xe4\xdc.v\
b\xb8\xcf\xf3B\x89\xbdpL\x96\xe3\x86\xb4\xf9qT\
\xb1\xa5\xdd\x90$P2\xfd\x9a\xeb\xfc\x1dD|\xfc\x1b\
\x8c\xcdn\xc8r\xa5\xe1WV@\xd5xI\x19\x1d\xbb\
6\xd3\x05lQ\x18\x80\xd1\x0a\xad\xbd\x9aj\x5c\xc9.\
\x86(T\xa9\xa4^c\xd3/\x1b#)z0\x14m\
\xb4\xeb\x0e\xac\xc6\xcd\x9a\x80\xe3\x02\xa5CAd\xc5<\
\xb9\xf0\x1ekj\xc1\x06\xdb(l\xe8o\xc5\xf3\x92\xd1\
\x05\xe1\x13\xafQ\x92l\xca\xc4\xd1\xa7%\x90\x88vJ\
2C\x22\xdb*&\x86\xd3Nh\xd8\xa1\xb8\x0b@\xe1\
\xf5 \x8d\xfa\x8cNHL\x87\xf9\xd5\xccWX\x90\x84\
V'9\xdc\xd8T'\x8d\x9d\xcb\xea*&\x92\xbcI\
\x10\xf0\x02\xdc\x8c\x0d\x0b\xa8\xb0\xadm\xdcXq\xc2\xa6\
\xf3|\x12\xb9\xcf\x8bl\xf6\x0c\x82\x82\x96\xdebU\x85\
\x09d\xac\xa2,0\xea\x93\xbdIMnI\xca\x9ap\
\xb0\xc6&\xd91\xa6\x9ai\xa7\x0d5T\xd3CXQ\
BeJ\xf12\xf4\xaa\xef= LK6\x89\x13i\
\xd0\x14\xc9\xa6\xd3\xd3\x1c\x97OV\x82\x938\xde\xe9\xe4\
\xedU~\xb0'\x0e\x1f\x864\xb7\xdf\x86\x1dA\x07%\
E\xcf<\x03\xfa}`\xa8g\xcd\xd8\xcb\x89\xe7\x1d\xb0\
\xd6\xec\x88k\x99`(\xf7ei\xfc\x13\xaf\xe0|\x9f\
l\xc8\xca\xddpM\x85/\xfc:\x80\xd7\xdd\xfa,:\
i\xf4Xm\xc7\xb9\xf3\x06o\xeb\xfe\xe2\xdc\x1b\x8c\xc9\
$\xc6\xec\xba\xaf?\xd9\x06+\x85o\xa0\x89\x1d\xe9\x91\
\x95c\xd0F\xb7\x9d\xbc\x95/\x9e_R\xfe~\xb3\xcc\
\xdcp?g\xfb:\x9dw\xd4wSqI\x7f\x0d\x8d\
\xc5,I]]\x04\xd2\xbf\xfd\x0f\x80\xf3\xe5c\xa9^\
\xa3-\xf7}\xd1\xb8\xdf\x91\x98\x8a\xd6\x86C\xbc\x9a\x11\
l\x1b\x9f\xd0\x9f\xeb\xf5\x99$\x97\xe9\x10\xd1\xe4$\xaa\
\xbf\x93\x89>\xf7\x1f\x93\xa1\xd4\xb3\xf2)[\xef9\x97\
1\xd4\x929\xaf\xf5\xdb2\xc3\xde\xb7\x17\x07\xbdd\x97\
\x1f\xc2>\x7f8\x894\x1f\x9e\x84\x15ul\xfe\xfe\x0d\
\xd3#\x93\x96\xfc\xcc\xc5\xbcf}\x17ELGEN\
<JNS'SB\x8e\xeaA\xe4\xdf\xe3\x02\xf0w\
\xdd\xc9\x92\xdf\xe0\xd5~\x87M5\xa7\x83#\x87\x7fQ\
\x83\xa6\xb7\xc9\xb8\xcb\x0d\xdegV~\xc6n\xf1\xa8\xf7\
\x16s'C\xe8\xb6nq*3\xe3\xaf!\xf3\xdf/\
\xe8\x9a\x88\xcf\xa8\x8d\x97\xcf\xe0\x93w\x8c\xa7\x15,\xf8\
\xf5\x12px\xc9\xde\xc4\xf9\xae\x1f\xc2\xfb\x99\x93 \xdc\
xp\x93\xc0\xfc\xf07'\xcd0;\xfa}\x1b\xbd\xf7\
\xa9\x99\x9d\xa3[\x0d\xfd\xde\x19\x10H\xacs_\xc3|\
\x9e\xa5C\x9d\xc8\xbd\xd3\xc9\xd4\x8eho\xf1\x8d0\xe8\
wE\x13O$<Yr\x827\xa7/\xd0\x91\xf6\xf0\
\xfd\x0e\xe3O\xe8\xe9FJ\x9e\x07G\x15D\x9d\xdd\x1f\
\xfaG^\xd8\xdf\xc8\xfc\xe3{\xa7\x9d\x88\x10n8\xdc\
j0G_\x0f\xf0\x813\xbc\x1b\x8f\xf44n\xe6d\
.\xaf\x1f\x90\xf0o\xb8\x85\xc9\xdeo\xb3\xfay\x97\x1a\
V\xb9\x99\x19[\xa9\xf2|/\x87W\x10D36\xe4\
\xcc\xd7\xb0\xa5\xb84f+\x8d\x1c\x96\xeaZ\xe6:i\
\x8bS\x11\x8f\xe9\x9a\xe1AX\x81\xb2[\x86\x0a\x17\xaf\
\x1f\xb15\x11\xfb7\x18\x8eeE&F\xef\x9ddR\
\xdb\xd7\x0a\x92\xfd\xcbe\x99\xbf\x91\xfd\x9a\x8a\x13\x92|\
S\x86\x87\xbbFxD\xdd\x09l\xab\xc1Q\x85%w\
?\x06q\xd7\x9bl\x82o\xaf\x1a\xf3#9\xab<\xd7\
\xc0\xee\x7fs5*\xd5\x8dnf\xad\xa8\xe5\xc1\xdd\xdc\
V\xee\xe4\xa8f>\x04\x8e\x14\xeb\xf0g'\x80\xa1g\
\xdcr\xbb\xef\x81\xaed\x1c\xe56\x8c'%G\x01L\
{\xf0\x81\xdf\xd5\xea\xfd\xb2_7\xc7\xd1\xc9\xbf>R\
Y\xcc\xfc3\xe2lI\xeft\xde\xc4hW\xd7\x7f\x92\
\x7f\xa07T\xc1\x99?\x22m8\xaf\xd8\xe2\x09\xf2i\
Wra\xccW|\x91\xd1\x1dg\xf0|\x05\xf8\x1d\xde\
\xbc\xa4\xb4\xe93\x1d\xe0\xdc?&e\xca\xb1\xcc\xdcs\
\xd2E\xa1\x1a\x97\xf4\xfb\x1b\xe5O\x92\xe3\xaf\xec\xdc\x94\
5\xfc\x1f\xc32*p\xbe\xe8\x86\xea\xaf\xf2$Y\xdd\
\xb1\x05\xb5\x8e\x86\xda\xd73\x98\xf1 Do\x05\x07\x5c\
\xe2;\xa9\x80\xac-O_\xa1\x1e)\xd0K\xe1:\x22\
o\xe8u~\x1a\x95-\xf8\x8fq\xf7\x1b\xe6:\x16\xff\
\x00F\xe7O\xd1\x09\xaf\x7f\xe0\x9d\xda\xfc\x1f#\xeb_\
\xe9\xfdL\x89b\xce\xa5\x0f7\x97\xc9\xcd\xd8\x9c\x9c\xee\
\x84y,\x1b|\x9fAw\x8e\xa2]\xebt\xec\xc8\x8b\
\xa8\xb3\x119^\xd4\x12w\xbe\xe4,;B\xdfC\xb9\
\xaf\x93%4\xbb\xa1#\x92\xddJ\xdf\xed\x8f\x05\xa7\x96\
G\xc8?d\x95\xdd\x7fBO\x91H\xe5\x91\xa1\xbfA\
yS\xdc\xe2\x5c\xff\x00\x94?v\xc6\xea*|,\xcc\
W\x8d\xcb\x0e\xfb\xc9\xcc,-W\xba\xcc\xbd\xd3\xc9&\
\xac\x99\xcful,\xbbF\xecv-\xcfv-\x09\xea\
\xd9\xc0:\xfe\xc7Z3t\xf0[\xfd\x0d.\xecG\xdd\
\xc3\x99\xc8\x89\xc6;\xf8\x1b\x9d\xd8{\xd6\xf3\x84\xb7\xed\
\x98\x9f\x81\xc3\xbe\x0e\x86\xe5\xf0\xce\x08q\x0e<\x09\xfe\
\x83\xec\xb5\xd7\xc8\xebFv\xf27\xc8\xa2\xe7\x16 \xbb\
\xb4I\x1f\x0e\xfcM\xea\x9b\xb7\xb9\x08G\xcd\x8d\xc9W\
\xcc\xba\xf3S\x5c)\x86\xe4\xff\x00H9*\xbey\x16\
\xf5\xfa\x16\x91\x0e\x11\xd0\x1cf\x95\x07Xs\xa7\xf0\xce\
\x0d\xc6[\x15LG:\xe9\x8fE:\xdf\x17>\x11O\
\x94K\x16u\xd8\xc8\x88\xcf\x88\xf9fu26\xf9\xc3\
\xe0\xb7\xf4\xf8<\xb7\xfb;.\x97\xd7\x0dn\xcf\x0et\
}2]{\xfd\x9b\xba\xedn:\x9d@k?\xd6\xda\
\x12n`\xdc\xfc\x9fZ\xa2s\xd9a\xb5\xb8\xea\xc7s\
,\x89\xc9\xd3\xf8|\x97\xfe\x0e\xc6Y`\xac>n\xf2\
6\xb7\x97\xd1\xc8\xe1s\xdf\x22\xfe\x9ff\xf5\x988!\
'5Z2\xdc\xbe\x1dG<\xdf\x08\xfd\x0a\xe5\xf3S\
\xe0\xd5\xfa\x15\xc6z\xfd\x8fr\x9b||\x1dW\xafY\
B\x84\xd5\x02\xa7W\x93\x96\xbeE\xbb\xc12\xd4{\xce\
dYJ\xe6\x88\xac\xc4\xbb1j9\x90\x85vO\xa2\
\xef\x8aD\x854\xf1\x18\xa15\xb9\xd1|\xca&\x9e1\
\xdc|k\xea\xd0Rd\xa2i\xe3\xd8\xa4q\xd7G\x01\
\x17$H\x98\xba&\xf4\x1a-+\xf1\x13\x94\xeb\xe4\x9e\
\xbeq\x90\xc7AX\x83\x882+{\x7fM\xcb\x92i\
\xf3\xb3\xf7\xc7z\x12\xf7z\x91\xf2v\xb0\xdc\xdd\xbfS\
\xa8\xfcG$_\xd3\xec\xecye\xae\xbe\x0b\xf7}>\
\x0e\x05\xf4`\xf7S\xd8\xd5S\xde\x8b\x0d\x1f\x83;\xb9\
e\x82\x93m[\x80\x99\xaf\xc4@\xefy\x8d}^\xa2\
T\xb4\xb6\xb1a4\x22\xf9\x1b\xaf\x12\x9f\xb7\xe7\xc1\x1f\
(\x9fO\xc0\xce\xb0Y#\xa0-\x9f\x90\x81]\xf1Z\
\x1c\x16\xf2\x8f\x89\xc1\xae\xdeh?\x1b\xc1\x03\xcf\xc0\x99\
\x9f\xb9\xf4%\x8f^\xb9\x0d\x86P7u`+\xf3E\
\x878\x91\xc9~\xa5\x89\xef\xf4h\x1f\xefC]\xe9Q\
\xfe|?\xd1\xcd\xee\xeaAq\xecd:\x08\x5c\x9d\xe6\
\x8c\xaa\xff\x00y\xd0G<\xc3\xa7\x7f\xa2\x1c\xde\x16\xa9\
\x9a\xeag\xbf\x8eQ\x99\xb8\xfbA%\x15\xbc\x8b\x06W\
\xee\xc95\x97s\xe0\xf9[\x0e\x00\x8d\xd1Q\xfc\xf3;\
\x17\xd6\x87R\xf2\x8e\xc8\xfa\xdb.\x87A\xf4\xf8?\xab\
}\xc83\xeb\x5c\x12\xbe\xbf+\x0f\x81\xf5\xbf\x11\xd8\x91\
\x1c\xdf\xfaWy\x9c\x89\xea\x99\xf4\x944\x9f\x87\xf0g\
\xbb\x10>\x89\xc2\x9d\xcay\xc7u2\x9f\xf2\xe4\x12\xed\
\xaf\x03\xe4qhh\x19T\xab\x179|4\xb4\x8f\xc0\
\xde\xfc\x90\xd68\xf0\xf0K\xf0g\xec\x95\xfd%`\xdd\
S\x05m\xfd\x8f\xbdC\x91\xf4\xbb\xc2E\xe2\x06Ae\
\xfc\xe2q>]_3\x90\xf44K\x97\xf4\x83%o\
q\xff\x00\x85\xb8\x94\x1cM\x0a&\x9e\x0d\xee\x85_+\
\x1c_/\xaa\x90Y+\xfe\xc4\xd3\xe3\x8f\x0c\xed\xf0\xee\
\x10\xba\xd4Jv\x18\x9a\xe1\x07e\x8d\xee\x9eHtW\
\xe0O1D\xde\xa5]\xe7\xac\x92\x227\x93q\x96\xc6\
\xe5\xf5?eto\x5cM\xeab\x1ay\xad\xd3\x05\xa9\
:\x97\xbay\x12J'\xfb\x8aZ\x92ON\x1b\x1b\x9c\
#s\xe4;\x09\xa5\xcc\xf8\xa9\xcd\xd8\xd11\xca\xe07\
\xbaos\x89?'\xf4u\x0d\xc4\xaf\xf2T5\xc7\xea\
\x1f0\xf9\x86\xe31\xa5S\xfa32\xbfS\xf8\x1cm\
c\xa9\x88\x22\xa9\xe9\xf6SY\xe9\xc3\x09\xaa\xad\xa4m\
\xcfN\xe8l\xf3o\x9e\x0ax\xa7K\xbc2p\xd6P\
\xff\x00\xd2\xe2\xaa\xca\xbfc\xa9\xb7\xaf\xd8\xc5T-\x90\
\xb3\xfdN\xf7\x92|_r|_\xc8\xf7<\x16a\xa9\
!G@\xfb\xbcc_\x82\xc7_%\xee\x9eq\xa8\xa4\
F\xdd\x05&}\xbd\xae\xbeK]|\x89\x95\xf3\x99?\
\xa00^\xeb\x98\xe0u\x1b\xbc\xb0=EfI\x1f\xce\
\xe2\xb6E+\xe6\xb9\x8f\x92\xd1}\x17\x11[\xf0-u\
\xf2f\x97w\x86\xe3\x8d\x85A\xb5\xe5\xe1\xa5\xb3?\xd1\
\xfb\x93\xb3\x135\xf8\x93\xbf\xe0\xa8lw\x95R\xe3]\
V\xc2\xb1\x9eg\xcc\x84\x9ek\xf49\x16g\xcezX\
\x84p\xf4\xeb\x10}\xea\xe1B[\x99\xe3gVNf\
\x95\x84T\xb33|\x92\xfa\x15*O\xac\xf65\xdd\xf8\
\x19\x17\xd1\x92\xab_\xe1\x16H\xdd\xef\xc8\xf8\x15D\x12\
\xd0\xeb\xdfF%}~\x19\x91\xab\xcf\xfdX\x0a,\x82\
\xdd}\x8dT\xab\xfa\xae(\xe8\x0c\xf9WH>\xa3\xfb\
\x83\xec\xe9\xa8\x8eJ^\x0f\xd3=\x91\x9a=\xf9\x97\x1b\
\xf0\xecs\x06\xbf\xa3\x84\xf4\x8b\xbd\xc4L\x19%Z0\
}\x11R\xc3V\xe9\xd8\x91\xfd\xf9\x11e\xbc\xd7z\x0d\
Yx:\x8dUj\xb3;=~\x8dE\xf4\xf0#\xc4\
\xb9\xe5\xd0S\xd3\xd7\xfd,w\x85R\x07\x7f\xfd>V\
)]\xf5\x92\xceO\xa3'h\xc4\xaf\xe2\xa5\xaec.\
z\xf1\xee2\xd3\xf5\xa7\x01\x1e:F\x7f&\x80\xeeF\
\xe3\xa8\x99\x1f\xa7\xc8\xdcp\xb1P\xad\x7ft\xc3\xaa\xfb\
\xdfA\xa7\xd3R\xb7>\xb3Cs\xf5:\x03(\xf32\
^k:\x14\x0b\x9f\x82C}F\x95\xfb\xf0&/5\
\xbf\x22s\x9c@\x5c\xefK\xc1\xbd\xd7\x00\xd1y\xd5\xbe\
f\xe7y\xa9\xc2\xaf\xd9\x1d{\x0f\xa6\xfc\x8a'\xd7\xc1\
\xdc8\xf8)\x13\xbeD\x01\xbe\xe8\xdc~\xcb\xbd/\xf6\
sv?\xa4\xfd\x1d\x8e>\x0f\xa3\xc0\xeb\xf8P\xde\x8b\
E\x0d\xcf\x85\xeau{\xf12?\xd6\x04\xb1gQ$\
\xa3vK\xc3\x97\x0e\x88X\xef\x17\xce\x0e\x80\xec3\xaf\
\xc9wU\xe0\xdc\xfc\xdf\x1f\x04\xb9c\xbahq>\xfb\
c\xa5\xdd\xe0M\xee\x9ep\xf3yP\xc8\xb8\xf5v3\
\x15_c\x98\xe5\xfc\xff\x00\x0e\x02c;^\xa5\x12\xe0\
\x967\xf9~1\xa0\xacAs\xf9\xfd\x1b\xb3\xfd\xc5\xb7\
84\xa2?C\xce\xf2\x8b\x16M\xf3\xb71%\xc5\x8a\
0\x0b\x17E\xf2\xbf3B\xf2\xact\xc1t\xf0{\xf6\
*\xc6\xf4\xde\x0d\xd7\xf4\xe7\x1d\x04\xf2W}NN\xe5\
\xc4yA\xf2~\x965\x9a\xde\x0b\x0e\x9f\xa2$\x108\
\xfb\xbc<(N\x06O\xb2\xd6\x5c\x88.&W4|\
\xab\xbc[+\x8c\xb6y\x8ey\x8cIs\xa7\x92\x86\xdf\
\x89:\x14\xd3\x98\xad\x92\xfd`bQ\xf5\x1a\x84\xc5\xa3\
\xca\xc2\xcb\xe2g\x03\xf8>&7#xX\xeb\xe4\xa2\
i\xe0\xbd\xd3\xc9\xa5\xdd\x95\x15\x99\xf5\xe8)3\xb7{\
\xa7\x9fR\xe7O$-\xdddE\xdc\xfd\x09\xab~}\
8\x1d\xc7\xfcE\x5c\xfa_~D\xaf\xe9\xb9\x01\x05\xf9\
\xa3\xc0\xf7\x19\x14M\xe8TVg\x1a&\xf5\x11E\xd7\
Nc\x91^t\x1d\x5c\xf4\xaf\x14AW~\x1c\x07\xbd\
o8\xa3;\xf2\xcf\x01{\xa7\x9d\x80\x070\xfe\xdc\xa8\
\xe1\xf2\xaa\xae\xc0\x95H\xbc\x95\x15\x99\x13\xf8C\x8e\xa4\
\x1b|\x04\x84\xce\xf0'4\xcedC#+u3t\
>O\x8e\x07\xed. *\x02\xe1O\xf6\x00\x8d\xc4h\
\x84K\x7fc\xfa\x5c\xfd\x89\xbd\xc8S=c\x99G\x1f\
r\x0a:\xa6#\xd5\xbf\xe1\x06\xf6\x7f\xb4\xd1\xc0\x9e?\
\xac\x07\xa8\xf7\x11k\xbf\xd5HC\xaf\x82)\xcf/\xe0\
tx\xf5\xba\xe4\x84\x9b\xf1\xe6\xc4y%N\xe7\x91\x92\
\xea\xd1L\x0dq\xad\xfa\x0a\x9dm\xf1s\x8a~r\xa1\
\xfc\x19\xb9w&\xcb\x94OA\xb9<\xef\xf2#W\x9c\
\xc7\xf1\x14\x0a?s'S\x22\xf1\xff\x00M\xd7\xc9\xd0\
\xe9\xbe\x87\x11\xfa\x9c\x1c\xb4z\xff\x00\x0f\x99~c\xde\
\xbc\x9f\xd0\xc8\xdc\x9aTN\x88\x93.u\xe4\xe6\xecn\
_\xe8\xfa\x08W$r\xfd\x8f\x87?\xec\x17s\xbf\x06\
g_\xf4\xbdu N\xb7\x1a\x9a\xdf}d\xf1:\x10\
\x9c9|\x19\x8c\xb0\x92Q\x5c\xc9\xbd {>^\x11\
e%*\x9f\xd8\x81\xff\x00\xcar$\xab \xff\x00V\
w\x92K\x93\xdd\x14\x14\x99\x11\xdf\xf4>G\xff\x00Q\
\xc5\xf1.;\xe4\x87WL\xed\xe0}\xff\x00\xa3p\xc9\
c\xb4\xe28\xfa\x99\x17\xd9\xb8z\x5c\x85\x7f\xb2]{\
\xfd\x97\xbay\x13\xe1_\x83\xa9\xbaq#\xafb\x8b\x9d\
\xc4\xfaw>\x0f\x1dO\xf7\xd7\x90\xee\xf9\xbf$\x91p\
\xef\xc7\x18\xeb\xdb\x0e\xae\xc5\xd9`\x96\xe5s#y\xb9\
\x05\xc3w4?\x8b?e\x14M\xbet2/\x0eS\
\x7f\x18D\x83\xf7\xf3s\xea\xcf(\xfa\xc7\xb2\xee\x8b]\
|\xe1k\xaf\x92\x82\xb1\x06\xe9\xdbgq\x98\xac|\xe0\
\x15*\xc9\xd7\xc6+\xb2\xf1\x83/\xac\xe3\x01:\xfe\x0f\
\xd1\xfe\x9f\x16!\xf3n\x8d\xcbL\xb1\x19q\xd4\xe6\xec\
$D\xabz\xd0\xdf\xfd\xc1\x98|\xf3\x1f\xc4\xf5\x92c\
\x8e\xf5\x13M\xbb\x95_\xdb\xe3\xc3\x12\x0a;x()\
2K'\x14\xc4\xe0Uy8\x22R\xb3\x9f\xecc\xab\
\xd7\x98\x91\xab\xdf\xb8\x99f\x99\xc9\xdc\xe6_\x22hU\
g\xaec\x9d\xd8\xc3cc_/X\xbe\xf4\xc2\xd7\xcf\
\xe8\xb7\xbeX|\xad\xfe\xe3\xd6\xbd\xd3\xc9\x90\xdf^\xf7\
O&\xab\xae\xcaO3\xc0^\xb5$\xe0\xba-\x22\x88\
\xd5u\x1b\xe8\xff\x00\x0b\x19{\xbc8+\xfb%\xcf\xc6\
Pn\x937\x19\x11\xd7\xb1>\x0e+Ru\x14\xa7\xbf\
\x9b\x92\xf6\xf9\x8f\xec\xfadP\xaf\xfe\xcdK\x85\xaaC\
\x89)\xc7\xf2\xcd\xcfQr\xf9\x1f\xe1z\x1a\x92\xeb\xe0\
\x9aS\xcb\xa8\xb3_5\x1e\xa4\xe9\x87\xc9;\xc6\x1d\xcf\
^fD\xdfA\xbf-H[\x9f\xc4m\xe6\xf4$\x9a\
\xba\xe4_\xb9\x8d~\x1aAI\xa4\xaf\xd8\xdcm\xf0E\
\x92y\xf8x\x107\x19Ys_\xc3\xca\xec5O\x86\
6\x15\xa9:dk\x8f\xa4x;^`\xdc}\xa4n\
^\x87\x11\xbf3\xf4,\x0f\xc44\xf0\xb8\xff\x00\x8d\x1a\
\x0b\xd4\xf9O\xac\x0f\xc9\x11\xf7\x03\xa8\xbeu\xbeek\
\xc7E\xfd8\xc9\xf8\xf8\x19\xc1L\xb8\x09\xd1\x9e}\x0a\
\xc8\xe3\x10q\x85G~B\xaa\x0c\xe2O\x0d9\x99\x1e\
s\xac\xc9)\xcb\x87\xa7\x02\xa3\x87\xe9\xf6d\xef\x1a}\
\x90\xfb\x7f\x94n\x1f\xa37\xea7?\xa2\x89\xbdI(\
\xad\xe7\x03H(\xdd\x0f8v\xe23\x98\xe1\x19q \
\xec\xab\xfc\x0d\x11\x07G87\xfa\xa4i3a\xdf\x89\
\xe9\xdc\x5cYi\xf5c#\xfd\xe4\xb3\xbf\xe2\x9a\x1dU\
\xe6Gr\xe6\xf9\x90\xff\x00\xb1\xf0\xbe\xbeHq\xc7\xf3\
\x89o_\xa1\xcb\x97\x1fB5\xee\x0c\x9eF\xf0\x7fK\
\xe0\x86~^?\x07{\xdb\x99B\xda\x96\xee\xfbd&\
Kq'w\x85\x05D~\x8f\x97Ct\xf1\xa9\xb96\
\x86\x8f\x9eJ\x97\xdf:\x8b\xe7\x8e\x14\xc0#\xafl*\
\x9f\xc4\xdc\x1d\xd5\x99\x99\xc3\x9a\x9f'\xed\x96hN\xe7\
\x1e;\xc9\xa1\xf8\xa1\xa1^\xf6\xc3\xa0\x22\xd3\xa4\xc7b\
\xc3\xa7\xec\xd5q~\x86\x97vu\xbe|5\x15\x94\xdf\
e\xb9nL\xcc\xbd\xd3\xc9b\x83:\xb7CP\xea)\
\x10~\xc6-\x9e-(\x8c\xba`\xdc\x09\x7f|\xcc\x8c\
\xad:\xdf\x1d\xde`\xb2\xd6\xdaM\x8d\xee\xb8A\xc9U\
\xf3\xcb\x0d\xc6[9\x9a/=1\xa2\x5c\x127\x1f\x83\
8\xf9\xc0h\x1c\xb2\xc4y\xb0den\xa5\xbd~\x84\
\xd8V\xdf\xdd\x9ea\xff\x000\x9b\x1dF\xa1\xfe\x0f\x19\
\xba\xbd\x0d5\xbeO\xb0\xf6\xdaP\x99\x9d\x05\xd5o\xd4\
\x9fW\xd0\x9fA\xba\xdc\xe6\x1a\x8e\xbeI$\x9c32\
\xbfRz\x8c\x22\xef>\x97\x82\x04mTVg\xd9#\
\xa9\xe9n\x16\x91r\xa2\x91\x18\xb2\xf8\xfcH\xfb\xfa\xf0\
!G\xf7\x99-\x15i\xdf\x80\xf9\xbfz\xe1\xd4\x14\x86\
\xe4\xef&e\xea\xa9\x8f's\x91o\xe0\xdd~\x0b]\
|\xe1Ri\xed#\xf0%\xf4.\x8f\xbeH\xf9\xdb\xb2\
L\xbaP\xd3[\xe0\xee~\x08\xd4\x8e\x84\xff\x00\xd1?\
\x0fb#\xe3\xba9-\xe3B\xce]\xed\xa9\xd4\x1a\xdd\
\x99\xad\xd9\x9b\xf9\x22\x8d\xeau\x07\xc2\x14\xf5v\xe8s\
>wA-\x84\xa2<\xfb#\xb8\xedb\x5c]\xc9\xd3\
\xf0t\x22\xceC!u\xbe\x01\x05\x9a\xac\xef\xc7+\x92\
?{\xean>\x1cQ\xb9\xc3Fn\x14k\x814\x94\
c$\x8e\xce_\x92\xe7\xdb\xb9\x17\xe9\x9b\xb4\xa3!\xf8\
\xfa\x1e\x07t\x8e\x80}\x8c\xdc\x91\x02\xa3\xfb\xd0}\x9e\
\x8a\x05\xdf;B\x22\x1f\x06n{\x9c\xc6T\xe3\x8a\xac\
\xf8\xdcN'\xd9\x1a\x11\x99;\xf1/^N\xd9X\xe7\
\xa4\xc8[\xea\xcb\x9c\xe3\xfb\xf8.\xedj\xde\xc5\xca*\
w\xe8D\x1c\x93\x91 \xa3tq\x15\xb9+\xe5E>\
H-\xfa\xf1&\x1c\x06|\x9d\x01\xbe\xef\xd8\xa6\xe3y\
 \xaa\xb7\x83u\xe0\x86\x82\xc1\xcc\x7f\x05\x11~v\x8e\
\xe4}_(\xf1\x92UQ\xa3'\x5c>W\xfa\x87I\
\xf7\x83\xa8k\xf2+\x19\xe6.\xe1\xfe\x9d\x8aK\x94T\
\xef\xd0\xde5?V\xc5\x0f\x8fV%\x1b\xe4!\xd5\xcc\
G\xe1\x94\x8c\xfa|'\x02\xb5\x0f\x8a\xfb\x1b\xf6U\xe6\
C\x93c5\xd3\xfdDu\xec}\x04q\xadh\xc9\x1f\
Z\x1d\xa9\xd0\xd6\xec\xce\xa4sB|+\xf1\x87\xe8\xf8\
\x12\xd1\xd7\xc8\xece\x91w\x89QH\x82\xe6\x9d\xe6\x0b\
8\xeb\xc4\xb7\xaf\xd1\x1d{\x10\x88E\x09\xf7\xe4\x7fN\
\x5c\xcf\x88\xfe\x09`e1\x17\xf2\x95$\xe4\xea\xb9\xe6\
^\xe9\xe4\xdf\xfdI\xf6\xfd\xe1\xbahA\xf3\xdb\xe4\xec\
5\xed\x06\xab>1\xd7\x08*\xea\xd9\xba\xf7\xc2\x82\x93\
%E\x22\x0a\x0a\xc4a\x91\x95\xba\x9f'\xc2\xfb\x0e\xcf\
\x93\xf1\xb6\x04\xa4\xd7^\x02\xb2\xbb\x093\xfb\xb8\xc19\
\x85\x9c\xcb\xc2:\x01;&\xc0G\xa9\x02q7BU\
\x93\xed\x8a\xba\xe6\xbc\x9b\x8f\x88\xa7\xcb\xb5$\x94bn\
\x9b:h2\xfc\xefc=S[\x92OP\xc9U6\
\xe9|$\x9ce\x8cE\x11\xfc>\xdf\xd4\x99\x06\x0fR\
t\xf5\xf7\xba\xfa4\x15\x88\xc2V\xed6\xaa+2R\
\x1dv\xde\xc4\xa5?\x17\x12\xef{\xf8\xc0\xa9F\x14M\
\xe8\x5c\x1f&\x97vs\xa3\xe9\x9e:D\x92t\xfcc\
[\x0bz\xfd\x0f\x96'A\xd3\x8fX\xafh \xab\xb8\
\xd1\x1e\xbff\xab~M\xcf\xf4Nm\xf9\x95\x0b\xf3\xe4\
\xcf\x04zrX\x1fq\xda\xc2\xa0\xe9\xf84/\xa7a\
-r\xb1\x9c\xf4\x15\x83\x89w\xba\xa3\xc95\xf9\x17\xc6\
\xe9\xd2\x0f\x0b=|\x1c\x92\xd4\x97E\x8a;\xf6w\xc2\
\xf7O\x06\xb7d,\x00\x02\x0d:\x97cr\xf7*<\
d\x19+{\x95\x17\xff\x00\xa9\xa8\xe4\xad\x81?\xce\xea\
G\xc7\xe6\x88e\xf2\xf9\xdcm\xdd\xa0\xa2')\x9e\x87\
b\xbe\x0f\xa4\xe0$\xd3v\xe0P\xff\x005O\xe0\xf2\
8I\xca\x9b\xe8[\xb7\xdb.&o\xcf>6!\xbb\
\xa86/\x8f\x9a\x9f\xe0\x99\xb7\x1av(;\xc23\x87\
\x12>\x9e#\xe6\xe3$\xb9\xc8(\xea\x99\xd5\xf7\x10\xb9\
7E\xbd~\xb0\xdc\xfc\x8e\xc6Y\x19\x11\x19\xf1\x1bw\
YCq\xfd\xc1\xf4\xc7\xc7a\xf5\xcf\xcfc\x7f(\x15\
\xb9\xf6f\x1b\xf09\x8b\xba:\x11%\x15\xbc\x8b2?\
\xbd\xf7\x1d\xc8T\xdb\xe4\x83U\xefbC\xef~\x05w\
#\xfd\x11\xd5\xf5\xb8\xd3\x9b\x17\xfa\xd6&\xdd\x85\xa1\x1a\
\x89\xfc/\x93\xb1\xd2\xe3\xc8\xcc\xbc\x7f\xc3\xc8\xf5\x89\x10\
\xb9;\xcd\xcd\x07\xf9cK\xbb\x1fP\x5c.\xec\xa0?\
2u?\xa3\xe8&\xee\xe8t~\x7fe\x88\xe8\x059\
o\xcc\xdc\x9e\x0f\xa2\xe8P-\xfc\xca\xbf\xceF\x93\x9d\
\xd9\xf7\xdf\xe8\xde\xb7\xecI\xdd\xc8\xc9\xd4^\x0f%\x13\
O\x04>\x0d\xf8[\x0c\x95\xa3_\xd3#U\xe3\xa1\xc4\
\xe1\xfe\xb3R\x91$;\xd4wn\xaaM\xd3\xc6{H\
\x9d\x1c\xf8\x19\x0f\xa37|\xcb\x93\x9f\x0d\x0c\xdd0\xe9\
~\xb3(\x9a2:\xf68\x93\xaec\xbd\xbf,\xc8\x90\
n\xb9\xbc?\xa1\xfae\xee\x9ep\xd2\xee\xca\x8a\xcc\xe1\
E_^\x85\xbd~\x8bz\xfd\x19\x19[\xae\x15~\xff\
\x00\xa6Cx\xa4l\xb2\x8f\xbe?c\xbb\xb6\x07$<\
q\xfa\xc3z\xb8fLe\xc4\xcc\x99\xcb\x86\x09\x05\x1b\
\xa3\xaay\x1b\x93\xe8Z\x93\xa8\xfeo\xf1\x0c\x8fN\x1a\
\xee\xdc\x09*\xed\xe7\xd4\x86O>\xc3\xaaW\x89.\x0f\
\x83\xe1q\xda\xf9>\x17\xc6\x1c\x9b\x9b\x8d$\xcc\xbe\xbd\
\xbd\x03]\x86\xea\x98*)\x11\xb7\xbf\xfea\xb9\xbaX\
\x88gWsw\xb5E6\xfe\xb0T\x8e\x97vnp\
?\xa7Ne\xa3\xf5\xa1WB\xf8\xae2\xfd\xbb\x1b\xbe\
\x1a\x9d}?s\x80d\x9a7\xecu\x19P0u\x9f\
\x5c\xc8K\xb7\x8fbQ(\xc87\xe2&k\xf1+W\
/\x02\xb6\xc5\x15\xa4\xdd\xde\x83|\xa9\xf2P\x1f\xbf\xc4\
3{Y\xc0\xdfO\xdc\xe6d\xd1\xf0U\xb5\xf2X+\
\xde\xb6\x82\xcdu\xfab\x01\xb6\x06\xb7\xbdF\x7f\xb7B\
\x0d7\xf1S\x99\x9f\xd2T\xe6\x8c\x8d\xbe\x95\x0f*\x1f\
\x9bO\x22N\xbaFe\x0d+y/\xe9\x99\xb7\x0by\
>\x04\x93U\xc1\xdf\xe4\xfa>F\xe7\xf5\x81\x85R\xd9\
\xae\x02\x8d\x05?\xb3\x8e|?l\xdd\x13$o\xafB\
\xa1Z\xfe\xe8;\xf7XOT\xfe\xc4\xe7\xdaQI\x8d\
\x22\x08\x91\xd2{\x951\xdb\xe09Q\xd1\xa1\xff\x00(\
\xfd\x95-(j\xcf\xb6g\xf4\xf0\xd4\xb1]\xf8<\x07\
\xe9\x86\xfb3\xa8\xe0T\x9f~G\x03\xa7C\xe0t>\
\x87/'\x05\x7f O\xab\xd7\x9c\x89\xf20|\xf1h\
\xa1V\xf8\xb6x'\xb9\xfc<r-\xfa\x9a]\xd1\x14\
\xb8f\xc7\x9f\xf9#U\xbb\xb1k\xaf\x81\x9b\xb8\xe6X\
;\x7fG!\xb7!js\xcd\x8f\x95\xfa(\xde^\x1f\
\x0c\xe4\xf3\xfew\xe0p\x13\x19\xda\xf5\x10\xfa\xb7\xfe\x10\
\xbe/\x94I\xbf\xe5b\xaf\xdf\xf4S<\xdf\xa3\x9f\xf2\
V\xbb\xba\x1d\xcf(\x9e\x9d\xf0\xdcdn\x1f\xf7\x01q\
\xfc\x1d@\xeaG4U8\xdf\x22\x13I\xa8q\xf8\xa1\
k\xaf\x8c-u\xf3\x8f\xd0GA\xe3\xfank\xdc\xbf\
\xa7\xd8\xd2\xb5\x22\x0b\x8d2\x92\xdc\xf53t\xc3r\xfc\
\x1b\xb3]\x86\xc8\xbe\xba\x8d\x15#.\x82AD\x7f\x0b\
z\xfd\x09\xc1\xe5s\xfa\x1fL|v!\xc3\xf2\xcf\xa2\
\xeb\x8e\x89\xdbb\x1c\xdb\x1f\x07\xca\xd8+\xe1\xcb\xa7\xac\
\xe1o_\xach4\xeb\xbc\xe3\xf2=0-\xd7\xc8y\
\x1fB\xf7O\x05\x13D\x8c\xc9\x8c\xb8\x93\xcf>ls\
\x0e\xa3\xf82\x223\xe3\x86\xec\xfe\x19+\xcf7\xf8 \
\xe6>\xaf\xcfr\xa6(\xa9\xd7\xae9\x8e\xf3\xb1D\xde\
\xa2\xd4\x9dv\xa0H\x92s\xbb\x1f\x0e\x1b\xe6\xc6\xd7\xe9\
_\xb3\x84\x5c\xda\x04O\xee\x19\x939p\xf4,m\xd8\
I\xd3\xfb\xf8\xd8\xdc=&\xde\x9d\xc8\xb5\xd7\xc9\xc4[\
{\xe3\xd5\x96\xba\xf9\xc2\x04\x90'\xd2\xcdu\xc5\x0f\xbf\
\xe3\xfc7\x0d{\xe2;\x153#T\x9b\xce\x18P?\
\xcf\x81\x5c\xcb3[\xb2\xc0\xb2\xadb\xf47\x1a\xf0\xc0\
|K\xe2}\xbe\xfb\xd4\xd3\x16\xce\xfd\x08\xe1|\x10\x22\
\x9a\x93 \xe3d\xd6\x8b\x7fF\xb4q\xa1\xa8\xf8\xfd\x12\
n\xca\xc4|\xe7\xa5\x8b\x16\xf5\x81(\xeb\xe0\xe2|c\
\xe8\x93K|\x12\xcd\xc7f\xe2g\x8dM\x8e\xc5>\x08\
\x95oZ\x1d\x00\x94*7@\xd1z\xfe\x80\xc0,(\
!\xf7u\xf6|\x9a\xbeW7:\x1f\xe1\x93=_\x06\
\xf4\xc85~\xb73U\xcfs\xf4\x1c\x97\xfc\xfe\x1cf\
^\xd9\x08o\xe7\xcf\xb9\xc1)\xc3\xe0\xb7\xaf\xd1%\x1d\
\x1a\x19\xf9\xc6\xee:\xdc\xfa\x0b\xe8^\xbc\xfa\x12\xcf\x9e\
\xd3\xd7\x02G]]\xedrL\x87\xbe\xa8\xeeyE\xce\
\x94\xbbP\xe8OvL\xa0z]\xd1\x7fO\xb3\x90\xde\
U\x1awgS\xc2\xf7\xe4nt\xe0%\x0f(\xe3\xa9\
\xc1\x94w.y\x86\xe3\xf94\x1f\x1f\xa2\x1f\xddq\xa1\
\xaa\xe9\xe0\xa7\x1f\xcb;\x07w&\xfb\xb7c\xfa'\xaf\
\xf4\xea{\xe1{\xa7\x92\x9d\x11\xe3i\xfc\x12\x8a\xf9\xe2\
\xa7\x1eN\xf4*\xdb\xed\xda\x0b\x0e\x9f\xd6\x1dBdi\
\xdc\xba\xd3\xb9\x0e\x9eN\xc1;\x97\xf0ZO\xd0\xf8\xba\
k\xbc\x97\x17\x22|\xa2\xe3\xaf\xec\xed1G\xeb\xf8]\
&K\xd5\xbf\xe1\xf0\x9b\xd8\xcc\xdb\x85\xbc\xe3\xa1\xce\xbf\
g\x05\xbe\xf4>\xc4J\xdd\xd0z\x93\xa6\x12n\xde\x8c\
\xcf\x9b\xed\x89\x9a\xfcDx\xe9\x19\xfc\x9b\x9cJ\x8a\xcc\
\x89'3\xfd\x197\xaf\x0a\x92_\xbc[\xb9\xebr\xa3\
\xdd\xc1k\xaf\x91\xd6\x8c\xed\xe4\xcc4\xd0\xb8\x1d\xc3\xbb\
'O\xc1\xc9\xb6_\xc37\xbc\xf6'\xa7r\xf7!Q\
Y\x92Jhd`\x89\x0b\xab(\xf07C\xf9q\xb5\
\x19e\x8e\xb7f}O\x1d\xf9`\xb4\xb8m\xd0{\x99\
\x09\xca\xc3\x89>\x8d\xcf{c\xbe\xaf\xdc\xde\xb8\x08\xb9\
\xb2\xcf\x06~^{\xea:\xa6y\xf2\x9b\xdc\xb99\xf0\
\xd3\x06\x87\xd0\xf8\xadJ}k\x16\xdf\x91\xbd\xd5\x9b\xd6\
`\xa0}\xe7\x99\xc1\x16\xae\x84\xf3\xcf\x8b\x09\xf6\xdf\xad\
0\x88iwX4\xe4\xea{\x8a\xeb\x9a\xf2K\x8f\xe5\
a\xf6\x11\xa6\xb7\xc6\xd5\x05b\x0a\x8a\xcc\xe1.\xbd\xfe\
\xce\xaf\xb9\x00K~4\xa4\x8f\x93\x80\xc1\xcc\xdce\xb0\
\xec\xf9?\x02Q\x86\xe3,7.\xb2v|f\x9e\xb2\
X\xb3\xae\xc4\x09 IAI\x93s\xe7\xea\xc7!\xfe\
I\xe47\x82BS\xd9P\x87\xa9\x0a\xba\xaf\xf2P\xe3\
\xc3/\x93\xa8\x0f\xe3\xff\x00N\xa3\x0b\xb9\xbe\xd9\xdc,\
\xb9P\xab|[\xc6H\xf4}G\xfaN\xf77\x17\x93\
\xe18S\xb1\x907\xad\x19\xf4\x1e\xa6\xf7}$\xccF\
\xfa\x089\xf9\xeb\x95M\x07\x9dq\x18\xf8-\xfd\xc1\xd3\
\x7f\xf0\xc9s\xe2\xfa\xd8i;\xa5\x81\xee\x92\xd7.=\
\xff\x00?e\xbd~\xb0'P\xe1\xad\xba\x9b\xd7\xfd\x10\
\x1fK=H\xe8w\xe0%]\xa8\x86m\x1d\xf8\x19\x8c\
\xf9s\xd0J\xdf\xcf\x1a#K\xbb2o\xc7\xc8\xa9\x99\
\x0f\xdc'w\x91\x1f\xca\x8b\x9d{\x08\xbd\xf5\x99\x8d\xb3\
\x12S\xe7`y\x8e\xa7\x85\xe0\xcc\xdf\xed\xd4\x9b{\xf1\
Ln\xcf\xe8L\xf7\xe1\xfa3+{\xb2\x0f\xbf\xcb\x19\
\xfe\xa7\xb1#:\xbbS\x8d\x05\xf2\xf8\xfd\x1c\x06u+\
z\x19\x0e\x8d\x19:\x9f\xb1\x9f\xa6o^\xdd\x88\xeb\xd8\
\xddsF\xa3\xfd\x1b\xaa`\xf9;^O\xd8a7\x0b\
Y\xb1\xb8\xcb\x01\xfd8\xfe\x1f\xd0\xfc\x9c\x1e2]'\
\x01\xf5 G%\xfe\xe1rs\xe1\xa6\x06\xf9\xc6\xc6_\
_\xe9\x02\x8a\x98]ls\xb5\x99\xdd\xd9\x9faH\xca\
\xa3sx\xed\x8d\xdd\x17\x933+\xc6\xb6.\xe6\xfb\xb9\
\xa2\x5c\xbf\xa28\xbd\xda\x9c\x9d\xc4\xd5\xbe\xe5\x1f\xee\xe7\
\xc3}y\x88\xee\xf49\xbb\xf0\x82\x0a*\xb6\x5cr\xdc\
\xdcu9\xafs\xa1y\x5c\x0d\xc9z\x1c\x07_\xb3\xa8\
*\xef=`\xcdZ%\xfd>W\xfa\xc4X\xba/\x95\
\xf9\x89\xa1\xf8\xe6+\xc2\x86Eoo\xe9b2\xe3\xa8\
\xec\xe5g\xd1dZ\xeb\xe0\x8e\xbd\xb0\x9e\x9d\xc4\xe8\x89\
5?\xdegM\xf7\xbee\x8307'\x8e\xe6\xf7T\
C\x83\xb0\xb8\xae\x98\xee:X\x9dq\x1fXp>q\
\xf6Q.\x09\x1f!n\x18@\x83\xbc\x93\x88\xf5\xf8c\
\xde\xbf\xa4I\x1b\xb0\xc9>\x0f\xd5\xba\xe27\xbax\xc1\
\x94\x8eK\xa1@\xb2\xfb;\x17\xc2D\xd2\xe1j\x14&\
\xff\x00\x8e\xa2\x1f6\xe8\x92.\x1d\xf8a\x991\x97\x12\
:\xf6\xc2?\xa9\xbc\xe6snw\xa1Sx\xde\xe7!\
\xf7\xb1=;\x94\x17\x9d\x0b|\xbe\x88\xeb\xdb\x04\xdc\xec\
\xebv~\x95\xee\x9eI\xe9\xdc\xc8\xce\xdd\x087\xb1f\
\xfe2*&7V\x0b\x92\xfdz\x19\x939p\xf49\
u\x96r\xefm\x0f\xa3\x8a\x9f\xa5\xa7?J\x0d\x19\xc2\
\x89\xa7\x8d\xba\xbdI\xd0\xa8\xac\xcf\xa3\xcd\xd8H\xe4\xb7\
\x5c9\xbb\x1b\xbc\xe4\x92\x8e\x8d\x0e\xbf\xc4R\xfb\xcbm\
8\xf9\xae\xf6:\xae\x1dx\x99\x1a\xf6,U+\xbd\xc4\
u\x0e#\x92\xfe\x9f\xc3\xe6\xb77'q\x1d_\x22D\
F\xf3\x87\x93\xeb\xa1\xa5\xdd\x96\xba\xf94\xbb\xbd\x9e\x87\
\xe7\xb1\xad\xd9\x9c#~D\xef\x7f\xd1\x97\x9f1\x9dw\
\xd7\x0eC7vs\xb7\xb9\xfe\x05\x88\x5c\xdf\xdf\xec\xe4\
\x86oy\xect\x03\xa267\xe4P\x16\xa7LV~\
\x9e\xe7\xe9\xfc\xcc\xc7\x83\xfb\x1c\x8d\xd9\xd0\x82\xc8\xef\xf2\
w\xae\xcf\xa8\x8f\x1f\x96\x82h}\xcf\x9b\x09S\xbf#\
\xe8\xde\x0f\x0d\xff\x00\xc1nV\x9b\xb8\x19\x99Z4\xb1\
\x1d\xcd\xf2\x82_\x84L\xd6\xe2I\x04L\x99!\xe7\x9f\
\x07\xc9q7]\xa0\xff\x00W\xf4J\x0f\x1dbGQ\
\xc7\xe8\xe2\x1b\xf3\x10\xb9;\xcd\xf0e\x95\xcb\xed\x16q\
\xf5\xed&K\xber[\x9f\xdf\xe8\x92Ln\xce\x80\xdc\
y\x9dF\x09\xf0}\x19\xd027O\xf6t\x8d\xe4\xe4\
\x10\xfc\x1b\x85w,\xab\xcb\xf43]\xfc\x8d\xcb\xf26\
\xe7b\xdckW\xa1<\xb1\xe6\xd8t\x1b\xa6\xc6W\xfb\
\xd8\xeb;\x94\xd7\xa6\xf3\xa4\x9a~\x0a\x17\xc0\x85\xc9\xba\
9\x84\xaf'\xc1\xde\xd0\x7f\xa6V\xd2\xd5\xae\xa7\xe9u\
\x92%[\xd6\x83\xb9\x9eE\x1a\xfd\xb8\x14\x1f\xae\xf0o\
t\x22\xd5G\x9e\xbd\x06p0\xbf\xc3]\x7f\x83\xa2_\
\x82\xe1\xf1\xecn3>S\xf8\x7f\xa3\xa7\xc6\x00\xea\x0e\
\xe7q\xf0\xbf\x22:\xf6:\x82\xfe\xf9\x9c\xdd\x84'1\
G\xf1\x9b\xaecl\xc4j\xb3(+\x10_\xd3\xef\x0f\
\xb7\xec\xbd\xd3\xc6.\xcf\x93\xf0|\x05\xf8c\xf7\xaa3\
\xfd1\xee\xb3\x884\xbb\xb3K\xbb\xc3~\x9c\x0dO\xcd\
H\xee\xf47>NA\xf4\xb2\xa9\xccu(W?8\
PRd\xb5\xd7\xc9\x01\xd5\x19\xad\xfa\xac\x0fq\x9a\x1c\
\xc4\x5c\x1fVx^O\x95\xfe#\xefT}\xdaWC\
K\xbb7Z\x1b\x85\xa4_\x01M\xdf\xc1W\x5c\xe6\xdd\
\xcbz\xfd\x14w\x8e\xb0=\x08\xd0\xf8\x17\xebrJ\xaa\
4j*\x15\x1f9\xb9\xbf\xc8\x83\xeb\xe2q\xfb\xef\x05\
\xae\xbeF\x16\xd2y\xee\x85\x9d\xe6\xb3\xa9\x9b\xa0\xdc\x16\
#>:b\x85\xc9\xbb(\xcf-\xb9\x11\x1b\xce\x17\xba\
y7%O:>\xc37%K9>\x88O\xf4t\
.\xf4%sqy\x8bU\xcd\x13\x8aJ#.\x87\xc9\
\xf0\xbe\x19\x19\xdb\xa0\xaf\xf5'\xf1\xfc\x9b\x85\xa4\x5c\xb7\
\xaf\xd1\xfa\x90\x5c\x0eN\xe4\xc1\xc9( N0$\xa2\
i\xe3c45\x1a\x84\x957\xeaX:p\xd4\xb5\xd7\
\xc8\x89\xc3\xfa O\xa3\xf2[\xfb\x80\xc9~\xb8d\xb8\
j2-\x13\xa9\x99\xba\xe3\xa2\xeb\x8b\xfe7\x87\x85\xe4\
\x8e\xbd\x8b\xff\x00/\xa2\x06\xfc\xf4 z\xfb\xc9\xf6s\
BMx\xe9\x9b5\x9cX\xb8\x9a\xdf\x81\xba\xfe\x1f\x01\
\xc9\xdcY\xa7\xe0\xb0\xb3\xec\xa0\xa4\xc9.\xeex\xac[\
\xaa`zF\xb7f\x7f?'\x95\xf8\xb9\x04\x1ezL\
\x19\xc1\xa5\xbe\x0a\xc7A}\xd0\xf8>8\x09\xf0|D\
\x82\x8d\xd1gW\xd9\x90n\xb9\xa1^t\xeb\xf0-\xf6\
&\xe5\xe8n\xee\x84\x14toTP\xde\xa9\xb8\xa7R\
\x09\xaf\x85\x0e\x83y\xab>\x86\xe3\x11\xccc\xcd\xb9\x7f\
J\x04e\xdd\xe3\xe8\xd1\xfe\x5c\x9f+\xfdD\x97\xf9\x92\
Q\xe4\xfe\x89\xd1\xdd\x9b\xfb\xc7\x22'\xf3\xf9G\xd9g\
\xbc\x8b\x9b.\x1a\x9cB\xb6\x8f\x83\x9ci\xbf\xc1<D\
\xbeD\x82\x8d\xd1\x0e\x9d\xfe\x8e\xaa\xd3\xf5\x06\xf7\x84\x1c\
\xb3\xe7\xa1\xae/~\x06\xbe\xfds\x16o\x0e\x94eo\
\x07\xd6\xa9\x99[\xdf\xf8h;\xc1?\xc5\xd8\x9f\xbb\xc9\
\xe9\x8a\xf88$:\xfe\x05\x82\x8d\xf4\xc3\x85c\xfb\xf8\
4_\xd6\xa3.\x8f\xb71\xae\x139$i\xf9.N\
\xf92\xbd\x89f\xf5\x13+\xed\xf6>i\xdfI\x1f\x06\
Z\xfd\xdf\x0d\xeb~\xcd\x06\xcd\xccG\xc9R\xcb\xbfD\
I\xab\xe2\xed\xf0P\xbcd\x14Ul\xdc\xfc\x0c\xeb\xed\
\x17\x12w\xe2\xa5\x13z\x9d#y7\x17\xf4t\x0c\x91\
'\xc0M\xd7dh\x1d\xfa\x1a\x8d\xda\x1eF\x10rU\
|\xf27\xba\x9a\xdd\x91\x9e\xe2\xd7\xd8\xfezo\x185\
\xeb\xcb\xfa|\xad\xf57:\x90i\x8c\xfc`\xbc\xa4\xea\
o\xb25|;\xa4\xe7\x1c\xc3\xfb|7|[\xe8\xa3\
_y,\xe3\x04D\xb7\xf9\x97K\xbe\xb8B\xe7\xe7\xc1\
\xfe\x8f\x1dn\xcci9\x9f\xe9\xd2\xf6#\xafl(I\
\x9b^i\xfd\x15\x9f3\x86\x97vt\xfb\xbc5\xbb3\
[\xb3$\xfd~\x8d\xd3\xf6IGF\x8b]|\x94r\
\xbeV\xdf\x99\xb9\xe5\xcc\x80Mk\xe6\xa2\xa1\xfe\xef\x19\
X\x14\xcbr\xef\x079\xaf\x82\xc0|<\xb7\xaf\xd0\xc9\
%;\xd3\xae\x0d(\x8f\xd6\xc7\x8b\xca\x98nJl\xdf\
\xd3\xec\xb5\xd7\xc9{\xa7\x91\x97\xe5\xde0\xbd\xd3\xc9Q\
\xdf'\xcb\x97\xf2EYp\xa3\xe8*\x16\xfa\x0e\xf7\xe7\
&\xf1\xe8I\xa6\xf4\xf7\xa15\x1d\xfd\x19\xe9\xdc\xc8\xdf\
\x8d\xfc\x19\x9b\xf1\xb7\x92\xd7_%\xc7\xbf\x91QnD\
\x1a.\x0a\xff\x00\x22\xd4\x9dM\xcb\xa4\x1d\x0e\xeb\x0b\xdd\
<\x94\xa7|\xe8oc\xec\x82\xf3\x5c\xa2i\xe0\xf2\x16\
T\xa9\xdcWb\x89\xa3-\xeb\xf5\xe9\xd1.\x09\x0a\xe6\
y\xe1\xd0\x0e\x83_\xd28\x08\x9c\xefj\x8e\xea}\xba\
\xc6\xcc\xf0\x8e\xf7O's\xbb\x19\x9bq\xbf\x9cK\xf0\
s\x14\xf0\xfc!TY\xf0\xd3\xa9\x1d{\x0fz\xfe\x91\
\xa7\xe7\x071o\xc25\xd7\xf8(N\x8c\xb5\xd7\xc9\xad\
\xd9\xe0\xb8\xdd\x98\xee\xae\xc2\xd4\x9dp\x91\xc2\xccO\x95\
~K\xdd<\x95\x22\x19\xa0FeN\x92\xb9\x85O\xde\
\xc5E\xa3S\x90C\xf9\x81]\xfc\xfe\x84\x0e}\xe1\xc6\
\x04\xba\x8e:\xab\x1b\xf7\xecj\x7fCq_\xa8\xcf<\
?\xd0\xc9\xd6\x92\xa6\xe7R\xe0k\xaf\xf1\x81\x06\xf4\x11\
M+\x1c\xeba\xe4\x99{\xa7\x83\x90\x7f,#u\xfc\
\xb1Gi\x0a\xf9D\xae\x19ae\xd7<\xb0\x8as\xdf\
\xa0\xaa\xb3\xc0\x13\x8a\xb3%\x83\x97*\x1f\xb5\xaf!\xb4\
3\xb9\x99\x9d\xfa\x0dAG{\xa0\x9f\xc3\x91G\xe9\x5c\
\xa0\xccNqy\xc8\xfd\xdc\xf0~\x08\xac\xdf\xdftx\
n\xa6f\x9d\xce\xa0\xb2\xf6\xeaf.\xfa\xa2q\xfc\x8d\
.\xe8\xe87\x9a\xb3\xe8T~\xbb\xc0\xebFn\x9e\x06\
\x9d\xd9\xd4\x86\x8b\xff\x0027\x7f\xd9\x9b\xdf\xe0\x93\xa3\
\xd0W3\xcc\xde\xfaW\x07U<\xa9\xca{\x96\x1d\xe2\
\xe3\xfdYE\xf4ot#\xfa\x99B)\xed'\xc1\x7f\
\xe1\xcf\xfe\xc6y+0O'\x97\xc5\x05\xbd\xff\x00N\
\xc2H~\x04\xd4~\xb9\x1a\x8d\x18n\xbe$\xb7^\x98\
\x11*\xf2\x8e\x159\xbb\x17\xbax \xf8r\xac\xa3\x89\
\xd7\xe7\xfc5'\x1a\x19\x0d\xf2fe\xde\xe3N\xec\xea\
&\xaas\xeapL~\x8f\xf7b\xc3\xa7\xef\x05|d\
R9\xbf\xe8\xdf2\x8b\x94\xdb\x0bz\xfd\x1c\x09\xf62\
\xbb\xf25X\xfd\xe0\x7f?\x84\x22\x8f\xdf\xf4|\x1dS\
\x15K\xa7\x92\x14\xf2\xaf\x07\xdf\x7f\xa3\xe0\xf9[\x01\xd9\
\xf2~\x09q4\x18\xf9\xdc\x85U\x873N\xe2G%\
\xba\xe1\xb9{\x1b\x8c\xcc\xd4\xde\x8f\xe1\xd0\x1a\xdd\x96\x19\
\x91\xefX26\xf8-u\xf0%?\xbf\xe9\xb8\xe3a\
\x92\xff\x00;\x17\xf4\xfb2]\x05\xa9:\xe2\xf7\xaeB\
\x9d\xeb\xb1\xccp\xfe\xe0\xddS\x18;s\xec\x81;\x1a\
]\xd9\xf4\x11QH\x83K\xbb7?\xa32\xe4n\xf9\
fw\x17\x81\xe8O6C\x92\xec\xdcc.9\x0b\xfa\
\xa4\xbat\xf7\xe4&\xc9K\xa5\x1b\xeb\x22r5y\xbe\
\xd1.\x1d\xfcx\xe0\xdb\xd0\xde\xcd\xe1rr\xe1\xa9$\
\x5c;\xf0<\x06'\xc2\xbf\x07\xf0R8\x0boc\xb3\
\xe34$\xa2\xb7\x93p\xfaT\xa8\xa4A\xad\xd9\xe1A\
X\x83\xa9\x8b\xf9\xb6\x0e\xc7w\x93\xf4\xe7\xe8\x81q\xdc\
z\xf3F\x97vp_\x8f\xa5{\xa7\x92\xe4\xd3L\xf5\
g \xfeX\xdf~\x8aO\xb4\xd6\x1f!\xe0\x9fsI\
\xdfC\xaf\xff\x00\x91}'\x96F\xe4\xfa\x1f\xb0\xe5\xbd\
~\x8c\x96\xb7\xa2|\x1f,\xde\xf5%\xc1\xdc\xeaI7\
;\xa4\xe1\xa18P\x81\xe7\xe9\x90\xbf\xada\xd0y\xfe\
\xf0\xcdt\xff\x00Q\x98t\xe1\x83\xf9=\xb2\xc7\xf4\x94\
\xd4\xa9\xac\xbf\x82\xe0#\x91\xfeM\xc2\xca\x96\xc7\xb0\xef\
b\xe4+\x99f&f\xf4.\x1d\xed\xdc\xe8\x08\xd3\xf2\
^\xa6\xf9\xb4\xf4\x13\xcdo\xa3\xc6^\xe6\x0a+\xa4\x15\
V\xf0I\x9b\xe8!\xaf\xd8\x85^\xe8\xecy\xf77\x0f\
\x99?\xef\xaf\x13\xa8\xfc\x9e\x05\xfa\xa1%\x93\xdb\xe4\x92\
\xd1\xf22l\x9a>e\xbd~\x87n\xf1\xa9\x90o\xc4\
\xa3\xa8\xd4\xde|\xf28\xed\xf44Lx\xf8\xa7\x8fQ\
\xda*\xbc\xff\x00\xd49\x0d\xddM\xcd\xdd\x1c\xc4iT\
\xfe\x8e+\xe3\xbfa\xe6poB\xdd\xf8\xa3\x91\x7f\x06\
\xe5\x84u?\x831\xad\x17S\xc1S\xc3\xe0\xc8{\xf1\
\x1d\xe4\xd1\x0e\xff\x00\x10v:\xfe\x88\xaa\xdd\xd1\x12\x14\
\x87#v?\x86D\xefCu\xcda\xc0\x9d|\x1f#\
\xf3\xf2d=\xf5D\x0d\xf6#7L\xd3\x0d\xcf{\xfd\
\x9b\xb3\xfd:\x03z\x85EfI%\x167\xd9\xb9\xf9\
g\xc1\xaf8\xa0\xecg\xc3N\x06\xef\xf6rw\xd2\xc5\
\xee\x9e\x0f\xb3n\xd0Yv\xfc\xc4\xcc~\xb2&\xb8\x1e\
K\x91c~\xe6\xe6<#\xe1D\xb5o\x91q\xae\xab\
\x01D\xde\x872\x7f7:\x0a\xfap\x1a.M\xd0\xed\
\xcf\xe0B\xad&:\xc10sJ\x05\xe6\xcc\x8d\x16\x7f\
\xea:\x8d\xfa\x8c\xf1\xef\x95\x8b{\xe4rw:\xfe\xf1\
\xcc\xdd\xad\x04\xe6\xf3\xcb\x0f\x05\x9a\x8e\xbb\x9f\xe0A{\
\xa7\x8cx\xa5q\xd0\xb8\xd7U\x83\xe7\xbe_\xcc\x0eu\
\xc4}\x08\xb7>\xd3\x88\xbf?\x13q\xd3\xe4j\x13\xa7\
\xe5q\x17\x1b\xb3\x1b\x94\xf0d7\xfc\x9e\x1c\x07\x05\xf1\
I\xf3c\xa1\x9b\xf9\xb6\x14\xfd\xbf\x1e\x09r[\xfai\
wf\xe1\xf13C\xb0~\xcf\xe9\xf3K\x1e&\xbeK\
\xb8\xe3^\x86C\xd3\x82\xdf\xec\x87\x07o\xd6:\xdd\x91\
{\xa7\x8c'\x7f\xc1\xcb?\xb6:\xa7\x0f\x918jT\
\x9f\xe8\x92\x89\xce\xaf\x91\xe4z\xf2\x1b\x0f\xf8\xd1V\xde\
\x84M\x7f\xaf\xc6\x19\x9bq\xbf\x91\xaf\xc3H\xc6\xd7_\
8\xf5\x1b?\x03\xadd\xa8\xac\xce\x17\xbay22\xbf\
A\xff\x00\x1b\x1e\xf7\xe4m\xc5o\xfc\x1f\x93\xc9#\xd3\
\xc1\xf0\xf1\xd2\xd1\x04\x1b\x9b\xa2\xca\x04\xf2\xf02J2\
\xc9\xf0\x13R\x9aT\xa29\xe5\xe6C\xcd\x88\xcb\x85\x84\
\x9a\xf6-\xeb\x85\x17;\xe1:\xfe\x09\xd7\xf0n\xcb\xf5\
\x85\x88\xcb\x8e\xb8PV \xaeG\xc5\x5c\x83Lg\xe4\
\xd6\xec\xc4~\xadR\xe4\xe7\xc3C@\xf0\xa1\xbe\xb2P\
dDg\xc4\x92\x8e\xfeEu\xcdy\xc1\xaeYP\xdc\
8\xd0\xbd\xd3\xc9QY\x9fC\xaa\xfb\xe6e\x0b\xa1\xb8\
\xa5\x05\xfe6\xd2\xc7 \xfeX\xfa\xd5?\xd6]\xc9\x9f\
\xc0\xf7'\xab\xd3\x87\x12\xbdSTA\x1d\xfdn'\xc2\
\xbf\x05\xae\xbeM.\xec\x99\xd7\xcb\x97\xc8\xa5\xcb\xce\xc7\
\x13\xa9\x87\xdc\x9c\x8c\xe1t5F\xed\xde\xf4:\x97\xd0\
\xd0|y\x8b\xed\xe7\xe4\xdd\x87\xeb\x0d\xc9\xc9\x1d\x93\xc9\
\x91\x11\x9f\x11B\xae\xfe\x08\xeb\xd8\x92\xa69\x1c]g\
\xf8kvx\x0fE\xc7\xa7\x03%\xd3\x04\xea\x997\x9f\
M\x96\xca\x9f\xf5`\xcf\xdc\x05\x22.X\xb9\x22\x89\xa2\
\x12K\xf1\x8d\xe2T\xe4\x1f\x99\xfe\xd2\x17SES\x88\
}%C\xe4(\x9e\xe8\xe8wC\xf2\xdc\xe4\xde=s\
\x11O3\xe1>\xe8N'y\xb9\xb8\xf5\xc8\xd0\xd7\xe0\
\x96\x8eV\xfa\x1e\xe7\xc1\xf3\x9e\x96\x19\xe2\xb5\xc8\xa3U\
S\x8a\xe3\xa5\x22/C\xf4\xb9\xe8\x7f\xab\xb7\x04\x7f\x07\
\xe8\x95\xf2\x22O\x83\xe1?\x87P2\xe0u\xf8\xbe\x04\
~\xcf\xa0\xcf\xe17?\xd1\xfeN\xa6C\xdfTv<\
\xb19\x97\xe57 9\xf28\x1f~Bs5\xd2\x9a\
\x0f\xd2\xff\x00\x87\x10\xe9\xaa9&\xf1s\xf8ED\xe8\
\x893\x0b\x17E\xf2\xbf3\xe5}dlJ'D\xfb\
A\xba\xfd\x0f\xbe6\xb3\x06\xf5\xe5\xfc()\x10o>\
\x84\xa1\xe4|.Bu\xcc\xa8|u\x898Z\xdb\xa5\
\xec8&c.8\x96\x1e9\x19/?\xe0\x99-\xc4\
\x9d\x1d\xd4\x92De\xe6\x87S\x16\xf3c\xf6\x9f\xa1\xfc\
\x0c\xb0\x93\xfe\xce\x15w\x9e\xb2q\x1c'\xc0\xa2\xfe \
\xdcf\x82J#\xf4uq\x06\xe3#\xa8`9\x07\xf2\
\xd8\x07#^\xc6Mf\xab\xa1\x99\xff\x00|\x0f\xf4\xd3\
\xc9\xa2\xcb\xc6\xf1\x85[_%[_\x07q\xda\xd8\x09\
\x13;\xc9s\xf5\x9b\x96\xd1\xa1\xdc7\xc2\x9f\x06\xe3\xd0\
\xea\xaf\xfb^v4\x1d\xa3\xb1\xa5\xdd\x92E`m\xfe\
\x1f\x22\xf2y\xee|\x9flJG\xcf\xf8Qs\xb8\xdf\
\xfc\xd0\x8a\x99\xd1\xf3\x8b\x0d\x1a\xff\x00\x22Q\xb7\x89\xf4\
x\xe8s\xc8\xbd\xd3\xc6\xc6p\xfa\x99\x1a\xf67\x1a\xd0\
\xb5\xd7\xc1P\xc1\x8f\xa8r-\xd4A\xbb/\xd6\x1fD\
pAE\xd5\x9dF\xa8\xf5Y\x1f\xb3\xf59l[\xd7\
\xe8\xdf\x7f0\xe2O\x8fB\x82\x93%E\x221v\xe7\
\xd0\x92Q\xbb\x1a\x827@\x9f3\xfd\x83BZ\x16\xba\
\xf9#_\xc9%\x15\x12$\x97\xbeD\x7fo(MG\
1\xf1\xf3-\x1c\x84\xfe\x19\x10B!l\x7f\xaf\xd2'\
\x19u\xc7\xd3\xe4\xd3[\xe4w|\xdf\x92\xde\xbfGV\
<<-\xeb\xf5\xb0\xd0Q\xba9\x86:\xd4\xbf\xa7\xd9\
AX\x8fF\xd7_\x07(n_\x07\xd0z\x1c\x9d\xc6\
\xcdn\x07Q\x8b'\x0e\x1fcN\x8dl-I\xd7c\
\x80)\xd53\x8d\x05&vh+\x10Y_\xca!q\
\xc4p\xd3`\x98\xf5\x9f\xc6\x16\xf5\xfa\x15\x97%\xe3\x03\
\xa9\x05\xee\x9eM.\xec\xa2oR\xad?\xbdd\x9a\x8f\
\xbdN\x81\xfe\x143=\x1a\x9c\x1d#\xfadL\xefR\
\xf3\xdb4\xc2\xa8\x89\x1b\x22V\x95\x82\xe9h\xfb\x993\
\xd4\xcf\xd8\xcf\x03Ac\xd6|Vk\xe8\xfe\x9dQ\xe6\
k\xa6\xb5tG\x01\xf3\x92Nm\xd0\xff\x00\xdf\xd4`\
\xf9\xbe\x7f\xa2\xef\xacr\x1b\xdc\x8e$\xb9\xff\x00th\
O\x9d\xeb\x91'\x03\xf47\x16EFO\xe1\xf42\xcb\
A\xe4{\xfa\x9dG8\x9a\x9e\x80\xd3[\xe4\xcdu<\
\x93q\xb5\xf8\xe8\x8a\xaa\x9f\x09E\x1a\xbbj@\x8f\x9e\
\xe8\x92|\xbe\xa8\xae\x87\x92W\xc1\xb9\xc7F@3\xe5\
^\x08\xeb\xd8\xfb\x0d\x09\x93\xfaDy8\xf1\xe4\xa7~\
\xe2'\xfa~\x86\xf2\x12\xfb,jk\xd8d\xb6\xff\x00\
&\xedfd\xfe^\xa4\x15}\x11;\x97\xf0{\x94\x87\
\xd1\xf9\x1dG\xae\xfcN\xcb\xfa?A&Z\xfd\xa2\xde\
\xbfG\xd8sx\xd4\x92Ln\x8b\xd6\x9a\xc4\x8f\xc1\xff\
\x00\xa5\x8e\x8f\xfb&\xe29\x97\xf4\xfb;\x1d\x06\xef\x87\
\xba\x04\xbc&\xe2]\x19\xc1\xe6\x8f\xdb:\x92(2\xcb\
\xdd<a\x05\xef\xebC\x92|\x995U\xfc\xe1k\xaf\
\x9c2/\xa3K\xba7_\xcc\x06\xe77\xdf\xa8\xd2\xf0\
#C\xf5\xdcE\xa7\xafQT\xcb?CF\xec\xaa\x7f\
\x01\x15\x0e\xf9\x90\xb1\xdf\xe8\x8d\x03qPy\x1d\xda>\
\xc27\x1f\xd9m7}\xe1\xf4\x9cO\xeb\xf7}\x8b\xdd\
<\x9b\xd5,:~\xcdk9h3\xfa-\x11\xd7\xb1\
\xca\x9f\xb6&K\xf1>\xb5M\xe7\xc1\xd0\xfb|\x0f5\
\xc5\xbdw\xdbl\xd7\xe0rw\xc3u\xfd\xc5\x0f\x88\xff\
\x00\x16*\xc6y\x97\x1a\xea\x8e'~%\xae\xbe1\xdc\
d7\x06b\xdfFTR#\xd1\xa0\xacAQY\x9c\
V\xa4\xeah\xbek\xdc\xff\x00\x1f\xf0}\xaa\xbe\x96>\
\xb7\x85J\xf1;:\x9fa\x95\xe1\xf8E\x0f\xde<\x89\
 \xfd\xb2\x1c(\xe3\xdd\x13;\xf8\x08\xfe\xd1\xf47\xcf\
\xc1\xd9\x899G2s:/\xad\xf5,:~\xb0\x90\
\xe6n2\xc7\x22#>&\xf4\x7f\x0bz\xfdldD\
\xe7\xc3\x08\xeb\xdb\x0a\x9d\xff\x00\x18oy\xc1:\xfe\x0b\
\x11w7\xdb\xc2\x82\xb1\x06\xf7A:\xa6v>\xf50\
\x0c|\xdd\xa2\xe5-\xdd0\xbd\xd3\xc9\xf365\xba\x0e\
\x86\xf9\x5c\x83\xa6\xccN<<\xa3/B\xc5\x9c\xa8\xa4\
F\x16\xe0X\x1b\xaa`\xb5\xd7\xce/Rt;;G\
A\xa8w\xe6T|\xe1e\x844\xfb'Cq\x9e\x09\
Av\x9fA\xb4\xb8\xf3\xd2Gx\x93\xa5\xba\xb7\x0c\xed\
\x85\x7f}/cqGaf\xc7E\xd8D\xbe\xaf*\
\x84\xe8\x897:h&R\xca\x04\xba>V\xc1\x80\x22\
\x0a\xf8\xbc\xfe\xe0E\xe6\xdbq*\x85\xd7\xf4:\xbe\xaf\
\xa2\xae\xbe\xe6C\xd6\xd0\xc9\x15\xba\xec\xeeO\xd2n\x0f\
\x04vs\xeb4\x997_q\x17\x13\xde\xe5g\x93Z\
\xce\xf0^\x9b\xde\xa37\x17a\xa7\x9fH\x8e\xa28~\
\xb4\xe4=\xcfS\x9b\xb1\xd4\x1a\xa7_\xe0\x99\xaf\xc7\x06\
O1\xdc\xd0Q\x84/\x07\x83E\x97\x09\xe8;\x0f\xa1\
t\xea]s\xeb\xf2D\x9a\x17\xfas+\x99\x9d\xeau\
\x1c*u\xcdv\xfd\x0f\xe9\xc9\x98\xef\xd4\xe3\xb9y>\
\xdd\xeb\xcc\xdd\x92\xeer=\xbc\x965W\x179\x08\xaa\
\x9c\xba\x1d\x00\xe5\x93|\xb8\xea\x7f\xbf\xab\x97\xf4\xfb\x1f\
P\xce\xdf\xd4cm\xa0\xfa>=M_\xbc\x14\xd5\xf7\
\xe1\x05\xdf\x0b\x1c\xdd\xb0?\x82\xe8*p\xc7l\xeb3\
\x0f\x8f\xec\xb1\xb7cry\x1b\xde2C\xb9\x97{\x9a\
\xc8M\xf5\x95\x8c\xd3\xadhn\xeeGM\xff\x00\x85\xdc\
q\xda\x0d\xc7\xe0\x97\x1fr\x17\xd3\xda\x0e\xab\x8f^\x04\
\xb3\xbdr$I\xae\xbf\xc9\xba\xe1\xc8\xdc\xe0AG\x04\
\x9f\x92F\x5c\x9f\xf4z.\x7fC&\xff\x00o'P\
n\xf6\xb7c\xf8h=\x08\xd0O\xc1\x1a\x9f\xd4\xb3\xae\
pn\xbf\x82<\xb8\xff\x00\x84\x0f\xadN\x96)\xcf\xa6\
\x1b\x8c\xf7\x1fa\x5cd9\x94\x15\x99\xc6O\xfb%G\
=\x8c\x8d\xfd\x08Yi\x90\xfb\x9e\xcc\xb7\xaf\xd6\x1fA\
\xcf\x9b\x13\xa2'\x19?\xec\x88\xd6\xed\xa9\x86\xe32G\
\xa7\x9d\xb9*\xe8\x96\xce\xa7f@\x92\x84\xf1dtw\
\x1b\x81\xbe\x14\xf8\x1b\x8e\x9bp\x175\xf8\x8f.\x90J\
\xdeq\xa1Y[\xae\x17\xf4\xfb\xd8\xcc\xd1\xf9\xeb\xb5\xb8\
\xe3|ot\xf2S\x8f\xe5\x99s\xbf\x22\xfd\xbf\xf0\x83\
\x9e\x16\xf2i\xd4\x7f\xbe\x0a\x0a\xc4\x17\x83\xe6\xe7\xf2n\
T\x1b\x87*\xa3\xebS\x06\x0c\xf4\x95\xe1\x9f\xeb)c\
\xd3F.)\xae\x11\x199}\x92I\x05*\xf9\xf0\xd0\
\x81x\xdd\xb8\x15L\xe2\xfaF\x16\xba\xf9\xc1\x14G.\
\x05\x17;\xedt\x97\xd6\xa6\xab/;\xc6\xda\xb9\x96c\
d\xbf\x01[\xbc*n\xbf\x86\xe5~\x8e/{\x9b\x93\
\xfc>\xf9:\x8b\xcf\xb8\x94>\xbd\x08HKb\xd4\x11\
\xf0\xdb\xa1\xb5\x11\x9fSW\xd71\x93\x82EA\xe0\xef\
a\xb2]\xfa\xf3\xc19\x15\xcf\x86\x9b\x928\x86\xbb\xe8\
\x85|7\x5c\xa8dj\xf3\xff\x00P\xd7\xd1\x8c>U\
Q;?G\xfa\x9e\x0a\xe2_/q%S\xfa*\x99\
\xc5\xf4\x82D\xf2\xe6kvf\x97vP3O\xb3\x88\
\xf6\xe0)\x1f\xd6v\xa1-y7\x17~lI#\xcf\
\xc1\x98\xb7\xd1\xe3]A\x04\x89\xb0P\x17\x91,ip\
D\xcd\xfeq\x97\xfd\xe0j\xff\x001#\xfd;\xe6&\
\xa7\xceg\x192!\x8ekg\xa4\x5cB\xd7\xfc7.\
\x1c\x89\x9b\xcd\x93\xdb{\xd0\x92\x88\xe0\x0e\xab\xb3\xc06\
*\xb9\x9dA\xb9\xe4j=\x11\xbb\xf1:\x8d\x8d\xff\x00\
\xa5\xc7w\xf8\x11\xfc7\x12\x0f\x1c\xac\x1cwj\x96\xf5\
\xfa7:X\xe5\xfdG8\xf0\x9f&e\xe3\xc1c>\
L\xf8?U25\xecn37:~\x8f\x07\xb9\x0e\
\x8e\xab|\x13\xaa'Y\xec<\xcd\xfd\xacK\x7f1;\
\x9a\xae\x87\xc8\xdf\xee\xa7\xd9\xe3!x\xec/\xd9\x8f\xac\
7mx\x9b\x8a\xf0]\xc6\x9ar(w\xe5\xfa\x11_\
\xd4d~\x86+\xf2\xf9\x19\xaf\xd9{\xa7\x82\xeeo\xbb\
\x12U_\xc9\xf0?E\xae\xbeK\x11\xdf\xa0\xdd/\x22\
\x06\xf33\x1f\x22\x1b\x93\xab\x7fd\xed\x9bf\xb7\x01\xe4\
\x0bj\xa7>\xb8\x1b\x8e74v3\xe5^\x0f\xa0\xc8\
|9X\x95\xd8\xf0\xa8\xdc[\xfa\x89k\xdf##\x7f\
\x93\xb6_G\xc5;\xeb\x22Q\xe4\xff\x00\xa2\xfb\xbb\xd3\
\x81:\x0b\xd6\xe6\xf7C\xb8\xedcu\xfa\xc1Mn\xe8\
W\xc7'\xcf^X\xcc/z\xd4\x9f\xbb\xe1\x9b\xee\xfd\
\xcf\xbe\xdd\xa6\x0f\xb2\xe6\x8f\xd3\xfa\x9c/\xe9\xf7\xb0n\
r\x8a\xcf\x88\xd8\xf2|\xb3\x7f\xfd\xfb\xc2\xf7O\x18\xb6\
k\xf0\xc0r\xb0&}\x1a\xd9N\xa9\x92m\xee\x98G\
^\xc3od\xa1\xfc\xca\xd5\xf1\xe4\xa4:\x01i\xd7\xe8\
\x8eX\xf3rI\x13\xba r\xef\xe2\x98r\xbc~\xf0\
\xa1D\xab\xbc\xf4\x8c()2Z\xeb\xe7b\xf7O;\
I%\x1b\xb1\xb7G\x0dw\xd4\xab\xe5c\xa1&k\xc1\
W\xca\xc4\x89\x9d\xe4\xa9$\xef\xfe\x0es\xe647\xae\
' \xfe\x5cY\x0ek\x15'\xcd\xf2\xcf3\xa3\xac\xfb\
\xcc\xba\x9a\xe3\xeb\x80\x9f\x91\xbfg\xc2?A=\x83\x81\
}\x81\xa0\xb7\xa7\x87s'\xf7\xb1\xf7~*4\x1c\xc7\
\xf0\xbd\xd3\xc9\xca\x9f\xb6jc/\x17-\xeb\xf5\x84\x14\
W\xf0G^\xdb\x16\xf5\xfa45\xc2\x9btw\xfa\x92\
2\xe4\xbf\x87\xf8\x17\x80\xc3\x97\xe8\xf8\xc7[\x9a\x0f\xec\
\xbf\x13\xc0\xd7\xd3*\xf4\x91\x1f\xe9{\x89\x9dvba\
\x94\x10oR\x8a\x12\xdf2\x10\xcdN\xf6M\x857\x84\
!Q\xaax\x12w\xd7\xb6\x0a9<\x9dA\xd67\xa4\
\x94\x9eK\x92\xe94_\x03\xce\xfe\x1aau\xad\xf4\x9b\
\xe0\x99\x9fc\x8b\xe7T\x8e\x03\xefi\xc1\x5cX\xefu\
\xb9i\xcf\x90\x9dS\x22,\xaa\xdd}\x90\xff\x00\xb1\x1f\
\xf4\xb9\xf1\x17\xf9J\xb3\xaa\xf1\xfe\x0d\x0a\xeew\xe8.\
L\xf9D\x05\x1bEF\x9e9\x95*yz\x14\x0c\xf7\
\xe2]9b\x99\x10\xcf\xe6\x841\x8e\xf6\xe3V#u\
W\xf2hp\x93\x05\xcf\xb6.N|4%\xbf\x81\xf3\
\x15\xec\x1f\x9f\xd9w\xa5\xfe\xcb\xfa}\x9b\xdf\x12\xa2\xf7\
\xcb\x08\xfbI\xf5}\x10\xcf\xfe\xcb\x94Li\x83v\x1f\
o\xd1\x1au \xb7\xf0T\xb5T\xec\xfbfg\xfd\xcb\
:\x9bi\x5c\xc7v\xff\x00C\xfc4\xb9\xd0t_\x90\
\x99\xb9\xe5\xab\xe47\x06\x99v\xa9{\xa7\x83'Qy\
_\xf1\x90i\x8c\xfc\x11w\xfc\xc7\xf4\xfe\xc9\xcb\x15\xf6\
\xb5G\x99\xec@\xfb\xd0M\xd4\x83r?\x85G\xc3\xf4\
=\xf7\xb8\xa1\xae)\x9b\xd4'8\xdf&2\xb7?k\
\x929~\xc6\xe2\xeb\xf2y;\xd4aO\x82\xa7\xf2g\
\xfd\xca8\x87\xcf.d\xf4\xeen\x5c\xcf\x06\xf8\xce\x06\
\xe9\xf2Z\xeb\xe7\x01\xd0\x0a\xa8\xfe.sv\x15\xac\xf8\
i\xc0\xa1$\x14\x7f\xb9\x8d\x1c\x96\xeaX\xce\x84\x8d\x1b\
\x8e77\x19\x1d]\xbb\x0d\x07;\xacw:G\x13q\
\xf9\xa9\xb9s\xe2'\x99v\x22\xd6\xfc\xc8\xa1\xd6\xe3\xbf\
\x1ck\xd4\xd6\xef\x9c\x1c\x06S}N\xe7\x97s\xa2\xbc\
\xfd\xc0\xa0\xf1\xe3\xa1/~E\xcaU\xfers\x1cf\
\x9f$u\xecd\x9fd4\xa2?GA\x87]\xbf\xa5\
\x0d\xde\x03\xce\xf0\x8a\xf5M\x09p\xa1\xca!\xf2\xdb/\
\xe8\xec\xf9?\x04\xbe\x9a\x12\xea\xf9\xbe?A\xd0\xc8\x9e\
1\xe81u\xa3;y9\x07\xf2\xd8\xdf\xdf-\x8b8\
\xe7^\x84\x8a\xde\xf3\x83Ry\x19\xd3\xa8\xe8x\xeb\xad\
F\xf9#\xad\xce_\xc9:\xff\x00\xd5\xc5\xf3\x7f\xac\xcd\
\xd0N\xb1\x03U\x99\x22GD\x7f\x05,8\x8d\xfb\xdf\
\x17\xa9:z_\x07\xd24\xbb\xb3K\xbb-\xeb\xf4n\
x\xd9\x1d?\xb9\x91\x11\x9f\x13\xa8*x\xcb \xc3\x91\
[\xdb\xfav=\xacrN\xec\xd6\xec\xc9*\xed\xe4\xfa\
DnU~\x05\xfc\xb9\x9fA\x9b\xae<\x84\xef\xc7\xde\
\xe6\xe3\x8d\x88\xd4_8\x19\xb5#\x22\xe3\xc4\xa0W\xb9\
\xba\x16|EY\xc4\xe7A\xbf\x86Iu<\x1c_\xc9\
\x04b\xd7<\xe8PV#\x04\xea\x99/t\xf3\xb1\xc4\
\xbf\xdc\x06\x8bZz\x1b\x8e7\xc3u\xc9\x8a0\xdf\x91\
R\xf7\xe8dk\xd8\xa3\x5cS\xc4Z\x13\x85\xee\x9eF\
\xd2\xe3j\x1a]\xd9\xa5\xdd\x9a]\xd8\xe2\xb7v'\xe2\
\xbb\x99\x1b\xfa\x11<\xc4\xb6\x8eCq\xc4\x9e\x9d\xf0i\
\xc7\xb3\x1a\x9a\x87]\xba\x13\xc3\xfa\xb9rH%~\xd9\
2\x05s \xe969\xbf\x06\xe3<t;\xa2\x17k\
\xc25*\xf9XT}>\xcf\xa1\xf06w\xd3\xecX\
\xca\x06\x03\x19|3\xe2t\xe2A\xab-d\x8d\x7f%\
\x09\xe3\xee\x90\xdf\x80\x85\x04\xaaZFnt\xa0\xe2\xb4\
Bs\xb3|\x1d\xc8\x14\xf4\xe2d\x1d\x8eV\x11\x91\x92\
\xf4\x8c\xb9\x9f\xd1\x14\x19\xf4inCR\x9d\x22&]\
y\xe7\x87\xc9\xdb\xb8\xb7{\xfa\xb1\x95p\xff\x00\x10\xd7\
\x0b\x92\x9f\x96K\xff\x00,\xecxf\x81\xdb\xfd/\xe9\
\xf6r\x1c\xaf\x9f\xe8\xf5t\xf0'\x19#\xf5\xf0\xd4\x87\
7.\xd55\x1f\x1f\xb2J8\xa4\xfc\x9cG\x83\xc0\xab\
S\xe3\xe2\xa3\xcc\x8b\xd7\xa0\x8e\x9dH/uG\xcb#\
\xc02\xa1\xbf\xa9\x16o\xe85s8'^\x87\xfbj\
'\xfbj+.\xfdK\xa5\xf0^M\xc7SS\x9e\x05\
\xe4\xdc\x5c\xebx\xff\x00\xa7G\xbf\x11[\xbd0\x0ec\
\xc8\xdcx\xf0\x93q\xbeDS\xbdIT\xfe\xc4\xc3\xef\
t\xf2$\x9c\xcf\xf4\xff\x00_::\x17\x9fR\x9c\x7f\
,\xab\xf7\xfd<[\xe8s\x0f\xe6e\xee\x9eE\xa9:\
\x9eOr\xa2\xb3'\x15\xabz\x9b\x8e-\xa1-~P\
\x91\xc9n\xa7\xfa?Y\x94\x7ftb\xbe\xa6/\xe6\xd8\
=\xc6Gr\xbeM\xc5\xb95w\xe3\x9c\x08\x5c\x9d\xe6\
\xe7Q*\xbd^F\xe6\xbd\xce/K\xa1i\xae\x8d\xc7\
S\xa8\xc8(\xaa\xd9\xaa8\x1f\x98\xda\xa9\xcf\xa9U\xff\
\x00&\xa3\x1d\xcb\x93\x97\x0dN\xe1\xfa(;\xd6\xa8\xe9\
?\x91B\xed\xda\x83\xe5\xbe\xf6\xcf\x05c<\xc9\x1b\xab\
\x06\xb7fQ4\xf0d\x13?\xa1%\x11\xfa\x16\xf7\xfd\
/\xe5\xee\x5c\xe9\xe3\x08o\xde\xc6\xe0\xd4\xc8\x88\xcf\x89\
$oa\x5c\xbax!\xec^\xe9\xe4\x81\xe7\xb3D\xde\
\x86N\xb8\xb3\x97v-\xd6\x82U\x99\x0bv\x85\x12\xe0\
\x90\x95\x1aW\xe0\xf8\x0a\xf2%Y\x91\xba\xc4\x09\xa6j\
?B\xd0\xf5\xa3\xf82\xe7\xaf\x1e\xe4\x1act~\xc7\
\x8e~\xadEfp\xa8\xa4F\x17\xbay$\xa2\xa2G\
\xd0\xff\x00N\xa2Y;\xae\xa5E\x22\x0c\xe1R\xef\x95\
\x19D\xde\x84\x87u\xfc3\x98\xd8\xd9\xef\xfb/\xe9\xf6\
WU?\x92\x81\xcd\xff\x00D\xf9W\xe4\xfe\x8d&\xa3\
q\xdaM`\x89V\xf4\xa0\xe4\x99\xed\xa9D\xd3\xc8\x95\
\x9cw\xea#\xe5\xa1\xa3\xc3L\xba\x1fgRL\xca\xbf\
\x0f\xd1e\xfc\xdfr)#\x87\xfb\x98\xc6~s\x83H\
f-\xf4cb\x89\xa7\x9d\xbc\x8a\xde\xe8\xfe\x06\x8b\x0b\
\xdd<\x99\x8d>eW8\xb8\xcf\x0dg/\x82\xc7\x8d\
yd\x5ck\xaa(g\xcf\x8d\x05\xa3\xe65W\xc9\xd0\
[\xdf\xf0\xbd\xd3\xc1P\xf3\x9e\xc8\xb67\xf5'\xa7r\
\xeb\xbfh\xe3\x84#\xc09\x9b\x8f1\xc8\x84iwx\
\xbbL\xaax\xf1<I\x12%n\x7f\xb3#;[\x22\
\x0a\x0a\xe3\xfd&N\xfeb<\x19\xd4\xcfko\x5c$\
\xa2\xf8\xb9\x22T6\xf8-z~\x8e\xa3Tz\xac\xb0\
\x92S\xa4\xf9$\xb3\xa7\xd5&C\x98\x90\xe7%\xf2=\
\x1e\xeb\xf6\x22An &\xed\xe4\xa6\x9e9e\x0f\x1a\
\xbf\xc2\xbb\x97^:\x10+yw7\x1f!\xac\xae\x97\
}\xd9\xe4~\x0e\xf3\x0b\xa0\xce\xef\xc8\xf8=\xa1\x9c\xee\
k\x8a\xc96\xba\xd4\xec\x889\xdfG\xdek\xf4-\xb9\
\x84\x83\xe3\xf92\x1f\xa8\xe6o\xbb\xf6\x18\xe8\xef\xbdQ\
P\xf9\xd9S\xe8\x04\xe5;\xef\xfc9\x98\xe5\xc7\x05\xd1\
\xae)\xe1b\x95\x0f\x15cC\xba\x1b\xfd}\xe4\x96\xae\
\x89\x0df\xd4D-&0\x0c\xb4#Rg+\x8f\xbc\
\x1950\x97'\xa9\xf7\xaa6\xd4\xa2\xe56\x19\x07_\
\x83\xc0\xce\xa8\xc9G\xc1\xd53\xa1\xcd\xf2\x1e\x99\xd7\xe4\
KN8\xd3\xf48>\x0f\x83\xb7\xc8\x9f*\xfc\x9d\xc7\
k\xe1\xfe\x05\x9b\x9d\xeaHr _\xbfsp\xf0\xe2\
|c\xad\xcd\xc5(8\x1f\xf7\xc0\xe3_\xeb\x98\xee\xf9\
\xbf8h\xb3\xf1\xbc\x97\xbax-u\xf2}j\x9a\x0f\
\x8f\xd1AX\x82\x89\xa7\x92P\x8b\xe4\x9b\x8ci8f\
\x18\xfa/\xa3%\xd0\xbd\xd3\xc9\xfb\xba\xe1E\xce\xe4~\
\x9e\x90o\xab\xf7\xc5\xee\xbb\x1a]\xd8\x8b)\x97\xda/\
t\xf0AW\x7f\x18K\xf4\x8b_I\xc0q\x82\x83\xfd\
\xd0\xd0?\xd2\x11^z\x9f \xcf\xf4\xac\x83\xef\xc2\xe5\
By\xe7\xa5\xb0\xc8\xce\xf3\xad\xf0\x0d\xaa\x9c\xfa\x96\xba\
\xf9/\xe9\xf6IU\x7f$J\xb7\xad\x07\xc0\x88\x16\xc5\
\xab^\x88\x86.x\x7f\x93v\xe4C\xe6\xdd\x90yk\
&a|\x0eG\xb3>C\x18\xf3v\xd9=Ko\xd9\
\xf4\x10\xde\x0c\xc9\xa5\xae\xa8\xa2\xae\x17\xf4\xfb>2\xf9\
\x82\x0a*\xb7\x8c\x85ZLu\x8c34^z\x10\x11\
Q\x18|\xaa\xf9,F|t7;\xf4\xc6\x82\xb1\x05\
S\xe0\xd1\xf4\x11k\xaf\x9fL\x82\x8e\xde\x0d\xcal\x89\
V\xf4\xa1\xb9\xe3d+\xa6\xb59&\xf1s\xc14:\
\x09~\x1a@\xcc\x9f\x9b\xea\xc84\x5c\x15\xfeJ\x0f\xf7\
Sq\x98\x84\x97\x19\x1e\x96\xf6\x91\xaeM>\x1e\x1fz\
\xb8de~\x85\xdc\xdfxiwbuL\xec\xf1\x1b\
\xf34\xbb\xb2\xce\xfc\xfd\x9f\xc2:\xd0\xa9i\x89i\xc6\
\xf1>7;v\xba\x92\xc6\xb3\xc9\x95O\x95_\xc9\xc0\
GQ\xd0\x9d\x07\x90\xf9\xfc\x0a\xe5z\xe3\xf7\xa8g\xfd\
\xcb/\xe9\xf6\x5ck\xaa\xd9\x1f\xe9\xabD\x09\x98\xe8\xff\
\x00\xd2\xde\xbfD'\xbf\xe5#\x81\x08\xe2e\xff\x00\xa6\
Fn3\xc7[\xb39\x12\x82\x93&\xe3\x8d\x8d\xc3\xf6\
y\x1d0\x82\x8a\xf9\xbe\x04\xd2\xbd\xf2\x83\xe8\xb9\xb2\x18\
^w\x82\x0c\xf8\xc6\x84\xe8H\xdf\xbeDC\x99}`\
\x8b<\x7fy\x95|\xacD\xf4\xc9z\xeb\xe0\xd1\xf5X\
\x96\x94\xab\x91\xfa\x0d'\xef:\x8fc\xe4\xf8\x5cQ\xf8\
>G\x82\x8a\xc0\x11i\xf1\xb5?\xa3\xe06\xfe\xe44\
\xef\xe5\x07e\xe52\xa1\xe9\x95\x84w3\xc8\xea\xf9\x9c\
\x0b!\x9a;\xe4#\xef\x92\x06\xdfQ\xc1&OAY\
n\xfcH7\xfb\x99\x9c62\xca\xe5\xf6\x8a\x13\xbe\x88\
\x84\x9ay\x13|[\x04\xd9OO\x0e4(\xdf\xec\x8a\
\x0a\xc4\x09\xfe\xb1\xae\x01I\xe6\xbfCzs\xc0\xb7\xb9\
\xfc\x8f\xe4\xef2A\x11<\xf5\x22dL\xaajd\x13\
\xe0\xe7\xad\xcd\xc7\x22\xf7O'g\xd7\xe5\x8a\xe4+L\
\x9f.E\x13z\x9fS\xe8\x7f\xa5\xe8\x5c_^\xf78\
}%&W\xd7\xc1\xd6\xfb\x1b\xa2 \xea\xaf[\x9f5\
\x97\x0e\x85\x87\xd7\xf5\x81\xcc\x99\xb9\xae\xc6\xab>&n\
\x85\x9cs\xafA\x09>2\x7f\x09\xd4n\x0b\x7f\xd4\xd0\
\xcfqo\xe8\xfe\x8db\xa7\xc9o\xe9\xc5I.\xbf\xfd\
-u\xf2iweE\x22\x0a\x85\xf8\xf2n3(+\
3\x8ehW\xaadg\xc3N\x02\x1ex\xb9\x99\x95\xfa\
\x977\xef\x8d\xee\x9eD\xa7\xe9z\x96\x06l\xc99\xb9\
Ju\xf3\x8d\xee\x9e0\x1c\xdd\xb0\xdcq\xb1\xa5\xdd\x95\
#@l\x7f\x19\xa5\xee)\xf3v\x8b`\xe0\x19\xe7\xc6\
0\xf8|\xaav\x98\xd0\xcc\xca\xfdJtG,\x9b\xe5\
\xc7S\xb8wX\xff\x00\x8a\xc5EfD\xea\x998\x13\
\xec\xd7_\xe4y\xbe\x8f\x05K|l\x0d\xc7\xdf\x06\xf8\
S\xe3\x05\xb7QYr^0\xa2(\x1b\xea'\x06\xef\
\x8d\xf0\xa0\xcb\x86\x9c\xce/~\x82e/\x0f\xb8\x99/\
\xc4\xb9t[+\xf2:\x81\x05]\xfca\xfe~\xecd\
\xf9\xe9\xc8N\x0e\x03~F\xe9\xf3\x8d\x05&J\x8aD\
z?a\x1b\xeb\xa2\x0a\xabx4\xbb\xb1\xdb\x9fx_\
\xd3\xef\x0a\xbeV'\xa7r5\xfc\x9d\x17\xde\xfa\x93\xd3\
\xb9\xddx\xc7Ru\xfc\x16\xba\xf9\xc1:\xe1\xb3{\xa7\
\x93Kun\x19\xdb\xd0\xa8\xac\xce\x11\x87\x15\x1c\x91\xc4\
v\xce\xc4\xc5h\x87\xd4uE\xf4P==\xeaQ\x95\
r\x04\x87o\xbb\xb2\x85\x9a\xd9#\xa6\xfa\xe0n:p\
3t4\xdf?\xd3\x80\x98\xce\xd7\xa8\xff\x00\x8d\xfd\x1b\
\xd7\x03[\xb3>\x0b\x7fq\xbd\xd3\xc9\xb9\xfe\x8d\xd2\xbc\
\x16]\xbb\xc7\x1c\x1b\x81\x1e\x5c?\xd3s\xfb3\x1d\xad\
O\xeb:\x0fvoZ\x88iq\x93\xb0>\xc8(\xed\
\xe3\x0c\xcd\xfeNd\xfdIpo\xa1\xc8j\xac-L\
i|\xae<\x9c\xb6\x89\xe8oG\xf4\xde\x8f\xe9\xc19\
\xe23\xe0\xf8\x17\xbay&-\xe4\xf2\xbc\x17y~\x84\
_\xc8'\x85o\xd4\xdc\x5cH];\xbfR\xc3\xae\x9f\
D\x8f\xcc\xc8\xc9\xd3\xa9\xa0M4\x02s\x1d\xc3\xa9\x98\
\xca5\xe6/C\xee.\xdbrnO\xbf#R\xe9\xdc\
\xea~{\x9d\xc4\xfa\x22\xbc\x92\x9e8\xc91\xe8%\xf1\
x\x13\xe0\xca\x07\x19S^\xc27\xfaT\xf9\x15\xbe\x8e\
#\x96\x0c\x87\xbe\xa8\xdc\xf1\x13\xec\x87R\xe9\xe0I[\
\xf5p\x13\x8dk}F\xc8o\xd4\xa3\xfa\xfeH\xb2\xf9\
\xf0#7\x8fq\xfe\x8b\xec\xcf\xd0~\x89*\xe8\x91\xcc\
>\xf1\x83\xd5\xd3\xce\x0bBxzt7>tG\xf4\
\xd3\xec\xd1u%\xbf\x81\x01I7\x17\x18\x9e/\xec\xea\
\x08(\xdf6h\x97/\xe8\xbe\xcf\xfaP^\xf2>\xe7\
\xd2H~\xcf\xe8\x8ey\xf3sB\xfc\x9fT\xeaO\x0b\
\xdf\xa9\xc9y8\x1f\x1f\xe7\xe8N\x8e}\xeaAWV\
\xcf\xaeM\x03\xb0\xda\xa9\xcf\xa9\xc1\xd2?\xa77cC\
\xfc\xd7\x09\xc54\xe04\xf3[\xa1\xb8\xef\xd4\xb9P\xa6\
\xf7\xd8B\xe2\xaf\xbb\x1cJ^\xfa\x10v~\x90PV\
d\xfe\x0dt7\xba\x9c\x08\xf3\xcf\xe0\xcdw\xc8\x91\xeb\
?\xba\x97.\xa4vz\x91\xf5|!\xb3_\x80\xe8\xcb\
\xf1\x18\xb5|\x91\xd0c=;\x9a;q\xca\x0a\x0c\xbc\
\x95\xc4ud,s\xfeX\xfb1\xf4-\xfd\x15|g\
\xa5\xb0W2\xbckc\xb1Iu\xfdv\xc3\x90\xef\xcb\
\xe8\xe4\xeedh\xbc\xf5(9\xaf\x1cF>n\xd1l\
9;\xecC\x9bl/t\xf03\x81\xfdlF\xcf\x9f\
-\xef\x82\xd4\x9dp\xdc\xfc1\x22 \xa9\x0c\xbb\xc0\xd4\
a5\xbb\xeavI\xd1uE\x07\xaa\xd5\x0d\xb9\xdb\x06\
M\xca\xc4\x87E\xe2\xe3\xe3vD\x15\xde\xe8\xb0\xe9\xfb\
\x16Iss\xf0\x88(\xaf\xe0\xdc\xeeh\xc5\xa9:\xfa\
Z\xdd\x9e\xd3\xd4\x9d\x0b\xfa}\xe1\xa5\xdd\x90U[\xc1\
s\xd7\xf7\x82p&\x8b.\x13\xd3\x04\xe9wg\xd7\xdf\
R\xb3\xd0\xd6\xec\xfd\x17\xa9:aQ\x93\xb9\xfb/\xec\
\xe4G\xa9:\x12u]\xea:J^f\x8b\xa9\xd1}\
o\xa8\xd1]\xfec\x03*\x93\xb8d\xb9\x5c\xdcFe\
\x0b\xc9\xd5\xc0\xec\xea\xad\x99KtH\xdc\xa9\x1e\x1d\xde\
\xd3D\xfe\xe2[\x96^J\x1e\xf5sK\xbb\x17\xdb\xec\
\xc8~\x82\xd5k8\x0d\xf57\xaf!\x97\x13\xf55\xbb\
<*+3\x83<5\x9c\xbe0\x91\x977\xfd\xc7\xec\
\x8a\x8f\xd4j\x97\xf3\xee'\x99\x9e\xc5\x12\xdf\x89l7\
\x9f%@\x87uJ\xf0\xfc#B3\xc5\x04\xa5\xf7b\
~\x96s8\x0f\xeeI}\xe5\xca\x98\xad|\xc0\x99\x8e\
\xb0\xb8\xd7\xcc\xe9|\xfe\x8a\x81~\xb9\x1d\x949g\xe0\
\xef\xfc3+\xc3\xc8\xbf7\xf0\x5cm\xfd\x5c\xf0\xd8p\
KBr\xecT\xdd\xd8g\x89R\xa82\xb3\xf5\xf2\x8c\
\xc6\xff\x00\x12:\xf6<\x08\xdd\xdc\xd4\xb8\xd7TwN\
Sz\x08\x93\xe0\xdc.\xa4-\xcf\x91%\xfe\xd9\xbb\xcc\
\x82\x0b*\xfe\xca\xd6\xee\x84\xebc\xd1\x1aJ7gQ\
f\xe3\xfe\xc5\x98\xea/\x1e}\xce\x87\xbf?\xe9\xa9t\
\xcb\xe4\xaa_\x8f\x22\xef~\xcd\xcbM\x04J\x01v1\
_\x82\xa5r\xf2y;\xd0\xc8\x0e\xea\xb8H\xd7\x1b\xb4\
\x16\xbf\x8eFA\x7f\xa6\xe7\xf0G^\xc37~\xc6\xcc\
y\x0f\xfe\xb9\xd0z\x1f\xeb \xab\xabe\x15\xf7\xbc\x1c\
\xc9a\xd3\xf4d=\xf5B\xac\xbf\xb2\x1f.\xf57w\
\xa1\x05\x1dS8\x96}9\x16\x1f\x0bSA\xfe\x06\x81\
()2kvg5\xaf7 >9\x8a\xc6c\xe0\
\x83\xfeA\x1a\xbar\x88>\x9c\xe8=;\x0e\x0d_Z\
\x7f\x0aIx'\xc3\xa9{\xa7\x8c\x14\xcd~&\x8bb\
\xf9*\xa8\xd1:~0\x8e\xbd\xb0\xb8\x0f&4\xc3~\
\x04\x95v\xf2-I\xd4\xe4\xf1\xf5\x89B\xb9\xf8/t\
\xf2\x7f\xa1\xfc\x97Z\xdfI\xb9\xa5\xdd\x99\x939p$\
\xaa\xbf\x92\x0a\xbb\xf8\x13\xfe?f\x8b>\x13\xd7\x16\xea\
\x98\xc3\xe8,ot\xf3\x8f \xfe\x5c\xde|\x9dDn\
\x16\x91|/t\xf3\x840\xc9\xd7dkvd\x1f\xd6\
\xaaK\x9f\xec\x90\x9d\xd5\x91&\xe5\x85\xf2pX\xdf\xd2\
\x83\xcce\x16\xd0\x90\xe62\xe3\xce\x87\x8b}`\xe9~\
\xb27\x19a\xd5p\xeb\xc4\xcdo\xd5\x1b\xdd\x0d\xcb\xac\
\xfa\x1c\xdd\xb6\xaft\xf2i\xad\xf3\x85\x05&J\x8aD\
c\xb8\xe3c5\xd4\xb5\xd7\xcf\xa5{\xa7\x92\xe3\x9e\xdf\
W\x85\x05b\x0e#~xiwd\x095\xd7\xf9*\
8\xbb\x0a\xbc\xafd^\xe9\xe4\xeat\xdfC\xf4\xc5\xfb\
\x13\xf6\xfc\x15\xcf3\xc9X\x97Uyd\xe9\xc8\xa9|\
\x90\xe6\x97Qe+\x84/\x03\xa8c:\xfb\x07\xd1\xbf\
\xe3f\xfe\x1b\x94\xff\x00\x14\x8f\xa6\xcci\xa4\xed\xc4\xc8\
\xbe)\x80g\xdd\xc7\x99\xc3\xacuV\x9f\xa8\x15\xd3Z\
\x0ak\x07\x81G\xc2TR \xde\xf1\x82\xd7_\x18>\
\xbe4K\x82B\xb1\x9ebM\xb5n\x04]}\xea6\
\xda\x15\x12*\x0fw\x98\xbaRT\x8a{IQH\x81\
\xe8\xd7T\xcc\x88\x9c\xf8\x1fgO\x898\xd9?\xa3V\
}g#GS\x99;\xd4\xe7\xdfb\xa9\x04\x5c\x07\xde\
cx\xd3\xaf\xf8n:\xd0\xe289\x99\xab:t\xc2\
3kq\x1c{\x8f\xe1I\xed*u?m\xead\xce\
\xfcY\xbbx\x9dY\xee]\x7f\xbe$\x7f\x04K::\
\xd9\x1d\x0f\xc7s\x90\x5c\xbf\xc30\xfb\xfaT\xe2\xfcX\
\x023\x1b\x89\x9e\xe5\xca\x95_\x12\x0b\xaf\xda\xa9\x90\xf7\
\xd5\x0e\xc3_j\x1b\xeb\xab\x1b\xe5O\x92\x855\xe1\xca\
\xa6\xe3\xf8\x91\xe8|\xa9<DI\xba\xfc\x9a]\x1b\x95\
'@\xdb\x98\x97\xef\xc3\xb0\x8e\x8d\xd0\xcf/\xdaL\xd7\
\xae\xdeE\xb7\xb8\xf2W\xa7o\xe9\x0du\xf6\xd0\x85\xd7\
\xc8l\x8d\xfc\xc4\xb8\xda\xfd\x95x\xe4\xba\xb9p.n\
\xdc\xd9\xa1\xe3\xbf\xfa56\xdf\x917\xaeT\x8a\xfb\xc1\
\xe5{\xf3$\x93\x1b\xb3\xe4Q\xfd\x8a\x0bqr\x91\x7f\
/\xe4L\xd7\xe9\xae\x02\xba\xfb\xe4A\x9f\x1e\xdcK-\
;\x95\xf2n\x7f\xa4\x85\xf6\x04\x03\x87\xe3\x0b\x93\x9f\x0d\
\x0d5\xbe\x08\x10%\x9f\xbc\x0f\xa9\xb2\xd7_\x22]]\
\xe9\xc4\xab~\x0f\x91\xe9\x83Us\xbf3\xfa\x1f\x22t\
D\x96|-\x86a\x8e\xa3\xf7\x872\xe4~\xf6\xeb\x0d\
n\xc8o\x85>\x09(\xe8\xd1\x91\x9e\x9fb\x1f7h\
\xb1\xd4J\x8bW\x99\x90\xebu\xf87.\xb2f\xd2X\
\x07\xd7 \x82\xa3\x9e\xc3\xd4\x9d\x0dn\xcc\xa3\xe3\xaf\xc1\
\xd0\xf3\xfb-\xeb\xf4no;\x17W>\xf7-u\xf2\
Mn\xfa\x9dAk\xaf\x93\xbc\x82\x82\xb1\x18U\xfb\xfe\
\x92_\x8a|?\x0b\xf7\x85\x05&M\xc3\xd6/\x81*\
\xe4\xfc\xddz\x1fZ\xa2d\xbf\x1c7_\xcc\x05\xee\x9e\
\x08\xa3z\x913\xe9\xcc\xa0\xac\xce\x0fv\xbe\x07g\xce\
+k\x09S\xd7\xb6C]\x02\x8c7\xe4'8\xdb\xd7\
\xeb\x0a\x0aL\x97\x1d\x7f^\xb7Pu\x18PV \xe8\
O6-I\xd7j\xf7O8\x96\x82\x93#uLz\
\xf5>w\xec5\xcf:\x10\x1ay\x99\x939p7\x19\
\x8c\xdf\x95>\xc4\x87\xaa\xa3\xe4\xecw\x1d\xaeh\xfc\xf3\
\xd6L\xc5\xa6Mo\xf4S\xf9\xb2\xeeo\xb3R}<\
\x9b\x9f\x0d\x8a:\xe9\xfc\x10\xf8\x8c\x89\xbf\xf7_\x11\xa2\
\xbb\xb7\xc1\xcd\xf9\xfe\x11\x87M\xf7\xb6g\xc4\xd1!\xd1\
\xf8\xb9\xf1$\x7fV\xf3\xb3.5\xd5\x17\x0b?\x92\xe1\
\xfa\xb1T]O\xe0z\x9c\xc9QH\x8c5\x02J\xb8\
4\xbc\xec\xc0\x9e\xfe\xf8Yi\x16\xe3\xdf\xf4^\xe9\xe4\
Y\xbe\xf6.5\xd5\x19\x1d>F\xc7\xd1\xe7\xbc\x89\xc8\
\xea\xbd\xea(\x5c\xd5N\xa4\x16\xb7\xf4:\xd1\x82%D\
\x04!\x80\xd6_\x07Es\x1b\xd5\xbb\xa2\x8b\xf7]\x0d\
\xd6\xd4dT>\xfe\xecy\x1b\xf6\xa8\xdcw\xf3\xc4\x87\
g~'\x1e\x1b\x97\x10s\xa8r\x10\xfe\x0d\x16~7\
\x93\x82}u!\xa1\xbalD\xdah\xf9\x7f\xc8\xd0m\
\xe5\x1f?\xc9\xfe\xa5\x04\xf9W\xe4\xbd\xd3\xc9\xcd\xa7^\
\xc5+z\xf5 \xddQg\x97\xbc\x8cp\xee\xb8\x8a\x1e\
s\x8b\xfe\xc8^\xbehQ/\x9b\xbecL\xd4\x9c\xaf\
\xe0\x81\xc5\xfc\x95h'[$\x9b\xb0v\x0c\xce\x7f)\
\xf6\xc1\x9a\xe4\xef79\xd7\x8a\x1b\xb8\xfb2{\xb7\x84\
\x7f\xa7\xf4\xe3N3,s\x98<\x0f\xfd\x1d\x0f\xbc;\
\x19\x939p,\x9b\xd7C\xb8\xe0\x9f0J\xf2\xd6M\
\xc3\xf6[\xd7\xe8\xbf\xa7\xd9+\xfd\xc8\xb9\xd3\xfcD\x15\
V\xf0U\xdd\x5c\x8f+\xc9\xcc\xae&7\xa9\xa9\xf5\xfb\
\x15\xcc\xf3:6\xf47\x1f\xdf\xd9\xe4{\xd5\x9d\xa4\x1f\
\xb3\x91\xa1\xe3\xa7\xc6\x07\xb2\xbct-t\xf7C>O\
\xaa\x08\x7fa{\xa7\x93 \xf8\xe0d\x06\xef\x91\xf3\x9e\
\x96>\xb5qF\xf7O&\xe9\xf2\x7f\x16\x86_\xcc\x22\
|{!>-{A/\x92\xdf\xd2C8\xb6\xb7\xa5\
\xaep\x1e\x98\x5c\x9c\xb8jQs\xb9A\xe8\xfa\x17\xba\
x\xd8\x1a]\xd9\xaa\xe8j>\x87A\x85\xaf\xa7\x92\x82\
\x9e\x8d\x08\x5c\x9d\xe6\xc7Q*-^x\xd29\x939\
p\xc5\xd9\xf2~\x0f\xae\xfd\xe2M\xcf\xcc\x9b\x8e7\xc1\
~\xa8\xa1\xd7u\xce\x9f\x03#$\x8aDl?\xf1\xe6\
F\xaf\xc7S\xa8.V\x00\xb7\xaf\xd1\xc8f\x0c\x8c\xef\
\xd4q\x96\xfc\xc6\x8b\x1d|\x1b\x8d\xe5\x88EO\xe1\x01\
\xcf\x06\xe0\xfa\x87*r\x9e\xfb_S\xc7~[q\xd7\
\xb6\x11\xcb\x1e.Z\xeb\xe7\x1a\x94O\xb0\xfd-n\xcc\
v\xe7\xd7\xa1\x1d{c\xbbqB\x04\xe1\xfaZs<\
>}\x0d\xc6x\xcd\xc3\x8a;\x99\xc7s4/\x83T\
o\xb3!\x7f9c{\xa7\x92\xd7_\x05\xc2\xff\x00F\
\xa3\xaf\x92C\x99.\x8f\xfd\x12\xc6bD\x95\x1f\xfe\xbf\
\xe1pw\xaa\x97\xc1\xe6gh\xd6\xc3\xdfO/\xd9\xd8\
X\xf2w\xdb\x0f\xec=\xcb\x11\x97\x1dO\x98TVg\
\x0c\xdd6\x84\x14W\xf0wM\xfd!\xee\x8aw\xc8\xd1\
e\xc0U\xe7\xbf3\xa4\x9eJ\xef\xa9\xb8f\xdcO\xa0\
\xc9\x0e\xaf\xcd\xce\xd0\xc6\x1c'\xfai\xe4B\xfd\xd5F\
f\xbd5\x0a\x9bs|z\x92o\x97\x99\xf6\x18\x8c\xe0\
\xe6-\xe0D\xf8\xf9\xb3\xe0s\x13\xbb\x9a\x89\xf2\xbd\xa9\
\x0b\x07eW\x0f\xe1u\xaf\x89\xb1\x9b\x08\xae\xb7\x13\xf6\
\x9e`\xfd\x87MK4N\xe5\xb8\x8d>g\xa72B\
\xaa\x19+F\xbf\xa74\xee\x8d\xda\x87\x12w\x95%\x0f\
\xf4?f\xe7K\x8dn\xf8\x08\xf0w\xa1\xd2\xb6\xfd\x8d\
\xb4l+\xceU\xf0!\xd3\xcb>\xe8tye\xd8\xbd\
\xd3\xc8\xa6\x1f\xbe\xdd\x22\x0f\x81\xeas\x1d\xf2E\x85\xb9\
\xe0d\xff\x00\x5c\xfe_\xe0\xd4\xd2\xff\x00J\xc4\xb5\xfb\
7QV\xfc\xf7\xa1\xe4|;\x0e\xf9\xdf\x99\xc3\xa0\xdd\
\xb4x\xeajI\x1e^G\xccr\xb9\xf6\x11\xba\xe1\xc8\
\xdf\xfd\x1a\x83\xc8\xcb\x9fC\xcd\xf2/\x09\xfbCU\x1c\
\xaeW\xfe\x17\x1a\xea\x8e\xa1\x9d\xd1/\x06|\xe4ct\
g\xc2%\xf1\xb7\x0d\x06\xe3u>FcF@\xc5\xc8\
\xe3W\xa6\xeb1\x1d:\x9ak\xe3\xf8$\xa7\xee\xe5\xd7\
\x9a\xa7_\xe1\xf0\xbf\xd4'\x02(|\xdd\xa2\xe4%?\
\x8a\x8b\xdc\xfe\x8d\xe9\xfe\x9e\x7f\xb3\x81G\x09-<?\
\xc3\x22\xb5{\x15|\xacQ7\xae\x0fRt\xc2$\x09\
c\xce\xa4\x92cv\x7fF\x98<\xcf\x7fR\xe7\xa2}\
\xd5\xf1\x83>=\xb8\x19\x11\x19\xf1\xc3\x94k\xcbQn\
\xdb\xb1\x0e\x02)N8^\xe9\xe4\xfa\x08\xdcg\x8e[\
\xbf\xd4\x8f\x8b\xdeY\xfb\x1f\xacx\x9a\xd1G\xcb;\xdc\
4\xe67L\x12\xfaO\xc4\xdf\x09(\xe0\x9b\xf06]\
[9\x89Q\xe7*+2:d7GL\x9ez\x10\
\xff\x00~\xf6+\xc0\xef\xdc\xfd\x8d\x0f^\x94\xf8\x15\xb7\
p\x1b\x85\xc4\xa7\xe9\xf8\xf0SE/\x93]\x7f\x83\xa1\
\x7f\xc2\xeew\xe5\x1d^\xbcNA<\x95\xdfR\x81\xe6\
\xac\x7f\xb3\x7f\x8cc\xb8\xbd#\xd0\xd2\xee\xf1\xde\xf1\x8f\
[K\xbb\x16\xa4\xeb\xb5\xad\xd9\xe1\xb8\xe3lh+\x10\
w\x09\xf0\xc4\xaf\x0dd\xf8?Y\x97J\xef\x9c\xe0\x91\
V\x17\xc9;\xcc\xdfw\xecZ\xeb\xe7\x1883\xf4\xb9\
O\xf5\xc9\x9b\xa7\xd0\x9c\xe3\xa9\xf29\x0f\xcc3\xb8\xed\
q3_\x8e\xc3G\x01\x1c\x9a_\xd8\xbf\xc7h2\x0a\
5\xbe\xa3Lu\x12\xf4\xe0AE|\xdf\x0c\x1d\xcc\xf2\
\x15\xcc\xf3\xd8i\xe6\xbfB\x10\xcf\x1e\xe48\x99\x99q\
\xd7\x89\xad\xd9\xfa\x1c\x07\xf5\x99B\xc7\xe6\x0b\x0f\x8f\xe4\
\xe4\xeeu4\xf9\x16U\x10\xb9\xc9/\xd7\x0dO\xca|\
\x8an\x8c\xfa\x94\xc7\xc9\xc4\xd4\xec\x89\x9a\x1b\xfd\xe0\xd4\
\xc8\x80 A\x0bn8\x04x\xdf\xc3\xf3\x98\x9c^\xb9\
pwE\xdc\x87 \xac_\x96\x829\xf7\xd2\xc6\xe4\xd2\
5\xc0\x91\xd6\xbc\xa6\x0e\xf7\x91\xa9t\x17\x1a\xe7>\x02\
)\xed!\xbb|A\x91\xafby\x04\xa9{\xf4\x82\xad\
z\xf9\x11'mJ\xa8\xdf\xaeB\xd1\x92\xbc\x0f\xbe\xff\
\x00FN\xa3kp\xb5M\xc8\x89\x0f\xcf\x91\x0a\xaeB\
\xf0,\x92\xb2\x8a\xbd#\x22\x93\xa2\xf0A\xda\x91\x9c\xd8\
\x92_\x91\x90_\xdf\x13\xc9\xef\x8c\x14uO\x05\x9b=\
\x9b\xa3u\xf97w\xa95\xbb\xeant\xe6@\xdf\x08\
!\xd22\x1f\x07d\x1a\x1d\xd8\xf7.;\xa3\x22G\x16\
w\x1d\xae%\x9f\xecg\x90\xdcq7s\x881 \xe4\
;\xb2\xc71\xd7\xf7\x8eCR[\xd7\xe8\xe0\xf1\xaf#\
\xe6L\xce\x17CrzT\xeabJ\xa7.\x86V\xde\
\x9c{\x14\x92\xf0K\x8fA\x97\x0e\xf9\xe0\xd3Ut$\
\xd1\xdd\x1a\xd3\x82:\x83\x80\xcf\xb9\xf0p\xa5\xfef\xf5\
M\x05\x07i\x8dM\xd9~\x8b\xdd<\x9cO\xeb\xc0[\
\xbf'\x03\xff\x00\x19\x1b\xb3\xe4V\xab>\xfd\xc4\x93\x9d\
\xd9\xbd\xd0\xb9\x1a\xee\xdc6!\xff\x00_\x8c:\xdd\xeb\
\xc4\xc9\xd4\xfd\xad9|\x9a\xdd\x98\xf8\xaeJ>^1\
 z\x11\xa6\x1fZ\xa3kp\xb5Mn\xcc\xbd\xd3\xce\
=\x91;\xfeE \xb44;\xbc7c\xf9\x87\x82\xdc\
\xe4\x9eyi\x8d\xee\x9eM\xcf2\x8a\xbf\x9b\x0f#\xe7\
\xfd\xc17\xbb\x915\x1e\xfeM\xd3\xf6!\xf5\xfc\x1fC\
\xea)'O.\x03\x96\x96\xf89\x0f\xc4\xb3\xe89\xf3\
d(\xd2'\xac\xe3\xe1/\xf4\xbf\xf3\x0d\xd9\xfe\x9b\x8c\
\xb1\xbd\xd3\xc9%\xbc\xf0\xc3Kw~\x19\x5c\xe6\xed\xe8\
\xf6\x1e==\x9aX\xf2\xae\x14\x14\x99*)\x10kv\
f\xed\x08\xfb\x08j0\x82\x8a\xfe\x0c\xc5\xbe\x8cy\x8e\
\xa2R\xaf/\xe1\xf0+2M\x12.5\xd5\x1c\x1e\xf1\
\xb9\xfd#\x89y\xc3\x22\xfa5/\x8cw\x19a\xb8\xcf\
ns\xcd\xbf\xbf'\x10;$\xb7|F]If\xad\
\xed\xd8\xe8'\x92\xbb\xeb\x88\xcd\xd3\x08\x9f/\x9e\x18\xb6\
G\x05\xf7^\x07d\xbf\xec\xe2?\xbc\xf1\xe4\xef\xb1k\
\xaf\x82\xe7O$f\xeb\xfd /4\xb7!\xba\xa6\x0d\
n\xcc\xe87W\xa2\xc8\xe4;\xf2\xfa's\xac\x1dF\
\xfdN\x87;\xdf\xa8\xba\x0f?\x14%w\xcex\x9a\xdd\
\x91e\xb8R\x92\xa5*\x19^\x1c\x8e!Zh!\xf0\
\xfc\xe5R\xc7+\xbf:\x88\xe8\xded\xa5\xaf\xaa\xea\x5c\
=\xf67G\xf0\x19\xce]\x10\x82U\xc2\xda\xe6n\xfa\
\xc9\xfd=|\x1c\x84y\x8f\xb3\x8b\xa6\xf75/\x97\x15\
\xc6p\x17\xdeF\x8b\xd3$#\xdb\x82\xce\x8e\xf3r\x0d\
\xfa\xa5\x06S7vn\x5c\xa2\xcbO\xe2\xe7\xf0\xb0\x22\
/O\x1a47+t\xd9\xa2_\xb1?\xf9\x8d_\x87\
\x11\xb8\xbf\xc9!\xc9\xa9\xa1|\x8b^e\xce\xbc\xe2\x96\
,\xea\x5c\xbe|\x1d\x07\xbf\xc1\x9e\xe2\xdf\xd1\x0f\x7f?\
\x93z\xc3\xa1\x9e>\xcf\x80v2;\xfc\x93\x9b\xc7\xd3\
\x02\xc9\xfe\xd7.\xe4^L\xbb\xfb\xf97_\x92\x029\
?\xe8\x8b\x9b\xad\xff\x00GW\xf9\xa8\x8e\xe4\xb9w\x8a\
89\x13\xe1_\x83\xfd\xb3z\x7f\xa4\x1c\xd5\x1f,\x8f\
\xe9\xe7!\xb9\x13\xcb\xd0\xd4o\xce\xe6\xe1\xfc\x9c^\xb7\
A_\xcf\xf4&\xcf\xf71\x0f\x9b\xb4\x5cku\x1b\xec\
>\xf5O'\xd7LW,N\x86\xe3l\xca\x1e\x8e%\
\x03\xaf\xc9\xf03'A\xdeEuq_K\xfb\xc2\xa1\
\xc9\x7f\x0e\x95\xe7<a\xcb\xf6p\x1b\xf222\xb4\xeb\
|3\xfe\xe5\x94,*+2^:\xce\xbb\x12'\x0c\
\x9dJ\x99\xf2\xe3R\xfd]\xd1{\xa7\x92\x11\x7fX\xec\
n\xef\x84\x9c^\xda\xe1j5\xf2A\xe5{\xf3'\xa7\
sy\x91>~\x1c\x91%\x5c\x1a^q|\x1d[(\
_G\xf2\xa0\xcckE\xd4l\xd7\xe3o%5k\xad\
V\x14\x15\x88<\xefz\x9d\x98\x8c\xe2y\xfa\x9cz\xb2\
\x8a\x1f2\x7f'\x02\xfc\x0bJ\xf2\xa7b\x1f\x12\x05\xa1\
\x1a\x92\xd7\xe1\x14/\x9f\x81o\x7f\xc1\xb8\xc2C\x99\xfe\
\x99\xd4\x1a\xdd\x99\xa1.\x14*)\x11\x85\x05&}j\
\x8aDz\xda]\xde\x14\x15\x88\x16\xa4\xeb\x84\x87!\xc5\
\xc8\xcc\x99\xcb\x81\xfe\x9f\x01\xa9.)\xfd\x19\xfe\xd9o\
&\xf7\x90\xe9<\xcc\x8dV\x7f\xe2\x1a\xc5\xabO\x81\x8b\
\x93\xbc\xdc\xe4\xee@\x99\xde\x0dK\xcf\x96\xd7\x12\xf0G\
\xfdy[\x05\xbd\xd3\xc7\xa1\xfe\x1bp9\x11U^\x08\
\x94t\xbd\x05\xc4k\xda3\xfb$\xab\xa2B\x7f\x8bb\
\xfd\xdf\xe6\x1b\xbd\xf7\xa1\x05Z?\xaf\xfaD\x1d\xdf\xac\
\x08\xff\x00o\x0c\xdd1\xb5\xd7\xce;\x85\xc4N\x11\x95\
W)\xb8\x8c\xe9t7\xba\x1b\xddF>n\xd1b\x13\
{\xfd\xe6%\xe5|je\x0e\x88\xca\xd3\xad\xc9\xa7\xcc\
i\xc8U\x9f\x1e;\xaa/\xf02]{3\x98\x15,\
\x0aC\xd9\xd0\xa3\x09\x09\xccO\xf6}\xe4q\x1f\xe7S\
\xf8Y\x07VtH\x93\x7f\xc6\xc3U\x9e\x11\xc2\xa3U\
\x91\xf0u\x1c\xba\x89\xc0\xf4\xd6\xa2I<\xaf\x94\xc4\xe4\
\xa4\xa5\x7f\xb5\xad\x06$\xfeO\x84\xe6(\x7f\x1f\xc3r\
\xcf\x8e\x04N\xb1CE\xf2$\x8e\xfa\xd4\xb12\xe2\xef\
\xa3u\xcd\x0d\x1e\x0eT\xd6\xb8M\x8f\x16\xbfT\x1d\x0b\
=g\xfb\x07\x83\xf1\x90\x90\x9b\xda\x83J\xca\xcb\xa2\xe8\
\x8d\xede\xa3\x81y\xc7h<\x8d+3z\x1f\x15\x10\
[\xfa\x1f+\xfdG\x91\xdd\x96u:\x02\xfe\x9fe\xfd\
\xf2!'I\x16\x8d\xf2\xf2D\xf3\xf4\xae{\x03\xbd\x01\
\xa5\xf8p\x1a\xeaw\xb9\xd5~d\x9a\x11\xde{\x224\
\x1b\xf8\x13\xf8\xfeDh\x8dK]|\x10\xeb\xae\x16(\
+\x10\x7f\x05\x9c\xbf\xf4\xdf|s\x22\x5c\xab\xf4sv\
\xc3#\xf7\xec\xc8[\xba\x92j\xb8;\xfc\x9b\x94\x1b\xcf\
\x83z\x83\xb3\xe7\x15\xb5\x8e\x83xgs\xd7\x99\xbb/\
\xd6\x0b\xe1y\xc3\xc8\xe7\xa9\xc0Lgk\xd4w2\xc8\
\xd4~\xb9\x9c\x0c\xcd\x17\xcd{\x12j\xc1{\xa7\x93\xe4\
\xe2t2:Ot-I\xd4\xf8'\xf0\xf5\xc4\xe80\
\x94\xa7\xf1C\x98\xe1\x19q\xc3\xb0\xefs\xb8J\xb5w\
gi\xa6\xc3\xa9\x9e\xa4\x16\x17\xcd|\xdcw\xc5\xdb\xc1\
\xc9SK\xbd\xb6?\xcax^\xb9\x0f\xa1\xe8xz_\
\x07\xa1\x1a`\x9bjo\xc1\x1c\x0a\xb7\xa5p\xe0_(\
\xe8~{\x19\xd2\xe9\xb1AI\x911\xb3C\xbb\x13\xfc\
\x89Wj\x86FQ\xad\xf9\xe0\x08\xeb\xaf\xc1<\x8bw\
d\xef\xf8.\xe3\xeb\xd3\x0e%+}M\x17R\xf7O\
\x22\x97\x0f\x1b\x1b\xbd\xff\x00G\xf5\x8f\xda:\x82\x82\xb1\
\x1b\x7f\xe23t\xd9\xd7\xf0k\xf87\x0fX\xb9QH\
\x8fB\x82\xb1\x1bT\x14\x99 IAX\x83K\xbb\x16\
\xaf\x8f\xc6x\xd2Q\xf1\xc1\x09\xd9\xa2o\xca|\x93)\
\x9a\xf3\xad\xcb\x1a{#\xa9\xbe\xf6:\x89\xfe\x04\x91$\
\xb9\xd7\xe8\x92Ln\x88\x86\x97u\x8d\xdc\xef\xc6\x14\x11\
$O\xa0\xc4\x82\xe3\x90\xc5\xf2d\x94~\x17R\xa2\x91\
\x18\xc9ED\xb0\xd4\xff\x00yc\x98\xff\x00\x9a\x1c[\
\xdcHONn\xc5\xae\xbeq\xb5\xd7\xce<\x85\xdd\x89\
\x1b\xb2\xa0\xb0\xeb\x1b\xc9_\xdb\xf1\xe4\x82\x8a\xad\x9b\xbe\
DZ~z\x99\x0d\xf2e\xef\xfd\xea*m\xd6lY\
\x7f\xf0'\xab\x1e\x19\xdf\xec\xd0\xec\xd6\x8f\xc1B-x\
\xc1\x85\x8f\xb3\xa1\xb9\xf5\x81\xbey(/\xed\x9676\
\xcdE\xb3\xaa\xee\xcd\xdb\xc1\xfe.5\xff\x00?\xa2\x0b\
\xe3\xa9\x94\xf1s\xa27R\xb9\xc5\xe3O\xf4\x81\x92+\
\xc7C\x9dY\xd6\xfdE\xef_q3\xe8\xd0\x90\xe2\x94\
\xbb\x14+\x9f\x83%h\xd7\xf4\xc9\xb7\x1fi\x124\xd2\
bs\xfd`\x813\xbc\x1b\xdf\xd8\x96<\xc7q\xda\xcb\
\xfb\xe45,\xb1\x92\x09\x7f\x99\xf4(F-\xa8\xe2J\
\xbb\x9d\xba\x8e\xcf\xfc\x8fr\x99\xe6n\xbf%\xda\xcf\xea\
\xda\x0e\x80\x903\x8d\xfa\xc9\xd0\xb5\x13\xa2$\x92\x0b3\
\xaf\xc5\xc5\xf4\xcff}QH\xf2\xb7\xde\xa4\xcd\xbf\xa8\
\xb5'Q\x8f\x9btu \xa9iJv}\xb3?\xc2\
?xg\x0e\x1c\xc4\xb7=I\x91{\xd18\xb6\xdd}\
\xff\x00\x82\xf7O%~w\xd2\xe6J\xd1\xaf\xe8\xf4#\
C\xb1\xe9\xcc\xff\x00\x0as\xb9\x00V\xef\x0a\x8e\xc6Y\
\x12\xb7h\x7fG\xe5\x977\xee]}\xce\xdf\xcc(\x1c\
\x7fT\x12\xae\x9eI\xe9\xdc\xc9.\xecw|\xdf\x91h\
F\xa4\x14Uo\x09\xdc\xbf\x98|\x8fC\x9b\xb1\x91\x11\
\x9f\x13\xe6\x09\x99\xfe\x89\x7fY\x13v\xb0\xd0\x96\x94\xc6\
J\xab\xf924Y\xff\x00\xa8\xf9\xcfK\x1f\x127^\
H\x1b}Hq\xc7\xf3\x869\x99_\xae\x17'.\x1a\
\x8ep\xdf\x96-Y\xc3\xbc\xdc\x8a\xb5\xbds,\x9f\xe6\
Gg\xc9\xf83\x1d\xe9\xc3H\x13\xaa\xbf'C\x9e\xec\
\xaf\x0f\xca5;<E\x051\xd3\xf0\x7f\x0e|`\xca\
3\xfb\xe4nOb\xba\xa9\xfc\x99\x119\xf0:>(\
\xfeQ\x15\xcb\xf1S\xa1\xd3}\x0e%\xde\xb0\x5c\xd9\xef\
\xfb$5\xe5\xfc(?\x9c\xbb\x17o\xbc\xf1\x12\xcfc\
\x89,}OM\x10\xfe\x1e\x93\x05\x1f/m\xea8\xf0\
s\xfeA&\x9en\x09C[\xa8\x12\xa7?\xac\x1b\x83\
5\xfa\xa3_\xc1\x991\x97\x11\xbe\x14\xf8$U\xdf\x91\
\xd8\x9f\x8e\x18PV#\xd1\xe6\xecsv7\x0bY\xb1\
QY\x9fC[\xb3/t\xf2)\xf2\x94\x0eo\xfaP\
Rdu$\xfe\x12\xee\x5c\x9c\xf8hI\x1f\x0e\xfc\x0d\
\xca~\x8d\x7f&c\xdfE\x84\xce\xfd\x90\xcaQq\xfb\
C~\xea\x1d'K\x1fo\xbe\xf5>\x07\xf8\xa4\x12G\
}jjw\xefc\x80|\x7f\xa4H7\x19\x96#.\
:\xe3\xb8\xc8\x9e\x9d\xfd8(\xaa\xde\xce\x85\xff\x00\xa2\
(\x0f\xe5\xab\xe4TW~s5\xbb#\xba\xee\xf6\x07\
\x05_\xf4n2 \xa3\xb7\x8c_q~\xf6.]K\
]|\x91\xd7\xb1xq\xdc\xeaA\x90\xdf&nuf\
\xec\x7f0\xbe\xe7\x9e\xa2\xb3\xaf\x82\xd1q\xe3,]\xf9\
\x15/\xb5\xfeG\x02\x909\x84\x85p\x11\x09\xd1'\x8c\
\xf8\xfc\xc1'6\xe8{\x86\xd7\x92>E\xe4ic\xa1\
W\xe6t\x1d\xff\x00Bwq\xcc\xdd\x1b\xf2!\xfd\xbe\
\xfb\x8d\x7fk:X\xcb\x0e\xef\x9b\xf2n\x0f\xb2+\xfb\
\xd4\xdc\xe2H\xb9|\x1b\x96\xa7\xa9',\xf98\x95u\
ZhC\xb2\xc3t\x04\x84\xcfm\x0f\xbc\xdb.\x0e>\
\xe8/\xfa\xbfrvQB\xe4\xdd\x11.U\xfa:\x9c\
4\xbc~\x86\xe7r\xe1^\xd5\xb4\x08\xbe\xb3\xd0c\xd4\
\xea8\x5c+^\x9c\x076_\xc28\x03\xa3\xa6N\x9e\
I\x96\x8e\x8f\x9eF\xe3\xe0o2?\x80\xf9+\x16v\
\x10\xf8n\xc7\xe1\xae\xfa\x99\x0f\x03\x80V\x5c\xc44\xb8\
\xc9d:\xe8\xb8\xf0*O\xd4\xbb\xa5[\xe8\xd4}#\
\x98\x7fl[\xd7\xe8\xcc>\xa6\xe3\xc9\xb9\xf0g's\
\xfd_E\xd7\x99:\x96\x9f\xaf\xae\x14\x91\xaf\xf4\xec\x1d\
\xd9\xc8\x7f\x0d\x0b\x9b\xcf\x0b\xb7\xff\x008n<\x19\xa0\
\xff\x00b\xeez\x9a\xdd\x98\x90\xdd<\x97)\xe4\xa3\xe5\
\x9d\xa7\x8f\x82:\xf62\xe7\xa7\x1e\xd8\x08\xb3\xe8\xc4_\
\x1e\xecf\xec\xf9\xa2\x1e\xf7\x13\xa8\xc1$\xa3vD\x83\
q\x91\xbb\xfd\x0e\xce_\xb3\xc8y^O\x93\xed\x97\xf4\
\xfb\x1d\xcc\xb23t!\x7f\x97\xc8\xa3\x5cS\xc4A\xc9\
U\xf3\xc8\xb2W\xe5\xbc\xf8\x8d9\x94^\xe9\xe4eU\
OX$\x9ax\xd8\xb9;\xec\xdc?\x91o_\xa2\xde\
\xbfGs\xcc\x90z\x01AX\x8c\x06\xf9\x05\xc4\x99|\
/\xc3\xc4r\x0f\xe5\x8c\xd7O\xf5\x0d\xa8\x8c\xfa\xe3=\
;\xech\x5c-C\xc9\xf8\xc2x^\xfdMIp\xa1\
\x9a]\xd9</~\xa5\xc7\x1f\xc4\x89\xe4\xc9\xc8\xf7\x82\
\x97\xe7\x93?A\xd53\x1e\xa3\x8c\xd4\xf8 \xd7\xba$\
T\xf2\xab\xe84i\xdb\xfa1\xd1\xdf\xa5D.\xe7E\
Y\xc33+\xf5\xc4\xd6\xe6\xf7\xbd\x8c\x87\x1a\xfa5\xbb\
=\xaa\x0aL\x95\x14\x88\xc2I\x9d\xf4\xf4w\x1co\x85\
\xee\x9eN\xe3\x96\xf2Z\xeb\xe7\x0f\xea{O\x12\x84\xbe\
:\xe6A\xf1\xfa\xdf\x5c\x1d\x9f'\xe0\xdc\xd7\xb1\xaa7\
-&Ho\xe7\x07\xd2\xfe\xc4\x8f\x95\xfe!\xdb\xbch\
fgh\xd6\xc5G\x85\x08$\x92 9\xe0\xbf\xada\
\x01\xde\xf5\x1e\xf5\xfd4\xbb\xa1\xaf\xb5=v\xa7>\xa7\
\xf8F\x18\xfe\x1b-\x06\x95T\x17\xbay7\xba\x96\xba\
\xf9\xc5v=\xd1\xb8\xe5\xd4\x99^\xf4\xa8\x9cwZ\x9e\
\x17\x9d\xe3\x0f\xbdLlX5\xf9i\x18h\xba\xfdA\
\x05]\xf2\x5c\x0d\x07Y\xc3C\xc27\x1c\xe0\x82Z\xdb\
\xbcq\x14\xfe\xfa\x5cS\x96P\xbd\xc7\xcd^~\xe0\x91\
\xba\x8cQUQ\xd3Z\xe6d\x97\x90\x02$\xdb\xde\x18\
\x8f=\xfb\x13\xcd\xe9\x10;\xfbRs\x1b\xab\xe7\x10r\
=\xe33\xcd\xd1\x80\xcc\xbbm\xcco7\xd8\xe0M\xcb\
c\xb9\xfa\xd4\xf0?B+\xbf\xc1\xccu\xeaA\xf7~\
*ho\xa7\x93x\xdcT\xf2\xfd\x97\xb3>\x07\xd3\x98\
\x85\xcfz1'o\xabT\xe7\xf6,w~\xbe\x86\x82\
.\xba\xbb\xda\xe7\xf9J\xda\x17?\xec}O_\xf4\xdd\
\xe9\x99\x7fO\xb3q\x91\x09\x97\xf6\x8bB\xfa\xc8q\xef\
\xf0\x8a\x9b\xdf\x91\x1d4\xa0\xf7\xb9\x1f\xe9\xd9\x91\x8a\x19\
{\xa7\x81o\xadV\x8f3.\x1e\x1f\x5cF\xbd\x9d\xb7\
gL\xf4\xb6\x01\xdcd[z\x8f#_\x86\x90n\x1e\
\xb8\x1b\x9f\xe6\x03\x87\xc2\xc4:)\x97\xda(\x1eeJ\
\xe5\xe0\xe2O\x96_&{\x83_c\xe7\xbe_\xd2\x14\
\xd2\xaaf8\x8f\xf4G\xbf\xfc\x16\xff\x00\xe2\xa7\xcad\
_\x89\x0d.\xec\xfd\x17\xf7\x82:\x1a\x9cK\x97'\xac\
I\xb9\xcd\xf3ak[7;\x1f\xb37\x0f\xc1)\xe5\
\xfcj6\xb3\xd8\x9d?\x02\x83\x8a\x7f\xa2\xd7_'C\
\xf3\xd8\x81\x05\x87'\xe5X\xdcUd\xb5\xaf\xe4\xadN\
\x1f'\x08\xe7\xfd\xe0\xdc\x1d\xc3%\xcf\xcf\x82\x8dqL\
\x93\xaf\x88\xc9>\xa4\xbe,r\xbb\xc2\xe4\xe5\xc3Q\x8d\
W||\xdb\x0b\xdd<\x08\xde\xa0\xfeg\xf4\xff\x00C\
\xf62\xe7^E\xfbJr:\x16\xddF>n\xd1r\
\x0a:\xa6^\xe9\xe4\x92\xae\xdeMWAF\xa4\xf0\xbe\
{M\x7f\x077\xe0\xabj\xde\xd3pf7\xf325\
~:\xe0\xdc\xe1\xb8\xcb\x0c\xcd\xf8_\xc9\xfaA\x8b\x93\
w\x84\x87\x22\x0b\xab\x9e\xb2s\x09B\xe9\xd4\x5c\xd38\
\xf2Q\xa5\x0b\xa3D\xaed\x09\x93.\xe4]\xdb\xecQ\
X\x90\xe6nS\x99!\xc8\xb5\xd7\xc8\xf8\xaeJ>Y\
\xad\xd9\x95g\x99AI\x92\xa2\x91\x18PV \xa8\xac\
\xcf\xa7\xb8\xe3b\x82\x93\x22?>\xd9`\xd7,\xa8%\
\xf9i\x06k\xe2\xe4\xeb\xf8\xc5!\xb4\xb9\x91\xc2W\xcf\
A\xd5\xdc\x10\xca5\xc1\x8f\xc7\xeb\xf0q=\xf8\xe1F\
\xb8\xa6_\xd3\xec\x8e\xbd\xb67\x19\x1f\xe1\xa7\x83#U\
\xe3\xa6\x1fA\xe1\xb8\xc8\xea\xfdD\xc9~'\xd6\xa8\x99\
/\xc7\x1a\x22|\xfc\x9fLk\x0c\x85\x1a8\xc9\xad\xd9\
\x16\xba\xf9\xc3\x91=S>\x96\xe7\xcb;\x18\xb7\xb9#\
W\xf1\x14\xc3{\xae\xc2\xe0\xb9\xb9\xf8X\xee8\xd8C\
\xa3\x91\x99/'\xda\xf8\x15\x1d\x99\x0b\xb59\x968\xfa\
\x8e[Vq\x80Oxv\xc3\xa8\xac\xfb\x9cJ\xd5$\
\xc1\xa5\x00\x18<\x84[I\xe2\x22\xd7.\x15v\xc2\xdf\
\x04u8\xcf\xeef$\xfb\xdf\xb1:\xa4ty\x8f\x8b\
\xe9\x9f+\x93\xad\xd9\x9c\x1e\xf5\x99\x0eq\xfe\xdc\x19'\
~\x94 \xeb\xff\x00\xd2\x0b\xeb\x1c\xce\x13\xf98\xd6\xb4\
g\x82jB\xff\x00Y\x89\xcf\x8f-\x0c\xfb\x9f#v\
\xb5\xb9\xdc:\x9a\xeb\xfc`\xb9\x8f\xf9\x9d\x01`\xfe|\
NG\xdfC\xc0\xee\x91\xb8\xf5\xcc\xaa\xf9\xfa\x95\xae\xf4\
\xd0\x96oI\xeef\xad\x12\xfe\x95*\xdd\x8e\xa1\xc9T\
\xe8]\xf5c\x81\xe0\xb2W\xe1\xf0\xe0}~\xe8\x82\xaa\
\xde\x0b\x0e\xbf\x0cy\x96o\xcb\x95P\xcb\xbb7/b\
\x9c\x7f,\xdf>\x09\xe7X\xf4k\xd0\xdc\xebs\xe0;\
V\x9c\xc4\xfc:|@\xafB\xa6\xf5;\x05\xe2\xa73\
\xcc\x8d{\x17s?\x06k\x7f\x91\x0b\x93tsv\xc3\
\xfe\xc7\xa71\xe4\xbe( ^\x86\xb2\xa1\xa5\xfes\x12\
h\xfa\xd7\x89\xbc\xe0n2'\xb3J\x94\x22\xbe\xf0n\
<p\xd0/\xf2\x85\x9e\xbe\x08\x9at\xf0\x1c\x9d>\xf1\
'W\xfe\x08\x152^)\x1aa\xd4a\xd4\x11\xfd'\
!\xb7!%S\x97C'S\xb0d\x19lE\xf0m\
q\x89\xbe\x10p{\xd8\xdc8l\xb2\xe0\x90\xfe_d\
\xd2\xdd\xd7\x9c3]pID~\x8ePW3\xcf\x1a\
\x0f\xbe\xf8;>O\xc1\xa1|\x1f\xc58\x9d~23\
]J&\xf4\x22'\x9f*\x9di\xee\xf67\x1f<\xbd\
\x0d\xc6e\xdd<x\xd4\x5c\xb1:c\xbfy>\x9f\xa2\
P\xf1\xfe\xe3\x99\xafc\x22#>8%\x19\xbep\x5c\
(\x99O\x9a\xee\x5c\xff\x00\x22J\x94\xcf_\xb1'\x94\
\xe7\x06\xe4\xfc\x89\x13<\xe4\x92\xea\xbcf\xe4\x99z\xff\
\x00N\x86o\xe6\xc6E~\x5c\xf0\x82\x8e\xde\x0a\x1b\xee\
vg\x00or\x0eJ\xaf\x9eF\xe7\xbd\xf5\xe2kv\
xPRdCK\x8c\x97\xf4\xfb\xc2\x0b9k\xaf\x9c\
h+\x11\x8d\x81\xf2d\xf6\x8e\xe6G\x0f>\xc6\xe3<\
(\xb9\xdc\x82\xae\xfe\x07\xbd\x7fF\x83\x9d\xd1\xb9u+\
\xa86rM\xf2\x1a\x7f\xdf\xe8\x94\x8e\xfd\xd7\x12\xfd\x0f\
\x83\xb1\x93\xa9\xc1\xff\x00PC\x95\xfdl\xe4D\xe7\xc0\
\x8e\xbd\x84\x8d\xc6F\xea\xb8^\xe9\xe7\xd7\xd3\xf5\x8cf\
k\xfc\x82(\x9f\xd0c}\xbf\x8ee\xea\xf6xf\xe9\
\xb1\xf7|\x19\xd9wEE\x221\xb7\xaf\xd6\x0f\xc9\xd4\
\xd4z\xa1Yr^\x0e\x84\x96\xf5\xfa7:<\x02\xf0\
\x92\xb2\xb7\xc8\xd2\xa7\xfc(:\xf4>\x8a\xfe\x17Y\xf8\
7\x0fzT\xe0&3\xb5\xea9rw\x9b\x1a\x93\xd0\
\xa00x\xc9\xc8g\xc9\x5c\xde=\xc8\xa7\x19\xd6\x08\x17\
\xcc\xff\x00D\x08\xb9\xf0:\x17y?\x80.\xc5E\xff\
\x00c+\x19\x0b\xca\xee\x94\x9eFT\x9fxj\x9c~\
m\x04w8\xf6E\x1f_\xf4K\xfe\xae\xc4\x1f\xaf\xd2\
22\xfb\xd4m\xcb\xf7\x02E\x1dS\x16\xbd>\xc4\x86\
\xf1\xd6N\x83\x7f\x88C\xe2\xb9\xa8\xf8c\xdei\x04\xc7\
\xcbwS\xa9\xef\x05\xc9\xbe\x19\xe0t\xc0\x83Lg\xe0\
\xcf\x95x&L\xaf\x96\xa7J\xd0\xa0o\x17e\x08\xf7\
\x0d\x14\x9d\xf8\x9ak|\x9f\xeaT\xd7_\xe0\xee;\xcb\
<\x98\xee\x9c\xa2\xda\x9a\xb6\xfe\x08\xfc\xfa\x8a\x93\xbdH\
\x83\x91z\xe1\xc7\xdf\xeeF\x81!eg>\x0d\xcf\xf6\
\x5c\x7fq\xc2\x9f{\x19\x03\xccq\xfe\x17M\xfeG\xbd\
o\x07W0x9\x1c\xca\xe2cz\x99-\xfa3q\
\x99=;\x8b\x92\xdc\xee8M<\x0c\xb6\xfex6k\
\xf0\x1a\xce\xfc\x0f\xdfn\xb1&\xfa\xbfrKi*\xbb\
\x02|=d\xff\x00\x01\xca\xe7\xc8J\x1c\xfd\xee|/\
\xf5\x1c\x9f\x1f\x96\x7f\xbf\xfaAGT\xcd5\xbeK\xdd\
<\x96r}\x1c\x1d#\xfb\x87S\xf1\xd8\xbd\xd3\xce\x1f\
\xa7\xe5\x99\x939p\xc3q\xb7\xc1NFF\x9ct5\
/\xc9\x96\xaf\x5c;\x87\x0c\xd6\xfd\x11\x99}\x8b_Y\
;\x84\x91G\xe5\xe9\x8b\xbf\xc7\x8f\xc8\xfcp\xc1l\xd3\
\x84\xde\x9f\xe1\xf2\xb3\x22fj\xceo\xc7\xab\xbf\xfa\x9c\
r\x223\xe3\xb4.\xfa\xc8v\xfc\xf5\xe4u\x1f\xbc\xcd\
\xe3\x1f\xc5\xdf\xa1\xfe\x1a\x5c\x8e\xdd\xf9\x1bg\xa1:R\
\xf07Tx\xd6~X\xf2\xcd\xf9\x91\x9f\xf9\x09\xc0\xd1\
\x92\xdf\xe0\x81\xbf=I\xd7\xf1\xb1\x93\xda;\x9d\xc0\x92\
D\xee\xc4\xbf- \xf0?\xe1\xf4\x19\xbb/\xd1\x0bw\
\xe1\x1b\x87\xac\x5c\x9d\x7f\x04\xe7S\x8fN\x04\xaeO\xe0\
nD\x7f/\x045\xcb:\x1cW\xfc\x82\x1c\x1fc\x93\
\xb9\x0e\x02<5\xf2[\xd7\xe8\xa2\xe7rU\xea\xf7\xbe\
\x1d7\xde\xc6\x8ec\xef\x81\xb9}3s\xf1\x05D\xc1\
\xd9\xfaA\xd4\xbf\x18\xb15\xc26\xb7\x19\xe0\xb4#S\
[\xb2\xdaV-}<\xe1k\xaf\x93z\xb8\xbb\x19\xe5\
\xb66\xeaYS\xf6\x22\xc7\x5cS\xa1q~[\xa2\x0f\
,\xaf\x8a\x7f\x03\xdeO\xe0\xd4\xfd\x87\xec\xca\x9d;\x9b\
\x8c\xca\x8a\xcc\x95\x9c\xe2\x04\xc9~$R\x04k\x92\xfd\
NCA\xea\x9c\xcf:\xc7\xc1\xbc\xc8\xb5\xd7\xce\x11\xe7\
\xca\xbc\x09\xa1\x87\xd9\xd4\x81oy\x14{\xef\x10}\x02\
\x9b=\x88\xfdT\xf9]\xa2\xa8K\x8a#\xec\x81\x1a\xe0\
#\xab\x01\xa8\xe4\x19\x90\xb7c\x96\xfd\xe8\x8a\xa6O\xf0\
\xd8j~?\xe4\xdc\xfdNg7<\xac\xce\x0a\xdf\xcc\
l\xf3\xf3r\xa1S\x97\xe9\xc8\x87c\xfd\x0bcq\xff\
\x00M\xc6\x5cS\x13<\xe4E+j\xf9\x17\x1c\x7fF\
\x01\xa6C\xbf!37T\xcc\xb9\x92\xe1\xd3\x00X;\
\x8f\x81\xd0\xaetA\xa9\xff\x003Q\xf3\x93 \xde\x0d\
\xc6;\x1cI\xc9t\xa8\xbdP\x8f\xf2\xce\x01\xf2\x84\xbe\
\x9f\xf4\xff\x00G\xc1\x0c$\x93\x7f\x93s\xcc\xae\xb7p\
.o\x90\x8f\xc1P\xa4V\x8eD\xf9\x9f\xa5\x8eO\xc1\
\xe5\xbe\x0b\x17\xf5\x9c~a\x91\x17\xeaq{}\x17\xf2\
\xdf'\x05\xe6\xbb\x93\xc1\xf1&<\xbc\x15\x0e\xbf\x8b\x9d\
I\xf0\xf0nK\xf0F\xb5?\xbc2??\xa2\xde\xbf\
E\xee\x9e\x0d\xc59\xc0y\x93{\xa7\x83\xa0\x1b\x98F\
\xfd\xefr\xe7\xe7\xc0\xdd\xabtPVdc\xe6\xed\x16\
7&\xda\x1f\xb0\xe2\xa3M\xb7\xa8\xbdO\x93\xe07+\
\xd3\xb7\xf0\xdc\xfc\xd4\xdd\xff\x00O+\xce\xf2I\xaa\xe2\
\xaf\xf0n\xb8s3&r\xe0f=\xb57\xd5\xfba\
\xbe\xf1\xd4[9\xec\x89(\xef\xe7\x05\xe4Jh,\xb7\
\xe6(ey~\x1e\xa2K~GC\xf3\xd8mN\xf4\
7\x19\xe1U\x1c\xa7!\xfc\xc0M8\xdd\xa9_8t\
-\xeb\xf4^\xe9\xe7\x1d\xce\x84OZ4\x0b\x85\xeb\xfb\
9\x07\xf2\xc5CD\x22\xddc\x991\x97\x1fh\xd9|\
\x7f\xa13\xf2\xb7\xc9\x1f/[\x1c\x09\xc7C\x90\xe1\xfd\
2\xb9\xc4t\x16\xf4\x8d\xa4\xb4\xa1\x1c\xbf\xe3RJ\xbf\
\x11C]S\xc5\x89\xd9\xafa\xe2\xae\xe2^BuL\
\xe5h&\xca\xe6\xd4S\x04\xcd\xd6\xc2:\xf62\x22s\
\xe1\x87\xd1k\x87\xfae\xc5\xbf\xa3\xd9\xb4*\xf3\xedS\
\x9b\xc0\xe9\x0ax\xcf\x93\xac\xfa\xaca\xc5\xf65P\xb7\
\xd4b\xbd\xca\xae5Q:\xf2T8\x1f8\xfb\xc2\x8d\
\xe3\xf5\x86\x81\xc5\xea\xfa\x82\xfe\x9fd\x94th\xf9s\
\xe3\x05\x9d\x1f\x91\xa9\x17\xf5\xbc2\x22s\xe1\x84I#\
\xafcq\x96\x1b\x8c\xb6\xf7\xa9\x82\xb6\x22\x89pK\x0b\
\xdd<\xec\x8d\x7f\x18?\xe3\xf9tx\x0c\xe4\x8a\xc6\xdc\
C]N$\xb6\xaa\x11\x138\x0e1\xb2\xea\xd9\xcd\xdb\
\x0d\xc9F\x09\xf7\xff\x00\xddq\xb5\xd7\xc6\x0e3>\x17\
\xf8\xc7\xda\xdfH7Q\xd8\xb3<\xfcw,~<\x9d\
\x06\xea\xf4Y\x0b\xc1\xe0\xf2\x0e\xa3_\x97\xc7\x89c\xe7\
\xf4n\x9eB:o\xa8\x8d\xcf\x99T\xec\x96\x9b\xe4\x8b\
\xab\x82\xd9A\x90)\xd3\x04\x88\x85\xe1\xba%G\xeb,\
6\x9b\xbb\x7f\x91\xae\xa7\xe9\x1cS\xe3\x07\xfa><\x0e\
\xc5\xccB\xa3\xfbFh\xb7\xf1\x17\xa6\xfc\xff\x00\xa2}\
\xb2\xc3\xe3C9L\xc0\x9f\xa9\xa1\xdd\x10Y<\xf2\xc8\
\xdd|,*\xdf\xe2D\xe8\xf8\xe4H|\xce\x8c\xff\x00\
\x06\xd2\x86\xe54~\x8e\xd6 ^\xb3\xf0\x7f\x98\xdd1\
\x9a/\x97\xc9\xb8x\x0f\xf8\xd8\xf7~\x08\xdc\xdf\xbc\x1b\
\xa9\x9f8,\xbd\xba\x9b\xdes\x82q\x81\xcf\x0d\xbe\xc7\
\x02\xb7B\xa1N\x1a3\xf4N\xee\x99\xc0\xc2\x9d\xf4\xb7\
$\x7f\x5c\x95\xdf\x9a\xdcG\x0f\x91\xa7vu\x1f\xdc\x88\
\xf5\xfch\x8f\xa0\x89\x06i\xdf1\x9d=\x97\x1f\x835\
h\x97\xf4\xb7/\xbf\xd1c~\xe5JN\x12\xb2\xef\x98\
\x87\xcd\xda,h\x8d\xdb^%\x09\x9c\xfcu3&2\
\xe2Ps\xfdD\xaf\xaf\xc34\x1d)\xe5\x8d%\x1b\xb3\
v\xb9?~\xdcl\x7f\x8f\x1d\x0d\xdf\xd1\xb8\xce|s\
>)\xdf\xa9\xd4\xeb\xf3\x83S\xac\xfc\x17\x7f<hp\
nT\xbd\x22E\xbd\x07\xdfn\xd3\x07F4\x9c\xcf\xf7\
\x16\x82\xf3\xcd\xb9\x11$\xcdu>\xf5H\x1fr\x1a\xb3\
\xbb\x19=Ot-\xef\xfb\x83X5\xc7\x87\xc1\xcb\xdc\
R5\xf1np\x1d\xdc\xdfg\xd0\xe8\xb1\x15\xb9\xf6k\
}|\x08\xf1\xd6s\xf8(K{\x8f\x7f\xfa\x14\xbe\xff\
\x00\xc9\xf0\x9e$L\x1b5\xf8\x0fy\xf0|\xd1\xf3~\
\xbcJ\x86}g\xe4\xd5\x08\xf5\xe4\xfd\x15\xd7?=\xfd\
\x86d\xc6\x5cp\xcc{\xe8\x8b]|\x0a\xa7\xa7\xd8\x8b\
\xe5\xfa\xc5\xa4z\xa3\xe5\xdb\xa4LR\x06O=\xe3\xa0\
\xdcJ\xb5\xfd\x92\xa3M8\xde\x82\x9c\xb3\xb7Sw\x1d\
\xe0\xac\xd3\xcb9'C\xab\xe1\x0e4R\xf9/U\x8b\
eGR5\x81\xa9\x15\xcb;y\x15\xc2oQ\xe9\xc2\
\x12Zw\xc7\xe5\x8c\x9cF\x14\xd1k\xe0\x82\x8a\xfe\x0a\
\xbf_\xc1\xf0\x92\x16N]\xa89\xcb\xa7\xc9oA\xfa\
\x22\xfa\x9b\x9e\x97\x83\xa8\xf5\xef\x8a\xe5\xa4\xaf\xf7\x82\x7f\
\xa1\x1b\x9e9\xed5&F\x5c5\xe0nx\xe4}\x8e\
\xac\xa0\xa4F\xd3f\xbf\x0fQ\xd8\xcf#D\x7fC$\
\xab\xa2CL\xd2\x06\xb9\xf4\xa7\xcb\x15CMw\xca\xa7\
\xeczx\x9a\x9eNc\xf0Uy|a%\x90\xb9\xc0\
j-u\xf3\x85S\xe0\xd6#\xb9.:\xfe\x84\xe4{\
\xd2\xa6~\x86n\x87\x93\xf4;vo\xfd%\xa6X\xe1\
x\x19\xf3\x7f\xd3s\xf88\xcb\xa9 ;|\x85\xc9~\
?\xe8\xd9\xaf\xc0@{3+\xda\x12Y\x5c\x22\xbf\xc9\
\xa5\x0aM<\x86z9\xdb\xecn\x0f(\xf2f\xbe\x85\
\x9c=:\x92^\x9c\x0a\xb8\xbe\xdf%\xde\xbe\x19\xb8\xfe\
P\x8d\xe5\x86\xb8\xf8m\xd4\xcc\xef\x9b\x13\xab\xe7^\x07\
\xfa\x98i\xf5f\x87\xc1\xfc\x1cGvq\x16\xff\x00P\
\xda\xb3\xbc\xe7\xc0\x82\xfe%\x09\xb3\x8a~\x8d\xc7\xd8\xff\
\x00EA\x1c\xdeBIO\xfaD\xaeh\x86p\xf8\x15\
\xcc\xb3$\xe4\xea\xb9\xe7\x89'\x11\xaa\xafz\x09\xfa\xaf\
\xb2\x85>E\xde\xbeGn\xb1\x91{\xdd\x0e\x95\xff\x00\
\x9c*\x8bR\xbe\x1b\xf67_\xc3\xa9\xf6C7\xa83\
\x16\xe3\x81\xd5\x8f,\x8b\xfc\xe7K\xc1\xbfd=\xee#\
\x93;\xd5\xd0\xf9\x0f\x06\xfb\x96&/\xd1\x7f\xa3\xa0\xdd\
7\x83\xf25\x8e9\xe4[\xbb\xc7Ey\xfb\x82_\xfb\
\x1f}\xfe\x88\x87\xfax\xe4\x8e\xc27\xae'\x01\xe9\xf0\
x=g\x98\xeaz}\x93\xa9\x18:\xd1\x9d\xbc\x16t\
\xf1\xe1C\xfa~\xe0T;\xfeL\xcf\xf7?g\xc1\x05\
]\xfc\x17\xae\xbe0\xf8\x1d\x0e\xe3_\xf0\xa9\xf1\x13\x1e\
\xf72\x92\xae\xf4*\xda\xf87\x0c\x14\x03[\xb3\x12R\
\xfa\xd3\x812\x99\xd7\x84aPP\x9en\xc6\xf3\xf7!\
<\xe6\xb7f|\x12\x16\x85\xf6}\xc8T\xb3\xa0\xfb\x9f\
\xfa^\xe9\xe4\xa7\x8cy\xa3K\xbb$\xf0\xd2\x0e~\xc4\
\x09D\x7f\x07\xb8\xc9\x22\x93\xe5O\xb2]\xea\xa8\xaau\
]J\xbdz\xcf2|\x7f\x0c\x9f\x1f\xc3(\x1f^\x96\
n\x9e\xa5\x88\xcb\x8e\xbb\x0a\xcb\x92\xf1\x8c8w\x11\xc3\
\xbb\xec\xa8\xa4F\x12J\xe2L\xad\xe4\xa0\xef\xe3A\x0e\
|\xc5SLs\xf0Fn\x95\x0e3\xf1\x90\x9f\x025\
\x19\x92\xfc\xb9\x22\xe3^\xc7N\x07a\x9d~H(\xaf\
\xe0\x92J+\xc1FDx7\xf0u>\x88NG\xb7\
\x99\x93\x1as(u\x06\xb4\x13%7\xb1\xd2\x7f$\xe9\
\xf874\x94\x14\x88&-\xd3\xe7A j{E\xb2\
9\x1e_\x07/s\x8b\xcep\xf8\xc7[\x8f\xe9\xf45\
\xf6\xa1\xdd\x895.\xf8Y\xc9\xf4[\xd7\xeb\x07g\xc9\
\xf87\x5c\xd9\x9b\xa1\xd4\xbf8;y\xfe\xfd\x17c<\
\xbdAA\xbf\xb8\xaeg\x99\xb8\xdcOx\xee!V\xed\
\x93\x85x\xf9*\xf3\xc1f+\x10D\xf8\xf6_1T\
\xa4A`\x1b\xdf{\x09j\x97\xf3\xc1\xb4\x1b\xf1/\xe9\
\xf7\x8e\xe3\xd60\xf0\x16O\xefV+\xad\xfa\x22\xc7_\
&F\x9d\xcc\xcf\xcf\xfc\x1fF\xda\xde\xc7\x95\xe0\xac\xe8\
\xfc\x5c\xc91\xd4\xdd\xb3!\xc9\xe3j\x1c>\xfb\xc9\xcc\
=\xe5\x0a\xab\xe2Y\x7f\xcb\xfd\x0e\xbf_\xa3\x84\x19\x10\
\xb1s\xfb\xdc\xcd\xde\xfb\xf4\xc1a\xe4\xaa\xf9\xe4K\xcd\
q\xac|\x0d\x9e\xb8\x7f\xa7\x19\xca\xe2\x1a\xcf\xf3\x22p\
s\xa1\xf0>\xf5H*\xad\xe0O\xed\xf4Y=\xbc\x85\
k\xe1\xdc\xea#\xb3\xdfTF\xb9ds:\x89\xa3\xe5\
~\x84\x93>t\xacT\xad\xf3\xe4Y>'\xd5\xf4@\
\xf5\xf2\x22\xb1o\xad\xb7\xd9\xdcu\x19O.\x1c\xa8P\
\x8el\xb0\xd6\xc4\x09\xe2|\xff\x00\xbf\xa3\xa1\xdd\x1dO\
\xcfr/\x861\xae_=\xe4\xf8; \xd5g\xe7y\
24\xee87\xf6\xd3\xe4\x82\xde\xe4\x91d\xef\xc0\xb1\
\xbfreY\x89\xca>\xaa$\x1f?\xf4\xe4s\xf5j\
\x1f\x0b\xfdc\x5co\xe29\x7f&\xe5c}_\xb9\xd0\
\x15i\xcb\xc4M\xdd\xb42W\xde\xfb\x1d\x0e\xb5\xae\x83\
\xfe\x94_\xd3\xec\x92\x8e)?&\xe1q\xf4\xc7\xc7c\
\x22'>\x06\xa2\xbf\xe6f\xeb\xea@\x12\xaf\x97\xfc4\
:\xe9s\xb8\xdb\xa3;\xf7x\x16\xf5\xfa8\x9f\xce\x5c\
h7\xe2\xcdn\xccJ\xf4\xfb4\xff\x00\x01\xdd\xf3~\
EY\xa5\xf5\x9b\x15\x95w\xd5\x7fH\xf9\xdb\xacH\xeb\
w\x85D\xb9eZ\xff\x00z\xc0\xeco\xf6\xaa:\x94\
\xcat\x02;\x5c\xb5\xc6\xe7O#\xfdW\xebs\xca\xf3\
\x83q\xbe\xcb^\xa5\xc5\xf0\xf8\xa9\xd1.\x9c\xd9\xa5\xdd\
\x90Q\xde\xc4\xd3\x9dy\x1e\x8e\xbe\x0b\xa2\xef\x97Q\xdc\
\xc8\xb9\xe9\xd73@\xdb\xe2\xc4!\xbb\xdc\xf9\x94\xe2[\
\xd1y\xc2'O\xf4E\xfa\x0f*\xf5#\xafbJ\xab\
\xf97\x19{=\xfb\xce\x1d\xea\xe5L*\x1c\x97\xf0\x81\
8\xd0V#\x09\xf8\xad\xebnD\x04y\xf89*\xb9\
\xc1S\x17\xaf\x1eg's+\xb7\xf4z\x11\xa6\x10\xe9\
9;\x0b\x81\xbc\xfc\x99\xd7zd\xe0\xbb\xd8\xe8\xeeQ\
\xfb\xfe\x90&w\x81s\xcb\x89I\x82\x7fJ\x89\x9a\xfc\
p\xbd\xd3\xc9\xf5\xa8|c\xad\xc9_\xecnG\xf0\xd2\
\xee\x85\xc1rs\xf2\x8c\x8c\xef\xd7\x07\xc1rS\xf2\xcb\
\xae\xf1\xba\xd9\xdcfn2\xc6zw'\xa7\x7fN\x11\
\x0bo\x8b\xc1\xb8\xf9/2\xdd\x1e\x224G\x81yG\
\xd0{-,\x94?\xa1\xa4'HS'Y,\x9d\xd7\
R\x07+\xacw\xe9\x174\x0d\x9d\xf7G%\xcf\x97\xd9\
\x99s\xac\xf2\xc0\xbb\x9f\xd1\xba\xfe\x1c\x0b\xfa\x1f\xee\xbf\
x\x04\x94w\xf2n=\xd9c\xe3R\x8eV\xcb\xfa4\
.\x0f91\xc71\xd6:m\x1d\x8a\x82\x1a\xa2s\x80\
t\x0e\xc3\xee\xfch@y\xfd8`U:\xfb\x9f\xb3\
\x80\xce\xa3\xe6\xe9?\xa4\xe1z\x92L\xbe\xa2\xac\xdf\xdd\
\x9b\x87~\x04?\xd6\x11\xfe\x88\xfa\x1ex\xcf\x99\xc5\xdf\
\xc0\xa8|\xbf\xf2DTz\xcb\xaf\xef\xb1\xe48\xf8\x19\
\xc5\xfd\xce\xd3\xe8\x87\xd1\xb6\xf6\x14\xd97\xf0pk6\
\x1b\x8f\xd1\xdc\xf7>I\xf3\xe0X7O\xc5N\xb3\xf2\
\xb0D\xa1h~(#\x89\xcf\xec\xec\xc5\xbd~\x88\x92\
3\xa7\xd9\xbb\xba\x8c\xf9\x92f\xff\x00\xe8\x90\xfc\xf9:\
\xa6w'\xa7q\xf1\x5c\xd4|3\x89y Do\x06\
\xe3a\x0b\x93\xbc\xdc\xea\x0e\xc6\xc7f\xf7\xa1\x1b\xae\x17\
 +\xff\x00\xae\x83\x92\x89\x8c\xedz\x88\xaer\xa7\x02\
\xday#\xac\xf0 \xa9\xbfA\xb4-\xd0\x9d\xff\x00\x04\
n\x7f\xd2\xde\xbfX6\xa23\xeb\x82n\xefJ\x90\xef\
\xf2\x84\xbds\xd2\xc6\xafd\x5c\xf4\xba\x9fe~\x89\x89\
p\xe2dv\xe5\x13\xad\xcd\xce\xa8T\xab+\xf9\xc1i\
\xf6\xbe|\x09F\xae\xec\xac\xe5\x9f'cB|*$\
\x14n\x8f\xa59\xf0\xcc\xdd0\x82zw\xc3C\xc0\xd7\
W\x9f\xc0\xfe\x8d&\xb8)BTH\xe0\xf1\x9d\xba\x7f\
\x0e\x91\xbc\x99\x1aw\x17\xbd\xe1\x1b\x8f\xcd\x04$oa\
\xc2\xa3+y$t\x1c\x9f\xf4\xc9\x8a\xee\x93\xa8\xd5V\
\xab2\xfe\x9fcIo\xe2$n\xca\x98@r\x1c8\
\xa2\xc4\x91K\x11\xae|\x17\xec}\x0f\x88,\x1d\xbe\x04\
S\xf4\xbb\x8c\xfd\xbd\x1b\xb9HN\x0e\x05\xa4Ahz\
\x93\xa1QY\x9d\x9b\xf2\x1a\xae\x99_\xae\xbee\x1a\xae\
\xf9\x92M\xd3\xef\x99\x99nMo\xf4-\xefy*\xc9\
\x8f\xae\x03C\xa2\xfe\x05{<\xc9\xd2t\xb1k\xaf\x92\
\xff\x00\xb6t\x06\xe3\xbf\x03E\xf7\xd2K\xdd<\x8f\xbb\
\xe0_\xbcL\x96r}\x1b\x98B*\x97\xf3:o\xbd\
\xb3\x1d\x9f'\xe0\xff\x00S\x99\x7fO\xb3E\xb1{\xa7\
\x8d\x9bz\xfda\xe1x\xf4\xf7\x5c\xd62H\xaeg\x9e\
\xd71\xd4\x88\x5c\x11\xe1y\xde\x06\xf8^\xfdE=\xcf\
\xd0\xac\x97?;2\xc9\xb9\x7f\x9b\x5c\xe1\xce\x1f\x09\xf6\
xn8\x1c\x04Nw\xb5K\x1b\xf7?\xc2\xbe\xc0N\
n7\xca\x9f#tD\x12\xe6\xdc\xde\xf1\x83#N\xe5\
\x9f\xde\xa4\xee\xe5\x86\x81_\xba\xb8\x1f#\xe7\xa0\xaap\
&\x9f2\x8d\xfd\xe0\xa0\x7f\xf0\x82+\x13\xbfNg\x02\
\xfc\x0a\xaa\x8f#?X\xc9&\x9e\xe4\x9b\xeasm\xcb\
\xd0{\x87q\x9c?\xb9+u\xf6\x12h\xe73n\xb4\
\x83p\x5cH\xe9o\xc0I%\xbcI\xfd\x9d\x19\xdb3\
\x7f\xfcK\x0c\xd7\xe8\x8d\xd7$H\xfez\x8c\xa2ls\
\xaeE \xe07\x93\xf8r8\x98\x99\xdf;\xaf\x03\xa0\
\xf7)\xbe\x86~\x9c\x99\xde\xa8\xbe\xc5c\x98\xd9\xfd\x1c\
\xc77sq\x99\xa5\xd6\xebsq\xb7\xc9\xaa\x16\x94\xae\
K\x8e\x9b\xe8t\x0c\xee\x8b\xdd<\x89\xb8\xeag\x19\x01\
\x1b\xb4\xfd\x0e\xe5\xd3\xc1/\x8e\xdf\xcf\x913_\x89D\
\xde\x85\xc9\x9dF\x15Z\x5c\x96fAk\x97aI\xaf\
\xafa7\xe2Ihr\xc3\xbb\xa9S\xc3n'\xc37\
\xd6\xd3\x18\x7f\x1c\x1f\xcb\xd0\xfb\x08\xde\xa8\x9b\xfbP\x9a\
\xdf\xbb\x15\xe1Y'\xe9\xb0\xca\xd8\xca\xe3\x9f8\xd4\xa9\
\xc6Smf\xc7c\xca{\xe1\xcd\xd8v2\xc8N\xef\
\x93\x8d\xd3\x92\xcc\xbb\xa7\x87\x1a\x1a\xbc2u\x1cz+\
\x8e\xc5\xbf\xe3\xeb\x03\xf0'\xd9\x92r\xbb\xe64Q_\
\xc6\x02\x9f*\xfc\x8ft|\x19\x19\xdf\xa9\x97=x\xf7\
:+AY\xfa\xb3Q|\x9d\x07S\xa3\xeaC\x8ff\
!\xd1[2X\xbf\xd32D\xb4[v|\x97\xfe\x0a\
!\x0e\x95\xa9P\xbbX'\x03\xd0p\xce\xe5\xee\x9e\x0d\
\xd7\xd6\xe4\xd3\xe5\xd4i\xdd\x9d}=\x16~7\x933\
;u?\xcfNxrw\xf65m[\xc2\x03\x96\x17\
i\xc2\x1c\x08p\xd9\xb0G\x90s\xc2\xf7O\x22\xb2\x5c\
\x98(W\xf30\x8a\xd7\xaa\x97&T\x97K\x14k\x8a\
xY\xc9?B\x8c7\xe4w\x1d\xad\x85\x12\xe0\x90\x9a\
]\x9e\x84\xf0r\xa5p\x8eG,\xe0\x9d\x1b{\x8d\xb7\
\xc1\xdf\xe4\xb5\xcaf\xbe\x12\xfd\x96\xba\xf87\x22\xfcH\
s\xfd\x92U_\xc9=;\xe3\xc4\xbc\x19\x99\xdb\xa9\x12\
M\x17\x5c4\x19\xf87\x19\x8d\x9a\xfc\x0eB\xe9\xf1E\
\xeadgy\xd6\xfb\x0c{I\xbd\xd3\xc8\xe2\xae~\x04\
M\xb9\x7f\xe9\xd4z\x14%|\xdc\x0e\xac\xf4P\xb7\xaf\
\xd1c\xf3\xe4G\xc5\xb7\xd1\x1e\x1b\xfc\x1d\x8f\xe4\xd5u\
\xc2\xd7_\x18\xdd\xc3\xed'\x092Y_\xe0\xb5\xd7\xc0\
\xcf.7#\xd6]|\xd0\xb5\xd7\xc9\x05\x15\xfc\x17\x1d\
O\x81\xd8yi\x11\x89tjz\x83\xe3%\xf3x \
\x8cX\xbc\x83\x9b#\x92\xca\xd9\xe0\xe04\xd0\x96n\xa9\
.oo\xe9\x22\x8c\xbf\xdc/\xbf=2\x18\xa7\xbe\x82\
\x11\xa8y\xd4\xfa-<\x88\xc2BU\xd7\xcf2\xc8g\
\xc3~\xd1\xccn\xff\x00e\x07yW$\xab\xfa\x9f\xc5\
\x8b\x15k\xd2\xdc\x0b\xdd%p?a\x0f\xb3\x0e\xe3\xf0\
O\xd7\xca\x1f\x173\xc795\x06N[\xe9\x91\x22g\
y8\xb6\xb2\xfd\x92}\xacnG\xd4\xcc\x99\xcb\x80\xa7\
\xa7\xe3c\x98\xfe\x04\xe1;dt\x0c\xad\x06\x83\x94O\
\x92\xdc\xb5<\x94\xe2]Y\xcd\xacC\xdc\xc9\xfa\x1b\xb9\
\xf8G2\xe1%\xee\x9e\x0a\x85k\xfb\xa0\x9d\xd5,\x9c\
w\xb9W\x0e\xfd\x19 \x99&Q\xd2\x0a\xfa6\xf9;\
\x14\x8b\x93\x97\xc1\xf0_\xf8x?\xb8\x1eo&_\x16\
7\x0f\x8b\xd8\xb8\xa2\xb9\xd7\x07\x1b\xae+\x9b\x9dy\x96\
G\xbe\xa6G\xa5.^tB\xd6\x9dN\x05\xb8\x8d\xbb\
\xa1\xa9\xed\x97\x13\xf6|\x9b\x8c\xcf\xaedt5\xdd2\
<{\x0c\xfeo\x227\x0e\xf5\x1d\xec\xbfu8\x9c{\
\x19\x99\xde4\xb0\xd7E\x0e\xcd\xfd\xbe\x85\xc2\xee\xc9>\
\x934+\xfce\x9b\xbb\x9dN8ox\x13\xab\xf1(\
\x96\x84\xe1in\xb7\xb1\xbe\xf3-<\x0e\x86\xc6\xe1\xc8\
Jn\x13\xb3\xf3\xe4\x83\xe0\x96,B\x8e9q\xc6\xc7\
\xe7\xc9\xb9=J+1\x97\x11d[\xea\xcd\xda\x19\xfe\
\x84\xff\x00>\x05#\xd0\xf0\xafN:\xf6\xc2_\xed\xf0\
\xe2n\xb8r\x10\x89_?+\xd9X\x8c\xb8\xea}.\
\xf0\xdcdn]\x0d\xc7\x827\x8cl\xeaK\x8d\x0a\x8a\
\xcc\xe3o\x8d\xder4\xe2\xef\x84$C\xcb\xe6\xack\
\x96\xfdH/\xd1\x1d\x0f\xda\xff\x001:\x05\xf4\xee\x7f\
LH\xe1\xaci3\xf4j'\xacPH\xe4\xbfR>\
\xaf\x94C\x96\x06\xab\x1c\xbc\x10U\xdf\xc6:.\xdc2\
\x9d\xa6\x8d\xd9T\xb9\xde]\x0b]|\x94\x5c\xeeN\x9f\
\x8c\x1a\xf7\x82t\xfc\x12'\xd6\xa3\x5cS\xc5\x8f\x0e\xa0\
|\xc8\xdc\xbf\xd9\x9a\x17$\xb1s\xfa*n^\x8aj\
\xb3\xa1\x98\x85\xa8|z\xb3\xe0\xb7\xf7\x1a_\xa7^r\
.\xe7\xaf,-u\xf0d\x16~*+t\xe0Q_\
\xb2>\xca\xfd\x9dA\xf2u9\x0f\xca\xf8\xc2~\xb4z\
<\x89k\xdb\xb1\xc86C\xf7<\xdf\xa2\xe6\xeb\x7f\xd1\
\x98\xb7\xd1\x9f\x1ckR\xe1\xf1\xbd\x0c\x82\x1f\xc9B6\
\xc8\x16.~\x82\x82\x84\xd9\xb8\xf2\xe3\xbed4o\xd2\
\xe2>\xfa\xb9'\xc7:\x90i\x7f\x91\xac\xb7\xe1\xda\xe2\
\xa7'q?\xc3\xe6\xd6\x11Zh8\x07\xa5\xe5\xadp\
8\xd8\xebB*\xabg\xa0\xe1\xf5\x9f\x99\x17\x83\x0b\xbe\
\xe6t\x9b\xcdU|\x11Y\xff\x00P\xef>\x91\xc8\xb0\
\xe8\xbc\x97\xdaw\x9bI\xb8s\xb8\x83w\xaf,^\xff\
\x00\x0a\x92\xf0g\xcep\x0c;\xfc\xdc\x07-w\xd2\xd7\
\x1ew\x94h\xb9\xef\x06\xe7\xf1\x83\x84\xbeZ\x15\x0e\xe6\
\x90\x99\xad\xa4\xc7R\x8a\xaeg\x94Z\xc2\x1e\xac\xba\x1b\
\xa7\x9a2\x19P\x7f\xe1\xf7\x0f\xd0\x12\xdc\x9c\x11\xf4}\
\xbe\x06\x9d<\x144\xbcd6\x5c\x96\xfa.f\xdad\
\xb8\x1d\x91bo\xcbR\xee\xd87\x1e<P\x86|z\
\x1cN\xbf\x14\xf0%\x8b*\x94\x16\x9e\xa9\x8e\xab\xf6\x1b\
e\xdbQ$\x9d\xf2\x13\xa3\xc3\x88\x92U\x9e|\x07\xa8\
\xfbs>G\xc4\xa3\x81u\x12[\xfd\x1b\x97,&\xe3\
3\xc9\xb4}\x8e\x9akR\x16u\xf3\xe5\xc0\x83U=\
%\xfe\x87\x99\xef\xa2.t\xf0nZ\xeaj$V\x1c\
\xa3X\x818\xeb\xee\xc6\xeeYP\x8do\x97\x02N\xb9\
\xeao\xd7\x89\xba\xf5\xa1\xbb\xe6L\x8b\xea\x84\xf8\x95q\
\xbf\xc9\xd3\xf6\x9eb\x96~q\x94\xd8\xe8)\xb9f\x06\
Ix7\xe3\x22\xe7O%\x87u\xaf\xfd>\x16\xdfR\
x>\x9acV\xde^\x1b\xd8]1\xf3\xdc\x92\x99w\
\xf1.' \xd5\x954\xf89\x91\xcd3\x9f\xe1\xfe?\
\xef\xd2\xb7\xaf\xd0\xdc\xee\xf4\xc2:\xf62\x1f\xe1\x19r\
\xcf\xc6\xdfG1\xe8t6\xe8Jm\xeb=\xb67\xef\
k\x1f\x07\xca\xc2W\x86\xb3\xe9T/\xcf\x93\x88r\x8d\
\xee\x86\xe31[\x9f\xc0[\xc9\xf5\x91%\xed\xee\x89\x0d\
\x0b\xeaY\x9e\xbc\xab'\x01|\x1d3\x9c\x0e\xd4\xeen\
|\xb0%A\xe3\xf28\x97\x9cu/\x8d\x8b\xdd<\x9b\
\x8c\x88\x13;\xc1.\x8f\xd9\xd4\x0c\x9dp\xeau\xdfO\
W~\xbcv\x04\x15ul\x93\x92\x7f/\xb1#.O\
\xfb\x83\xde\xb7\x93\xf8\xbe\xc7\xc0$\xab:\x0b\xcd>\x92\
uL\x90\xf5\x7f\xa0\x96W\xd4\xa9\xcf\xfc\xdf\x05\x11\xc3\
\xd3\xa4\xc8\xbf\x83\x8d\xeeTR#\x04z5\xe0y\xd9\
%\x5c\x1a^F\x93\xcf*p\x17\xdc\xaf\x93\x8f\xc9\x04\
\x83sh\x1e\xe6\xc3<\xde\xb9\x99\x0e^\xb48O\x14\
:\x17\xe8D\xf8NN\xcf\xa9%\x1d\xfc\x9b\xdf{\x17\
\x0f\xfa\x0b>\x02:\x17\xcd\x8d\xef\xc9\x19\xfb\xb6A\xe9\
\xb5\x9f\xec\x99\x15+\x96\xf88\xea\x7f[\x0e\xd5|\x89\
\xef\x05\x05GC\xa2\xd5?d\xfcX\xe3\xbe6\xe0\xcc\
\xe4F\xf7\xadF:\x0c\x87D\xfe{\x0a\x92\xc2\xe4>\
x\x97h\xe7Z\x1f\xb8\xd7\x81\xc6?\x9e\x94\x1bu\xff\
\x00\xa5\xf4\xc3\xfc\xa0\xd3\xbf\x0b\xfa533L\x87\xeb\
\x9e)\xd4\xecf\xe3\xb4\xda\x04~}\x8f9\xb1\xaa\xe8\
.\xe3\xc8\xdchT\xa7jz\xc1\xe1x\x1f\xf1\xa3r\
=\xc8x\xb3\xe5\x18\x09\xb7Vw\xf0#\x85b4\xc1\
,YT\x95O\xa6\xff\x00\xcf\x83\xb0S\xa4\x9c\x09\xcf\
\xea\x83\x1f7h\xb9S\xb4u3\xebZhn\xfeJ\
\x03a\x80~u\xf6:y\xfc\xe7\xd0\xe08O\x91\xb3\
Wx\x13U9\xf5'\xa7q\xf1e\xa7\xd5\x89\x8d\xee\
\xa6Ey\x93\xd6\xbeF\xb9>i\x90\xb7puo?\
\xf4\xcc\xfeW\xef\x18\x9a\xfe\x9eE\xde\x9eJ\xf2KY\
3T\xef\xc0\xbd\xd3\xc8\x87W?\xa2?\xe7N\x22`\
\xf9\xcf\xb0\xbe&\xb8$AgU\xd4\xb4\xdf\xd5\x9dv\
\xde\xd9\x1f!n\x06q\x97\xd7\xe4\xbdkf\xddDo\
\xeb\xfe\x12\xe7\xfe\xf0'C\xc1\xd9\xf3\x8a^\xc6\xe9\xf0\
T\xba\xd2x\x1f\xe1\x90=|\x8a\x9d\xd3\xfb\xd1\x1d)\
\xf1RVV\xf9\x22\x09\xef\xcb\x0e`\xfbc\xfd+\xaa\
g\x02k\xe3\xf4\x19\xa2Q\xd0?QC\x98\xe7\xd6J\
\x0c\x5cV3\xcc\xb8\xd7\xfc\x22)\xcf\xa0\xec\xf9?\x05\
\x5c\x9f\xf7\x0ec\x97Z\xd7\x0d\xc9\xf67\x0f\xc1\x17\xb3\
\x9b\xd9\xcc\x98\xcb\x8e\x1f\x07\xca\xde\xb7\x97\xad\x8e\xc6\xe7\
b\xbe\x0f\x95\xa4[\xd1\x16\xe1\xf5F\xf7M\x86\xab\xa7\
\x91\xf3\xda\xdd\x85\x04o8s\xc6\x0f\xb9n\x1fi\xf9\
\x15\xac|\x9b\xf3\xc1@|\xce\xaf\x06\xa4\xdcfD\xab\
z\xd0\xb3\x95y\xc3q\x91\xb8\xcc\xec9\xef\x05\xbd~\
\xb1\x90\xe6n2\xc2\x1f\xa7\xdaI;\x0ds(\xf9\xc5\
\xb0\xf2<!\x0c\x9b\xd7\x85Gs\xd3\xec\x5c\xe9\xf4>\
)\xdf]\x84\x96\xe9\xe4\x8d\x87\xe8\xf9\xc9\x9b\x8f\xeb\x00\
\xcf\xd3M\xc6Xe\xfc\x92UQ\xa1\xea\xect\x07s\
\xca7\x1c\x990tPZ\xeb\xe4\xab\xaeQn\xc3W\
\x14\xad9\xff\x00\x0b\x1b\xe4R\xb4\xe8K\x93\xc6\xf4\x15\
\x7f\xdf\xc8\xfb\xbdI\xa2\xe3\xf0p\x1c\x9f\xf0d\x8f\xf3\
V@\xa5\xdf$P\xc4\x86\xe5\x0f\x82\x0b}\xd4Kr\
\xeb\x0dj\xfe;\x1b\xae\x1c\xc4y\x7f\xd0\xbf~\xea\x07\
\xf5_fB\xf9\xb5\xe0Y\x90\xeb\xdc\xf8=d\x97\x07\
\xf2\x8c\xcf3\x8e\xbf\xb2Q\x0f\x1e\xf5/\x5c\xbe\xc9\x1b\
\xbf\xb2.u\xfeo\xa0\xfc\xfa\xd1\xe2\x0f\xb4\xafC\xfa\
\xbeb\x87.\xbc\x8a\xe6{\xa17\xf9\x0d\xf1\xfa\x22\xbf\
\xf5\x92\xd3\x8f\x1a\xd4WG\xdd\xe4g\x930)P\x92\
\xb7\x7f\xe1\xd7\xec\xf0/b\xadJ\xd8jK\x89\xbf\xe8\
\x92\x8e\x8d\x1d\x0e\xbc\x84T\x8a\xcd\xa5Q\x07\x97\xa9\xae\
\xbf\xc9\xf0o\xd6\xe6\xf6g7c\x9a\xff\x00f\xc7\x15\
\xdb\xe0\xd0cK=\xf0yk\x81r\x1c\x8d\xc2\xf7?\
\xc4f\xba\xe04\x8f\x8bs\xe5\x9a\xb9\xdcg,\xc7\xfb\
I\xff\x00\x0d\xc5\xd6EB+\x9f\xd2,N\xd9\x12\x8d\
\xc1/\xa3w^F\xe4D.k\xe7\xf0Y\xdd|o\
\x91\xd5cvT}'\xb9\xd4\xf0w.O\xbf\x04\x09\
\xef\x15G2\xf57\xbc\xb8\xcf\xd9\xd4\xe5\xfb7?\xd6\
\x17:x\xc0\xa8w\x09\xef\xa9=\x1a\x1cM\x0d\xbbj\
tq\x02|\xab\xf2G\x8f\xe5\xfe\xb0\x15\x1e>\xa7\x07\
\x9aO\x80\xbf\x03u\xf1\x831\x94t\xd3\x03\x989\x15\
&N\x91\xbc\x16\x1d?F\xf7\xce\x22S\xe6\xe7\xc1\x9f\
\x06\x9c\xe2\xa5\x13O\x18\x01GS\x18\xebvg@\xf4\
2'J\x9b\xa5vicz\x99\x9a<\xbf\xd7\xb5\xf6\
\xa2\xde\xe6\x8eA\xad|\x1f\xb2}\x1d\xff\x00\xd4\xe1\xa6\
\xef\xc4\x95]V\xf9,F\x5cu*)\x11\xb7{\xa7\
\x9ce\x1c\x99\x9f\xb3\xf8\x7f\x98\xee\xc3\xf5\x82\xf2\x19F\
\xb8\xa6HU\xd0<\xd5W%,A|\xf5\xb9\x1a\xdd\
\xf6\xb76\xf9x=\x08\xd0\x97\x1f\xca,\xb4\xd1u3\
/\xdep\xe4\xee@\x88\xde=:%\xc1,h\xd7\x14\
\xf6\x1d\xcc\xf2\xc3y\xf1\x8a<t\x8c\xfeq\x81\x9c\x11\
u\xf5C \xe0\xca\xfd=[9(\x99\x15\x22jA\
5+\xf3 U\xe2\xd2\xf8\xc7p\xf24n\xca\xb8*\
U\x93\xaf\x82\x17zs\xc2L\xbb\xda\xa5\xb7\xdf\x80\xf5\
t\xf2d\xb7\xc9\xe0\x98\x9b\xf1\xb0\x9dS$.\xe11\
\xd4i\xf7\xe5\x81\xe5W\x82\xde\xbfC\xde\xf3\xa6\x0e\x14\
\xef\xcc\xb8_\x89\x90z\xdb\xa1B\x1ao9\x0d\x88j\
\xd5lj\xdb=U\xc0\xf7|[\xe8B\xf3\xf67\x1e\
\x99\x9d\x0e\xecO\x01\x01\xfd\xc6\xf9X\xfd\xb6G\xdd\x1d\
\x18\xdb\x15\xe7;\xe8+\xbd\x95i_\xe2\xa1'\xf7C\
q\xe2nT\x1bR\x9as\xfe\x8dE\xfb\xdc\xa9q\x1b\
cw37g\xf8\x8b\xf53}p\x86b\x92\x9ct\
-\x1d\x92\x9f\x1c\xb3\x136\xb4]H#\xab\xb7\x09\xa1\
\xb93\xcb\x0bOy\xc8\x80\xe8\x22\x0d\xc6\xc6FW\xe8\
n&~H\xa6\xdfl\x1c\xaa\xe8\x91\x0eM\x8d\x0d\x1d\
7\xde\xf9\x96\xe0A\xaa\x16\xf3sT4\x14n\x8b\x0e\
\x9f\xa2\xad\xa8\xc4\xfcf\xe5\xc8\x95E\x9f\x1c\xc6*+\
\x97\xda:\x17|\xcb\x81\xf2~\x96<G\xf5\x81=]\
\xf7\xb1&\xb3\x17%\xfeP4\x9f\xcf\x8d\x07!\x7f\x7f\
\x83q\xe2\x8e,\xde\x8f\x1b\xd4\xe9\xbe\xf7\xcc\xdc\x9eI\
\xfe;\x09\xdc\xfe\x86\xe0\xbe\x8a<{1\xbc\xee<\xc1\
\x16\xec\x8a\xf9~\xbf\xa5\x89e\xf0V\xdb\xe6P\xf8\xc7\
\xf9B\xf7O8&k\xf1\x10\xf9\xbbE\x88\x1f\xcf\xae\
\x11\xff\x00^V>\xb3#\xfb\x99\xf3\x19\xd7}\x0c\x80\
\xff\x00o\x80\xd1Dn\x9a\x0fB4!\x1c=:\xc4\
\x1c\xd7y\x1d\xdf7\xe4C\xe6\xdd\x8d\x16\xb1\xde\xc7}\
\x99\xe4\xf9gQ\x8f\xd7\xa1rr\xe1\xae\x19\xba\x1b\x85\
l;>O\xc1\xa8\xfe\x08^\xdb\xad\xf6P\xf9\xb7f\
\xe7RU6\xf88]\xae\xaf\xa9A\xbf\xf1\xea\xeen\
\x86K~\x8c\xb5\xd7\xcf\xa0\xddS\x07d\x08\x7f~\xb1\
c#)\xb6\xbc0O\x95~Hi\xf2\xc5\x09\x9dY\
\x05]d\xf9\xaf:\xd8w%\x10]wg\x99\x18\x99\
Sf(\xe9\xa1\xfd/\xbe\xcd\xae\xbe0\xdc\xb4\xca\x0a\
\xcc\x96\xba\xf9#\xafb\x8dqL\x7f\xc6\x84[\x9fi\
\xf5\x1d\x8c\xf2\xf4\xb8\x83|\xa4_o\xb2\xfe\xf9\x1b\x9f\
\x13\xc5\xfe#Dj~\x04wof\xf7\x8cz\xca\xe4\
\x1c\xff\x00\x8a\x18\x89\xd7\xba\xf8$\xaa\xa3X\xfcc\xf1\
\x8d\xaf~%\xae\xbeE\xbfCy\xe4en\xeb\xce\x1f\
\xbd\xfe\x1b\xc5)J\x948j\xef\xf0p\x0e\xf3!\xde\
%xk84\xf2Qt-FS}M\xca\xa6\x1f\
g1=\xcdQ\xcc\xb7\x7f,o,\xc3\x1f\x82j\xcd\
\xca\xf8\x96#O\xe7\xc8\xfc\x9cW\x914\xf3\xbfS[\
\xb2#r\xb3\xc3\x0e\x19\xda\xaf\xc8\xc4\xf5\xf03\xa7R\
S\x8f?\x93p\xf9\x11o\xdf{\x99]\xebsFK\
\xbc\x8e\x87\x9f\x93=%\xe4us\xf3S9\xf3\xd8\x7f\
\xa2n=E6\xfa\xf4\xde\x04\x8b\xfe7$\xa3\xf5\xf0\
R~\xda9nH\xdd\xbd\x04\xe2\xa8\x85\xc9\xba7u\
\xba%Fv\x9aZ\xe7\x22\x99\x99\xde\x87\xeec\xbe\xe3\
\xe6\xa3\x97\x16|\x8d\xd7\x98?}\xbaD\x1b\x97\xb1\xbe\
\xfe\x95^\x7f\xb1E\xbfQ>\x15\xf8\xc0\xe4X\x5c\x9f\
N\x85C\xc4J\xba\xe5\xfa\x17\xab\xd7\x99\xf0|\xacn\
G\xf0\x96\x8e\x8d\x0a\x0f^\xc8j\xbf>\x08\x1cd\x1a\
.\x0a\xff\x00&\xe0\xa6X#\xfe\x1f\xb8\x19u\xfe\xe9\
A\xeb\xd3\xec\x93{\xef\xc8\xe0\xdf:\xc8\xfc\xbcO\xa3\
\x7f\xb3\xbe\x834\xfcu\xb1\xfcO\xc0\xdd\xdeFC|\
\x99{\xa7\x91kN\xa8\xce_\xa8\xf3\xf3 \xd5\xd4\x91\
,s'\xe9\xf0/Q\xb9\x9f,\x5c\x1c\xc5\xfa\xf08\
\x9f\xae\x13\xaf\xe0\xb9sDW\xc9\xfe\x87\x1c%\xf0\xf1\
\xbc\xfe\xcbS\xf0O\xe9\x9f*\xf01\xb4\x8b\xe3\xe3\xc1\
\xb9i\x12$BB\xff\x00L\xcc\xaf\x1a\xd8\xe5\xdb{\
}\x1fU\xe3\x02w\xe5\xddb\xd8/\x99}\x1b\x87=\
6\xb3&2\xe3\x85\xc7_\xd1\x044pf-\xf4x\
\xe6Le\xc7\x06\xb9gL8\x89\x8c\xadzl|\x17\
\x83\xfc\xfd\xd8[\x8f\xa1\xbdC\xb3r\xecX>\xf0p\
+[\xeb\xe9n{\xe9\x9e\x1b\xff\x00\xb9#_\xc9k\
\xaf\x9fC{\xa1p\xfa\x94\x1b\x9d\x11T\xff\x00\x9b\x0b\
u\xfa7\x5c\xd1\xbd\x5ch_?\x02\xaa\xbfn<\x0c\
\x9dE)\x1a\x16N\xfc\x8d\xff\x00\xf3\x05\x0f8\xee2\
\x1d\xcc\xf25\xbb#\x99\xee\xb9lq\x19E\xb4\xf6!\
\x8fdiwE\x09\xc3\xfc,\xfe\x1f\xa8\x92{\xb7\xf2\
P\xd6`CZ\xcf\xa9\xa0\xeb\xb3So\x98\x85\xac\xbf\
\xc0g\xb9\xf4Xp\xba\xfe\xe1\xc5zE\xa7R\xa2\x91\
\x1b\x14k\x8aen\x0a\xfe\xd23\xcb\xbf\xe8\x93\xbb\xbf\
Bu\xfc\x1f\xe89\x95\xcfV\xf8\xb6A\xcdUr\xcc\
]\x0c\x19\x9b\xfc\x8a\xd7\x97Sr\xe6\x85\xf0\xbc\x8du\
\xec}\x97\xf83AN7c\x04PUI\xcd9\xf0\
T\x81d3\x91F\xbag\xca{\xc1\xf2\xa8\x94\x7f\x85\
Z\x9b\x86\xf6\x93q\xd0\xe5\x9cp/\xcb\xe8\x84\xefr\
\xd0\xdc\xfa\x9eBb\xab\xdc3f\xe5\xe1\x91\xa8q\xa8\
\xa5\x13\xf9.\x0b\xbeb\xb5g\xcb'\xad\xe6\xc6sW\
\xcb\xfd\x1b\x8b\xe2\x93\x83vF\xac\x95Y\xda5>\xd0\
\xed\xd4\xab[\xd0j\xe1\xde\xa3gT\xe6d+~B\
\xdaW\xa8\xdf\xfa\xfe\x8a\x06\xf1t55g\xd8\x83\xce\
rS\xb8\xefC\xfb\xf8\x1c9\x06\xba{\xcc\x9dN\xa1\
U\x8ds7\xda\xc8\x97\x18[\xab\xdbBNN\x8f\x9e\
F\xe4\xb9/\xd7\x01\xd0R\xf0&\xa2?f\xa7}\x18\
\xacg\x98\x8f\xe9'S$\xce\xfc\x06\xa5~o\xb8\x95\
\xe5\xac\x9dO;\xc0\xcf#y>\xe7\xad\x04~*\x15\
7)\xc0q\xaeD\xf9\x0a\x0f\xe7\xb1\xc5\x0ct5O\
#\x90B\xf1\x81d\xa7\x9b\xfe\x93\x91\xf4\xccO\x85~\
\x0aG\xa7\xdd\xfb\x1b\xa7\x9f\xec\xfd[`8\xa4q\xe7\
\xc8\xfe\x9c\x1cd\xf9\xbdm\xc8z\xfay\xd8\x02\x90d\
s:\x7f\x07\x19o\xcc\xbb\xd3\xc6\x00\x81\xeb\xe0\x92\xae\
\xdeDW\xdf\x87\xe8\x98|w\x9a\x0a\xae\xec\xcc\xb9\x9c\
\x83\xf9cs\xa2#\xafb[\xf1\xcf\xa0\xe1\xcc\xbfY\
\xad\x96?'\xc2\xfbt\x0eo\xfaC\x83\xb1\x98\xf7\xd1\
c{\xa7\x93p\xb9\x9a{\xe4\x5ck\xaa*\xdf\x16\xf6\
{\xa3\x905?A\xecA8\xe7\xd2*|\x8e}?\
^\x93Q\x86DF|K\xb9\xd7\x82\xd7_>\x85\x05\
&p\xdc\xe8\x8f\xa5j\xe0\xfac\xe7\xb6\x0e^\x7f\x08\
\xfa\x0b\x17c<\x8f\xadA\xd5\x9e\xdc\xeeW_.\x1d\
\xe7\x08\xf0\x18\x22m\xc0|\x8f^\x0b\x9f\xd6/t\xf2\
$\xb7\xf9\x9a'\xba\xf5\x95\xcc\xf3\xf4X\xf0\x1f\xe8]\
y\x1d\x9f\x16\xc2O\xfb8|\xa6_\xc2\x5c1?D\
\xd4V-u\xf3\xea\xf4=\x0a\x8a\xcc\x9a\xae\x85]\xe7\
\xa4\x0ar$'\xabg@\x7fp\x9eI\xd1\xe8\xf2\xc3\
q\xa3qL\xab\xbc\xf4\x8c\x05\xcb\xa2\xd9_\x91D\xb8\
$o2\x12\x5c<\xaa\xfa\x10go\x90\x99-\xc4\xf2\
0\xe0\x88\x8c\xf8\x90Q\xdb\xc14\xefS\x84\xeb\xcf\x91\
\xdb\x92L\xb4\x7f/&\xe7\x90\xb3r*\xff\x00D\x85\
\xf3\x92\x08\xaa\xef\x92\xe0]\xe7X\xd2\x9c\xbfu#$\
\x18\xfc\x07\xccW$)\xf6q\x9dE\xcc\xee\xa37\xf5\
;.f\xa7\x99/\x8f\x89\xfdg\x04\x0f_\xd1\x0dU\
\xee\xcd\xc3\xf0E\xd1\xea#\x9bUN\xce\x9c\xb3\x11\xd5\
\xae\xa8g\x0b\xe6DR\xed\xa4\xd8\xf2\xbd\xf9\x96\xb9+\
\xe0\xab?\xe1\x91\xd2u\xb8\xeeS\xd2\xf0%K\x86\x9f\
G6f:\x1b\x87\xcd\x0e@\x9do\xb5\x98\xbf\xac\xc8\
\xf3\x8dfI5\xf2\xff\x00D\xa5\xbf\xac\x89]\xd24\
\xb0\xdd\xe8:M\xe6\xac\xfa\x12\x97\xd1\xd8\xe2'\xb0\xe4\
\xa2\xf4\x19_\x9b\xbb\xa1\x06\x9a9\x11*\xde\xb4\x19\xfa\
3\xe4g\x9b\x96\xc3w~D\xff\x00_\xac\x8f\xda\x7f\
x\x0dM\xff\x00\xec\xa3\xea\xfa4\x1f\xe1.\xcb\x1d\x0e\
\xe8\xc8{\xea\x8d\xff\x00%\xcf\x97\xd9\x9c+\xf2\xf9\xee\
e\xfc\x8c\xfe/\x04\x8f.\xe8\xdd\xcb\xec\x9ey\xe9\x10\
}5/\xc4yj\x7f8\x88\xf7\xf0hwE]\xed\
\xd8\x9c}\xeaI\xa3\x94\x1b\x8f\x81/\x06\x5c\xe4\xab\xfd\
:\x1c\xfd\xb0;\x95\xd6F\x1a\x7f\x83\x10\xb0agS\
\x7f\xf5\x22*\x94\xeeA\x09\xf1l\xbb\x8f\xaf\x5c7\xdd\
\xfb\x1f\xd1d\x96m\x0e\xb3\xf8$W\x96\x9d*)\x96\
\xf6AUo\x03/\xcf\xb4\x8d\xc6\xca\xaf\x99Z\x97\xdf\
\xec\xd0\xe5\xf1\xa9\x00\xdc\xb8\x1dC\xeb\xc8\xf2z\x9f\xce\
u\x08_;\xc3\x90\x7f.r~\x083\xe3\xdb\x86(\
|\xdb\xb1\xdd\xf3~N\xba\xf9\x9a3\xc9\xf8:\x8d\x88\
\x92A?\xd3\xea|\x13\x1fgA\xb1\x05\x15\xf3|\x06\
\xb9eM\x84\xa7\x0e%\x9b\xb2\x04JYX\xaa\xde\xcf\
<23\xb7OQq\x5c\x9c|\xa2\xd7_>\x92r\
y\xeeou\xc3!\xef\xaa\xc1\x16\xe7\xdaF\xd2pK\
\x15|ru\xd8\xbd\xd3\xc9F\x5cp\x1a\x007kR\
\xa9\x96\xf5%\xf1\xf4h\xd7\x14\xf0W3\xcf\xd1\xa3\x5c\
S\xc1\xdc\xcf,~\xf5v/t\xf21\xb2\xfd_J\
3\xfa\xf2\xb1\x91\x95\xfaz\xff\x00f\xe5\xee\x9eK\xfa\
}\x9b\x97Y.=2\xc66\xd3~\x85\xe3\xbay\x19\
\xbaa\xd8\xfc\xe1\x0c\xf0\xe9\x85\xae\xbe\x07\xbf\xa0\x8d\xf2\
\xa8\xcc\xf5\xae\x1f\x22{X\xb9\xf2\xfb\x1c\x18j\xb6\xec\
\x91|\x97{\x19\x0b}Y\x99\x95\xa3K\x0fC\x8c\xb3\
\xec\x8b\x1d|\xe0+?F\xfb\xbb\x09!\xd4V\x9aZ\
\x18\xb7\xcd\x88\x93m&90&\x9a5k\xc7\x80\x9b\
\x1c\xcf5n\x04\xac\xf3\xf8\x1b\x97\xd1\xbd+\xf6p\xa6\
\xf5fU\xdf\x22>\xf6\xff\x00\x0e\xdb\x1a\x09\xe8K&\
nb\xc9\xa5:\xc9@\xfa\xe6\x8e\x0e\xbf\xb0\x8f\xe3\xc3\
\xc1b-\xe8\xcf\x91z\xf9\xfe\x84\xff\x00\x025\xc8X\
\xaa\xff\x00\xaa\x1f\xe8\xfe\xc7Q[O\x818O\xb1\x16\
\xad\x98\xb9\xf4hd\xab\x9f\xc6e\xf6\xbc\xc4t,\xea\
fgn\xa6\xed\x8e\xbf\x7f\xb9\x94A\x7f\xbb\xb9\xcc-\
\x80p:v*G\xbcnp\xd1\x92\xa3X\x9e\x927\
\xec!\xca\xf1\xa4\x97\xcc\xdc\xf7\xb0\x9a\xb5\xf5\x19Js\
\xe1\xa1{\xa7\x93\xb1\xedc\xa8*K\xe3\xa6c\xa8s\
x9E\xbehF\xf9\xad\xd0O\xb1\xfe\xb0\xd6jo\
s[\xb3\xf4TL\xf3\xd4\x83\xbe\xe4\x0cV\xf4\xec&\
EE\x7f\x04i\xf9\x11e\xfc\xe6<\xe5z\xdf|\xc9\
]\xf9\x9eW\x91v\x0d}\x8cg\x1cz\xb6\x19\xf8H\
\xd5\xd6;\x14U\x96w\x0f\xf4k'\xaa\x1c\x9b\xbf\xd9\
\xc97\x9b\x13\x1f\xef\xf0G\x05\x7f\xc6e\x9b\xfc)V\
\xfc5\x9c/S\xbb\xc8\xd4~D\xf9W\xe4\xf2\xa2\xfe\
U\xe1\x9a\xdd\x99\xd1\x1d\x83\x9cZ\x84\x14W\xf0AW\
V\xf0\x93\x87\xe8$\xa22\xe8oz|\x0c\xb4'^\
\xb1\x8co?J\x9fA\xff\x00X\xc6\x99\x9f\xbc\x15\xd7\
5\xe4\xd1|W\xb1=;\x9c\x97\x93q\x9e\x08f\x5c\
\xf4\xe3\xd8{\xd7\xf0\xa0\xa4F\x0f~\xdd\x056\xe2\xb9\
\xecL\xd8w|\xdf\x935\xa7y7\x19\x99;\xdcq\
\xf4\xf77\xf8e\x9d?\x0c\xf9>\x8e\xe5=\x5c\xe0R\
\x9a\xcb\x99\xb9z\x99\x939p\xc6\x98q\xaa\xeb\x8a\xb8\
\xd1\xc9n\xa78w2\xcbf\x05\x9a\x91\x03m\xb9\x22\
\x84\xe7f^\x97`\xa2\x5c\x12\xc5\xdb\xafh\xeeg\x96\
\xd8\xbf\x13\xc0\xdf\xeb\xdc\xf9_\xe3:\xa1O\xcd\x06\xf7\
\xf3\xf4\xfa\xbd\x9d.\xec\xd4\xe22\xc2\xf7O%J\x8e\
\xf7\xa1A7\xf2\xbc\x1a\x97/\x9a\xa7\xf4x\x5c\x0d\xf7\
\xf3\x0b]|\x0dX\xe2}\x89D\x9d\xbdN\x02\xae\x8f\
\x9a\xb6\x15\xfd?\x1eI\xaa\xa8\xd0\xa9\x9a[\xadL\x86\
\xf93\xf7Z?\xd4L\xf9\xd3\xec\xdefR\xdc\x86\xb9\
\xe7C[\xb3\x14\x97_2f\xfc\x04\xb3Z\x85\xf4:\
\x9e\x15\xf9\xa4\xf8\x13\x8dS\xecxO&X\x1d|+\
\xa6z\x1c\x9d\xce\x81w\x82\x5c{#:g+\x08M\
T\xe7\xd4\xe0G\x91\xae\xbf\xc0\x9cT\x89\x12n\xf3\x9b\
\x09\xe0\xa0\x84'_\xcfr^\x98\xebs\xb1`\x9c\xe5\
\xdc\xf06\xe2\x88\xb3x\xb9(\x04\xd7\xf5\xfc.\x15\xc4\
\xe4\xf3\xce\x04\xaa5)\xf3#\xf3\xdd\xfd\x14\x91g%\
\x07\xc6\xabbL\x92\x153\xc5'\xf8V\xe0ow\x86\
\xef\xf2\x22\xbd\x9c\x1c\xc4L\xd6\xe2/Yp#]{\
\xd8\xa9\xcbO\x89D\xb4\xeeJ\x80\xfd\x16\x8e\xb3\xad\xce\
\x03\xe7V22\x0f\xea\x95\xa0\x9a\xeb\x8c\xbf\xc1<|\
\xea\xfb\x97\x07{\x1fB\x1e\xff\x00*\x90d\x08\x97&\
\xfa\x1c\x99\xe3\xf1\x07's\xa9^\x83};Nk2\
\xd8\xa7\x8cW\xc8\xd6\x93\xaf\x0e%\x8b\x9f\xfd\xa9\xc9N\
W\xb5\x0d\xcb\xa4\x1b\xf9I\x00\xb5U\x15\xa6\x83\x93$\
\xe9:\x5co',\xe9\x86C\xdfT}\x93sQ\xa0\
S\x90\x97\xd5U\x0b\xb8\x96g~\xec\xfe\x8d\xc7\x0e\x96\
\x8f\xa9\x1fGtQ\x0e\x1a\xdb\xa9\x05\x7fv\x92\xecH\
\xb7\xdbU\xfb7\xae'\x15\xf2\x93\xc8\xe4P\xf1\xe6k\
v{\xbc*M}\xe0\x93U\xc1\xdf\xe4\xde\xf3\x93\xc0\
\xf73/\x18\x92\xd3\xea=\x8eK\xfb\xd4\xdc/\x11a\
\xd1}s4\x0eY\x1b\xd6'k\xaco#\xbb\xe6\xfc\
\xe3b3\xe3\xa0\x87\xbd'\xf8\x9f\x82\x0bp_\xdf\x22\
K\xeb\xde\xe5#kro\x86\xe7\xe7\xd43\xfa\xe9\xbc\
\xe3\xfe\xfar\x15\xd75\xe7\xd1\xe9\x1b\xc9\x05]\xfca\
o_\xa2\xce\xaf\xc0\xf72\x149u+n\x9e\x09\xe1\
\xfc\x0c\x91\xad.\xd5\x9d\x0f\xd9Y\x8f\xa7\xb1\xdd\xf0\xcb\
\x98\xb5t\xf2v\x1d\xec&\xaas\xeb\x84\xc7\xb6\xb9v\
\xb9\x99\xbb7\xaf2t\x13\xdb\xa9\x5c\xbc\xfa\x1a\xfe0\
\xcc\xd7\xb6\xcc\x95piy.o\x90\xb3|4?\xae\
\xb5\x16T|\x9dA\xa5\xdd\xfa\xb2\x227\x9d\x984\xc5\
$CK\x8c\xe0\xc7\xcd\xbb7\x19\x90\x5cu\x14\x13\x86\
c\x7fSx\xf2\xb8\xf0\xe0\xef\xe0\x5c\x7f\xcc\x87\x15\xbb\
\xa1?\x82wk\x0c\xdd\x0f\xe4\xfe\x8b\x11\xf0~\xc7\xa1\
\x1aaR\xb9y,o\x96\x19\xf2\xaf\x05_\xe7X$\
A\xdf\xceK\xdd<\x92\xe6Z\x08\xd7\xa6\x87\xe84@\
(PSV\x12p\xe0F*\xb6\xb3\xf2/;}\xf8\
\x9d\x17\x09\xd7\xe4\xc9<u\x0a\x7f\xe7\xdc\xb3>D\xf9\
\xbdV\xa26o}4 Hu\xe5\xe4N\xd7\x91\xad\
\xd9\x93\xab\xcf\xfdB&\xfd\x09/\x1c\x83{\xa4+o\
\xd7r\xb6\xa5\xdd]\xd0\x87\xc1\xf2\x8d\xd6\xc8\x9bW\xbc\
\x94\xd7O\xc2\x1eK\xb3rO##+u;2e\
\xa3\xa3\xe7\x90\x95\x9b\xf9!\xc9\xb9\xdf\xe0y\x18\xd2\x85\
\xbf&q\xb9\xfc\x9b\x97\xa6f\xe5\xd3\x0d\xfb>\xbc\x05\
E\xf5\x7f\x08V\x7f\x02g\xeb\xb0\xb3\x7f(\xcc\xba\xaf\
\xd0\xde\x8f\xe6\x09\x94{\xfa\xa2\x89\xf1\xb2\x15\xc9\x8c\xa2\
/B\x9f\xbf\xfa4\xdb\xa8\x9e&\x9e4#\x9e|\xdc\
\xf0\x0b\x15\xf9\x09Z<s7>\xb425\xec5\xa3\
\xfc\x19\x7fT\x86\xe1i\x19\xfc\x9dS7<n\x8d\xfa\
\xf1'\x93n9hTS\xf2\xf4\xb0\xf98|$k\
\x96T!F\x91=g\x0e\x85\xff\x00L\xb9\xd7\x92Q\
\x7fY\xecXt\xfd\x0e\xdd\xe3\x5c*\xf9ee\xc2\xbf\
\x0cI\xbeR\xd0\xf6\xf0\x8d\xfc\x0b\x1c\xdf\xe8\xe9\xfe\xab\
\xe8\x86\x8a\xec\x0b\xdc\xb5\xbb3\xc8\xf6\x1f\xf1\xb2\x825\
,\x14\xac?%x\xd5\xa1\xfd\x0f\x89\xbaz\xe3{\xa7\
\x93#\xbcQ\x10\x0b\xc0\xb5\xdf\xa9\xc4\xado\xae\x10\x1c\
\xb0\xc9.\xef\x0b\xdd<m|\x0d\xd3\xec\xa3\x5cS\xc3\
\xa6\xfb\xdf2\x9au\x92\x9f\x8b\xe7\xed\xbeO\x85\xcb\x01\
\x91[\xdb\xfb\xe9L\x8cF=\xcc\xc8\xb8\x94\xb7O\x05\
\x8d\xf2/t\xf0\x22\xcb\xab4\x0f'\xf5\xb3\xa5\xdd\xe1\
\x01\xb8\xe3b\xd7_&\xe8e\xfb\xf8\xec\xee3+\x0f\
}:\xfa=\x8d\xab\xbbZ\xb7\xb6\xce\x83nw7\x0b\
\x1f\x07\xb41\x09\x9eq\xf6M]\xd9)+o#\xc2\
p\xaf\x9fMjN\xbb\x12&w\x9c\x7f\xc0\x15GN\
\xfbT\xb8.\xa5\x8aA\xc8?\x97:\x01\xd02\xb4\x0f\
\x09*\xa8\xd6\x0b\xe5\xf9$\xcf\xb2\x15\x16\xec\xf0U\xc4\
\x7f*\xf9\x1eV_\xd3\xec\xd1e\xe3x:\x88\xba\xba\
o\xae\x1b\x8fL\xce\x85\xfe\xa1\x1b\x83\x9dY\x9c\xed\xa5\
3\x1e\x05\xd7\xe0N\x0b\xdf\xa0\xd2\xb7\xb8\x12pM\xc5\
\xe8d9\xa4{\x8au\x86Y\x1dd\x9b\xc6\x98\xd2w\
\xef\xfe\x1b\xf3\xb0\xb5\x14g\xa1\xc4~\xa3\xfd>\x03g\
\xc8\xeb\xf7$\x91\xd2\x9c\xeb\xc4nO\x90\x93}D\xaa\
\xdf\xe23\xab\x98\x91\x7f(\xdf\xa1\xc8\x84\xb7\xc8\xfd\x11\
XY\xce\x1f!7p\x8a\x0a\xab\x8c_G\xd2\xa5\xf7\
\xe9\xa19\x5c\xbe\xcc\x82\xe7\xa0\x96,\xaa:\xfb\xfe\x0a\
\xda\x89\x8e\x1a\x92\xcc\xf0\xb3\x1d\xfeQN\xd1o1&\
\x8b\xa5\xfe\xb0\xc6\x845\xf9C\xd5\xd3\xc0\xb3\xd9\xcfc\
0\xf9H\xa8}\x9f\x0b\xfdF\x8cwG\x17\x9f\xdf\xd1\
C\xf4\xba\xc1E\x1c/\xe9\xf6@h?\xe8\x9dS\x22\
\xcdZ\xa9n\x05\x0e5\xbe\xa7\xe9\xe3N$\xe9\xdfL\
\x11\xc6\x1b\xf2(+\x1017\xa7\xf4\xd1\xee\x8a\x15\xb2\
\xec)Xk\xa4\x91F\xf47\xe9\xc0\xdc?\x12A\x1c\
\xe4\x1d\xec6W/\xf4\xab\xdfCG&\xe8\xaa\x7f\x7f\
\xee\x00\xff\x00\x06~O\xa5\xe4/\x07\x83\xa8\xcc\x9dI\
*\xe8\x90\xdb\xbf\xf7\x0a\xbe\x7fq\xb2\xff\x00\xab\x0f\x8a\
p\xa5\xc6\xfa\xba\xc1\xce$\xfd\xd6^\x04t\xe0\xa1u\
\x14\xd5\xe5\x1d\xca\xa8\xfe.)\x10PR \xc8<\x89\
\x1a\xdf\xc4\xcdlE\xc1\xf3\xeb\xb2\xc2p\xf9>X\xdc\
\x93\xd3\xb9\xd4\xc5\xbc_\x09q\xfc#\xa9\x06d\xce\x5c\
6\x22\xa3y\xa9a\xd3\xf4d\xeb\x87\xecq\xd0\xe8'\
\x92\xbb\xeaY\xd5\xe4~\xd3x\xd4\xd0\x9f;\xf4/t\
\xf3\x81G\x8c\xdc\x9e\xc4\xc9\xc5\x1cL\xbf\xf7\x0e\xe3\xb5\
\x8a\xdb\xa7\x8c(\xd7\x14\xcd.\xec\x91H\xe6\xff\x00\xa5\
\xee\x9e6 \x81('\xa7q,\xfdd\xb5\xd7\xce)\
\xab?\x22\xd2\xe2H\x94^\xe7C%\xf4(Q\xec\xc9\
8\xba\xd1\x9d\xbc\x9b\xaf\xe6\x1fZ\xa2y\xbe8M\x9f\
\x9a\xfe\x12\xd1oo\x86r\xf7\xfe\x1c\xaf\x8f\xe1\x92\xff\
\x00r33\xbfBrt\xfe\x16\xba\xf9\xf4\xa0AP\
\xaf~\x1b\x177\xc8\xbb\x99\x07\xa9:\x1a\x9e\xdd\xcd\x06\
{m\xc0\xc7/\xe94\x9d\xdc\xeaw\x92\x84o\xe9\xf7\
\x87W\xbf\x12\xb7\x8c\xd2\x8f\x99\x17a\xf3\xe2h=\xe4\
\x99\xff\x00\x04?st\xbfc\xb8\x9f\xe8m\xcfa\xa7\
vu\x22\x9d\xe5\x1fz\x84\x8b\xc4\x17\xf4\xfb\x16G;\
\xf1|\x85cq\xf53\x1d\x0d\xe7\xde\x01N\xa9\xac\xdf\
\xc1\x83\xcf\x0dX\x19y^v\x8f\xb2M\xa4}\xf1\x15\
\x9f\xe0'\x90\xd8\xff\x00TP>\xbf\xf2U\xed:\x0c\
\xaf\x1c(i\xba\xf4\x13U\xd9-L\xf28\x1b\x88\xfc\
\x08\xabU\xd0m\xd2\xd1y\xa9\x0b\xa3\xbefU\xc6\xb5\
r\x85\xf3\xb7\xd1\xd3\x1b\x02\xaa7\x7f\xcc\xeaY\x22\xeb\
\x9c\x94L\xdd:\xc8\xdd^\xe2\x8f#\x19\x9d\xc4\x81\xd3\
%\x03=\xcasCr\xd53s|\xa5\xc8\x8d\x1dl\
o\xdf\xfc\x9d\x07\xc7\xf9\xb0\xb7,\x98\xe9\xfb\xa1\xa6\xb7\
\xe4\xc8k\xde0\xeez\xdc\xdd\x7f\xd1+\xafi\xd9\xfc\
j=:\xfd\x12\xf0\xea\x99\xd0\x1d\x03\x22\x1f5\xf2'\
\x9b;\xd6H\xd5\x9d\xfa\x0d/\xfbD\xde\xe4\x09\x9d\xe0\
te\x83{\xa8\xcd\xbe\x87\x22U\xcf|\x8d\xfe\xb5(\
e##+\xf4#\x877\x81\xa8\xd6Kz\xfd\x1b\xfa\
 ^\x07\x1dm\x80\xb23\xbf\x5c\x1a\xe6Q\xf3\x8ba\
\x01\xc9\x13O?\xd8\xd7\x22\x8f\x94\xd8\xdc\xe8\xc5@\x97\
\xf6gen\x85\x0e\xfe*A\xbfB\xa1\xc3\xf5B\xf7\
O%\xc7_\xd1R\xd2\x94\xec\xfbfs\xf6$y\x9b\
\xdf\x82\x10\xf9\x95x\x08\xe8\xf3\xff\x00\x11\xa0\xae\xbeF\
\xee\xcc\xb9\xe9\xc7\xb1\xd1\xe1F\xb8\xa7\x86y7.8\
\x19\x19_\xa1\xd4\x0fRt\xc2\xf7O\x1bMI\x92\xeb\
\xfe\xb3\x22'>\x05\xee\x9e\x07\xf8T\x9d\x95^M\xe7\
\xfe\x97\xf6\x9f\xe7\xee\xd8f\xf8\xeb\xcc\xa8\xa4G\xa5\xbe\
\xf9\x16\xf7\xfc\xc5\x0f_\xf3\x06\xe8\x84o\xcc\xb8\xd5\x12\
Q\xd1\xad\x81{\xa7\x8d\xa9(\xac?\x9bM\x98'6\
\xc8)\xe8.\x7f\x0e@\x17\xad\x0b\xa8\xf6d\x9c3\x8f\
\x938\xf8\xc5y\x07\xf2\xe2\x12\xd5\xa7%>Nbq\
\x1f\xb9\x19\xcd2G\xb0\xe0g\xa9\xbd\xd0\xe4\xeeZ\xe9\
\xe0\xbd\xf4\xfb/t\xf2~\x97X-\xeb\xf5\xe8Z\x1f\
\xf9\xe9\x88\xed.=H\xfa\x98A~\xfa\x95\xbe=\x11\
\xdcX\x9d\xde\x1c<\x90UU3\xa9N\xdf\xe0\xf4\x15\
c\xfd\x19\xebw\xe3\x85\x87O\xd0\xac\xe5~\x87E\xba\
\xd4I?O\xa3?B\xeb\xe24<\x8cE\xf1\x10\xa7\
_\xea\xc6\xae\xe5\x8bs\xf8*\x15\xa3\xfb\xa8\xe3\xeaA\
\x05Y\xac\x97\x0e\x11\x99\x99\x7f\xc84\x95\x1b\xa3z`\
\x9b>\x93\xd8A:\xf5\xdfQ\x0e:W\xe8I\xd7]\
\x04n\xcf.'-\xdfI\xe0t gp\x8f\x81\xe1\
^g\xfa2\xe8\x5c=\xec7\xf4\xa7:\x0d\xf6\xf8\x88\
\xd6\x8fO\xa3\xe4\x9f\x22\xddVI\xc1j\xf1\x9a\x7f%\
\x15\xc5q'6\xbc\x0f\x0e.\x87\xf8)\xe0\xe3:\x94\
Y{\xe8f\xf3\xde\xd5\xd0\xfb\x19\x12\x93\x85\x1f)\xb1\
\xf5?\xf4k\xa7\xd7\xb1\xd9\xdf\x1cpFE\xf3\xdd\x0f\
\x1a\xef?\x8b\x95\xad}\x0d\x0b\xb7\x94Yq[\xbcq\
7'\xc4\xd0W\xb9u\x9f\x1dGQ\xbf\xc2\xa3k\xca\
;\xe1\xba[\xa8\xb5k\xd2\xddE\x071\x1a\xcc\x17\xf5\
\xf2\x13\xcd21\xfd\xfd\x19\xd9\xcd\xf5\xe06g\xe5\xc7\
\xe4\xe5\x0c\x96S'\x11\xc9\x7fJ\xda~a<\x13P\
\xd2\x8f\x94\xd8K'\xf8\x1e\xee\xaa~\xcb9>\x8b\x16\
n>\x84Q}:\xcd\xe8\x7f\xb9\xf8\x1eF\xfc\x8b\x07\
\xe2$\xa22\xe8;\x15\x9cs\xa9\x1e,\x8ey\xf1s\
D\x96.\x8b\xe5~b|+\xf1\x85\xad}\xf5\x93\x88\
\x7f\x87\x15\xfbT\xac\xe78\xb6\x87\xf8\x88p\x1eQ6\
\xd2\x0e\x95{\xa47\xc2\xe7\xc8\x89%\x12\xe0\x91D\xb8\
%\x86\xe3\xfa9\x93\xf5;\x09\xad\xc6\xd5*\x1c\x97\xf0\
\xe4\xeeON\xfbM\xc0\x9e}\xec.\x0b\x9b\x9f\x85\x87\
\x1e\xbfR\x07Z|\x15\xbf\x9a\xeas\x8c\x97\xb2\xaf\x0f\
\xc27\xbap\xb0\xb9\xe654\xbb\xb3\x81x\xf5\xa5\x8b\
\x9fB\xc7\xe8\xe4\x93\xfc\xf1\x1f=\xf2\xfe\xe0\xd1\xbb*\
\xe1\x92\xdf\xa3\x1a\xb1eS3<\xf1\xc9\xd4\xde\xed\xa4\
\x97\xbax\xdb>\x83\xdb\xbd\xd3\xc9\xe5x\x19\xef$\xca\
\x8b\xe4\xddK:\x0b)\xc6\xdf\xea5\xcfh#\xbf\xd6\
\xe4\x8c\xb9\xbf\xe8\x93\xc1I~\x09p]\xc9\x92!U\
n\x94#\xb8\xd3]}\xa6\xeb\xd33{\xa1\xb8}D\
\xf8W\xe0\xa8\xac\xc9\xbbJ5~\x8f\x1f>\x03O\xe8\
\xba\x93\x8f\xfa\x0aU.\xde\xc6g\xa4x?=\xc5\xba\
$\xb8\xe2>\x8f\xa3\xf8\xccwSr\xdf#q\xb6E\
\xcfF\xfa\x0e\x16\x89\x0f\x90\xe8\xff\x00\xc2\xbd;\xe4d\
gy\xd6\xe4\xb5\xcf\x86Z\x93-\x1d\x1f<\x8aZ\xad\
\xc8\xa1\xd3\xf0\xd0\xbd\xd3\xc8\x94n\xf5E\xae\xbe\x04\x0f\
\xd7\xecZ\x1a\xf4\xeeq\xb3\xda\x87\xe8\x8a\xd4:\x82S\
\x8f\x84u\xb9\xfa\x04\xe1\xa174<\x9d\x89\xff\x00\x0c\
\xd79\x82\xc3\x95\xa6J\xb2\xc7\x1f\x83\xac\xbc\x1b\x9a\xf5\
<\x8e\x83\xe4p\xfe`O\x85~\xb2#%e=\xe4\
\xfa\x0c\x19\x0f}Q^\xec\x8e\xb7\xbe\x07\xa7_\xa1W\
\xf5\xd2\xa5\xdc\xcf\xc0\xcbs\xf5\x81\xee\xf7\xc0#\xbe\xbf\
$\x81/\x17L'C\xce\xfdG\xa9^\xfc\x88m\xe5\
\x91\xb8\xf1\xe4d]\xfcH\xf2dk\x82\xe2\xee\xfa\x0b\
{\xbe\x09k\xf2\x8eB\xe8A\xa6m\xf9\x13\x15\x8f\xd7\
c\xae\xfb\xdfC\xed\x1f\xc0\xae\xf8\xcdmr\x0d\x13\xbb\
;\x0a\xecT\xdfh*\xe7\xe3\xc5\x11\x0c&\xe6\xe7\x02\
7?\xb2\x1f\xc3\x13\x91c#\x99\xd3\xf8n2*\x97\
\xbf#M\xf3\xfd#\xde\xc4\xba=MD\xfd\x13:\x09\
\xd5h\xf3(\xba\xda\xd1\x9cI\xdb\xff\x00\x9a`\xc5\xc9\
\xdenu_\x9a\x11*\xde\x94>Eu.X|\x17\
\xfe\x0f\xee_\xc8\xf9\xef\x97\xf0\xdc\xf7\xf1\x81L\xa1\xd1\
\xa3\xf6~\xe6\xba\xff\x00\x041\x9d\x8b\x97\xf5\x1a\xdd\x96\
\x17\x1b\xfdI$\xe7\xf9>\x0fL\xb9\x9fD\x9f\xa7\xb1\
b\xeb\xa7\xe8\xdc]'b\xfe\x9fx\xc9;9\xa5\xdd\
l\x0dY?\x5c\x87e\x1b\xcb\x83V\x1e\x9b\xe2.K\
\xeb\x97\xb4\xce\x975\x83\xa1'\x192X\xfd\x18\x0f\xc7\
\x81\xc7c\x8c\x95W\xf2u<\xfe\xc7Q\xf5\xfd\x8f\x09\
\x15\x8eK\xf8IW\x06\x97\x913[\x8e\xd5\xee\x9eN\
\xe6\xbeN\xe6\x9e\x0a\x8aDmU\xdez\xc9{\xa7\x92\
I\x9a9LuD\x9a\xa4B\xe29\xfd\x16\xc2=\xdd\
\xef[\xdf\x07\xbf\xf9\xa9\xb8\xd6\x84\x1f\x1f\xd1\xa6\x1cy\
|L\x8a\xbc\xe7\xb7\xe8w.\x9c8\x92\xf7\x8fiA\
X\x8c\x13\x89\xc3\xed8\x96#.:\xfaJ\xa2\xcah\
rFZ\xc3\xb82\x19\xd5\xf4(\x1d\x220\xb5\xd7\xc1\
u$4s\xeb\x91&](f\xe8^\xf9}\x8a;\
\x93\xe8\x8f\x03\xaa\xfd\x8d\xe3\x92:\xd7\xff\x00g\x05\x05\
\xa7N\xe2\xddg2Z\xeb\xe4\xfa\x1e\x11\x91{\xa7\x93\
\x92k\x1d\x07\xf7l$r_\xa9\xfb\xa1\x93\xb9\x94f\
X\xc6\xa7'\xce\x12\x8d{L\x19\x0b\xe2\xebq\xc1T\
\xed\xe3\xc8\xb41\xd0&K\xf5\xf7\xa1s\xf3\xe0v\xf2\
\xfd\x8d';\xbc7<\x8d\xcf\xf4@\x8e\x9fQ\xd5\xa4\
\xac\xe7\x10U\xe3S\x95\xcf\x82\xfa\xf32nV\x16\xae\
\x9eI\xd2\x8f6)\xe7Y\xc5>D\xecYBt\xd3\
\xf2>\x06\xb4\x11\xe1\xfc\xf2\xc0d\x11\xba\xdf\xf4IG\
F\xb0\x5c\xcc\xef\xd0\x86\xeb\xac\xc93\xba\x9egv\x8f\
\xe1u\xa9\xc4[\xecZ\x97Q\xa7\xe5^\xccI\xae~\
\xdb\xb6A\xdb\xf4nx\xb8\x91ocw\xe5\x14\x1d\x14\
\x1f\xa9O\xf4\x7f,\xc8\xe9\xfb\x9c\x03P1:\xd4\xd1\
\xee\x895\xe6\x83\xed\x12\xd5\xd1#y\xcf\xa1\x0d7\xcf\
#\xc1\xbc\x0b\xab\xe4w\x0e\xd8;\xb3\xd3\xb6Du\xec\
u/\xc7\x5c!\x97\x17\xc2\xc1|\xef\xdd\x92_\xb37\
\xf7\xe9'\x01\xa1\xff\x000\xbf\xbeb$\xf7\xe5\x80\x7f\
D\x8d\x7f&d\xc6\x5cNc\x8c\xd3\xe4\xd6\xbd\xe2I\
:\x9b\xdf\xe0\xb0\xe7\xb0\x9d\xf6\xb7d\xb3\xe7\xb4\xf5 \
>\x7fF\x8b/\x1b\xc0\xc9E\xe7L\x8b\xd3\xe7\x0d\xc6\
X\xe5\x1f'\xc3\xc7KD\x19\xf8\xf6\x9e\x1b%\x95]\
V\xf9(\xb9\xdc\xa2h\xcd.9\x91\xbb\xad\xb5{\xa7\
\x9c \xa2\xbeo\x81\x98\xf24[\xff\x00G]i\xfa\
\x82\xde\xa6\xec\x7f6\x1f=\xf2\xfe\xecs7\xfe\x10%\
\x1d|\xfa:\xdd\x999\xaa\xe3\xe2\xb9\xa8\xf8x\xdb\xd7\
\xe8\xb7\xa8\xe8\xbec\xec\xbd\xd3\xc6\x0e\x0d?\x97:\x03\
\x9b\xb6\xd5\x15&u5<\x8bRu\xc2\xa2\xb3;7\
\xbay\x1a\xe7\x9d\x0c\x8cP\xef{\xeb$\x09\x9d\xe0\x8e\
\xbd\x8e\x96]\x99\xd5KS v\xb9\xbeD\xb4[\xea\
Q,\xaf\x1a\x9c\x07\xfbr\xff\x00\xe7\x95\x8e3]\xee\
n8\xdb\xdb\xd0Rd\xe5\x5c0?\xf6O,,F\
\x5cu\xf5\xad\xa9}a\xd9\x12\x19\x952kvf\xe1\
\xf8\x11\x03\xff\x00*Z\xeb\xe4k\xbaG\xc1\xca\xf6\xec\
_\xd3\xec\xfa\xed\xf6w\xbd\xaf\xde\x1d\x01\xf1\x05n\xf0\
\xa19\xd3\xed\x99\xd0\x93A\xfa\xd4\xb9\xe7O\xd9\xb8[\
\xe4q[\xbb\x1b]\xf9\xa9\xe6\xfe\x84\xa8\xe1\x12jc\
?6->\xf9\x22Q\x9c\xf8\xbe\x09\x99U\xd6>\xa2\
w-Y\xfb3.\xca\xff\x00%U]:\xe0\x1cu\
\x17\xb8\xa1iU\xe6\xe6nJ@\xcaQ/O\x12\xa4\
+\x8d\xc3\x98\x86\xfd\x90\x1b\xfeN\x81\xce\x11y\xf4F\
I\xdf\xa9\xa0J\xa6q} \xb8Y\xd0\xb8\xf4\xc0}\
OI|E\xbd\xf9\x0e\xe8\xe4f\x8e\xdcr\x83\xf7k\
\x02R0\xdb\x83\x8f\xfb,Z?t\xc9\xce\xbb\xc5\x87\
\xc2\xf9\xa7\x85\x0d?g\xde\xf3\xe0p\xbe\xf2&U_\
\x92(\xf4\xf9\xb9\x02U\xa7\xecz\xcd>(%\xb7\xe6\
)\xfe\x0by\x99\xe6\xc8\x9b\xfa2\xe3\x9d\xeb\x81\xc4\x1d\
\x1c\x9cJ\xd6\xfa\xe1\xf3\x05U\xfct4\xbb\xb2\xf7O\
$\x19\x5c\xbeNn\xd8\x16\xd3\x17\x9d\xe5\x9e\x03\x9d\x09\
\xa1v\x7f\xc33+\xf58;\xf52+\x89\xd9|\xf2\
\x13\xf8G\xf1\xbe0\xcc7\xe0vf\xe32_\xed\xf0\
\xe2nK\xcf\x17\x05*\xde\x0d\xcbM0\x93\xcb\xb7#\
\xa5\x90S\x8f\x98\xc8\xb6\x97[\x96\xff\x00\xa3\xc7J}\
\x8c\xff\x00|\xd0c\x1b| \xbf\xa7\xde+\x03>K\
\xf8}\x1f\x9a\x1a\x19\xcf\xc5\xf0o\x95>N\x7f\xc1\xb9\
\x9f\xac2\x223\xe3\xb0\xf8>\x8bf\xf7O%G\xce\
~Wc\x95M\xee\x98\xee\xcf\xf7\xd8Hr3\x16\xfa\
1\xb93,\xe3\xb9\x1cF\xe2\x8a\xfe\x96\xe3\xf97\x5c\
\xd9\xb9\xb4\x9b\xd5\xc1\x96\xf5\xc5C\xd5<BG%\xba\
\xec\xcb\x8a\xeeU\xb5F\xac\xfbf'T\xce\xd6\xf6\xe2\
j#>\xa5\xdb\xf3\x93\xec\x22'.\xfe6s&\x9a\
~\x8f\xf0:\xd4wY\x199\x8d\xca\x9b\xdd}=\xc7\
\x8f\xa3\xfe\x07\xe2@\x8chG\x99\x1fL\xdcdh2\
G^\xde\xbaFv\xf1\x5c\xce\x10\xbd\xfb.?\x1d\x94\
\x5c\xb99\xf0\xd0\xa2oR\xc4C\xfd2\x11uzH\
\xa4p_\x9cI\xb8\x5cH\xeb\xd8\xcc\xf8\xe9\xdcB\xe4\
\xef7\x11\xa0\xa7\x8fV2\xc9\xfd:b\xdf_\x06b\
\xdfFg\xe3\xdax\x1b\xfeL\xab\xbe\xa3\x95\xa3C\xaa\
3\xbc\xebr\x07\x1e?\x02\x89\xbeF\xf8S\xe0\xf8>\
V\x1d\xa4\xdf.\xa4\x05\xfa\x08\xc8\x17p\x09|\x9bp\
\xb1\xe1\x7fq;\x93\x03\x90\xf3O\xaa\x98\x82+s\xa0\
\xdfOXc-9\xab\xdc\x82\xac\xbf\xc4#l\xb5\xff\
\x00\x0a\xff\x00Ygc\xcb\x1e\xd5\xcb\xdd<\x97'>\
\x1aa\xba\x9e\xd0o\xbf\x05S^\xf0oPLz\x11\
\xa0\xebk\xfa&\x94\xdb\x177)\x0b\xd4\xea\xb0\x84U\
\xfe\x9d\x06\xf3V}\x0a\x871\x1a\x9f\xf2\xe5D\xf2\xb7\
\x05\xcc\xff\x00}{P\xa0\xf9{\xb9?\x83\xc8k3\
\xab\x91\x22\x8dJd\x7f\xa6w\x1fG\xcbS\xe1\x1eG\
s\xe5\xa8\xeb\xdc\x86\x87\x0f\x9e\x99\x15\xfb\xf8\x9f}\xfe\
\x8d\xc5\x97\x13B\x5c(>,\xb4\xfa\xb6\x07c\xbf3\
\x8a\xd7a>U\xf97\x8c\xb4>H\x9f*\xfc\x8f4\
\x9d\xb8\x8e\xcf\x93\xf0^\xe9\xe4\xd6\xec\xcdWn\x05/\
\xf2\xe5\x8e\x1ec\xac\x8f\x07\xc2\xa4\xcd\xcftez\xa3\
\xf4L\x88\xe6?\xc9.:\xfe\xcbz\xfd\x10\xe0\xed\xfa\
7\x0e\xfcK\xdd<\x99\x9a<\xbf\xd6<\xbd\xf9\x9fG\
\x14\x11\xc8\xd4\xb1\xef\x99I\xe9\xe1\x8e\xc6V\xeaPi\
\xe6$\xb2<\x9c\xe7#uL\x1a\x12\xe1B:\xf67\
\x19b\xf9\xef\x97\xf0I9\x9f\xe9Ri\xed%\x05&\
D\x82\x8d\xd6\x1f\x1d\xadC\xe4\xf8_gz\xfe\x0a\x07\
lrW\xd8\xbd\xd3\xc9\xd0zL\xbe\xc5'O\xf62\
\xef3K\xba4\xbb\xad\xaf\x93\xe1|w_\xf7cM\
\x8fYFs}\x0d5\xbe\x0b\xdd<\x1d\x87{zh\
\xbe\xcch\xe4\xceU2\x1d\xe3c\xe8\xbc\x89\x93.\xb8\
\xde\xe9\xe4U\xab;\xf8\xc3\xc8\xff\x00\xbb]@\xda\x88\
\xcf\xae\xdc\xc94\xbb\xb3\xe2\x9d\xfa\x88Z\xff\x00\x9bU\
-\xe7\xfc\x16\xe8\xef\x9b\xe4K]J\xa7\xaf\xa5\xad\xd9\
\xe1QY\x9c5\xbb<4F\x88\xdc\xa4\xd1\x1b\x87\xac\
\x5c\xfb.\xdd\xcc\x89\xef\x91\xfa\x1f\x97\x871\xcf\xa5h\
Hr\xf6\x0d(\x8c\xba\x13+\xde\x95#\xafl4'\
\xc9\x073G\xf4k\x02\xf0\x92QQ#\xa0:MG\
S\xc1e\xbd<\x0a;\xab\x99o_\xa15\x15\xedC\
!o\xab\x1f\x7f\xf9\x96\x0b{\x9a\x15\x84\xe8<\xf1\xa4\
\xc0\xc9Z\xff\x00\xb1\x87\x15\xbc\xe7\xe2F\x5c\x9e\x16\xaf\
MJ;v\xe7'\x99\x1b\x87\xe1\x1fs\xff\x00J\xda\
|\xc9\x22\xeb\xd5\x9c\x90[\xfc\xf4\x8c\xb8\xf6\x17\x87\xe2\
\xd7\x1e\x87q\x9b\xael\xd6\xec\x8f'\xe7\x02.@\x05\
\x08\xf9\x0c\xe28\xae\x9b\xad\x09T\xb2\xf9\xecs|\xbf\
\xa6\xe12YO\x90T\xd5M\xe4\xdc~\x07\xbb_\x03\
d\xa3\xcf\xfcC|\x5c\xf9\x10\xb7j%dW:\x9b\
\x8ecf\xeeG!\xf0\x1c\xcaA\xa2s\xa7Z\x88\xdd\
\x99k\xfdC\x1cG<\x13\x8bg\xf4D\xfc\xb4p\x05\
\xa9Fm\x05\x1c~W\x91\x17\xe5S\xd7\x89\x0f\xe0\xf8\
\xc5\xca#\xa8\xd9\xbf\xd0N\xe7\xf4#\x92]q<\xaa\
3l\xecn~\xc5\xc9u\xe1rC\xfb\xa2\xc1\xd6\x17\
\xff\x00'\x02\xdf\xa1\xfe.\x86{\xd5\xfbfb\xbd\x7f\
Cgm\xd2<\x9d[9\x1c\x12\x84\x80\xea-\xf0\x14\
\x5c6\x82\xab\x8c\xf2s7\xba\x99:\x90E\xf3\xf9-\
\xce;\xfe\xcb\xado\xa4X\xcc\x94To\xecG\xd5\xf0\
\x87\xa0\xf9~\x874\xdf\xf4\x1b\xd9\xbc\xf0*S\xd1{\
\xe4\x5ck\xaa\x1a\x86\xb3%\x13Dfj\xbcu;?\
\xac\x87\xbd\xa8\xd4qzu%%\xbf\x03\x8c\x7f\xb1\x8f\
\xa6U\xdez\xc0\xbc\x1e\x0b\xfa}\xe1\xca2\xe8\x5c\xdf\
#q\xc6\xe5\x19\xfb\x09\x7f\xbf\xf7\x12:\xf6#\xe5\xef\
\x8d\xee\x9eK]|\xe2\xcbvV%x|\x14r\xbe\
r#\xfeX\xe8\x85\x9c\xaf\xc9o_\xa3\xaa\xfb\x19\xf8\
{\x16u~=i\x94\xe7\xf6?\xf4\xc7\xc8\xfc\x9e6\
\x1c\xdfB\x0a+\xf8\xd9\xe4'Y\x8c\xec;\x19e\xb4\
\xaf\xe5\xfa\xf4(<\xdf\xf4\xd3Ds\x89$\x8b\x87~\
\x1e\x84h\x89\xce\xf0dKRN\xe5\xb1\xa6s\xc6\x9e\
\x94\x12\xae\xbf\xee4\x14\x99\xc3\x93\xbe\xc4\x12\xba=\xbd\
\x86\xe3\x22\xde\xbfX[\xd7\xe8\xb7\xaf\xd6\x13\xa7\xe3f\
\xce8\xc7\x0b\xe4\xaa\xcb\x92>\x89\xf8\xb7\xaf\xd6\x1b\x8c\
\xca\x0a\xc4\x16\xf5\xfa7\x99\x0c\xd4\xfdr\x14s?\xc9\
\xd1\xe7\x83\x0f\x83ndN\xbe\xc3^\xe5\x98\x91\x0d?\
\xb1\x06\x8d\xff\x00F\xf7S\xc8\xad\x1b5<\x09\xd1\x12\
G\x1a\xdf\xa1Y%\xbe\xacS\xf3\xe6I\x1d\x15\x9a\x85\
.\xa27\x10\x83\xa8\xe4\xab\xacS\xa0\xf8\xaf\xde\xb77\
\x19\xd6\x0ek\xbc\x97(\xeb\xdf\xa9\xb9\xc0\xda\xe3\xbd\x10\
\x9d\xd5\xed#\xfa\xff\x00E\x93S\xd9\x97a\xd9\x0b\x13\
o^\x06\xdb\xe9\xaf\x9b\x8cgzp\x91>\x7f\x88\x13\
\x0e\xc3\xe7\x04\x92\xc9ze\x99\x09\xbaO\xbfr\x81:\
\x9d\x0d\xd9X\xa1\x7f\x14\xdf\x88\x84>\xed\x11\xc1\x0cw\
\xd6Y\xf7\x7f\x7fF\x93\xb7\xe8\xf2\x5c&VTh5\
\xaa\xb3\x99S\xc2:\xabj6\xfe\x97\xf9cD\xad;\
\x92\xaa\xef\x07\x0d\xc2\xe1F~\x8a\x88z\x8fx\xb9\xfc\
XO\xe4\x96\xfbD\x9f\xd5W\xa9\x04\xfd\xe6\xfeQH\
-\xce\xbaS\xc1\xfe\x08\x82\xc2\x19k\xcfs\x81\xda\x9d\
\x8a\x0f'\xfd4\x84u\x1eK]|\x0d\xba\xbe\xc8\xfa\
~\x84\xe0\xab\xe7\xb9\xb8YT\xdc\xfb\x9f\xb0\xceFd\
\xc6\x5cF\xe8tD\x15ul\xea={\x88\x5c\xbd\xe6\
\xe2+\xad\xfe\xc12\x83\xb1\xfdM\xcd\xaaX\xe0\xe5\xe9\
\x13\xbdH\xbbN\xf6&\xd4\x1e\xa8u.\x9eL\x8fA\
w\xbcg~'\x92\xf3 \xa2\xbf\x81\xd8\xe9\xa7\xd1\xbc\
\xf1\xe1'\xf3\xbee-5\xab\xdc\xe0,\xeby\xc0L\
\xd6\xe2x\x9c\x0b\xfa}\x9c\x9d\xcd5\xf1\xfc\x1f\x15o\
}\x06\xe4\x86C\xdb\xc8\xca\xddp\xdcddg\xc3^\
$.S\xa9\x07!\xe6H\xd6\x9f\xed\x0c\xbb\xb7j\x97\
\x1d\x7fe\xcd\xfb\x9fG\xe6\x98IWo8n2\xc1\
\xf1\xbaW\x1c\x88\x8c\xf8\xe1\xb8\xcf\x0d^\x0e\xef\x9b\xf2\
K%\x96\xb7\xc8\xb1\xfa7\xbay()2r$\xa2\
i\xe4\xb1\xbfqo\x7f\xdd\x8d\xc6F\x8f\xd7\x85\xc6\x8a\
\xab\xc3\xed\x8aS\x87\x02\xf9C\xad\x19\xdb\xc6\xc5\xfd>\
\xc6\xf5\xfc\x12ru\x5c\xf3\xdbZ\x93\xae\x19+F\xbf\
\xa7\x91\xef\xe8n233\xb7R\x1efR\xcb\xaav\
\x12N]\xc4\xfe8\x13M{=\xaa\x91\xe8]\xbc\x9f\
B\xe2;\xbeo\xce\x1b\x8c\x8d\xc6xfLe\xc7j\
:\xf6\xf4\xb22\xb7\x5cR\xd9'\xca\xbf$\x073\xe4\
\xf8_\x1f\xa7\xca2\xc3.}&\x83\xf6\xf7H\xcf\xd0\
\x919.\xe6k\xa9\xfe\xa1w7\xda(H\xaf\xec\xcc\
\xce\xd1\xad\x89\x0c(\x5c9]L\x9b\xb27<l\x8c\
\xc9 \xe9d\xf8\x12\xc7\x8ct\x83w\xc4E\x18\x16\x07\
\xd2;\x17)\xf1\xec5S\xba\x14\xe5X\xdc~\xe6e\
\xdedN\xbd\xf44&*\xb4\xeajY\xc4J\x11u\
\xd3\x9ahN!\xd6\xe4hwBz-\x15,:~\
\x8a\x99>zr\x22H\xd0Q\x1f\xc2\xad\xaf\x91\xae\xd3\
\xff\x00M\xfe\x14?\xd25\xbb!%}Y9\x9f\x9b\
\xfb(a\x9b\xf4%9O\x1d!(\xfcPMnq\
\x1c\x99\xf4\x1bt\xafH\x11\xceU\x12\x9aA\xfe\x055\
\xa9\x1co~\x86\xe5\xd0\x86\xa2z\xbf\xc4J%\x1cS\
\xe6B_\xe5we9k\xfe\x15R\xff\x00\xb2<r\
Lu\x17\xea>0<\xc4\xf9_\xfay\xbe\x0eR\x93\
\xf4\x88\xb3+\xf4\x1b5lC\xfe\xbf$-\xe5\x0d\x06\
\x85\xc6\xf7pC\xdc\xb2\xa1\xfb<(:\xbf\xc1\xb9g\
\xd0h9\x8f\xe12\x05\xc4\x7f\x87\xcbu7\x1c\xb3\xb9\
\x90\xb7\xd5\xe1R\x93\x84\xac\xbb\xe6f5\x9f\xb3\x88\x89\
\xca\xf6\xa1\xd89\xc8\x8f\xe9\xa9\xd9\x8c\xd3\xe7\xf6\x8f\x0f\
4AE\xd5\x8d\xf3(\xb9M\x8e\xf6W\xe8\xf8?Y\
\x10>\xbc\xf2\x17\x22q\xb6\xf07's\xb2~\xe8+\
\xdc'\xc9\x0b\x97\xc5Pi\xfa\xb9\x03\x97p\xe2P\xbe\
~\x06z\x9f\xdb\x89w\xf9\x92\xcc\xab\xc4\x0a\xe6y\x90\
n\xcc\x1d\x1f\x98\xecf=\xf4X\xa7\x8c\xbb\xe1\xba}\
\x9cE\xfb\x9cG\x8f\xc5\x0dw\xc7\xf0\xec\x05\xfc(|\
^\xf0\x86xk9|\x09\x9a\xfcL\x97\x0e~O\xef\
\xfe\xc6\x11\xa1F\xb8\xac(\xd7\x14\xf6r\x98\xc3\x9b\xb1\
\xc8\x9f\x89\xb1\x7fO\xbcd9aAo\xb8\x9b\x9d\x91\
B\xff\x00G\x192X\xfd\x1d\xc3\x88\xb9\x1b9\xe1\x18\
\x05\x9a\xc7\xc7c g;\x19\x93\x19q-\xeb\xf4&\
RR\x22q\xbd\xd3\xc9\x9fMw[oz\x0e\x8b\xf1\
\x06\xb7g\xb3\x7fO\xbc25~:\x9eW\xbf3s\
\x8a\xf0\xda\xb7\xaf\xd6/\x82\xd7Z\x958?\x92\xc5\x95\
\xfc\x92\xcd\xaah\xc8A\x9f\x9b\xf1C\xec*\xbe\x8e\xa4\
\x10\xeeq\xa0\xa4\xc9\xfd:\xa6t\xba\x12\xe3\xf9E\xc9\
\xcf\x86\x98dD\xe7\xc0\xa2h\x91\xf6Z\x0d~ZF\
\x1a\xee\xdc\x0a&\x89a~Q\xdb\xf6AW\x7f\x18\xde\
\xe9\xe4\x5c\xb6\xcf\xf9\xec<\xaf;;\xad\x0a\x87C\xec\
4\xa4i\xaa\xd4\x90\xe52\x81k\xaf\x8c\x12\xcf\x9eB\
\x1f7h\xb9\xcc?\xb7\x196'}I_\xac\xae\x87\
&oA\xa6h(\x9f\xdedV\xafs\x90Y\xfe\xc8\
D\x1f\xbf\x8a\xdf\x80\xa4\xb7UJ\x94\xa5o\xa8\xa5\xcb\
\xbb\x15j\xcd\xd7\xc9\xf462k\x13Y\x9f\xf7\x81'\
C\x84\x1a7\xc7\x9eO1\xcc\xf1\xf9\xccN\x7f\xd2M\
>\xe7\xb9Ru\xf0=\x93\x94\xf7j\x0e\x83\x1b\xfa\xbf\
d\xf4\xeen9t$\x91\xdc\xcf#\x93\xb9\xc0\x1fl\
G\x1c{\xc4I\x9b\xfe\xc9\xb9\x7f\xa3\xa1\xf8\xec(9\
\xf6*\x1f#\xea,E\xfeC\x95u\x0e\xf7;\x82F\
\xde\x8eH\xe2,\xdf\xb4RL\xa6\xeb\xb1\xf36\xd0u\
\x1f\xb9\xa3\xf9\x22GD\xe4h\x8d\xf8\x0f\xf6\xc6\xd2\xf5\
\xfb:\xed\xbd\xcdJ\xe1I\xc0\x9e\x1f\xb3u\xcd\x12J\
\xdf\xd1\x11\x9d>\x177z\x10>/xFF\x8b\xcf\
Q\x91F\xdc\xb8\x97t\xfb2\x223\xe2D\xe1_\xc0\
\xfc\x9e\x08\x923\xae\xb4\x1e\x92\xeb\xd4\x81\xbb\xdcp|\
\x08\xf2<\x9b\xf1\xd4\xbd\xd3\xc1#\xce\xbf\x07\x00\xcc\xf9\
\xb1\x93\xa9\xc2\xd2<\x0fW_\x03S\x8d\xef\xa1\xbb\x0f\
\xd9R\xd2\x94\xec\xfbfAEV\xc8\xab\xfd\xa5\x8c\x8c\
\xf8i\xc0\xa8\xf2\xe5\xa5s-5w\x9e\x92_\xdf1\
\xbd\x8cM\x1dQ)\xf1\x9e\x9f'C\xa6\xfa\x8d\xe1\x7f\
f\xfdx\x9a\xccz\xbax%\xa3\xaf\x9c7\x0b\x12Q\
[\xc9\x99e\x1d\x8bz\xfd\x16\xba\xf9\x14\xbf\x7f\xd2\xee\
\x1e\x9d\x0d\xc6G0\x9b\xa5x>W\xf8\x89\xdc\xbf\x87\
R\xfb\x17\xef\x11'R\xdf2Z-\xbb,~\x87\x99\
\x99\x15\xb4klli\xec\xb0\xb7\xaf\xd6=\xc7\xb17\
W\xa1\x92\xe8!\xf3n\x8f\x0b\xc1\x95.\x98+\xaek\
\xce0\xc9\xd5\x97\x1d8\x12kx\x96\x02:\xf6*+\
3\xe9J\xe3\xe0y\xde\x1f\xf4[\xdf\xf0\xb0\xef\xf8\x1d\
\xdd<\x12r\xf0\xc6\xe8p\xf9\x13\xf3\xe5\x16\x1fJ}\
\xa0\xa1H\xd6'\xefe\xa3\x92\xddN\xa3e\x97:y\
\xc1\xeaN\x85Efv\xa5\xc7\xf0\x899:>y\x10\
\xc7|\xcc\x15\xd7\xbe[\xf8\xf4S\xbec.%is\
\xfa.\x1eT'O\xc2\x13\x99yq\xc9\x9fT\xf8\x92\
E\x13N_cy\xd5\xfe\x8aA\xa8\xa4A\xb8\xf9\x8c\
|\xdb\xbc#\xafm\x98\xeb\xdb\x0c\x8c\xad\xd4\x97\x17\x7f\
\xd1o_\xa3q\x961\x9b\xbe\xc2\x1a\xbc\xb5\x93\xa3\xb9\
..\xff\x00\xad\x88(\xaf\xe0\x9eX\xf3b|}\xff\
\x00D\xb4w\xf3\xb3!\xcc\xfb\x1f\xe9\xb8\xcfb:\xf6\
\x13\xc4\xec|\x14'\xbc\xa0\xd3x\xf8\x8a\x0c\xee\xdf\x97\
\x12{\x17=\x0d\xd7\xf0\xe6?\x03\xcd\xd3\x97\x02\xeb\xe7\
%\xcc\xb6\xfd\x9dU\x7f\xb2MN\xf9&\xe4\xea\xb9\xe6\
j\x9e\x5c\xf2\x91r\x13\xb9\x87\xfb\x10\x92\xe3%CB\
KpU\xf2\xb1\x22gy&3\xe1\xf3Q\xf2V\x92\
\xe2\xbd\xf5\x1bW[\xa1\xb9mq\xb9X\xf7\xac\x9f\xe1\
\xc4\xe78\x7fD\xce]]\xfb\x93\xe3\xca\xebS\x9f\xb1\
\xba\xdd\xb2\x07\xd6\x06|\x96\xf3\xe46\xcb\xadn\xb0!\
\xc5\x96K\xc9q?\x08F\xd4z\x9b\x9eY\x9d\x95\xb2\
\xa0\xf7\x1fJ\x90\x8a\xfdx\x99\x91M9\x5cU\xa7\xc3\
\xf8XHBQ\xd4\x1cTi(\x9f\xe9\xbal\xdd\xb5\
4\x1f\xf0\xfd\xbf\xae\xa5KE\xd5\x94/\xd9\xdbz\x1a\
\x93\xe9\xe4\xe4?\x83\xad\xefr\xa1\xec\x95y\xecB-\
\xd5'\xdf\xed\xbdO\xa8b,\xdfm\xe4j\xbax\x11\
Q\xa4Y\xf0\x92\x1e\x1cX\xd5\xea\xd9r\xe8\x88\xeb\xc8\
\xb8\xed\xd9B![\xd6\x83\xb7>\xcf\xe3?\xa6q\xb7\
\x97=~/\x86N\xa7\x91\xb07\xcc%\xf9\x1a\x0a7\
E[z\x9f)\xfd$\xab\xa2G\x0a\xc7AL\x88\x0c\
\xbf\xd1\xfc\x9a#\xbe\x1b\x9e9\x172\xf7O'\xd0\x99\
\x87\xfe\x1d\x87\xcdO\xd1\xf2;u\xcf\xca\xb1\xa9\xf1\x9d\
m\xcc|UO\xf0\xbd\xd3\xc9\xd4\xcc\x8f\x12\xba\x0b\xae\
zX\xe6O\xd4\x88|\xdb\xa3\xa0c\x93\xa9\xc1JO\
\x9e\x83AF\xe8\x9c\xd7c\xf8\x1a\xb1\x15\xa6?\xc2\x8e\
\xf7\xc2\xc5\xfd>\xf1\xde\xae\x17[s\xbf\xf4\xe8w\xd2\
YQo\xfaN\xc2\xbf\x9f\xebo#\xef\x82I\x9d\xf5\
-u\xf2Py?\xe9\x1a\xfeDw\x9e\x93l\x8d\xec\
}\x1b\xd3\xfd.z\xfe\xfdz&\xf58\x0e\x13\xe4\xdd\
~\xc9-\xe2Ft\xf0\xff\x00\x042A(\xc7\x07\xfd\
#\xc7\xf0\xff\x00{\x1b\x8fa\xb3_\x81\xb9x\xd5\x9b\
\xee\xdd\xf6\x9e\xddH\xd7\xf2Z\xeb\xe7f\x04\x95\x14\x88\
:.\x1d8\x90\xb2\xfa9\x99_\xa9\x97=x\xf7+\
n\x9e\x0e\xa3\xc1$\x95\xb6hZ\x82\x8d#.r(\
\xfey\xe1F@\x85Go\x04\x87-\x9c\xcc\xaf\xd4\xa2\
\xe7s2{\xeaIG\x7f#\xf2x32\xbfSr\
\x92\x1a\xbc5\x91Yr^0\xd4\xfcT\x92\xab}\x18\
\x9d\xaf%\xae\xbevm\xeb\xf4dD\xe7\xc0\xd4\xdf\xc8\
Z\xf4\xfb \xf0\xbc\x8a\xcb\x92\xf1\xb4\xf9m\x97\xf4\xb7\
\xaf\xd6\x0d{\xc6\xc22#\x5c\x14D \xaf\xef\x82#\
r\xd9V'\xef\xac\xce\x8a\x8f\xb2\xc6\xeb\x1b\xcf\xb2\xde\
U\xe4v\xd2M\xd0\xb1\xbef|\xab\xc0\xa4\xce:5\
c.\xfcp\xf8s\xe3%\xee\x9e\x0f\xf0x\x9d\x87{\
\x0fRt+7\xd0\xe3\x99\xf4\x84om\xc8\x192\xe1\
\xd0\xfb?\x03.\x14\xf9\x99\x16'\xd3I+:z\x92\
A\xe5%\xfcj\xdc\xe0\xdb\xb8\x8d}m\xd9>\x06\xf9\
\x5coG\xfd\xbc\x0fU\xf5\xd6\x09|\x16\xe7s\xf7<\
\xecIg\xae&\xf3\xfb*> \xb22\xb4\xebr\x92\
\xbb\x9eF\xa5\xee\x9eN\xeb\xfb\x93p\xab\xc4\xd2\xee\x8f\
\xb9R\xcc\xe9\xfe\x1dS\xf1\xc0n^\xff\x00\x10n\xfb\
;P\x86\xaf\xdeg\xeb\xbfI\x82V7\xd6\xe8\x8f\x0e\
\xe7\xd2bo\x9cM\xecX\xb9\xc2\xb7\x01\x9cc\x07w\
\xe6\xfa\x99'.\x9c\x89\xf9;\x91{\xcb\xec\x95/\xcf\
\xec\xde5\xbc\x9f\x14\xef\xd4n\x0b%~_\x1e8/\
\x10\xce\xa6k/\xf5\x1eA\xfd#\xfa7n\x86\xe6\x90\
\xd9\xb9\xcc\x7f\xcaq/\x07c\xcb\x1a\xa9\xf62\x1b\xe4\
\xc6\xcdn\x05\xad\xddJ%3\xcf\xec\xdcdr\x17_\
\x8a\xb1\xc8\xe7\xe3\xfc7?\x15*x\xf2\x1a_\xaa\xb6\
\xa6gX\xec\x88_\x5c\xa9C\x94\xdc\x85\x05Z\xc3?\
o)/\xe9\xf61\xf3\x22\xf9_\x99{\xa7\x93#\xdf\
\xfa\xc2\xbe\xf5p\xed\x9e\x0b\xce\x1c>\x06\x22\x9c\xf6\x1d\
(\xca\xde\x0f\xf0\x1c\xf1w3\xc8\xa3\x5cS8\x229\
PF\xeb\xa4\xe1\x18\xb9s\x1b\xf7\xba\xdd\x99\xfe\x15\x8d\
H\x9a~\x0d\xc6X\xdb\xd7\xe8j\xbc\x7fW\xde\x82B\
-\xcb\xbcl\x0a\xc2\x9f7h\xb9\x05>6\xea<\xd7\
\xf0\xbd\xd3\xc9k\xaf\x9d\x9b\xdd<\x94M<\x8bRu\
\x1e\xde\xfc}\x16_\xcf\xf6\xce\x86\xda\xd31(\xc6\xe4\
\xe7\xc3A \xe7t*\xb7\xe9c3*\xfc\xb9\x19w\
\xf4\x11\xc2\x86N\xa2\xb2\xe4\xbca\x1d{\x16\xf5\xfa\xc3\
u\xfc \xab\xbf\x82\x03\x98\xfe\x0d^o\xb4$\xe0\xfb\
\x0a%\x80\xca\xca\xddIK\x9a\xa9U\xc27\xd6\x0a\x0e\
z\x7f\xa6c\xfc{A=\x1d\xfc\x96u\xfa\x12\x13\xaf\
\x82\xd7_$\x90\xd1_\xc1\x01\xcc\x7f\x04\xd59t#\
f:\xf6\xc2v#\xafb:\xf6\x22]\xefCt\xf0\
\x8e\xbd\x88\xeb\xd8\x89\x03\xf2\xec\xfc\x05\xd6R\xed\xa2v\
\xc2\x1c<H\xc9?_\x88\xc2\xe3\xaf\xc9\xf2+<\xb3\
2]\x06\xa3\xcexT\xbd\xd3\xc8\x85\x1d\xdf#\xa8\xaf\
\xfe\x19\x93\x91\xfe/\xb3\xcbo\xefn\x06\xf3#\xb8\xc6\
\xbf\x07\xd9sGd_\xd6\xcb\x89\xbf\xe8\xb1\xfe\x8d\xd2\
7.ei\xfckMG\xdf\xd3\xf6\xae\xfb\x92Q\x1b\
\xa349;\x9c\xfd\xeaP>\x81\xfd\x9b\xbc\x19'\xcf\
3\x184\x1c\xee\xb0\xdc\xfd\x1b\x8c\x8e\x83\x05aP?\
\x82\xe9C\xfc5\xb1{\xa7\x82\xf3\x97\x22c\xdf+a\
\x1b\xfe\x94>s\xd2\xc6\xf3\xec\x8b\xbc\xa7Q\xeaK\xf7\
7^0\xf8?U?\xc5\xa2\x8e\x1e=O\x1a*)\
2f}\xe7\x91\xfe3\xb9\xfd\x8a\xcd\x8b*\xbc\xac\x22\
\x9b\xd4\xe2\xf3\xaf1\xb9\x18\xf9\xb7E\x05fE\xbb}\
,\x7fG\x9aa\xc1\x19[\xf9\x9c\x15\x7f\x87X\xde\x08\
\xeb\xd8`\xac\xdf\xe9\x05\x8d{\xc5\xc5/V\xcd\xc8\xb9\
F\x9a\xf0\xe7R\x9f\x0f.\xa7\xc9\xc3wP\xa2\xdf\xc8\
\xff\x00\x99\xfd1\xa7\xb2T~x\xcet)O\xa4\x94\
\x1f\xac\x09\xf8;\x5c\xa2oR\xc5\xbf\x14TO<\x87\
\xb8\xfd\x17\xbay>O\xb7\x85\xfd\xf3 I\xbf<\x8e\
 \xf4](\xca\xde\x09\xd2_\x1f\xd34\xdf\xc0HW\
\xe4\x82\x8a\xad\xe3%\x5c\x1a^\x7f\x00\xddS\x04w\x17\
\xa4\x0bRu\x1d\xdf7\xe7b\xf7O#is\x89\x1c\
\xb6$\xff\x00\xb2Dp\xde\x84\xc7\x1d\xe9\xb7{\xa7\x92\
\xfe\x9fe\x13zm^\xe9\xe4\x97^\xff\x00gc\xf8\
\xc8~w\x8eq}H\xeb\xdbn:\xf6+=?\x85\
\xfc\xff\x00o\x02\x0a+\xf8\xc1o\x7f\xc2t\xfc\x19\x0e\
\xf0C\x83\xeb\xe3\xe8mC\xe4\xfc\x11\xcd\x0e\xc5FD\
\xe6\xff\x00c\xe5\x89\xd0\xa2\xe7|\x10U\xdf\xc6\x1c\xbb\
fIU\x7f$-\xda`\xb7\xb9\xf8\xccv\xa9\x1a\x0a\
\xbb\x99\x08\xe8\xaf\xc1!\x90\x92\x1a\xbf\x92\xa3\xe7\xa1\xcf\
\xef\xfc.'.\x82Y\xce\x9c\x889>\xc5\x8e\xbeG\
\xce\xdf\x89\xeaq/$u\xecN+\x9c\x85-#-\
\x94\xb1eR\x18\xaf\xf4\xc4\xa9;\xf8\xdc[-\x0a\xab\
\xfd\xe0P\xb6\xa1+\xbe\xd9a\xb8\xccf\x84S\xecf\
\x05\x0eG2}\xc2g3\xb6\xa1J\xd1\x1b\x9f\x95\x8f\
\x83\xd4\x97\x1f\x7f\xb1\xba\xbf\xb2\x03\x7f\xc1\x0f\xa6I\x0c\
\xae'\xf4\xa8\xba\x9e\xa7P3G\xa4\x89\x93\xce\x86\xe3\
\x1558\x9c\xce\xd9\xfd\x9a\x8fC\xf5\xba\xc9\xf2\x11B\
O+\x9f\xa0\xff\x00O\xb3\xe7\xd4R\xab\xa7\xb1\xd9<\
\xbe\x09\xe5\x7f8\x93'U\x12*\x97O\x22|Nu\
3\xff\x00\xda\xe4\x7f\x85\xc4\x90\xf7\xe0*\xae\xf2\xfe\x9f\
d\x95W\xf25n\x1e\xf6\x1a\xe5\x9d\x0c\xcc\xed\xd4\xe8\
I\xc1\xfe\x04d\xe7\xfb\x22g\xf9h\x5cw\xc9\x1e\x02\
\xeaq?8\xed\x06C\xdfTR\xdf\xf6qm?\xa3\
z\xedq\xf1t\x88\xea\x5c\xdb\xb1\xa8f\x8f\xfa?,\
\xde\xa1\xa2\xef\xc3(!\xfb\x9c\xa1\x17\x8c\xf8>V4\
){\xa7\x93\xe5XB\xef9\xcc\x8f\xb1*=\xe2\x86\
\xe3\xad\xf0\xf9\x84(\xd2'\xac\x9cWH\xee\x5cN#\
\xf5\xe1lN\xe3\xf5.\xeb\xe3\xc6\x84\x14W\xf0T\xad\
\x9a\x0f\xb6#M\xf5\xd0\x83\x93\xbc\xdcN\xbb\xf3\x0d\xd5\
6\xa5\x0f\xe8\xa3\x7f\xae\x86\xe7\xf7\xf6n?\x15(8\
\xd4\xad\x8e\x94 \xad\xe2\x85\x06\xb6*\xea\xcb\xba\xbe\xc8\
\x86\x98\x9bv\x8au\xef\xfc>\xaf\xa1Y\x8e\x9a\x09\xcd\
\xcd\xc0\x97\x83>ru\x0c\x0b\xfb\xe6}\xbb\xf33\xf5\
\xfa&\xf9z\xc4\x1a]\xde\xc3\xd0a\x1a\x81\xfd\x1a\x8f\
\xdf3u\xfc(\x9b\xd4g\xf5\xb2\xa8\xf0\xb9r>\xb5\
6d\xa3\xa3Cnw7\x19\xfb}n\xcfc\xbc\x82\
zw!\x0d)|\xdf\x9cR\x15\x8c\xad\xd4\xb0W\xf0\
Q.\x09\x1a]\xd6\xcd\xcf\xcf\x83K\xba\xd8\xec;\xdb\
\x0b\xdd<\x15\x15\x99%\xc5\xdff\x83\xc9\xff\x00M.\
\xec\xb3\x93\xe9\x0d\x08\xf9>\xd0\xd5\xe1\xac\xed\xc9U\x7f\
&\x5c\xf4\xe3\xd8\x8e\xbd\x85\x0f\x9c7\xf4n:\x11 \
\xc8\xca\xddM.\xe8\xdce\x86FSmx\x09b\xca\
\xa6\xb7dI\xef\xd6c\x8ai\xfb\xcc\x85)\xe7\xe4\x86\
\xda\xf8\x1ad\xa5\x1ax#\x9e|\xdc\x82\x8a\xfe\x09I\
f\xa1\x89*\xed\x7f\x83q\x99\xbdQ(\xab\xb9\x19}\
\xea\xc7\xc9\xf6\xc6x\xfc\xc19\xba\x7fF\xf9S\xe7\x0e\
\x80\x8f\xfa\xf2\xb0\xcf\xb3\xb1\xad\xdd\x9b\x92v^\x17\xc0\
\xaboQ\x1dk\xa1]\xca\xfdI/\x17s}\xa2a\
\x9c_H\x19s\xca\x1f\xd7\x1eNa#i\xdf\xc8\x94\
\xeb_\x92J;\xf9\xc2J\xaf\xf4\x93m\xfe\xb0N\xe5\
\xb4D\xb8\xf0\xbc\xc9\x0efb\xdfFd;\xc1\xf4\x10\
\x94Yw\xb5\x06U\xcf\xf5;\x19\x8a\x9c%\x9dF6\
\x9b\xc0\x9b\x1a\xefS73{\xab3t\x13\xba\xa4\xcc\
\xbfn&C\xbc\xd4?\xc4\xa21\xc3\xd3\xa4\xc9c,\
\xdf\xcd\x89(\xef\xe4\xea\x0f\x993rh\xa5\xe2*\x7f\
C\xf2}\x12~\x99\xf4\x14\xf8%\x96\xed0-\x1ek\
\xf5(|\xe5\xd0g=\xb8\x99\x8el\xbb\x8e\x07\xdf\xf4\
\xc8f\x9e\xa8\x96X\xd6\x9d\xa0\xa6\x8a_$\xb8\xbb\x8b\
{\xfe\x99\x8b\xf9\xccG\x1c\x9fDB\xe0\x91\xa1\x13\x9c\
\xcd\xaas\xef\xf2A\xaf\xf5r\x89\xbd\x08(\xea\x99_\
\xd3\xf3\xe4\xcc\xce\xfd\x0e\xe3\xd7\x9b#O\xc8\x87\x82\x98\
\xe9z\x92U\xc5\xb5\xe3\x01\xa5\xdd\x9fd\xb1jy|\
\x96?>O\xe0\xd5\x09#\xe1\xdf\x8e\x11\xcb\x1enu\
\x12G(J\x90\xf9\x96\x0f\xb3\xf43\x80\x1f\x13\xb2\xc2\
\x86|\xb8\xd0\xe05\x97\xfc\x14W\xc3\x9f0\xce\xa4\x1f\
\xea9\x9e\xd3\x91\xcc.\xe3f\xbf\x03\xa9=\x07\xe4\xe8\
x\x1f\x9a\x8f\xde\xf9P\xacR\xa9x\xa9)x\xef\xd0\
\x92\x8b\x9d\xcf\xdbV\xfdI\xf9\xee\xb278\xea\xca\x8a\
z\xfc\xb2\xe6\xf92\x03\xa9\xf3\x1fK\x8d\xf2\xd8\xee\xd2\
\x93\x9c\xc9{\xa7\x82Kn\xd0p\xc2r\xdd\x97Y\xcc\
\xcc\x99\xcb\x81\x14oQO\x9f\xb4\x5c\xbbG\x98\xef&\
\xef\x99\x7f|\xb0\x91\xa9\xc3\xd3\xacA#\xfa\xd9\xbb\xbe\
\xa6\xb3K\xc5\x88\xd1\xf2t'^Bo\xa1\x0b\x93\xbc\
\xd8\xa9\x5c\xbcc{\xa7\x92\xd7_;]\x00\xf1\xcdO\
\x91\xafm\xbd\xd4\xa0\xcep{\xff\x00\xef\xde\x10\x85Q\
\xd7\xe8\x80\xe7\x83|.\x93\xf0\xc5\xa1\x1a\x9d\x00\xde\x9b\
\xd7w\x9e\xc6\xe5\xf8.7\xba\xda\xbd\xd3\xc9\xd8w\xbe\
\x13\xd3\xb9Wy\xe9\x1bW\xbay?\xa7\xcd,D\xe9\
\x89G\xa1\xae\xed\xc3\x02\xde\xbfB\xb7!fz`\x97\
\xbc\xe1g2\xf0\x8b\x827\xe2O\xf9\xaf\xd8\xce9\xe4\
Fc\xd6\x12t\xe0X\xf9\xfd\x13\x8e\xdf\xe8Ky\x15\
H\xc27\xa8\xd0ni\xd8\xcb\x9dy;\x0e\x16\xe2W\
\x11\xd7\xf6u\x1cID~\x85\xd1o#\xce\xcf\x1c\x9a\
\x8e\xa7\xe3\xb1\xcc\xe7\xfc\xfa8\x9f\x18\xfa7\xa8W\xe1\
\xed\xd4\x8e\x8e\x8a+\xa8\x9b\xbc\x8ef\xeeD\xae\x9b-\
\xeb\xf4%\x8f:\x8a\x8e\xdf\x9c\xa4q\xb8\x9b\xcf\x8a,\
\xcf\xbf\x5c:\x03+o^=\xcek\xf7\xc4V\x7fr\
\x89\xed\xf3\xa9S\xa9\xfcT\x94=>/\x84W\x1e\xc4\
\xd9\xf6D\x8c(\xb9\xdc\xdce\x80\x96<\xea!\xa4\xfe\
\xb0\x07\x84\xf0\xf1K+\x84\xf9\xcd\xcc\xe0L\xb1\xbf\xfd\
\x16\x8f\x98\xdfi\xc6dv\x7f\xc8\xce\xc3\xfd>\x87F\
)V'Y\x92V\xea\x1f$\xbf\xa7\xde\x0b\xe8\xe0n\
W\xbd*P\xed\xf9\x1b5\xb8\x0c\xd0\xfd\xf2>\xc7K\
\x9dKL\xf8\x8auS\xbc\xe4(j:~\x89\x96\xfb\
\x12u\xbf\x82V\x9c\xd7\xe8\x81Apgy\xd6\xf8f\
ex\xd6\xc6\xbb:\xdat2\xb8\xed\x97#\xfd\xff\x00\
\xdc\x13\xccG\xeb\xe4R\x0a&\x9e\x0e\xa3{\xb4}'\
\x1c\x1b\xfccA\xa7\x9b\xab\xe5\x90\xc9U\xd5\xb2\xed\x1b\
\xe4\x9d\xcb\xf8Q7\xa1\xd8\xf0\xc9\xe9\xdc\xbd\xd3\xc1\xa8\
\xf3$\xdd\xf4\x15m\xeb\x91{\xa7\x9c$\xa2\xb7\x93\xe5\
(-\xeb\xf4$_\xaa\x22\x10y\xe4M(e4\xa7\
~\xa4\x97Y\xd0n\xda:\x13\xc9\x9a\x9f\x99\xf4\xa2\x83\
\xb7>o\xbdN1{|\x88\xcb<\xdd<\x1b\xbeo\
\xf6Y\xf3\xde(n+s%\x07\x91\x95\xa7[\x88\x5c\
\x9d\xe6\xf8-]<\x99\x1f\x8f$?k\x1f\xfc\xdf\xb6\
\x0aW\x1eb\xb7xT\xb0\x92\xe3\x9fvnO\x05G\
)`E}\x95\x1b\xe9\xc4\xb1\xd4iwfc\xdfD\
\x7f\xab\xe8[\xdc\x86\xe0\x88\x5cX\xa7\xcf\xda.^\xe9\
\xe0g6\xa71\xfa7\x9c\xcc\x9e\xdc\xf6\x1d\xcc\xf2(\
2\x8cg\xef\xc2N\xe6\xff\x00b\x9c\x0b\xeb\x9e\x91\x02\
\x1f7h\xb1#.o\xfaAE\xd5\xe1 \xa2\xea\xcb\
z\xfd\x1a\xaf\xae\x91\xb3\xba\xa1k\xaf\x81\xb8?J\x18\
\xdd\xba\xec\xf9\xb1_=\xbfpC\xfc2\x850\x9d=\
[]|\xe1\xf4ebD\xe3'\x15\xe1\xf3Q\xd9\xf2\
~\x04\x83\x9d\xd0\xb8\xbe?e\xbc\xa3\xe6\xbe\xb9\x90\xbf\
\xc8\xa8\x9eu\x83\xefS\x01\xf2\xbf\xc7\xb4\xc5\xc4\xec\xf0\
:\xbe\x82\xae\xf3\xd2vot\xf2sv4\xd6\xf8\x1b\
\x1b\xeb\xb7>\x8cu\xec[\xd7\xe8\x9e\x15\xbfSu\x1d\
\xc5e\xc9x\xc3\xb9_&\x8f\xcb\xce\x1b\x8c\xce\xae\xe4\
\x189\xbb\x0e4;:S\xa9v\xba4\x95\xa9t\xff\
\x00Q\x8b\xa5i\xfd\x1d\xc7\xc4\x19\x19[\xa9~__\
\xb3\x82\xbf\x90IU\x7f%~z\x8ds\xca\x98u\x1b\
\x1b\xdd\x04\xb9\x15|\xe2\xf8;\x19\xe4}jc%U\
\x1a\xc2\x17\xf9\x15\x99,\xeb\xf5\x81\xee3\x1b\xe1O\x8c\
;\xb8,\x87\xf8\x5cxa%U\xfc\x8f\xeah7\x03\
*\xbf\x08\x90\xb7\x93??\xa3Y\x7f\x93[\xb2:_\
\xac\x8c\xf9_\x8d\x88*\xef\xe3gq\x99\xba\xfe\x0cV\
tr\x1a\x83\x9eY\xd9\x0aH\xf8\xbag\x99\xb9\xe3f\
yF\xe9gC\xf1\xdc\xff\x00'\xb6\x85\x8f\xf7y\x0a\
\x9b\xfa\x8eu\x13\x15\x926]P\xaa=\xe4\xfb\x10\x92\
\xe0\x91)Q;\xd5/\xa1\xc0\x02W\x0f\x9f[\x88\xbc\
M\xff\x00\xc3v_\xa1;\xe4\xa2\xe1\x93#+\xce\x97\
:\xaf\xbef\xa1%\xa7\x8a\x9a\xdd\x99\xa2\xf9(\x1fC\
p7#t|;\xf0\x1fP\xa7\x1e\xa3\x11D\x7f\x0e\
3\xaf\xd1\x08\xdf\xa9-\x94\xd6NN\xe7\xfa\x82jy\
>Y\xf5<\x06}aj\xf5\xccr\x1f\x98xp\x11\
9\xde\xd5?\xaf[\x1b\xaf'\xcb\x9f\xf60\x88\xe7\x9f\
7\x1f\xd3\x8ae\xa0\xfc\xde7\x93\xa1\xd6uc\xc3\x14\
\x10\xb2\x9eb|+\xf0d\xeaAW\x7f\x06\xb7dG\
^\xc6\xe5|\x0a\xdc\xc8\xbf\xa7\xd8\xd5\x15\x88 \xe4\xaa\
\xf9\xe4d\xbb\xf22\x1d\xe0\x90\xfe\x0b\xff\x00\x07\xbdo\
%\xae\xbeGe9n\xcb\xbegEi3]?\xd4\
/DH\xc9\xcb\x8fh\xb8\x85\x8f>e\x13\x8ag1\
\xbdD\xf1\x1f\xf0uI\xef\x10\xc6@\xb7\xe4M\xb9\xbe\
dV\xbfMd\xa8\xba\x7f\xbf\xd3\xa8gtw\x1f\x07\
dY\xc9\xf4[\xd7\xe8\xb1t_+\xf3\x17\xe1n\xa3\
\xe9\xf2\xe8?\xa1\x1b\xce\xf1\x8d\xee\x9e1\x05T\xa7\xd6\
\x06\xac\xf8\xd0\xe4:Q\x95\xbc\x1c\x9d\xcf\xd5\xb0\xce\x8e\
\xf2=\xf4\xa6K\x81\x98n\xf1\xa9\xc4:\xea\x8f\xb2\xbf\
\x8fg2\xb7\xbb\x13\xd1h\xa9=;\xe0\xb0%\xc5P\
\x92\x89\xf3\x97c\xcfa\xddc\xe1\x1f\xb2\xde\xc4z7\
\xbay\xc5(\xacA\x98k\x95|\x88\xe9\xbe\xb84\xb1\
\xe7\x5c`\xe5\xef\x87'rK\x8e\xc6Fw\x9dn:\
\x18\x8d>:o;M\xc2\xf7\xa5O\x927\xbc\x8d.\
\xef\xd0\xd1\xd9\xf9\xcc\xbd\xd3\xc9w7\xdf\xa3\xb9o\xd1\
o_\xa1%\xbf\xcc\xe8f\xfem\x8ek\xa7\xfa\x87c\
<\x86\x8eKu.C\xfe4$\xd3v\xe0Ov\x95\
.R\xde\xe6\x8cF\xb3r\xb4\xb2\xe9\xc6\x08\x93t\x96\
\xa3RU\x05\x19\x0e\xf0j\xd6\xfdO\x92\xf0\x7fV\x87\
A\xfc\x9a\xcd\xf6\x9eD\x0b\x8f\xa1\x99s\xf4\xc5\x88w\
\xda\xde\xa9QI\x93r\x9a\x12\xbe\x12|\x87\xeaz\xf5\
\x92\xf7\xd0P[\xba\x1aOv\xce\xa6\xb5\xe6u\x11\xbe\
\x14\xf8\xc3q\x91\xb8\xcf\x19\xd3\xf1\xb1\xdcv\xb9+\x98\
\xb9\x99R\xc8\x18\xe5_S9\xeb\x19H\xf5]\xc4w\
u 3\xbd\xb0\x8d'\xa7\x81A'\x83k\xc1z\xeb\
\xe0\xb9\xf1\xf9\x1eC\xd2V\xbe^ w]?\xd4Q\
E\xd3\xa1\x7fF\xf4\xf0s\x11\x1d&\xf6<}\x0d\x05\
{\x93\x1f\xef%\xddrJ;\xf94\x1e\x84\x92\xf1\x9c\
\xc5\xbe\x8c\xdf\xeefLe\xc4IDe\xd0\x93\x8b\xef\
\xd0\xf9>\x17\x19\xd9\xc8\xb2\x1du\x5c8\x99\x0f\x9f\xd4\
\x96q\xcf7c\xe1\x7f\xb1m\x9f=\xd1\x00e\xc3\xad\
\x99\x99\xde4\xb1'B\xdf!\xb3~{\x96\xbe\x9eJ\
\x0d\xec\x88*\xef\xe0h\xdd\xcc\xe5\xfc\xe0\xd3\xcd~\x98\
..\x8d\x17\x5c\xff\x00\xf0\xa9I\xcbv]\xf3>)\
\xdfQU\xef\x5c\x0b\xff\x00_\xc2\x8dqLh\xe4\xb7\
Q\xc1\x96c\xc5\x8c\xcd\xfeO\xe2\xfd\x08|\xdb\xa3\xa1\
$\x94th\xdc\xbc\x0e\x87\xe7\xb0\xee\x9c\xf8i\xb18\
\x0d\xf9`l~|\xe1\xd0O%w\xd4\xe2\xbe=d\
\xdc\xfc\xea\x87\xbdo'\xd4\xd4U\x95_\x13L\xe9\x96\
wr;I\xbfB\xe3\xe7\xe5\x22GA\xd0\xdd\xbfc\
\xc7$\xc7Q\xc6\x1b\xf2 u\xcf\xc8\x8c\xdf\xa1\xd5\x8f\
\xd9{\xa7\x92\xf7O$\x02\xfe\x9fg\x11\xf0\xf0AE\
V\xc6\xe0\xb9\xf3~E\xfa>+s2c.'\xca\
\xff\x00\x10\xdf\x0a|\x14N\x09\x1aS\xf5\x99\xbb\xcb>\
/,9{\x9a\x92\xd3\x05\xd3*\xf9L\x0f\x15e\xdb\
2`u\xbb3\xf6\xbaI2M\x7f\x1e\xaed\xff\x00\
\xb6\x18e':WB\x03\xe6\xd7R\x1f\x8d?\x89\x04\
\xe5I\xeaZ\xccD\xa9\x1dK\x17\x1b\xaa`\xa8\xa4A\
\xc5\xb3\xa1\xbd\xfe\x0d\xfeG6\xedP\x9a{H\xd5]\
<\x8eH\xcf#w\xbd\xfb\x8f\xe4\xc3p\xb0\xad\xd3\x82\
\x89\xa7\x8d\xb6\xbcS\xa1-\xddTH\xb4u\xf3\xb7D\
\xde\xa5_+\x08zP\xe9\xfa\xf4c\xafl%\xd2=\
\xf3q\xba\x22\x0c\x87x\xc2$\x1b\x8c\x8a\x0b|\xe4M\
\xe0\xc6\x7f'\xf0Q\x98\xe2*R\xb3q\xd8\xb5\xc8K\
JO1\x1b\xf3\xe0\xfb\x90Qux9Y:\xfd\x1e\
Mu\xb1\x99\x1e\x05\xa3\x7f\xe8\xa0\xa4@\x99\xaf\xc4m\
yt\x1a\x9c]h\xcdS\xc9\xf2\xbd4\x8cy\xad\xa7\
]\x8a-\xef\x9f\xaa1\xa2\xed\xc3)\x16\x84jn\xbf\
\xa5\xee\x9e\x06\xfe\x97\xc0\xb0\xfa}\x90\xd1_\xc61\xd7\
\xb1\x12IU\x7f$\xf4\xef\x8c\xe9\xf8\xd8\xafR\xe6g\
\x81\xbeR\xa4\x82\xcb\xa6\x95*y_\xbc\x0e\xa4S\xda\
M\xcf\x8a%\xfb\x91U\xdf\xc1\x17%E\xcf3\x88\xb7\
\xfa\xcc\x85\xbb\xa0\xa8\xe1u\xf8\xab\xc0l]\x17\xca\xfc\
\xce\xc3\xbc#\xa0>\xcbC\xb1\xa8A\xc5\xb7\xd4{\xfd\
J\xa6_O*\x0c\x9e_\x03]\x1d\xfc\x90\xe8\xc1\xb8\
\xfb%\xcc!\xafc[\xb2*8\x86\xb1\xf0n\x8f\x8c\
?\xc5r\xf7O8G5-\xfd\x11q\xf8\x89<\xd7\
\xe9\x86\xe9\xeat\xb9\xf3\xeb\x82\xc4\xb4A\xd4\xe4\xb9\x9b\
\xadE\xa1\x1a\x91\xc6\xb7\xe8X\xfc\xf94\x9f\x87\xf2:\
\x0ct\xf9G\xef\x1f\xd6+\x8a\xfd\x1f\xe2,z|\x1f\
%\xbf\xa4\x1a\xf9O\xc9\xba\xe3\xc8fZ\x9b\xf0e\xae\
\xbe0\xe8Otn8\xd8\xaaO\x8b\x5cz\x1a+|\
\x1b\x8e\x0f\x07\xe3#\xc1~I\x19r_\xc2A\xfc\x86\
\xba\xb7\x09\x16t\xfc#s\xdcO\xe9Q\x97\xfd\x08\xd7\
G\x9a\x8d\x1e\x97\xd2\xc6\xe6\xe6\xe7M\x0e\x22\xff\x00\xea\
\x16\x8ebC\x8e\xa3\x83}z\xd2\x85\x05b\x07U\xcd\
\xfc\xdc\xcb\xcb\xf6+\x88\xe8e~\xb5(9\xec2\xdd\
\xe2\xe4\x97\xf4\xfb\xc2NN\x8f\x9eC\xa9\xe5\x1e\x0b]\
|\x92U_\xc9\x99\x98\xcb\xb5.\x5c\xb7?s\xa9\x05\
][;\x8c\xfa\xd4\xc0\xe6\xecv\x1d\xee#\x83\xa7\xec\
\x86gg~\x87\x15R\xfe\x9ffDF|F\xa9|\
\xff\x00D|\x1d\xec5i\xcb\xfa\x7f*\xf3B\x19\x0f\
\x0a%\xc1/B\x9cKfJ7\xa1\x04\xd6\xfa`\xdc\
C$1\x5c\x98b\xfe\xdd\x0b\x88\xb2\xabw\xf4A\xcf\
\xcci\xdd\xc8\xfb\x0c\xc8\x89\xcf\x86-\xc6\xce\xb7e\x83\
\xf4Da\xc15\xe2!rw\x9b\x1a\x089\xbbm\xa1\
\xb2_\x8d\xfc\x09\xaa\xba\xf8\x11\xad\xd9\xedPV#\x01\
e\x02r\xf8\xff\x00?^\x8c\x95W\xf2IG\x7f$\
\xb5W*V]~\x89*\xaf\xe4\xe8f\xdelIU\
F\x8f\x82RY\xdfF*\x99:jAWV\xf0\x16\
\xac\x99\x9c\xedk\x8e\xaa\xf7\xd3\xc1\x95\xfdy\x1a\xe54\
*G\xfa[\xd7\xe8\xd4OX\xa8\x98\xe8\xd3\x8ex3\
\xe9\xea,\xe0\xff\x00\x0d\xf0NF\xd2\x5c\x12>\x03\xc1\
\xbe\xd8\x8b\xdd<\x8f\xc9\xd0\xd4~\xb9b\xa3\xb7|\xd1\
.#<t\x8c\xbeN\xa5\xbeb\xb1\x9ex1rw\
\x9b\x99\x99\xda5\xb6\x122\xe6\xbf\x86\xb7g\xe9T\x17\
\xf7\xfd\xa3ry*\xda\xf8\x1f\x15\xde\x94\x14\xa5\xbd>\
\x84\xf0\x5c\x9c\xb8jU\xb5\xf0G^\xdb\x16\x1a\xae\x9e\
\x087\xf2\xc1\xd5\xcc\xber\xca\x1b7M\x0f\xf1\xf7<\
\x8f\x0f\x0d\xc3Q\xc939p,|\xc6\xdd\xd4\xb1\xbe\
F\x8f\xfc(\xb3\xe7\x93?e\x8e\xa6\xeb\x9b3\xe5~\
\x0bK\xc9\x15\xb3\xd3Y_\xa3\x9cq\xd2o\x88CN\
\x0ey\xe4B\xff\x00~$/\xdf\xbd\x88Z\xe7\xa5\x89\
Y_X\x8b\x87\xf7\xba\x1a\xf5\xbef\xe7\xc0|\xcf\xd2\
%\x1b\xf7\xb5\x8f\xef\xe4w3\xc8\x97e\x8f\xa3\x7f\xb2\
\xbd;\x7f\x0a'\xa9\xc17\xb9\xf2c\xfd\xf1\xf6t#\
\x9d\xd7\x15\xb9\xf64n\xe8Q.\x09\x17[\xa5p?\
\x95\xf5\x92\x1e=K\xba}\x99\x0b}X\xbb\xf5\x99\x1f\
=\xab\xc2\xfa\x8d4\x9d\xb8\xe1\xa8U*\xfdu\x82\xc9\
l\xbf\xd2'\xef\x9fA\xdd\xce\xddM\xdf\x16\xfa>W\
\xf8\x87\xd9\xa55!_\x9f\xfd\x18\xae#q\xd7\xc25\
zq\xd4\xfd\xdf\x22\xc7\x1dq\x1b\xbf\x842e\x13\xfd\
\xc1[\x9ff\xf6\x93\xce\xc6\xe5\x99N\xa3\x9b\x919\x14\
f\xbe\xe8(\x1a\x15=\xa9\xf9#\x88\xfb!\xb2\xf1\xf9\
\xb1\xae/\xb8\xedA\xe5{\xf32/.\xe7}\xf8)\
5\xdd\x97Z\xdf\xb4p7gB\x0eJ\xaf\x9eG\x00\
\xf7\xacbTl\xbe\x7f\x06n\xfa\x1cW?\x0f\x83\xab\
Z\x0c\xe8\xab\x9e\x94\x1b\xea\xe3\xd4\xcf\xe1\xb6\x90j\xbe\
\xba\xc6\x0a\xe6Y\x99\x19^t\xb9\xbe\xed\xdc\x9e\x9d\xf0\
\xf8/%EfII\xa7\x92\xaa\x91\x1a\x9c\xe8\xfaF\
\xf7C\xfd+q\x1e\xc7\xc8\xcc\xd7\x90\xdb\xbf\xcc\x8eN\
\xfe\xb6\x97vfGT\xe9\x81\xf2m\xcd\x9dJ\x83y\
\x17=p\xff\x00\x08\xe1\x84\xbc;\x1eX\xfe\x8f\xd9G\
\xf9&\x06\xb4\xbe\x0c\xaf\xee\xc2\xbe#\x93\xbe\xcb\x16\x11\
s-\xeb\xf5\xb7\xad\xd9\x92\xa2)\x16\xd3\x89\xa7\xfb\x82\
e{\xd6\xa4\x94V\xf3\xe8n3<\x0f%:$#\
{\xfd\x0d^\x1a\xce\x1cJ^\xfa\x17U\xe7\xfa*\xdb\
\xd4\xdcf_\xd3\xec\xe4\x9eyjF\xe7\xfd>K\x7f\
D\xc9~\x22g\xbb\xe0\xad\x877\xc7A\xbe\xce2\xa0\
\xc8(\x977#\x1d\x97\xd6\xd1b\x08\xf5\x7f_R\xa5\
k\xc2\xc5\xe9\xef\x8cj7\x19\x1f\xc3\x93'Qd\x7f\
\xbd\x0a\x83S/\x8bXo\xea\xb0\xbb\x9dx8\x1a[\
\xa5\x91+\xa4u\xecs?\xb2\xa1%\x97\xde\x06\x9bJ\
\xdcM\xd3be//\xb1\xc0\xbf\xc3\xae\xdf\xdf\x93K\
\xbb:\xabO\xd4`\xc7\xcd\xda-\xb1\xad\xd9\xecV\x14\
\x1c\xdf\x8e'\xf08\xde\xe4\x8d\xbb\xa9H?\x06\xf8\xf5\
\x12\xeb\xdb\x0d\xc6[h\xb1\x9dj\x9e:\x08%\xae\xc5\
\xea\xc4\xcf\xa3\xc3\x22\xcc\xaf\xd0\xe2x\x8fq\xe2N\xb8\
g\xceL\x95\xd8\x5c\xc8\xb6W\xe4[\xbd\xd8c\xab\xab\
L\x05\x87\x9e\xf4:\x9dw\xd0nT\x8c\xf8\xf3\xa9/\
\x06\x5c\xe4\xfa~\x8d\xfe\xe6\xf2\xcf\xe1\xed\x11Cn\xe3\
R)\xaf>\xa5K]|\x1b\x9d\x1fr\xc5\xf2\xb5\xce\
\x02c;^\xa4>\x00\x9f\xd3\x13\xd8\xa1\x5c\xfc\x9c\xdd\
\x8c\xcb\xc7\xfc<\x0f\xf0\xee2\xd7_\x06\xb7fp:\
\xfc\x5c\x80\xefZ1\xf2\x9f\xc9\xbd\x9f\xa1,YTp\
+F\x87\x02\x8d\xc6\xcf\x84u\x13*\x9b\xb1\x90\x9f#\
.\x947+\xf4T|\xfe\xb0\xa1\xbf\xa0\xc3{\xa7\x81\
\xad\xedM\xde\xdb\xd4v\xf2\xfd\xe0\x13\xedz\x1b\x9d\x0b\
\xdf\xa1@\xad?t3\xab\xd0V^\x8c\xabgSS\
\xb3(\xb9\xdc\xbf\xbegA\x80E\x92M\xd3\x19q3\
\x1e\xfa\x22\x1bx\x1b\x8e\xfdHO}\x11RJ\x1a\xaa\
\xfa\xf5\x12\x8d\xf8\xd5\x8fv\xdee\x06\xfa\x9f\xa0\x7f\x0c\
\xfd\x89\xf3\xd3\xe2G\xcc\xcbRw\xcf>_\xe9%\x95\
\xfb8\xd7\x88\x9c\x98\xad\xbe\xca\xb5}/\xdc\x83\xdf\xf8\
\x1e\xddHdR\xcf\x81\x0b\xe6\x9f\xd1\x1f/\x17\xccw\
2\xc8i\xd5?\xbc\x07\xe5&\xf5\xc7\x0ec\xec\x8c\x9d\
E\x17y\xc37M\xba\xbb\xcfY:\x8cot\xf2N\
\xa4\x16\xbd?eEf}\x858\x9d{\x08mp>\
\x1b\x16\xeffD\x97\xc7>\xc2\x09}wd\x14W\xf0\
P\x91\xab\xbb\xfe\x88\xeb\xd8\xaf\xab\xe8\x82\xd9y$\xf8\
\x1fi\xc6\x8e\xff\x00]#\x01\xd0O%w\xd7i\x95\
\x9ek\xb5\x86\xe68\x0b\xfa}\x95\x15\x99\xda\xa2oR\
\xe4\xe7\xc3Bu}\x8a\xf1\xf4m\xeb\xf4-\xef\xfa]\
\xf2\x92r,n\xb9:~0\xa4v\xfd\x90U\xdf\xc1\
#\xebC!\x7f\x19\x8d{\xc1\x99\x9d\xa3[ab\xe8\
\xbeW\xe7\x84\xb9\xbe\x05GEm:\x5cbM?/\
\xc1\xf6jO\x15m\xfd9{\x9b\xa9\xfc\x14i\xcf\xd0\
\xe0F\x8d_\x91\xa1|\x8ec\xad\x7fe\x14s\x8d\xd6\
\xef\x92w\xfc\x17S \x5c}\x08U\xa4\xc7X\x13[\
\x85\xea/\x93\xdf,7+\xc1;\x9d\xe7\x12\xdc\xf9[\
\x0f\x91\xd4\xa2\x5c\x127\x1b\xac-\xeb\xf4G\xf9\xad|\
7\xd5\xfba\x94|m\xa6\xcd7\x94D\xbf/\xb8\xee\
.Y\x9dE<?\x08\x9d?\x06\xe32:\xf6>\x0f\
\x95\x84\x95N]6#\x22Es\xcb8n\xacw\xd5\
\xa7\xcaqz\xc8\xb7\xbd\xe0Q^(\x8c\xee\xb6\x1e\xa5\
r\x8d\xfe\x07\xcb\xaagV<3\xb8dt\x18\xfd\x90\
\xfdE\xdcr\x93\xf6VF\xefkv;\x8e\xd6\x1a\xed\
\xdcnU\xf1\xdc\xa6q\xc2\xe1\xd5\x1e\x0d?\xb8\x17\xec\
Y\xa5\xdd\x15\x0e\x1f\xaa\x19EU\x7f\x05Bzin\
\x06\xe7\xcd\xd8\xd4u\xa7\x86n27\xca\x9f'y\x04\
\x1c\xbe3r\xf1/t\xf07\xf4\xd7c\x82\xeeH\x22\
:\xf6\x1d\xfa\xc3j\xee_d\x9c\x1f\x9b\x8d\xb9\xeb\x11\
\xf0w\xb0\xd6\xf6\x83\xb9\x9d\xe3Ad\xadT\xb7\x02\xae\
\xf3\xd6\x0b\xdd<\x1fo>UBK~\x5c\x06U\x1b\
\xd8\xfa\x95\x12\xfb\xb2\x1am\xd9kS\xf9cW\x96\xb2\
U\xfa\xfe\x19\x9a,\xbf\xc6o\x5c\x05\xc0@\xda\xcf\x9f\
\x07Z\x8d\x95\xdcj\xa7.\x1a\x8fz\xfe\x9a\xdd\x91\x0a\
rX\xd0GFntX/[4\xe5\xd0\xdc\xd6;\
\x11\xea@w}P\xa0\xf2\xcf\xf8|C\xafFu<\
\xbb1\xbb\x9eO\xe9\xeb\x82t\xd3(2g\xf3$O\
\xbc2\xbd\xe8\x92f\xf9\xbe\x85\x0c\xf9q\xa0\xa5W%\
\x81e;n\x90\x8d\xd3\x19~\xa8vco\x81\x9fE\
\xb2\xb8\x894\xe7\xfb(D\xff\x00bDkR\xac\xdf\
\x8eZP\x99s\xa7\xd9;\x97\xf3\x05Z\xb3u\xf2Y\
oC\xb8[\xcf\x91#9\xd4\xb0\xe9\xfa\xd8\xd6\xec\xcc\
\xc9\xf9\x12\xfc\xb4\x83)|5\xdc\xcc\x9f\x83\xa19;\
\x8cJ~(kvg5\xe4\xea35\xbb2\x8a\xbf\
\x9b{;\xdd<\x8bRu%\x1b\xd0\xe2N\xfe\xaaB\
>\xac\x8f\xa6C\xe7\xa7\xc9|\x1dm\xf5!\x8d\xc8\xbf\
\x5c\x84\xa4\xd6\xec\xcf\xbd]\xb1AI\x91:8\xcc\x19\
\xef|\xbf\x85\xae\xbev\xb5\xbb3[\xb3\xc2\x82\x938\
O\xf0\xf3\xe3\xb7o_\xac32\xbfS3;u&\
2\xee$\xf8\x0c\xe6Y=;\x99\x19\xdf\xa9\x02\xe3\xe8\
p\x1b\xear-\xf8\x9cU\xc7~\xe5C\x87\x8e\x10T\
\x1fW\xc0\x9c\x8d\xf3H\xdc\x83b\x8f\x95\xe3\xe6\xa3\x9f\
\xf1\xfd%\xc6z\x09\xcd\x8a\xf1\xb8\xca\x11jo\x96\x9c\
G`\xa5,\xf8\xcdl>\xeeu\xfe\x0aB\xbd7\xfe\
\x1f\x09\xf5z\x8d\xfeO \x87\xea}\x07=hi\xf8\
\xc0[\x8c\xf0\x0f\xa8\xff\x00\xb8r\x1d\xde\xc4\x07\xd4\xb4\
N\x08\x0f\x99\xe0\xdd\x0fdiwE\x12\xe0\x96\x1c\x19\
%U\x1a\xd8w3\xcb\x1a%\xc1\x22\xa2\x93\x22\xea(\
t$f\xfa^E\x9a<\xbaa:~0\xdce\x84\
u\xecfe~\xb8\xdb\xd7\xe8`\xceW\xd7;\xa2\x22\
7q\x9cB\xa1~\xc8f\xc9\xea\x84\xbd\xe4\xec;\xc2\
,\xe9\xe0SA/\x92\xc3\xca#w\xca\xa6\xe5\xfa!\
o\xc8\x8f\xf4\xfd\x90t\x9d\xb8\x8dz\xbe.\xdf\x043\
2\xfb!\xc5\xdf\x01\xfb\x8f\x82\xac\xbf\xbe\x83\x96M\xf3\
\xe3\xa0\x93\x8au;\xbd8\x14\x1fY>E\x90'\x03\
\xa9s\xde\xf57\x18\xee\xc9(\xef\xe4m\xb9\xdf\xbc&\
w\xee\xcdO\x04\x9f\x09\xbd\x8b\x0e\xd4IWD\x87\xa9\
:a<\xbc\xdc\x97\x17\xe7\xbb>f\x15\x8d\xb7\xe0U\
W\xf3s\x99\xf9\x918\xbe\xefY9l^\x15\xe5\x1b\
\xbf\x06\xa2\x9d\x89(\xef\xe4h9\xdd\x08Z\xff\x00\x86\
\xe7\x86w>\x0bs\xe4\xb6;S\xdb72\xa5\xd4h\
\xdd\x95J\x8aL\x9f\xe9?\xa3(Ao_\xa1\x9d\xfd\
\xce)\xd1\x0dS|H\x9c\xce\x11ht\xa7\x13r\xfc\
\x9eY\xff\x00l7T\xc1c\xd3\xeb\xf4g\xf9u\x1f\
\x03\xfc\x9e\x02>\x91,\x9b\x8c\xd3\x9d\xcb\x17?\xa3r\
\xfeL\x85\xd5\x88\xe7\xe7\x14?\xd7\xca\x88\xd7\xf3\xdd\x8d\
\xc7vc\xccW\xff\x00\x10\xa7r\x0a\x87>G\xe3\xe4\
\xa8\xac\xc9AX\x816\x7f\xb9\x89\x1c\x97\xeaX\xfcy\
.5\xd5\x1f\xc1\x89\xecv\x1d\xee^\xe9\xe4\xb7\xaf\xd6\
\x10$\xd4\x99\xea\xa0\xcc\xcf\x8e\x9cv\xe5\x0b\x9f\xd0\xee\
\xae\xeb\xe26\x11\xfe#\xb9S\xea\x1f\x8ff\xf5'C\
z\x82N)\xd4\xf0\x0ed\xaf\xf4\x16G\xf3\xdf\x90\xbe\
\x187\x0dq\x94J9\xbdK\x16zS\xba\x17\x89\xc6\
\x14K\x82G\xc5o\xe9{\xa7\x8fA\xaeYP\xb3\xab\
\xf09Q[\xc9k\xaf\x9d\xad.\xec\xd2\xee\xcd\xda\x0a\
O>N\x04\xeb\x90\xb7\xbf\xef\xa2\xd7,\xe8t\x02\x15\
#\xf4F\xeef\xfb\x96<\x9d\xf0\x8d?%\xee\x9e\x0c\
\xcc\xed\x1a\xd8q\xbac\xee\x87\xc2:\xdc\x99\xdd\x5cQ\
\xfc>\xa49\xa9\xbeC\xb1\x9d\xe7[\x8e\xe3\x8d~\x84\
\xe4\x88\xb1\x98T]$r\xa2T\xe6+\xbc\x1av\x12\
\xd6w\xca8PO-\xc4P\xba\x95d\x00\x8eOQ\
\x91\xf9\xaf\xe6=LA\x12\x0c\x81\xfc1\xcc:\xf0\xda\
\xa17\xdc\xa1\x1b\x87\xbaK\x15\xb9l3E\xbe\x0a\xdf\
\x02]u\xa2Gp\xff\x00{#\xebTt\xa3%O\
\x05\xcb\xa2\xd9_\x90\x9d\x118\xc9G\x7f#KLu\
}\x84s\xce\xfeI\xfe\x92:\xf6\xdaIDe\xd3\x08\
\xeb\xd8\xa9Pz@Q\x11Y\x93]Hi'+\xe6\
5\xcb*\x19\x04ud\xfe?\xe5\xea%\x8f:\x88\xe8\
\xad\xfb\x13\xdc\xadC\xe8#\xb9\xff\x00\x84\x0d\xe9\xf1c\
\xa0>\x17\xf8\xcec\xb1\xc4\xfc\xa7\xbc\x8d\xc9k\xeb4\
\x93\x9e\xdf47_gE\x8e\xf6(Q\xadb~\xcf\
\x94\x99s\xa4\xf53\xbc|\xb3\xe2o\xa7\x02\xf7O\x18\
\xddW\x9f\xe8\xe2\xae;\xf7\xc3r\xfd\x13\xc5\xbf\x90\xa9\
\xbc\xa3#\x7f\x83u\xf9\xc1V\xac\xdd|\x9b\x83\x89Q\
\xe4\xbf\x84>~\x06\xeb\xe4j\xf2\xd6F\xcb\xed%\x04\
k\x879\x13\xd3\x85\xc7I\xe5\x91*3\xb7C\x81\xa5\
\xc6EF\xcb7\xeb\xc4\xb8\xeb\xfa:\x1d\xd8\x88\xdds\
y\x15k\xd4E\x9f5\x1f\x0c\xfe\xdf\xd4o\xe9B\xdf\
\x1bkc3;\xc6\x96\x1d\xc5\x95\x07P\xdf#\xa0\x11\
/_\xac\x04Z7\xa6B\xee\xd0B\x1f6\xe8\xf9\xa7\
\xf1\xc4\xaai\x1b\xd8\xa1\xf8\xe3\x17'y\xb9\xdb\xff\x00\
~\x88(\xaf\xe0Eu\xf8\x89\xc8\xba\x11\xdd\xf1\x16\xdd\
N\xbb\xf8D\x9c\xdd_,\x87v\xeb\x9fe\xe0\xdc<\
X\xee|\xde\x5c\x08i\xcf\xd1\xb8\xe3l:\xb1\xc3O\
\xa1\xc5\xe5\xbf\xd0\xbe\xdfe\xcb\xa2\xd9_\x91g2\xf0\
^\xe9\xe0\xab\xe5b\xa2\xb3%\x05&I9\xba\xbeY\
\x0a\xcb\x92\xf1\xb5\xbb\x0f\xd1\x9b\xfa\xfd\x19\x95\xbe?#\
w\xbc\x11\xf7V9gF\x94r\xcc\xa95\xef\xf2@\
8\x9b\xb3z\xef\x97\xb3\xbd\xd3\xc9\x93\xf2Z\xeb\xe4\xaa\
\xae\xbe\xa7\xe8\xbbiB?OH\xc5\xb5\x06\xf5\xe8v\
E\xfa<\xb5\xa9\xc4\xa8\xe3>J\xe3\xa9\x0d\x12\xd6\xd6\
\xa7f%]<\x89c\xca\xa7\xd8~\x85J\x98\x22?\
>\x0e\x87\x9f\xde\xd6d\xce\x5c\x07g\xc9\xf82\xfej\
S\x8f\xe1\xe0\xd0Q\xf1\xa15\x9b\x87S\x115$\xa3\
\xbf\x9c\x12\x1d\x83\xc2&?g\xe0\xd0}\xa2\x9d{\xff\
\x00I\xd4<\xa2\x19\x02\xd7\xfe\xd1a\x0b\xfc\xe0\xe2\x17\
\xb9\xd4Q]o\xcf\xe7\x07\x7f\x9d\xf4\xb9\x1c\xa1\xd0\xae\
\xad\xf9\x10\xe0C\x81\xa33\xacX\x93\x9a\xf5\xe1\x82h\
\xbc\xe4\x96\x94y\x0b\xc2\xe2\x1c\x12\x87$=\x7f\xec\xc8\
[\xea\xcb\x90\xc8\xe7\xb7\x9c(\x83!\xd3\xf3\xc2\xa5\xc6\
\xb5s\x82\xfb\x22N\x15\x11\xca\xfcW#\xe1w\xb8\x8a\
\x95^+\x10p\x97\xc8\x7f\x8f\xe72$\x14;s\xfd\
\x1a]\xd0\xd9\x0f\x96\xdfc0\xab\xc2ETt\xfdc\
nuEm\x1a\xd8\xb2:8/s,\xd8\xf4\x5c\xfe\
\x859|y\xd8n\x10\xbc\x84})\xd4\xf3\xfb\x17-\
\xb3\xfel@\x1c\x9a\xc5\x9bk\xeaP\x14\x1c\xee&j\
\xd7x\xb9\xcb\xdc\x97/\xd9\xe6\x1a\x8c\xa8h\xc7\xd8\xef\
R\xc6\xfe\x83\x07\xec\xb92\xc3\xa7\xe8\xa3\x5cS\x11\xd8\
\xc7xl\xfa1\x97\xd7\xedbJ\x85o,N)\xaf\
\xba4\xd6\xf9\x11\xafN}Q \xdcb\x85\x9d\xf2\x7f\
\xa4\xfe\xb1\xcd{\xfa\x89\xf3/Q\xb9\xad\x92\xc8k?\
\x80\xbfe\xd4\x89<?\xd2L\xd4\xe4C\xcb\xc1D\xde\
\x86\xe6|\xbe\x07\x19r?\xb3\xe9\x1a\x9d\x916k\xd8\
\xbb\xe1a\xc6\xae\xe4\x9f\xa8n1\xc4\x94\x9d\x7fg\x9b\
\x07\xd0C\xd0\x8d\x0a\xab\x13\xac\xc9\xf3&5W/\xb1\
\xd3\xef\xfe\x0c\xbb\xfe\xc4\xee\xb1=Lr\xc8|\x1d[\
\xc2zw7'\xac\x11\xb3\xfaE\x0e\x0di\x9d|\x9f\
 \xcc\xf9l\x93[\xf9\xea,\xce\x9f\xf4m\x1c\xbfe\
\xed\xf32\x8bA\xb5\xceMJN[\xb2\xef\x98\x8d\xe6\
w\x1d\xaef\x839\xbd\xba\x1f\xd0|T\xfe\xfeJ\x88\
\x9d\xcf\xe2\xf47\x1eE\x04jd\xear/tZ\xeb\
\xe0\x86\x82K\xbe\x17\xbay25\xecX\xa3P\xe3\x80\
\xb9TN\xa7`\xec^\xe9\xe0\xb5\xd7\xc1\xcc>\xdeU\
,[\x5c\x5c\x5c3\xfea\xd4f\xfe\x06\xc9\xb1\xaa\xb7\
\x0e'b\xca!:\xdf\xa0\xa2\xb7viwx\xfe\xb3\
\xb9\xd4\x82u\xfc{o*;\xcd\xf5*)3\xb1\x18\
\xd2\xb5\xcc\x94A\xf5\xbc\x16\x1d+\xfc(\xed;\xe4:\
\x8e\xbd\xc6\xf8\xab\x19,d\xea\xb0\x10\xd5[\xc6\x03t\
\xb7u\xe7j\x82\x93%_+\x11'W\x22\xe6\xfa\xdf\
\x98\xa9\xa5\x0eo\xfc\x1e\xe6b\xb2\xe4\xbcl\xc9\x22w\
D\x15w\xf0;>O\xc1\xfa2\xd7_\x06N\xa6T\
\xce}H\xc7'R\xf7O\x07\xed\x7f\x92\x06\x9d\x0c\xcc\
\xaf\x1a\xd8C\xe6\xed\x17\x1a97\xf4L\xe9B\xe5\x93\
l\xed\xc8\xbf\xa7\xd9\xc9\xdc\x9d\xff\x00\x07\xed\xb7H\x83\
\xe3\x1dnX\xb2o\x9d\xb9\xe0\xca\xb9X\x834\xec\x89\
\x0d\x9bk\xf4\x12\xddFi\xf1\x92W\xf7\xfe\x93\x91\x13\
\x9d\xedR\x80\xf8\xfe\xa2\xe1\xbfE\x0f\xea\x03\x8c\xbdo\
\xe4\xfa/A\x05\xc9|~\x06\x7f\xac\xce\x03\xbe\xa4o\
\xfaPUN\x9c3\xf2sz\xfa\xefSRs\xd4f\
\x8e\xb7\x82n\xff\x00r\xc7\xfd-cq\x98\xe4q$\
\xdc?\x07\x80\x19\xd8\xe8p>\xff\x008\x0a\x85k\xfb\
\xa1\xc9\xdf\x01\xc0D\xe7{W\x198\x8e\xbcMG\x98\
\xee\xb3\xd6\x9d\xa3\x80\xe4\x9ab\xd9\xf2\xc3\xe1\xef\xaf\xa0\
\xd3[qW!\xc4\xd6_r\x82\xcc\xa2\xae?\xe8-\
3\x14\x04*~JHn5\x14(\xab%\xcf\x9b\xb2\
7W\xf0\xd0\xf4\x15M\xcc\xb96\x18\xd7\xda\x86\xe3C\
K\xba?\xcc\xc7#TC\xc7={\x1f\x07\xca\xc6f\
v\xeb\x80y=\xa3\xb8\x9c\xde{\x1ak|\x90\xf8~\
F\xe9\xd8\x90\xfaA\x92\xe8'V\xdf<N\xc7\xd2\x85\
J\xdf\xe4\x97U\xc5_\xe0G\x048dV\x8a{H\
\xf3_'\xf4\xcf\xd1\xf07\xfa$g%\x9c\xc9\xb2c\
M\x5c\x8a\x07\x1ac1\xbaJ\xb4\xed^\xe2\x94\xa9\xc7\
\xaf\xc0\xfc\xe4\xddd\xdc\xfe\x0e\xc9\xfe\x09\x07;\xa1~\
\xc2\xc5\xcas\x8d\xcbY\x11\x81\x0c\xce\x8b\xfc\x8d\x10K\
\xf6\xe7\xcezX\x93O\x0bz\xfd\x09\xf2\xae\x07\xe9\x88\
*\xea\xd8\xc4\xe5\xd5\xbd\xd2H\xff\x00\x7fW.B\x07\
>\x08\xec\x7f\x92\xfe\xa1\x0a\x8a\xe7\xf4\x8bz\xfd\x1c\x91\
O\x94fh\xfc\xf5?\xabB\x0a+\xe6\xf8`\xc5\xc9\
\xba9\x8dT\xf7FN\xa7\xe8&\xe1\xc4\xdcv\xca\xa5\
\xc7x\xb1\x7f|\xf67r\xd7\x01\xdc\xean\x1b\x13\xd3\
\xb8\xd1\xef\xcf\x00\xf1\x17\xde\xe2^\xf2B\xe2m\xbd\xce\
%rM\x8b\xcf\x10\xfd(\x8fEg\x89\xbdB\x199\
t\xe1\xc4{\xdc\xc5lk\x04\xeb\xf8\x12\xfc\xb4\x8fi\
e\xad\xb4\x8b\x96\xba\xf9\xc3s\xaa()\x10n\x1e\xb3\
m\x8f\x93\xed\x92$Z\xeb\xe4\xd2\xee\xcd.\xec\xb8E\
&\xae\x8b\xa1^\xf5\xdc\x84\xce<\xd5\xe0B\x87{t\
9_\x03\xd5\xf9*\xef= \x81\x02uL\xec>{\
\xe5\xfc.\x0dYH\xf8m\xaf/R\xbf\xc6\x1e\x19\x19\
[\xa9[\xab\xba\xa6\x1a\xee\xdc6/\xe9\xf7\x84\xe9\x02\
N\xad\xae<:@\xe8\xd6\xdd\xae+\xef\xc0Ln\xb1\
\x1d\xceN\xf8\xaaU\x95\xfc\x8a\x1ay\xa7\x03\xb2\xeb\x87\
\x15q\xdf\xb0\xd5\xb2?\xd1'Y\x15S\x03d\xe7\x86\
Ly\x88\x9c\xafj\x1b\xefx\x1f\xe8(\xf86$\x97\
\x97\xf0\x92\xb5\xf9I\x92|\x95\x89\xafL\x91\xc4\xfd\xf7\
\xc7q\xbc\xa3[\xb2\x1b-S\xb6<\xd7\xee\xd8\xe6\xae\
\xfb\xf59R?\xd0o\x1f\x07\x22\xe1&E\xf6n:\
\x12g\xebsq\x99\x0bLI\x1e\xbf\xf4\xe21\xa9\x1e\
?\x87\xfb\xc1u\xf6E\xe7\xd1\x89\x98\xfa|\x1c\xdf\x92\
;\xfa\x14\x0b>\x1a\xf1\xc3f\xdfD\xe9|\xcf\xecO\
M\xb3\xfe\x19\xb7,\xb9\x91\xd7\xb1\xd0\x92\xde\xbfXX\
p\x17A\xcd\x88K\xef\xe8k\xf1\x90\xa9\xa7{\x9a\xb5\
\xa0\xfa*h\xaf\xce\xc7\x95\xf557\xbb2\xc3\x8e\xe5\
K\x1c\xc3\xf9\x0c\xf1\xbc\x1d\xea\x15_~\x94\xc1\xb9>\
ZW\x81\xdcv\xb1#\xd3\xc9U\xf3?\xc1\xe6>\xc9\
*\xfa\x99\x87\xc5\x03es\xd8\xe4\xef\x83\x1f6\xecV\
\x5c\x97\x82IOZ\x0fP\xdc;O\xd9\xdd\xf1\x9a\x9d\
\x07\xfe\xd0\xe0>s!$\xab\x8d\x96g\xdeO\x93G\
\xf8\xce\xe5\x00\x8e\x12\x9b\xbf\x82\x83\x87tf?}p\
&\xe8\xb0\xf7\x1a3\xf4I#.O\xfan\x7f\x14(\
R\x9a\xbb\x91p\xf3\xf9b\xde\xe4}\x12\xe2\xc4\x96]\
\x11\xb9\x7fG\x15\xbc\xe7\xe2FkT\x8c\x87\xf0\x97r\
g\xd2\xef\x1247\xbd\x0a\x17\xf3fr\x1d\xcf/\xf6\
\x0a\x17\xc7\x81\xb2mk\x90\x93D\x8f\xf0q([\xf2\
<\x17\xd7\x5c\x04\xa9n\xeb\xc8\x99n\xd9\xe4'\x07\x7f\
\xd9a\xdet/t\xf0ny\x0a\x95e\x7f\x05\xee\x9e\
L\xdd>\x85\xc6\xec\x8f\x89\xbeF\x5c\xeb\xc9\xbci\xc6\
\xc2\xf9=jD\x93\xc2\x8f\xbd\x9b\x0f\xa1\xf2\xb1rs\
\xe1\xa1\x91\xd7\xf5\x06\x97v^\xe9\xe0\xcc\x93\xe0\xd3\x9c\
T\x92\x93\x9b\x06G\x99v\x1aV\xda\xc1><\xf7\xc2\
\xa2\x91\x04\x94V\xf2IWo8\xae'f&\xaas\
\xeb\x8a>\xdbQY\x92\xf7O%Y\xdf\xe8\xf2|3\
)\xaf^\xbb\x15\x15\x8875\xbe\x09\x93\xdfTZ\xeb\
\xe7\x0b\xdd<\x92Q[\xc8\xec\xeb\x93\xcbCS\xc1\xa3\
\xcf\x8f\x03\xee8\xe7\xf5\x8d\xc2j=\x0e'y\xe7\xb5\
D\xde\xa5\x07\x93\xfe\x8e\xd2\xff\x00G\x93N\xe4\xb1\xdc\
:\xf9\xf4nN|423\xbfS/>\xf1\xc4\xe8\
Igars\xe1\xa1\xc4o\xa0\xecg\x96\x10\xafU\
j\x19\x0a\xaf6=\xdd\x0b\x9d<\x0f7k\xe5\x89h\
N\x5c\xa8n.NN\xf8\xab>\x83\xb2\xeaq\x119\
^\xd4\xc0M\xd6F\xdd m1\xebe\x02\xdf\x0c\xda\
\x9c(8K\x82G\xc9\x8dx\x88\x92\xa5g2FU\
:$\x8c\xebp\xccd\xf5\xf8\x0e\xb8_\xd1\x09\x92\xdc\
H(\xea\x9e-\xba\xca\xff\x00Ev\xf9?\x06\x87\xcb\
\x00\xef\xfe\xd8x\x1d\x0b\x0e\x9f\xacw-3\x88|\xfc\
\xe0\xf7<\xc4.N\xf3c\x91\xfdl\x08q!\xc4I\
B\xe4\xbc\x09\xdc\xea&\xcf\xf7<\x0b\xa3>\x11o_\
\xa2\xeb\xbc\xee\xce\x84\x99s\xaf;\x1dPl\x8b\xa1\xf2\
\xef\xe0\xd4\xc6\x17D\xd1\x13\xcd-5\x194\xec6\x85\
\xba\x09?\xe3\xf07\x99\xc7a\x90F\xa7\xcfS\x81\xeb\
S}\x9d\x0b\x97E\xb2\xbf#\xf4\xc3}\x99V\x88\xa5\
'oB\xe5\xd7\x02*8|\xe6\xc4\x15y{\xf28\
\x8e\xbcE\xb8U\x9b\xadJ\xbf\xccJ7\xbc\xc8B\xea\
\x9eS\xdc\x95\xae\x1eE?7\xe4\xdc\x8b\xa1\xae\xfae\
\xbd~\x86B\xc7t5\x0b\xf6\xb3\x1aj\xce\x84:\xb9\
\x9f)\xad>O\xf2}\xc6\x9f~D\x89,\xb4\xdc\xfe\
\x0f\x92\xdf\xd3ss\xec\xdcj\xce_\xad\xce\xa8^\xac\
k&\xfa3\xc9\x81\xbc\xbb\xb2\x0a\xba\xb66kp\x1c\
\xb5d\xef=\x16C%\x8d\xc7|\xd1\xbdkC\xe4\xfd\
\xecr\x1b~\x8c\xd7Q\xb4\x7f\xc3{\xf3\x87c\x80\xff\
\x00\x81\xf1\x82\xaf\x82\xf9\x5ch\xa2u\xe4\xc5\xf8\xff\x00\
\xb2r\x1c\xfe\x0b\xad(j!\xf6\xcc\x91\x11\xbc\x97\xba\
x$\xd1\xb7\x8a\x95O\x83G\xdc./z@\xfbt\
\xf9\xab\x17\x9b\xc6\x19\x0f\xf4q\x1f\x8aG@<\x83\xc2\
\xf7O\x18\x0b\xdd<\x0d\xdcr\xe4\xc0\x8a\xbf\x02\xa4g\
\xb7Q\x9d{\xa1\x95\x15\xbe\x9c\x09\xc3[\xb3\x1e\xa4\xe8\
iwe\x13O&\xf5K\xdd<\x9a\x1d\xd8\xde7\xf7\
\xc8\xf8>V:\xce\x9b\xd0\x9a\xfc\xef\xaf\xeb\xd9\xc0\x93\
[\xb37\x1e\xb7(;\xf4\xd9\xa8\xa4\xc9)s\xff\x00\
mQ\x5c\xcc\xfe\xb8\xe4\xeb\x84\x14W\x16\x9d~\xb6a\
\xc5\xf68\x97\xd3\x89)\xd3\xf7\x9148\x7fd\xeaV\
\xb7B\xc2)\xe4\xf3=\x8c\xc7\xbe\x88\x95WNH\xa3\
\xf7\xfd-u\xf3\xe8[\xd7\xe8J\x06\xf4\xfc!Z\xae\
\xbd\xfc\x0ax\x89bK\x8b\xb8\x8b\xf3\xed8P\x8a{\
I\x99\xa7ru\xfc\x10<\xef\xe6\x86\xe6\x8a\xc2x\xcf\
\x0f\xc9\x15\xac\xb9\xb6\xfe\xc8\x85\xc3\xa5o\xbe\x92,4\
\xbb\xb2\x89pH\xee\x10U\xc1\xb5\xe0\xb5\xd7\xc8\x9bk\
\xe4h\xd5}t\x8cx\x0f\x9b\x22R\xd2\xf8\x13\x05f\
*8U\x14\xc28\x16\x90X\x91*\x8a\xfd\x10\xdf!\
jn\xd4\xafbjG\x11\xf6E\xd8\xf9\xcf\xd9\x06\xb7\
fv\x1d\xec@.\x86Qc\x91\xf0\x8ek\xe3\xf3\x86\
\xe1Y\xe5\x822\xe3\xe2h\x1f\xec\x92\xfb|>\xd5\xdf\
\x1d\xf7~\xfb\x19\x9d\xff\x00\x86\xa7\xb7\xf4\xcdo\xd5a\
\xf2^0L\x18\xfe~$k\x8e\x177\xf7\xfb\xc3\x7f\
y9\x02H\x83r?\x82\x07\x019\xcb\x5c\xc9\x88\xbb\
\x87\x02\x8b/\xe9\x92NR\x8b\x9d\xca\x83r\xbb\x0b\x0c\
v\xe6E\xc4\xe6)Q\xbco%M\xf9@\xee3\xdd\
\xc0\x95\x9a\xceo.\x86\xec\xf2\x7f\x83\xfe\x0b9\xa7\xec\
\x9ar}3\x9bv3\xdd?\xd4B\xa4\xa6\xef\x81\x9a\
\xaa\xaad\x97_\xb4\x5c\xcc\xbf\x86\xb7\x934\x9f\x812\
\xd3rIG\x7f$\x94w\xf2ol\xb7\xaf\xd1\xf4\x1f\
\xe1\x1f\x1e\xf9\xb2\xea\xbc\xff\x00b\x7f\xaf\xec\x92\xfb\xd5\
*Vt\x98\xfa$\xa6Y\x99\x99[\xa1\xc1w4;\
\x86\xae\xcf/%NgWn\xe3&S\x98}\xbc\xaa\
FU\xbb\x1f\x85\xaf\xa3\x7fS\xe8\x88\x0f8\x95t\xf2\
e\xfaV\xd8\x19*\xe8\x90\xff\x00g\xc4\x89\xf0\xaf\xc0\
\xdaB\xc3>\x855\xf9\xe8'G>\xf47:#\xe4\
\xb6\x1b{Z\x88g_\xad\xc6\xca}/\xd4\xfd\xd6\xa6\
\xf0t\x95\xe5\xd8\xd4g\xf0\xae\xc8\xbd\xd3\xc1\x0em\x8e\
\xa9\xd7\x05\xfe\xf1\x5c\x065\xde\xab|\x8f$[\x0b\xb9\
\xdf\x83\x22#>#'%gC!\xbeL\xfa\xe6\xa7\
\xc9\x00\xfe\x17\x92\xa1\xef\xe4I\xaf{\x8fRt\xd8Z\
\x93\xae\x1a]\xd9\x10rNM\xcb~\x8b]|\x9b\xdd\
M\x0f\xd7l/t\xf2v\x19\xd3\xe4\xb99\xf0\xd0b\
\xe4\xdd\x19\x19\xdb\xa6\x10h\x9c\xfc{-\xc7\x1b\x14M\
\xe8~\x89(?y7?\xa2\xee>\xbdv2\xfea\
\x16\xf5\xfa\x15\x89\xfe\x17\x15\x91\x98\xb7\xd1\xe3\x93\xae\x15\
\x05\xf1\x8d\xcdh\xa4Ak\xaf\x9d\x8e\x84hN\x86\xaa\
\xf9%\x16\xcdi\xbe\x99\x0d\xf5\xe8\xc4}h\x9a\xd1\xf3\
\xb9\x91_x9\xbb\x10\x1c\xf6\xb7\x19\x9dN\xcc\xe8O\
&5\x172\x15D\xa8\x8eB\xeer\xfa\xa8\x16_L\
7\x19\x16#>:\x16\x1d\xf9\x9a/c\x86\xe5\xe3\x18\
\xdf\xd7{\x89\xcf?\x82\x1a\xbe\x8b\x80\x92\x8d\xdaXw\
<\xbb\x93\xdf\xd2D\xf9\xbeI\x11$\x95[.\xf0\xa3\
\xfe\x0f\xee-]\x8d\xdaDA\xc9\xdc\xfb\xd4*\x9f\x06\
\x88\xdf\xf3\x83[\x9c_6\x14\x7f\xaf\xe1\xf1\x8e\xb7\xc0\
1\xf3v\x8b\x9b\xcf\xa2eG\x0a\xd9\xfc@\xa6\xbdR\
\x8d\x0b^\xb5\xfd\x22\x05\xc7\xa8g\xd2\x868\x85\x9eo\
\xc7Q35\x90\xbb\xb6\x84?7\x93K\xbb(\xa6\xf3\
\xa3\xe7\x91k\xfd\x85R\xd5\xb9\xf2<\xc5{\xb1\x1e3\
\xc0\xeb\x87a\xde\xc7\xf4\x9f\x07'\xe3\x02Y\x11oI\
\x12K\xaf\x85\x02E\xbd~\x8d\xeb0N`^\xe9\xe4\
\xc8\xaf_\x93}_\xb8\xaeg\x9e\xc5_8kvF\
\xb7d&K\xf1\x12I\xd2\xff\x00\xb0\xf3\x138\x0e\x13\
\xe4Tn\x92\x0a\xba\xb6|\x8c*\xe2\xf7\x94>'v\
/\xda\xedrI\x09\xd7>\xb5\x83'\xf4\xd3\xe8R3\
K6\xfe4\x07w;\x90~\x87\x96\x17\xbay,\xcb\
\xbfB\x17\x1d\xbb\xd8\xa9=I\x9a\xda\x96\x81\xee=\x89\
'\x1b\xd2G2\xf9\xbf&\xe3\xf1CC\xbf66\xc7\
=M\xf3.\x87?\x87Q3\xf7Z\x1cO\xc6I\xcc\
\xecd\xba\x1d\x0d\xf7\xbe\x09N\x1f\x82IZ\x8ef\x83\
\xbc\xe1\x99\x95\xfa\x9f\x19\xfe\x9f\xd5\xa0\x92x\xf6\xf0\x8d\
\x83\x87\xea\xa6\xfa\x84<{\xe4\xcc\xd9\xbdO\xf4d\xe8\
\xd7\xe8\xdc\xa42\xfe\xba\x12\xb9\xd7\x89\xe0j/\xabr\
\x09\xf2\xe9\x071\xb7\xe8\xcb\xfa}\xcb$\xe6\xea\xf9d\
R\xff\x00.S\x9b\xd6b\xbc\x04\xf2mA\xb0hr\
\xe9\x05][3\x9d\x84\xd4G\xecU\xbd\xfc\xb0\xdc\x94\
\xaa\x96\x9e\x22\x7f^=\x07YfF5\xe26\xed\x9b\
\xbdQ\xbe\xf9\xa2\x7f\xc0\xcf\xb2\xa9\xe6\x1fh\x90y\xd6\
\x17\x17\xe3\xa5\xf0\x8bRu<\x03\x91\x06f\x9d\xfc\x9c\
\xd7(\xfe\xe0\xd2\x88\xcb\xa1&\xaf\x8b\xb7\xc1\xa2Z\xbe\
F\x9d\xbf\x22S*\xec7\xc2\xf9\x5cJ\x5c'%V\
\xfa\x9f)\xb1{\xa7\x92\xa2\xb3$\x94V\xf2]\x0e\xfa\
\xae<K\xaf5\xbb3{\xa1D\xde\x85Jf\x9a\xdf\
'1\xc7\xf8oP\xd1\xeb\xc7L:\xae=x{W\
\xa9:\x10\x9e\x7f\xb2\xe3\xa3\xa7\xd0\xc9\xc3^<\xec\xe9\
wF\xe3!Xo\xa7|j\xa3\xeb\xd4\x92D\xe5\xe0\
\x83L\xfe\x85#\xde=M\x0e\xaf9G\x86\xbfc\x15\
\x7f\xc87\xcb\x87\xf8p\x1c\xeaN\xdci\xf9\xc14\xad\
\xd7c'R\x97\xf9rs]\xb0\x1ec\xe0|\x0f\x88\
\xff\x00G\xda\xef\xc4W<\xe5N\xd7\x1f?\x02*\x9f\
\x06\x8c\xdd6\x04\xeb\xf8\x1c\xe7v\xde\xd9\x10\x9d\x19\xe3\
27o\xcf\x84V\xdaG[\x88\xf2\xbc_\xb8\x90\x99\
\xdf\xc9!\xbf\xe0\xf3\xe3\x98\x93\xedN\x8b\xa0\xd3\xd7\xdd\
\x0e\xbf\x97\xc1\xadG.\xa5\xbeL\xd5\xd2\x17\x84d\x9d\
8\xc0\xe1\xd3\xa7\xc0\xb3\x93\xca\xda\x0fs\x91\xe4\xf8e\
\xae\xbeF\x9b?\x8c\xd3\x99B\x1dQ\x00\x5c\xe0J\x87\
\xd6\xa1\xfa\x1cu4\xbb\xb3K\xbb>\x0b\xff\x00\x05\xc2\
\xee\xcf\xf0g\xe4H\xacW\x9b\x13\xf4\xc9\xee|\x09i\
L\xcc\xef\x1a[g\xfa_\xd3\x9b\xf0q\xab7\xac\xc1\
\x12\x09 \xa2F\x0a\xb1\x9ex\x5c\xba-\x95\xf9\x10Q\
U\xb2J:4n-F\xcbtDcGx\xe9\x03\
ip\xbd1\xaa\xaa\xd3\xe7\x88\xcds\xf8\xdck#\x13\
\x84k\xe4\x9aQo\x01D\xb7\x97\x0e\x9c\xd6fb4\
G]\xeb\x03\x9d\xf0f\xe8|%7dh\xed\xfd&\
\xab\xf5\xf2np\xe8hm\xdbQ\xebo\xd0\xaf\x0f\xc0\
Y\xbd\xcd\xcf\xb9-\xfd\x7f\xd23Uy\x10\xb97b\
F\xeeD\xc3\xc8=z3\x81y\xf5dn\xfc\xa7\xbc\
\x90\x13\x88\xbfC\x86\xa4\xf4\xef\x86\xae\xfc3\x9c\x1f\xc3\
\x7f\x0a>\x07\x91\xf3\xfe\x9eW\x9d\xe4^F\xf7\xe6\xcc\
\x89\xef\xa1b\xce\xfc\x0d\xd7\xf0\xcd[\x8d\xfc\x92\xcd\xe8\
2\xdb\xd7\xfb7Ia\x99\xafa\xb7^\xb68\xacv\
=#{\xe6D\x8b-\xde\x94>\x8b3R\xf8\x13\xbb\
+\xc6\xb6\x17\x99\xf0\xff\x00\x0a&\x89\x1c\xcf\xf7R%\
\x1b\x0f\xe65\x1e\xbfd\x9a\xde'\x01\xbf#\xe5h\xcc\
\xfc\xff\x00\xd2\x8d\x1d\xd9E\x0f\xfc\x18\xee\xff\x00\xf4\xb0\
\xf3\xeb\x04\x94fj\x5c>K\xff\x00\x06\xea\x98\x1f\xed\
\xfe\xcb\xab\xcd\x9cE?3\xcd\x8c\xe8z\xb3\x8b\x98\xec\
xf\xc6\xa7fdX\xdf\xe2I'Q[\x9f\x00J\
;\xc7Y\x1fa\xf9\x92\x19\x0c\xa2i\xe0\xd2\xee\xf1\xbd\
\xd3\xc9\xbdQ\xcf\x84~O%\x13O\x18Q7\xa63\
$z^?c\xd17\x94A\xc9Qs\xcc|\xf7\xcb\
\xfa\x7f\x82\xcd\x0c\xe5\xe6\xde\xcfq\xc6\xc6\x97vu\x05\
\xae\xbeH\xa1\xab\x11\xdf\xae\xcbN\xec\xeb\x85\xcb\x9a\xf2\
<[U9\xf5\xc3\xb9\xfd\x0e\xfe\x9b\xc2G*X\xcc\
Z\xbe1R\x0f\xfb\x8e-h&\x87\x97~\x18|\xcc\
\x18\x9a\xe1\x04\xb9\x9d+'\xea \xad.\x7fG\x90\xdc\
dn3\xc2\x81\xeaO\xa7\x8c/t\xf2d7\xc9\xe1\
D\xb8$&\xe6\x19:\x1f\xae\x06n\x98\x88(\xe2\x9b\
\xf04\xf3[\xa0\x99>s\xac\x12\x98\xf3O:|\x0a\
\x5c\x1c\x1eF\xeb\xe7>I\xb3\x8f\x81^T\x91\xa5S\
\x5c\xa8D\xfcb4\xb1\x9e\xee\x07\x07\x13\xad\xa2\xacz\
Y?\xbdN\x1bZ\x171\xdf%B(\xe4\x91{\x8e\
:\x96\x1c\xfc\x16\x8d\xf2}\x04\xf3n\xf8!\x04\xba\xaa\
4=#e\xc1\x8c\xca\xaa7%\x0f\x0e\x7f\xde\x10H\
\xf2\xe3c\xf9-\xaeg\x14h:S\xcb\xc1\x04+\xab\
\xf9\xcc\xbd\xd3\xce06\xa5\xcf\xf4d\x1f\xd4\x11'\x1a\
\xaaM\x01\x9b\x9f\x9a`\x7fz\x98\x0dn\xcf\x0dn\xcf\
m2_\x8e7\x13~\xd9\xb1\xc5\xc6\x84\x14G.\xa5\
H\xf1L\x8a\xae\xf9fh\x5csp\x8d\xf5S\xbe\x12\
\xa0\xec\x89\x12Z\xe7\xa5\xb0\x19\x84 \x1d\xder\x17\x1f\
\xcb#\xfd\x06c\xaf|M\xdb\xa0\xec\x1f\xb3s\xda\x0d\
\x18\xfe\x18\x9e\xb9\x9f\x07o\xdd\xceq\xb8}\x19\x97:\
\xc7,\x1dMi%\xc3\xb9\x22\xea\xeeO\x07\xc4\xfa!\
\xf0\x9b\xdcf\x9f5R\xceO\xa2I\x7fE\xbe\x82D\
\xfe\xfb\x1a\xfeL\xcd^_\xe3\x135\xb8\x9c\x17\xd8\xcb\
>\x89\xe1[\xf5'O\xc0\xe4\xd0\xa0~\xe4\xbbo\xd0\
\xe9?i\x1b\xfa\xf7'?\xaeV|\xc9\x99\xa7s\xfc\
/1\x95\x7f\x17\xb5\xb25\x1f\xe1\xf1\x0a\x1c=>4\
$\x9f\xbfS\x97\x9f#3+t7\x1f),~|\
\x96\xba\xf92\x09\x9f\xd1,\xd9\xf8}\x99\x1b\xdfs\xad\
\xc7\xf6\xc7L\xe1\x19\x90Y\x1d\xfeM\xfb\xde\xe2\xb9\x96\
e\x86\x7fc\xb9%\x8d\xf3Fk\xact\xc2\xa4\xaec\
k\xe3\x22\x85K\xc9\xc71\xc2Y_\xa8\x9b\xe4e\x86\
\xd5\xea\xa7\x08\xb5\xbf\xc8\xd9\xad\xc3g\xe2\x9d\xfa\x8e\xdc\
\xfb;\x0e\xf7'\xa7r\x9f\x1d7\x92\xf7O8\xca\xdd\
\xa9\xc9\xdc\xc9\xf3\xd3\x91\x22\x07\x1a\x1eN6\xeb\x1cW\
\xfd\x93\xcd\xbe\xb2iwf\xe3/c\xb8\xe3b\x82\x93\
8d;{T\xdc\xfennt[W\xf4\xfb\x11k\
\xaf\x8cu\xbb3q\x98\xec\xf9?\x04\xb8\xbb\xfb!\x95\
N\xee\x22:}\xe7\xe0\xa6;\xe3\xa7\x88\x18\xce\x9f\x03\
\x1d\x1d\xf8\xf2\xd0\x9a\x1a\xbec]\x1d\xfc\x91\xe2\xfbb\
\xd4\x8b\xfa\xde\x09b\xd5\xaf\xc1\x9bQ\xf1\x8e\xb722\
\xb4\xebr\x0a\xbe\x88t\x1ey\x0e\xab\xdaJ\x05\xf3\xe4\
\xb6\xe7}\xfeD\x90\xdb\xe4n\x88\x16\xf5\xfa>1\xd6\
\xe6\xf7\xde\xc5\xc6\xba\xa3\xfa`74V\x1a\x9d~\x87\
\xddx/\xde&E]g\x98\xfbb\xddR\xaf>:\
v\x1bj+\x04\xe7\xbcL\x90\x0d\xdf\xf7\xc8v\xb7m\
\xe0y\xf9\xce\xab\xa5\xc6\xca-Oi\xe0\x8et\xf2\xca\
`Ou\xf1<\x1f\xde\x0d\xd2I\xccC\xe6\xed\x16\x1e\
\xf762\xe5\xcbw\x18\xbb\x8a\xb4jE\xd1\xf8v\xd4\
\xe4$,C\x87y\xb6-\x9a\xfc\x0a5\xc53C\xc9\
\x0a^4 \xa3\xaac\x5c0\xa2i\xe4J\xbe]&\
\xb9\x16\xdd\xd7z\x1a\xaf\x89pr\xd7\xec\xddq\xf9\x0f\
\x934]O)\xd1|\x16\xba\xf8.p\xf3\xc5\xb4\xd5\
\xfe6\xaf\xe5\xe9\xe8f4\xee\x9e\x05\xef\xa0\x9eB:\
!\xafc\xc2x\xdcd|\xe9\xf1\xef\x99\xccH\xcb\xce\
\xff\x00Bt\xb4]Y\xbdp>O\xdd\x0e/I\xfd\
\x22\xad\xbe\xae\x1c\x09\xbd`\xf0b\x91\xf5u'\x08'\
D9M\xbeO\x96-\xa9\xd5}\xf2>[i\xcb\x15\
\x9f\xd9\xf2O\xfd\x0c\xfa\xaf\xd9\xf1\x9f\xf2\xa4\xf4\xee2\
\xf8ctt_\x5c\xc6\x99\xe4\xd1\xdb\x86Pfgx\
\xd2\xc5'9\x91\xe7?\xfa\x1f\xf6\xe4K\x97\xe8\x97\xcf\
\xc4|\xf1\x1a\x17\x0b:\x19\x9e\x1d#\x05\xf3\xa1\x17}\
q\x9e\xcc\xfc\x06\xbb\xb3\xf09\x8d\xf9\x0dr\xce\x87\x22\
\xf54\x1f>g \xf8\x81\xe1Qs1\xc3\x96\x13\xcd\
K\x7fF\xdc\xe6\xf0\xfa\x9e;\xf24;\x8d\x18\x9d\xfb\
\x1a\xdd\x99\xfe\x12\xa1'\x87\xfd\x1b\x87\xb5\x06\xf9\x14\x5c\
\xe2\xc5\x07\x9aP\x96\xaej\x5c\x9c\xf8hs\xa6\xf9\x5c\
\xc9\xd4\x95_>\xa2)\xd5\xe2$\xdb\xf2\xd5\x16t\xe5\
\x02\x1c\xf7$Al\xea<\xf38'\xe7D\x95W\xf2\
n\xdc\xd4\xd6\xec\xb0\x88*\xaa\x98\x9dS;\x12\x87R\
\xe9\xe0\xb5\xd7\xc9k\xaf\x83[\xb3\xc2\x5c]\xcd\xee\x86\
\xb7fX\xdf\xbe\x1f3k\x91LLoCG\x85\xd1\
\xef\xa7\xb3O\x95~p\x1fBzR\x8a62\xfea\
a\xe2\xdfL\x05\x19\x11\xdfLS1\xd1\xff\x00\xb8G\
^\xc2\xb2\xe4\xbc{\x18~\xde\xb4\xe0\x1d\xa77\xc2\xfc\
H*\xb3*,\xf7\xa2/o\x8a\xde\x0c\xa3\xbe\xec\x87\
\xbd\xc4\x9f\xfa7\x19\xe2\xec\xf9?\x06`\xde\xb4bt\
D\xecd\xeaR\x16}\xe4y\x88\x9c\xafj\x19\xdc\xbe\
\xc7WF\xbc\x1f@\xb0K<4\x8c\xbep\xc9\xd4\xb7\
y\x88*e>\xc5\x04\x96\x9b\xb4}\xe0\xc7\xcd\xda.\
O\xc17\xe9R\x18\xef\xcf\xe8c\xfb6\x14\xa4\xef\x7f\
\xe0\x85\x19\xe4\x9f\xad\x09\xa2\x91x\xfb<\xa7:\x8f\xd9\
\x1d\xe4\xfb\x15#_\xce\x22\x0a\xf86\xbca\x99\xafa\
\xc2pH\xa7\x13\xf6\x8c\xdf\x91\xd6w\x19=\x10\xac\x98\
\xde\xcc\xa2P\xce\xbd\x0a\x95\xe3\x81\x99\x1f6\xc4ng\
\x0e\xb2\xf8W\x87\xe5\x08\x93\xbaq\xbe\x92\xddI:\xe7\
\xa9%\x1d\x07h\x8e\xc4g\x97\x0f\xf0\x82Z\xbe\xc4\x92\
\xa7\x1e<6C%\x1c\x13~\x0f\x02kqR\xac\x95\
|\xed\xc1EV\xf1\x11\x9e\xec\xfe\x05e\x9dW\x15\x17\
\xb8\xc2!|\x7f&v\xdd\xcb\xb2I\xb8J\x1cH\xca\
kw\x07p2\xa0\xdeM\xef)7ZT\x87uI\
\xe9\xdc\xdf\xef\x05\x87O\xd0\xa3\xe7\xf1\xe9\xd8\x9eGR\
\xe3\xa7\x8f\x83$\x81\x95\xd7\xf3\x9e\x07\x8b\xd6\xe8/\xfa\
\xbfq\x9a\xe4\xb7Q\x92\xe4\xef68\xa5\xe4\xb9\x9d\x13\
\xee\xae=\x1d|\x89\xe8\xd7\xa8\xa1\x97\xe1\xd8\xe4\xeeh\
<\xef\x82sy\xecIEo'f\xb7\xa1\xa0\xafr\
G\xfb\x8bs\x89\x9aN\x13\xf8<2\xa0\x9f+\xe4\x97\
\xc3Q\xb3y\xa2B\xd1.\xfc\xce\xa6\xf6/t\xf0h\
\xef\xce\xa7\xd9y7\xcfZ\x8b\xe0\xbeW%\x87}L\
\x8c\xed\xd3\x0d\xe9.\x7fB\xf7+\x85\x02\x95\xfdPI\
(\x9f\xe9\xd5\xd7\xf5\x06\xe7\xe1\xa0\xd27\xd3\x89D\xb8\
$t<9\x8bo\xdfHd\x13~\xb84\xf3[\xa1\
\xcf\x89\xaa\xf8\x89\x22\xe6\xdd\xb3\xfa\x8a\xd3Q\x86\xa6W\
\x0a\xf2\xca\xf5!;\x1ds\x12\xf7\x9c\x1a~\xe6\xc3\xba\
\xebB\x0e_(\x86\x9f\x0c\xabg\x92\x8a\xdeH\x95o\
J\x1a\x9b\xf5\xe6kvf\xe4\x7f1\xfe\x8b4\xbb\xb3\
Py\xbb\x09\xa8\x8c\xfa\x9b\x8c\xc9\xe9\xdc\xff\x00\x7fW\
\xd9'\xa7r>\xf6\xff\x00L\xdf\x1dy\xfa\xf7\xbay\
\xc1B\x13R\xef\xa8\xcf\x83\xd7C\xc09l\xd6\x7f,\
\xa8\xde\x05|*+3\x86\xe3\x8d\xca\x0aL\x8f\x91\xa0\
\xb2\xb9\xf8^\xca\x07\x8c\xe6\xb1jN\xb8en\xeb\xc9\
u\xc5\xd0wU\xeb\xae\xc4\x19\x9c\x90\xe7L)\xef\xfd\
NG\xc4\xdfN\x05\x17;\x94\x5c\xef\x83\xde\xbf\x98J\
\xedR\xd7_'S\xb3#R2\xb5\xe8H$\x9c(\
\xf9M\x8d\x22\xf3\x13\x19[Af\xf5PI\xe3\xf04\
8\xf0\xf98\x9f\x22\x15]\xf2\x5c\x0b\x96M\xbar(\
\xd7\x14\xf1\xe6^\x87\xdfn\xd3\x06\xe6\x0c\x9c\xc6n\x98\
\x5ck\xaa/1\xfd\xf7(W?\x18\x14<\xdf\x10X\
\xf0\xea\xaf\x9b7#\xfajv\x19:\x96\xf5\xfa:\xab\
G\xd4\xe1\x12\xabU\xc9R\x84~\xdas\xb0\x81\x1e\xba\
\xa7=\xd8\xab:\xff\x00\x22\x1fTO\xc1\xdb\xb9\x99\x95\
\xe3[m*!\xbe\x10\xc7\x0dqLe\xfe,\xd0\xf2\
N\xa9\xde\xdd\xcb_\x1dn\xc8\xb9\xff\x00\x93\x88|9\
\x9fk\x9aDv9\x85\xdc\xde\x1d2g\xf1h'D\
H\xbc&E\xfc\xacu\x1e]q\x1f\x05\xbf\xb8\x8d\xeb\
\x8f\xa4\x97\x97:\xdf\x80\xad\x1e:\x95\xf2)\xf2>Q\
\xd2\xe8\x9b\xa6\xf2u\x9f\x9e'\xdb\xf7\x81\xf3\x09\x83\x9a\
PL\x9c\xda\x83BpF\xb7dt\x02wg\x98\xae\
9\xd7\x96q\x0cn\x7f\xd1O2\xf9\xd8\xdf}\x10:\
\xf8\xcfB\xe2\xf8r\xc3r\xa8n\xcb\xf4rzs8\
\x8e\xecB\xe4\xdd\x9eG\xd0\xcdo\xd5\x16/n\xa5H\
{\xe7\x92\xa9%]\x127^\x0b\xdd<\x0d=\xd6\xa4\
\xc3\xaec\xcd\xf9O\xd4\x1d\x87\xf6p\x1f\xac\x5c\xe4u\
V\xec$\xf8\xc9\xd4\x9f\xdf\x91\xa6\xa1y\xd6\xdd\x07\xcf\
u\xa6FO\xcf\xaf\x13\xe2\xfd\x91%\x1d\xfc\x9cN>\
=\xcc\x8an\x9c\xf2>f\xcf\x87\xfe\x22\x89\xbdJ\x8e\
=\xb8\x14J\xca\xebt_\x89\x8dn\xccp\xc8\xac\xba\
x!\xb9\xf1D\x9c\x1ao\x80\xf74\x8bC\x90\xae\x7f\
\xc0\xaa\xdf\xee!\x0a\x1c\xff\x00f\xb7dD\x9c-\xeb\
\xf4A\xf4\x85]\x1f\xb2\x19g\xc0\x87\x8c\xa10\xceL\
\xcb\xf5\x83\x9d\x1fH\xa7\x1f\xcb\xc3\xa8\xc2\xae\xf3\xd6\x0f\
\xd1\xf0TR#\x184\xc6~N\xa0\xe4\xdd\xef\xcc\xdd\
\xf0\xc8\xdd\x97\xef\x1f\xa7\xe8\xf2\xbcln\xc7\xf3\xd5\xbd\
\xd3\xce\x1em\xf4\x92\xce>\xbd\x0b8I\xc0\x93\xe2'\
DN\xd5\xdb\xf0\x11^\xee\x9c\x8eD\xfe:l\x13\xb9\
\xfd\x143\xb3\xb7QYr^=\x8fJ\xd1\xa0\xc7,\
\xb8\x1d\xd3/\xbe\xd8U\xad<\xf4\x82`\x95\xcb\xf3N\
\xc6\x84\xed\xdcD2P\xda\xf8|\xd2\xe4\x15w\xf0^\
\xe9\xe0\x89'Q\xac\x95\x97\x5c%w\xd8\xd0}\xb3\x9b\
\xb1\xab\xf0fj\x5cM\xf0\x86o>\x8d\x17\xdfI\xc1\
\xaej\x7f\x22p;\xfe\xb7\x91}_V!\x86\xed\xed\
c\xc9\xfd\x99:\x99\x0d\xf2x-\xd6\x87\xed\x94\xbb\xa2\
\xc7QMY_\xc9\xbe\xef\xdc\x8d\x7f'7b\x9eJ\
:\xb58AE\xd5\x8a\xab\xa7\x5c\xcb\x9fB\xd7_'\
'sr\x7f\x87'r\x0a.\xacw\xeb\x15+\x97\x93\
\x9b\xb0\xf0\xeb\xa7\x02\xb3\xfa\xba\xa1KG\xef\xa1.\x1f\
\xc5\xc9\x00\xe7\xf9\x09\x8d\xf9\x15]Q\xf5\xc4\xea\x14\xdc\
\x9f\xe1\xe0+='\x01\xbc\xf9\x1c\x0d\xbf\xf0\xe9>P\
J%\x19\xba\x1c\xdd\x88\x12W[K\xcd\xf1\xdcR\x83\
q\xcc{\xdc\x99U\x91\x0f\xda|\x87\xbd\x06\x5c\x87\x12\
\xa8\xc7~\x22Q\x839j\xafa\x9d\x8b\xa0\x84\x95\xfe\
\x19\x15m\xde\x12Q\xd1\xa1=IN\xbd\xff\x00\x87s\
\xae9\x1aw\xc0kvfC\xf4\xc2\x9e\xba9G\x0b\
\xecy'\x00\xe6\x10\xb2\xaa\xa12I\xa57%\x10$\
\x1c\xee\x8b\xfa}\x9a.\x87S}\xecj\xbdF\xcd~\
\x06\xfb\xbfb\xe7\xe3\xc1;\xff\x00\x82V\xf7\x13\xa87\
\xa8\x7f\xab\xcf!\xa13I\xcbvU\xe7\x99\x98\x9e\xfc\
\x18\x8f\x9bb7\xb6\x16*\xb4\xde\xe6e\xce\xb3\xc8\xfb\
.\x85\x03\xa7=\xe0\xe6\x1d\x06\x89qzl\x10^\xfc\
\xc8\xd5\xc4\xdd\x8eCy\x98\x8f\xf54\x9f#!\xa7\xf0\
n\xa9\x81\x0bVz\xc8\xd1G\xad~ \xf0{,\x07\
`\xff\x00Cn\x82Q\xc4\xd2\xd7\xb9\xd4\x0d\x13\xe5\xfd\
#\xafcs\xf0da97\xf83\xc1?B\x15_\
\xc0\xdak\x8ab\xb9\x96gPH\xa0W\xb3\x9f\x04\x09\
t\xd7\xe9\x1a\xee\x14\xf8>\xfdH\xf3J\x17\xc7\xf4\xd1\
a\xba\x9b\x19\x97\xd9\x07?\x96q\x1c\xb9t:i\xe4\
\xae\xfa\x9d\x04w\xb9\xd8w\xb6\x1a\xdd\x99\xad\xd9\x9d\x09\
(\xcf\xdf\x22J\xbby:3\xe5\x14M\xe9\x85\x05&\
NN\xf86\xa2?e\x88\xcf\x8e\x85[T\xf6S\x83\
_\xc8\xdc\xfb,\xd7\x5c[\x8e7\xc2^^-\x1a\x22\
D\xcd\xf8\x9e\xca$\x16\xba\xf8\xc3q\x99o_\xac\x16\
\xa4\xeaPV B\xe4\xdd\x0c\x1d\xfd\x8c\x93\x7fK\x9f\
$\xde\x0eq>I*\xe8\x91T\xf85\x87Q\x84k\
\xb6\xf78\x8e1\xe0\xbf;\xf3\x22r~3\xfb\x1f\xf3\
\xb49\xd4\xbaN\xb2\xbe\x0e%\xf8\x8a\xa1\xa5\x9f\xf0L\
\xdd\xca\xf9>V\xe6Pi\xbe\x10\xcbw2,U\xd7\
\xbf\x5c!7\xd2\xd5\xbd\x84\xe6\xed\x80\xde\xa1%\xaa\x97\
\xd8\xcb\x9b\x89C\xaf\xec\xb8\xcaY\xdc\xf8/\xfc!s\
{\xf4.\xbd\xfdQ\xf3\x9e\x96\x13\x9e\xbe\xb3\x22\x9a\xe7\
\xda.I~-\xaf\x88(\x97\x04\x8f\xf4\x9f\xd0\xd7\xcd\
\xca\x91q\x1b\xe6\xe5H\xb0\xce\xcf\xa37\xa7\xf6\x1e\xa7\
\xc0D\xbe\x17\xef\x12x\x98\xd6\x06\xb3u\x8e1\xa9\xfa\
\xef\xd2`[\xde\xf0,\xf1\xbd\xe4\xb9t[\xaf##\
o\x8c'\xcc\x99\x90\xdf'\x86\xebR7?\xe8\xc7\xcd\
\xda,^\xe9\xe4\x92\xbf\xb9\xfe@\xa5\x1d\xcf\xe1h\xe1\
w\xff\x00G\xb3\xd4M.\xf2Y\x1d\xf9\x9eC\xaa\xba\
}X\x95\x9e\x9d\x99{\xa7\x93\x9b\xb1\x99\xf9\x91}\xbf\
\x1eK;\xf7\xe5\x85\x8e\x1eF\xe1?\x83z\xcc\x092\
\xdf\x89\xb9c\xe0\xe0\x1e\xe7\xf4\x9e%\x05\xe8\xbfE+\
\xbd\xf4<\x7f\xe9\x17\xf4\xfb?i\xef\x85\x1e2\x93c\
\xb8\xb1\x19\x99^5\xb1\x90\xdf&r/\xe1\x99\xa7\x7f\
%F=\xb0\xfaI\xc4\x9e\x86\xe5\xee|\x00f\x95\xf1\
\x9el\xa3\xcaPt1uZ\x11V\xef\x98\x8b+\x1d\
\xe7\x01\xf0}t+\xd3\xb7\xf4\xe0xr\xb8\x85\xfe\xc4\
>k}\x1a\x1f\x8a\x1f]\xbe\xc4\xb1\xe5S\xc8\xea#\
\xd1\xd6\xe7\xd9?p6\xe2ey5\x87A\xd1\xcc\x0f\
\x97\xcc|\xbegw\xfd\xc2T;r\xfd\x10rU|\
\xf2\x1d$\xff\x00tY\x7f;#\xaa\xe3\xd7\x80\xd7'\
\xb1)h\xbf\xcd\x85\xbb\xdf1\xf5\x1bq\xe2n3\x97\
\x0c\xcf\xf0\xac_\x9f\x8e\xf2~\x95\xcb\xa8\xddk\xf4I\
\xda(e\xeb2\x5c]\xe1\xe3\xfa-\xe5\xef\xfe\x10U\
\xd5\xb3\xba\xf5\xa1\x90\xcb\x11I\xe2}\xd1\xcf\xd8\xd0\xdd\
<\x90\xebG\x08\x81\x9c\xfe<38%.\xe2y\x1c\
P\xea\xddv4\x1f\xf7\xdc\xe0\xa8\xb6~\xc9+\x1e\x17\
\xe1`k\xbe3\xe2\x1b\x9b|,3\x8f\x92\xcf)\x0d\
s\xb0\xefr\x82\xb1\x18=I\xd0\x9e\x9d\xce\x03~C\
\xd4\x9d0\x97N\xff\x00CuLa\xb9:`\xf7\xaf\
\xe9\x991\x97\x132g.\x1e\xff\x00\xec#\x90+Z\
\xe9\x18\x0e\xa1\xa5\xca\xfc\x9c\xc4\xf7\xd9\xe07\xd4\xb1\x19\
\xf1\xd3\x0c\xc6q\xd7B\xa2\xb3%\xbd~\x8b9>\x8e\
N\xe7\x80\xd7\xd0\xb73\x1d\xfd\x94\x9a\xbbr\xe4IW\
D\xb0\x97\x17\xca?fN\xef\x0a\x15\xe1\xf8C\x1e\x87\
{\xe9\x9d/\xcf|\x12\xa8\xf2\xf2\xad\xc5w\xd1\x16]\
\x8d\x97\x0e\xdb\xe6\x85\xde\x1c\xf3\xec+>\x86\xe7S\x85\
iT1rw\x9b\x91\xdc\xfd\x09\xc9\xdf\x0c\x9dE\x17\
,V\xccU\xfc\x94Ib3}0m~\x86Fy\
\x96\xa2\x13I\xc1\xa3\xe7=,#s\x85\x0f)^F\
N\xa77a\xac]](,:\xe9\xc3\x177\x8d\xfa\
w\xb0\x8d\xc3=\xa2\xc4\xe7Nu!\xba\xe4\xd1\xbc\xfb\
24\xeeu\xbb\x89\x0b\x9d\xf9E\x0b\xe7\xe0\x85h|\
L\xe6\xecF\xbf\x93\x93\xb9\x02\xb8\x85J\xb2\xbf\x92\x17\
\x12\x08\xdcv\x7fG#?\xc3\xac|r\xc0>\xc8\xa0\
\xff\x00M\xd0\xea9\xfd\x19\x9a\xf6>\xd3\x89\xcdw\xa9\
Y\xb3g.\xbe\x18\xdff\xbc-\x8f\xf1js\xddb\
H\x05\xafC\xc1\xe5\x99\xb9o\xf6/\xebX~\xc9\xfb\
\xc0\xfc\xc3{e\xd0\xef\xfe\x8b\x17\xf3\xaf\x11r\xb1V\
\xdd3\xa5\xc6\xee\xfe++\x12\x93}\xb8\xe6T\xbe^\
J\xac\xd5\xbaM.%A\xd1\xf9\xea#s\xe2_\xf4\
\xcb\xa4O\x92\xdc\xb57#\x5cpO~\x07\xe9\x1d\xa4\
\xbe\xce\x1e\x84\xfe\xb5\xe3\x86\x11\xb7\xd9\x91\x9d\xa7K\xe1\
?g\xec\xbf\x1a<\x09\x93\xdfTdD\xe7\xc3\x04\x83\
E\xc5\xdf\xe0^8\xd5\xe5\xac\x9b\xbe&\xb2z\xa13\
\xd5e\xfe\xb2]y/\xde\x0d\xf9\xfd~\x84&_\xc3\
3s\xf4X.7\xa9\xfb\x1b\xa3\x80\xdfR\xc2|\xe4\
\xea/\x99\xbd\xd0\xa7Do\xfc\x16\xbf\xc0\xdd\xe4\xd0\xfc\
\x89\xd52R\xe1\xfe\x9c\x0d\xf9\x918\xf8\xd7\x91\xf5\xff\
\x00\xa4\x9e~\xa6\xf7Q\xb2\x82\x93#W\x96\xb27\x1c\
\x93\x1dNM\xe3\xa2\x15x\x95\xa9$,.c\xb2\xc7\
\xf6\xd4\xaf\x22\x8e\x0cpu\x1a\xab\xfeC\x92\xbes\xea\
q\x94_cl\xd1\xa1\x0dO\xab\x8f\xbb\xe3\x89\xf6}\
\x9c\x14Y\xa8\x9c\xb9Pkp\xfd\xf1\xc3#n\x17\xf1\
\x8f\x18\xe9z\x93,\xef\x14-u\xf3\x86\xb7fIE\
o&\x85\xc2\xd4\x1e\xa4\xe8kve\xae\xbeL\xf9_\
\x82\xf7O&\xe6\xff\x00,\xdc=b\xe7'q\x0d.\
2dDg\xc7\xd3\xf1\xbf_[\xb3\xd8\x83\x92\xab\xe7\
\x91\xb8=\x19\xd5{\xd0\xdc5\x81,\xee\xba\x90U\xad\
\x9d\xce\x82\x94\xa5\xf1qI\x11\x19\xf1\x12\xfc4\x82\xa2\
\xb38\xc3\x86\xda}a\x7fO\xb1 \xe7u\xec]\x9f\
'\xe0\xfb'\xbf<\x16\xf74D\x10G\xfa\xd4\xe1\xbf\
\xfe\x10\xdd\xc9\xd6_\xa1Z\x93\xacG\xd8\xdd\x8cf/\
o\xec\x8c\xd3~\x04\x0f\xd3\x8b\xad\x0f$\xfd@\xdb\x85\
\x9a\x15\x11\xe3\x1d\x8a\x17{\xd2\xd7\x1a\xf8.5\x1a\xef\
\xfc(\xaf\xf5\xd2O\xae\x0a\xa7\xc1\xa2l\xca\xf3\xa5\xc4\
V[\x88\x9f9\xbf\x81\xff\x00N\xa5I\x7f+\x90\xeb\
\xfb\xf4\xb8\xdb(\xeb\xfcBPT\xbe^\x05\xd9y\xd8\
\x03\xfd\xff\x00\xd1\xa2\x172luf\xa9z\x0d\xf0\xbe\
4\x14\xae\x06\xbfC&\xbc\xad\xdcE\x0e\x9e\x164\x1f\
&\xe8\xb1\xf3-u\xf2N\x9f\x82\x1a+\xab\xe8^\xe2\
z\xe1D\xb8$3h\xdd\xab\xc35\xb0\x15\xf7E\xba\
\xf2\x22j\xef\xf5\x86\xa7\xfb\xc8W3\xcf\x14\xd1\xa5\xbf\
bMoq\x15G<\xf8\x0d\x0c\x92\xee\x8d\xd3\x1b\xdf\
\xf0\xdc?#\xf8\xa3\xf1\xba\x10\xb69\xbb`K\xd6\xfe\
\x03\x94\xd3\xe0\xc59\xbf\xdb\x16\xba\xf93\x85\xd4\xbd\xd3\
\xc9\xe0zL\x1cS\xe0O\xb9l\xb0\xe9\x97\x09\x99\xb0\
\xe7 \xbb\xc8\xd3w\xfd\xe0\x0e]O\x87Y\x1f\xa5\x82\
\xf7O88g\xf5\xc1U\x7f\x1d0\x1c\xdf\xee\xc6k\
\xc5#]\x98,\xae&\x83\xa6*\xab-\xf2\x8f\x08\x93\
\xfb=\xbe~\x1d\x11\xd0{\xc6\x12\xa3\xa2\xdf\x07\x85\x9f\
\xeb\xf4\x89:\x03[\xb2\x1b\xa2 \xfaF|\x16\xfe\x94\
K\x82E\xdc\xdfd\x17}\x8eK\xf0;\x16\xef'\xf6\
nh\xf1o\xa8\xd0Q\xba3Q\x19\xa5\xf1\x91\xfe\x8d\
\xcc\xcd;\x9f\x05\x90QubU\xe9\xf4t38#\
\x8f\xfa!\x8b~r'uk\x05\x97\xc7\x7f\xd9s\xef\
\xd0k\x93\xb5\x0e\x84\xb5\x84\x95<\xc1\xae{\x1cO\x1f\
\xc0aS~\x06\x14\xbe\x7f\xa8B\xaf\xae\xd6\xc3\xc9\xc7\
\xf4o|\xdc\x8e5\x7f\x98\x08\x12q>T\xc8\x87F\
\xb8p/\x840t\xee\xa1\x9d\xde\xc40\xf8\xcc\xea/\
[F-\xc1\xb9\x9ajD\xf2\x9e\xf0t\x5c&\x17\xbd\
*v\x1d\xee7\xab^\xa2\xb9t\xf2iwbuL\
\x9a\xdd\x99\xad\xd9\x97\xff\x00\xa9\xa9\x06\x89\xcf\xc9g'\
\xd6\x1b\xd7k\x99\x939p\xda\xb7?\xbf\xd6\xde\xe5\x8d\
\xe2\xe3\x06|{p\xf5s\x08\x8f\xd1\xd5\x9dqB|\
\xbf\xd3\xf8\xf5\xd9\x84*\x87_\x06\xe7A\x0a\xe5Ef\
qo\x95>p\xddp\xe44n\xca\xa5\xbd~\xbd\x92\
\xe0\xbc\x0a&\xf4\x18\xf7~,+\xd9fp\xbciA\
\x95\xfe\xf6\xc1(\xa9\xc6<\x09\x5cbf\xed\xfa\x0c\xb9\
\xa5\x1f\xc3\x99[\x8f\xfa:\x02V\x14(\xba\xa2,\x9b\
\xfc0\xebw\x16'\xa1\x05\x17V_\xd3\xec\x87\xfeH\
\x85xKA\xb8\xc6W\x8f\xb9#\x9ezXj\xb1\xbd\
\x85\xaa\xf2\xf07\x04\xb8GQo{\xce\x1fz\xa7\xfa\
\x98\x88OJ\xe1\xc0P\xa3\xa8\xf8\x1d\xf4\x16\xee\xa4\x8a\
U.\x8f?S\xe6l\xf8-\xfd\x12d\xe3\xf7\x877\
a]\xc1\xcc\xb3\x9f\xecm\x09\xf3\x8a\xda\xc4\xf8\x13\x9d\
\xedR\x9d_\xcf\xf0w%\x05\x5cZ^L\xcd\xb9\x11\
)\xe3A\xb37B\xe7\xe7\xc1\xd0o\xd3\x00\xbf\x94\xe7\
q\xa6\xaa\x8d\x1d\xc3\x9c}9\xe7\xcfl\x9b)\xcb\xee\
\xe0\xa3[\xd4\x83_\xd7\xa4\x15\x03\x90\x7f.t\x011\
1\x10\xbd|\x8e\x9a\xa7\xc7\xf4\xa3\xe7\x1a&\x9ev/\
t\xf3\x870\xd8\x82\x08#\xd5i\xe8f<YBE\
a\x0a\x93\x05B\xa7\xca\xc2\xb8\x5c\xca\x0aL\x90.,\
\x11\xd3}\xeciwXnU\x88*\xea\xd9%\xa7\x9a\
\x92\xdd\xfc\xe0\xbf!_0\x98\x92\x88\xfd\x12\xb7\x8b\xe1\
\xc0j\xf2\xa7\xc1:\x99.\x8e\xd2MN\xdd\x0b\x1c\xb7\
g\xf8\xf0\xd0\xde\xe8n\x1f\x93\xa2\xb4\x8c\xfc}\xfb\x8e\
\xf4\xd7*\x11\x0d\xf0<\xfe\x86\xd6s\x92\xf0f\xfb\xb1\
\xb5\x8f\x9a\x92RQ\xd2\xb9\x0f\xb9\x9eB\x0d\xd7z\x90\
Z\xfcp\x0e\x02\xf4\xfa/\xe6~\x0c\x87X\xc8J>\
\x18\x87\xc2Q\xf6sS\xa9\x17\xfb>\xf3l\x9a\xc8\x8f\
\xd9_+\xce>\xce\xa0\x8e\xaf\x85\xcbz\xfd\x09\x09k\
\xf443\x9e\x0b\xf8k\xaf\xf2[\xd7\xe8\xd7v\xe0o\
<F\xe6\x7fn*\x97\xeb\x85\x05&L\xf9_\x83{\
\xa6\xce\x8b{\xce\x10Q\xdb\xc1\x7fO\xb1+\xc3Y\xc3\
\x22'>\x06DF|vr\x22s\xe0X\xf4\xf8\xbe\
\xdc8\x90\xe3\xe8\xa5\x03XoT\x94oQ\xa7\x14\xe8\
Q7\xa9\xad\xd9\x9f\xb2\xfb\xe0\x1b\xfa}\x96\xe0{(\
\x13;\xc1\x120IT\xe5\xd0\xb5\xd7\xc1QY\x9c8\
\x93\xe6n2\xc1P_+\xca\xf6{\xady\xc6\x08\xbd\
\xbex\xb4UVE\xab\xa7\x92\x85\xfb1\xa5\xc7\x1bt\
\x1d\xce\xff\x00\xc1\xf7\x1a^\x87Ck\xe4\xfdm\x1eO\
\xd2\xe6d\xae$\x22\x11\x07RY\x873x\x17\xd1\x81\
wC\x9b\xb0\x94\x1dO\xbc\x9b\x9d\xbe\x0b\xe8\xea/\x86\
E\xefdkvf\x83\x1b\x83\xba\xc1\x15]\xf2G\xe9\
\xf4nm\xd2\xe7\xee\xd8{\x9a\x05\xe4\xcbZ]\x8av\
\xcfW\x91<\xf3\xd2\xc5\x1a\xe2\x99\xd8\x10\xb9;\xcd\x8b\
z\xfd\x0e\x8d\xd9\x8a\xc5\x8c\xef\xa6c\xb4gQ2\xd1\
{\xd7\x98\xe9\xf0q\x15\xef\xe64\xb7\xcb\xecr\x1b\x91\
\xbd\xdf\x05\xce\x82t\xfc\x10U\xd5\xbc~G\xa6\x07#\
;\xce\xb7\xc0h#\xa4\xd0\x82\xaf\xa2\x11\x1f\x83\x88\xf9\
\x11~\xbf\x17\xd9\xcec\x09\xd1\xbfq\x977\xf3\x96E\
\x1e;\xd4l\xdd\xe4\xe4\x1f\xcb\xec\x00\x8ea\xfd\xb1\x19\
\x0b\xeaF\xe9\x1d\xb0\xcc\xcb18\x1e+\xd5\xdcV\xf8\
H\x99\xdeO\xf0\xbd0\xc9%gH\xb7\xc8G\xcf\x12\
\xd2f\xb0\xaa\xc2\xc9\x94*\xfd\xc4\x9b\x14k\x8abf\
\xbf\x13s\xd2\xa5]\xe6\xec\xa8h\xdd\xd1\x993\x95\xa0\
\x8f\x07\xd8o!=\xd2\x9ef\xe3BJ8\xa4\xfc\x95\
<\xbe\xe2\xf9\x7f\x99\xcc\xdd*\xaan~\x10h\x11'\
?\xd8\xdcW_\xe1%U\x1a.\x03z\x86\xfe}`\
\xa9\xdb\xf0~\xcf\x8c'/\xe7\xf8!\xa5\xc6G\xd3\x1f\
=\x84\xe7=\x9d\xd9\x0f\x178\xa4P\xff\x00E\x1c\x0b\
\xce;@\xff\x00O$\xb4j\x1fEugWR\x82\
\x93%\x82\x12o\xc1\xf4V.n:\x9f\x07\xb0\xaay\
\xae\xd6/t\xf0t\xbd>4\x12\x8f-\x0e\xbc\xa3\xb7\
\xec\xff\x00R\xf27:[\x0b9\x06\xef\x8b}`\xec\
_\xd3\xecW7\xba\x1b\x8e73t I\x993\x97\
\x0c\x1d\xdf7\xe7a\xd9\xf2~\x0a\xb6\xabo\xe0\xf9[\
\xd5v\xf2\xfd\xe1\xb8zM\xb0Ln0\xdcq\xbe\x1b\
\xa7\xd9\xc4sO\xb3r}\x9b\x9f\xc9\xf4*PVg\
f\xd7_%J\xe9\xc7\x9d\x0d\xc6e\x88\xcb\x8e\xa5\xbd\
~\x8b\xfa}\xe0\x9dS$\x082u\xc1\xa7\x06/c\
\xd7\x10K\xff\x00\xb2W\xc7_\x07M\xff\x00\xa2\xdej\
=\xeed\xee\xf0\xa6\x0acL\xa93\xc5\xff\x00J\xa1\
\xab\x96\xec+^\xf31\x22\xabwc\x22f\xe3}<\
6\xa3\x08/2\xd3\xc4\xe1O\x97\xc8\xf3*\x9d#\xea\
H*\xfa,\x11\x97Z\xf6\xf3\x07\xcaz[\x0b\x17E\
\xf2\xbf3\x94\x5c\xfcx>S\xd2\xc2K\xfe\x07\x09,\
\x92\x91\xdf\xc9\xaeb\xdd\xaf\x92\x89pH\x89\x92\xbeo\
\x85\x0f3\xc0\xde\xe5\xfc(\xd4+\x19:\x99\x0d\xf2f\
F\x9d\xcc\x9dL\xce>\x1fd\x15w\xc9p9?\x04\
\xdf\xcb\xf6 \xf8\x1d\xe2;\x13S\xc2\x83S\xc5\xdf\xa8\
\xac]\xf7a>\x94w\xf8\x12,\xea\xfc\x19\xba\x17\x1a\
\xea\x8a\x17\xcf\xc1#.K\xf9\xb1\xcd\xd8\x82\xaf\xa2\x11\
\xe1\xac\xe7\xf0v\xfb\xf6;\x0b!\x1f\xef\x11\x94VB\
\xa4\xe8\xd9\xde\xbb\x5c\xc8\xbe\xdf$*\xca\xfdI/\x1c\
!\xb2_\x86\x1b\xaf\x18\x0e\xa0|\x97\xe0C\x1a*\xea\
\xd9w\xd7\xe0\xddGrX\xbc\xe8jvc*\x9f\x06\
\x8b]|\x8b\xd7oT\xe8I\x7f\x7f\x81\xba:~\x88\
b\xcc\xb2\xeb\xc4\xa6:\xb1u\xc5\x14J%\xea\xb4\x5c\
\x11\xb0\xf7\xf5\xe4fex\xd6\xc5\x95\xb7\x9d/l\x17\
\xc1\x1f\xad\xc9\x93\x9bP?\xd3MD\x96\x83\x9eeG\
\x93\xb1.\x04\xe7{T\x86\xdf\x16\xc8\xe0y'Ro\
\xd7\xf6\x85#\xe2\x14M\x1a4\x1e\xf9\x12K5\xf2B\
\xad\xe5\xf3sz\x85d\xba.\x1d\x0d\xc7A\xees,\
\xf1 \xee\xfd`o\xb4\xa2oB\xa7X\xc8{\xf1*\
\xe6\xdbR\xf6\x09\xd1}\xd2wD$\xe6c\x7fJ\x16\
\x16s\xfe\xe2\xe8\x1b\x9d\x11Rq\x9a\xa7\x91\xea\xe9\xe4\
\xb0\xe3_\xbc/t\xf0v'\xf8=\xfdK\x0b\x7f\xed\
\xf0\xa0}\x0a\xd8\xbb\x1eW\x82Fs\xa8\xd0\xd6`\xdc\
=&\xc7DG+a</~\xa5\xee\x9ev~\xcb\
S\x7f\xf5>\xcd8&\x7f\x1c\xfe\x05\xdd\x9f\xe8\x877\
\x16\xeen8\xd8n\xa9\x83[\xb3\x13\xaad\xdc\xf2\xd6\
M\xd7\xe0\xa8\x9e\x06\xdc:\x09\x9a\xfcL\xc9x\x1d\xdc\
L\xbe\xf69\x9f\x1cq\x1eB\x7ff\xe5'7c%\
\xd0\x81'g\xc6hIEo&c\xdfDI\x17\x0e\
\xfc\x0c\xcc\xaf\xd4O\xd8\xfe\xc7\xf4|\x81\x1f\xb5\x0dq\
\x17\x82\xe0\xe1\xfe\x11\x85x\xf9\x15U\x95\x08\xc7}[\
\xb9\x91\x9d\xba\x16[o\xa8'_\xc1\xd0j\xaf\x8fL\
7.\x9e\x94\x93p\xdd\x10\xaa\x85\x0cs\x8d\xbf\xca\x8f\
#\xdf\xd7\x0e\x1bZ\x1b\xcd\xe0\x8d\xcf\xfau\xbb\xd7\x89\
\xc8?\x97>\x0b\x7fK\xe9\x06c\xb1\xc4D\xe5{P\
\xe6?\xa2U}\xbf\xa7`\xf8\x91\xb9\xd0y9\xbe\x09\
.\x9b\xd0\xf8\x9e\x00\xefT\xcd\xd3\x0c\x9dI\xe0\x99\xed\
\x06E\x1cwC\xca\x82\xe3y\xea-\x1d\xc4\x85N?\
Ex\x8a\xdai\xc4[S\xc7\xb4\x5cN\xb3\xbd\xb0\x11\
\xe1\xa4g\xf2p\x119\xde\xd59\x0f\xe1+\xfd\xe0\x9d\
\xff\x00\x1b\x0a\xa9\xd4\x86O\x16}\xf0\x7fBvd\xaa\
\xbf\x92\x0f\xee\xa3\xc9\xe8\xcf\xe5\x09\x81>V\xa5\x88\xcc\
\xce\xd1\xad\xb6/\xe9\xf6G\xfc\x1b\xb0\xbfC\x84\x13\x1e\
[|\xcd\xc8\xfez\x08\x92J\xb7\xc5\xbc5\xbb3\xb0\
W\xa4\x09+\xba\xc6E\x98\xc8\x89\xcf\x81\xc8Glh\
,T\xe7\xac\x0dYg\xb3\xcf\xa2\x9b\xef\xd0C\x93\xf5\
\xa2\xd0\xe5\x8d\xff\x00\xa2\x0b\xb9_\xc2?\xc2\xfd\x14K\
\x82Ff\x9d\xcd\xcf\xf0\xfa\xcd0\x1d\x19\xf2\x88*\xad\
\xe0\xeaA\xd5\xa7\xfbP\x83\xf5\xfa<\xaf\xd2\xe6\xe4\xff\
\x00N\xa0\xaa\xb1:\xcc\x9dF\xff\x00\x12\x8e#~g\
Q\xcbH\xb8\x8a\xdf\xe7\x0d\xcb\x86\x16=zd^\xe9\
\xe4i\xa3\x1a\xb7\xae\xcf\x85\xfe\xb1\xeeYPe\xbd<\
\x06\xd7_>\x18F\xaf\x8e\x19\x7fO\xb2\xc3\xbc\x5cv\
)\xe8\x86\x8d\xd9T\x8a\xde\xc4\xc7\xbc\xd3\x0f\x93~d\
\xfd\xb1\xee(5yk&\xe32C\x99\x91\xf0^\xe9\
\xe7\x1b\xdd<\x9a]\xde\x1a]\xd9k\xaf\x92\x82\xb1\x07\
\xec\xf9\xf7?\x07\xca\xd8\xbby~\xcd\x0e\xec\xea\x0dn\
\xcc\xde\xe9\x8b\xdd=/\x91i\x1f\xf3\x9c\x15\x0ez\x09\
h\xfd\x00t\x162\xd8\xb5\xd7\xce\xcd\xf8;\xda\x08\xeb\
\xd8\x8c\xdb\xf3\x1d\xec\xaf\xd7\xd9?/\x13\xab\xdd>\xf8\
&C!\x99\x0a\xfb\x1cT\xf6\xd1\x9a]\xd9\xc1\x7f\xc8\
\x15-?c\xbb\xe6\xfc\xfaw:\x02VL\xa7\x8e\xfe\
\xc6\xac\xf3\xc3\xc9\xbdv\xb9s\xbc\xba\x1c\x0b\xf0.\xad\
\xfd\x11r\xe8\xb6W\xe5\x87p\xbd\xd3\xc1n'\xfa~\
\xc9t\x8e;\xc1b\xe8\xbeW\xe6[\xe7}nF:\
_\x0e\x1f\x18\xbc\xef\x0c\xc8\xba\x91|\xaf\xcf\x0d\xd7\xf4\
[\xde\xf2^\xe9\xe4\xf8\x99\x05\x17Vf:\xbc\x90\xf9\
)\xf2\x81\x896\xae#\x9f\xf4\xd6\xad\xed\xd8\x98\xb8\xd6\
#\x87y\xb9\x09\xa8\xfa\xf0:\xab\xe6\xf0\xe8we\xf8\
\x9e\xc2\xfe\x9ffFV\x9do\x87\x01\x13\xac\xeba\xe2\
:\x90QU\xb2K\x94\xff\x00\x87\xce9\xaf\xc8\xb6\xd1\
/\xeb\x95\x0bm\xe7\x89\xf0|\xaco\x5cv8\x17\xc2\
!\x90\xc4\xc5y\xe3K\xfd\xe5\x82\xca\xeb\xf5\xb0\xddS\
\x04\x0a\xf5k\xb4\x96~O#\xde\xe7\x82j2\xcc\xde\
\xa9S\xf7\xeaP\xfdc#w\xa7\x13\x89\xfcFu(\
\xd7\xcf\xf7\xbc\x14\xad\xcf\xa4[\x0a\x0a\xc4\x1a]\xde\x0b\
\x0b\x0d\xbc`\x9a(\x84\x9b\xb0%\x03W\xa8+7B\
\xcd+\xfb<\x07o?R\xe44\xee\xe6~\x8f\x91\x11\
\xfd\xd3:\x9d\x97\xf6\x7f\x9f\xbb\x19\x97\x8f\xfah\xa9\xa6\
\xec\xa9\xfc\x0f\x91\xe9\x85KJ\x1a\xb3\xed\x99\xe5x\x15\
\xf8g2n6\xf9\xc3q\xdc\x8ec\xfc\x9c\x22\xf9\x82\
\x95HC\x86|L\xc3\xe01\x10Q\x97A\x10\xad\xd3\
\xff\x00D\xd2\x9e\x9f\xea,\xe6^\x11z\xdf$x&\
\xb8^\xe9\xe0\x9c\xeb3\x03&;\xeb\xe1\x16\xba\xf93\
\x0f#\xf5\x1f\x8c\x0e\xa3\xf8$\xa3\xbf\x9c4\x10]\xcd\
\xf6\xb6\x05\x05b6~\xcei\x8ck\xf9\xf6\x19\x119\
\xf02\x223\xe3\xe8#+\xff\x00E\xae\xbeH\x12~\
\xe7\x9c\x8f\xd9\xf2A\x17ru\xa1\xdd\xdb\xca\x83\xcd\x5c\
\xaf\xf4\x13\xaa \xeb\x82C\xb3\xe4\xfc\x1dcy\xc0\xda\
\xeb\xe7\x0d\xd9~\x86[\xee\x8c\x840w\xf6}\x0f\xd8\
j6\x15\xcc\xb3\x12\x1a\xc9_q\xb8o\xb5\x07\x90\x91\
5\x17\xfa)\xf7}\x1d\x07\xc7B\x0f\x84\x9b_=\xbd\
\x18D-\x86G\xddd\x8b\x06_\x1f\xa2\xac\xa8\xae\x9d\
Y\xc3Lk\x17\xa9)\xabJc\xad\x15\x1c\xff\x00\xa2\
\x7f\xa7\xdd\x8e\x83\xd3\xb1q\xae\xa8\xa1|\xfc\x1c\xdd\x8f\
#\xd6$\xdc\x5c\x92\x89\xc9\xd2yh>\xadW\x8a\xb0\
\x91Ff\xe9\x88\xcc-\xcc\xf8-\xfd2u#Q\x7f\
O\xb1\xb83V\xff\x00\x8c\x0en\xd8\x8c\x8f\x9192\
u#\xb7\xfeH\xc5\xc9\xdem\x88\xd9\xbe_\x1a\x99\x0d\
\xf2e\xfd>\xc9J\xd5\x1b<\xa1s24\xef\x83\xdf\
\xfe\x1c\xdd\x84O\xe7<\x0b\x03\xe1\x81\xa8\x8c\xf8\xe8G\
\xa0\xd2\xdf\x11\xfb\x1a\xc7\xfd\x92\x8eKW\x89\xb9\xe2n\
4\xf8*\x1b\x01.o\x92D*2\xb4\xd6\xf7\xc0o\
T\xb3\xb5\xa9k\x0b\x8b\xa2Cr\xe9\x9b\xa7\x81\xd6\xc9\
\xcdn\x86\x9cY\xf2*\xb2S\xa5\x84\xd7\xfd\xfe\xe1S\
r\xfa\x1c\x93=\xfes\x15K\xe6o\xc4q\xbd\xd7v\
PV \xcc\xcb\x8e\x9c\x0d.\xeff\x0d1\xba\x22\x0e\
\x8eK\xb3\xef\xd7\x02Mo!\xe6g;\xe2\x9d\x04\xd2\
\xae\x22\xf5\xdab\x15\x1a\x95\xe0wg\xbd\x06r{\xc6\
\x05\xdc\x93\xf1\x81\xf3v9\xbb\x0c\x5c\x9d\xe6\xe7p\xdd\
\x1a\x8c\xeb\xc0l\xd6\xe0A\xb9m\x16\xe7\xf7\xfb<\x0d\
)\x11z\x96\xf5\xfa \xa2\xbf\x813_\x89\x90\xba\xbc\
 \xed\xea\xe8u?\x1d\x8e\xd3.\xe8\xbc\x9fC\xdb\xae\
\x03\xfd\x87\x11\xd5\xcf\xcf.\x06nk\xc1\xb9\xd7\xf6^\
\xe9\xe4\xa2oB\xdfO#_j\x19\xf2\xaf\x07z\xb9\
T\x92.\x1d\xf8\x9f}\xbb\xcc\x95\xf6\xc8k\xafa\xae\
\xbd\x8e\x87\xef\xa1\xb8\xe4~\xb4\xf9mN\x7f\xc67\xba\
y\x1d\x8b\xdd<\xedN\xbf\x832g.\x1e\xb6d\xce\
\x5c\x0c\xc9\x8c\xb8\x99\x8f}\x17\xa1AX\x81\x0a\xbb\xc0\
\xec%\xee\xf0~\xc2s\x9e\xff\x00^\x88\xc4\x22\x10\xc6\
|#\x04\x89*\xeciwe\x13z\x9a]\xd9\xd4\x83\
S\x88\xc8V\x5c\x97\x82M\xd6c\x1d\xfd\x97\xd9?\xc0\
\xd7N\xf2\xcf\x91\xb6\xbcM.\xef\x0d.\xec\xfbX\x1c\
\xaa\xeb\xa8\x9e\xfe\xf7\x22\xa3\xaac\xa9s\x8bR\xf7\xfe\
\x09r5\xd8kb\xbd\xbf\x87\x15\x1fB-\xe3\xd6\xb6\
\x09\xf6\x18\xde\x9cp\xaeg\xc2W_\x92'\x95x\xfb\
\x91-\xed\x05);\xdf\xf9\x87\xc8\xeanW\xeb\x05\xbd\
\xd3\xc9\xc8N\x93\x19\x5cK\xb3\x97C#~v\x1d&\
\xe3O\x22\xb6\x9fx>\x0b\xff\x00\x0d\xcf\x90\xe0\xddf\
n\xde\xf7\x22\xe0\xef\x87\xc1\x7f\xe1D\xb8$h;\xf5\
\x12\x8c.~|a\xe4\xfe\x86\xa9\xd6t\xf2fgh\
\xd4\xb8\xd7TC\xff\x00#\x90\x99\xeb\x16\xb9g\xc2\xc2\
nps\xd5\xd7\xfd?\xcf\xfc\x156\x8a\x7f\xa3\x95\xaa\
7\xd5\xfb`#\x7f\xce\x0f~\x87I\xfc\x7f\x06b\xb3\
\xbbx}z\x0duW>AB/\xf8\xe8X:\x19\
\xa7\x9fM\x93\x94J\xd8\x17\xf7\xc8\xab^\x9cm\x94\x1a\
\x1d\xd0\x9b\xc3\xe3\xfa4\xd3\x22Q\xbb'_;\xdcI\
\xb3\x97\xd9:\x97\xee+J\xf7\xcd\x0e\x1co\xb1}\x07\
\xa5\xdd\x94M\xeaA\xa67g\xd1hh\xbfc\xea\xf2\
|#8\x14\xcd\x0e\xfd\xb7\xca&O\xba_\xf2\x94\x93\
\xbf\xb7\xf1\xd1\x9b\xf5\xe2\x5chw>\x99\xb3\xc0u \
_\xe2]w\xd2n|/\xf1\x1ak|\x17/:\x9b\
\xff\x00\xe1\x993\x97\x02\xdc\xbe\xff\x00G\x15\xff\x00 \
\xb0\xe9\xfb\xc1\x5c\xcf2m+\xcd\xdf\x81{\xa7\x93r\
w5'1v2cC\xa9|\xf0\x81-\xf1\x9cp\
\xe8^\xe9\xe4g\x87\xe8\xa8\xe8\xfa\xac.z'\xdd\x5c\
\xb9\x16t\xf0>\xf5K\xdd<\x9d\x05\xf9W*\x1b\xfa\
\x93K+\x19\xcei\x95:\x19O}Q\x9e\xea]\xd1\
y\x129/\xd4\xdcdj\x9eUU#O\xc9\x08z\
|\xdf\x0b\xdd<\x9f_\xa2\xbc?(v\xf2\xfd\x94M\
<\x96\xba\xf9\xda\xff\x00W\xb6\xdc\xbfG\x15\xf6\x90M\
\xfa\xe1F\xb8\xa685\xaa\x99\xe5\xb4\xb7YLc\xcd\
\xd8\xdcdC!\xe1D\xde\xa2\xd4\x9dq\xbd\xd3\xc9b\
+\x1cH>A\x17e~\xbe\xd3\xf6\x19\xe1X%%\
\xdf\xdfI\x92\xff\x00O&X|\xab\xa4b\x9b\xfb\x1f\
\x15\x96\xfd\xc4\xbf- \xe0\x0e%\xd6\xf5\xc4\x94\xdb\xd6\
{{\x18\x90L'\xc2\xf0sk\xb8\x8e\xc5\xf2\xb9\xbe\
\xe4\x8e+\xe4\xc9x\xc2}\x91\x13\xcd\xc4\xd3\x80\x9b\xee\
\xe1\xa9;\xa3\x0a\xb2\xee|H\xfb\xd4(\x93_\xa4X\
\xc8)\x0b\x96Zg>\x06N\xa4\x95qmx8\x8d\
-\xd4M&\x86\x97w\x82\xf2=bp\x8d\xcf\xfaX\
\xfcy8\x08\x9c\xefj\x9b\xbb\xd0U\xab;\xf8?\xa3\
\x13\xdc\x97f\x1agK\xa7\xf4L\x9d\xb0P\xdb\xe8/\
\xa3\xee\xc5\xcf\xcf\x83\x9b\xb6\x19:\x95+\x97\x9c\x13%\
\xf8\x99\x9aw\xc36\x7f\xce\x97\x19\x88\xbeN\xc4\x03{\
\xfc\x11\xe8s>D\xee\xb0\xbeIp\xdd\x1d\xee\x1b\x87\
\x9fC\x80\x89\xce\xf6\xae\x19:\x94\x15\x88>\xc3\xc3K\
\xbb(\x9b\xd7kr\xe9\x18@5\xf8\xe0%\xf9^\x90\
I{\x90\x5c^\xf2\x88\x1c\xa3(\x11\xd1\xdej(N\
~N\xa2\x84\xdd\x0e\xec\xecH\xaf\x07\x9d\xfb\xad\xae,\
\x91R\xca\xddL\xef5\x05\xea\xf0\xf23\xed\xf43\xf3\
\x88\x9a\xbd\xe9\xbc\xe1*5\xdf\x81)\xfa\xe9\xcc\x5c\xb1\
:a\xc9{\xe1o_\xa3K\xbb9\xa9{\xf5\xf5?\
\xdf\x96b\xe43\x19\x06\xea~\xc7\xab\xa7\x91\x95\x7f\x91\
jp\x7fdH-L3\x1aG\xd1\xbd\xd0\xb7~(\
\xdd\x7fK\xdd<\x9f\x07\x0d\x03\xa0\xf4s.\x5c\x87\xb7\
+\xfd7_\xc3\x80\xdf\x91B\x9b\x94\xee\xbb\xe4dg\
~\xa5\xfb\xc4I\x9f7\xda\xd8\xcdt\xff\x00QD\xd3\
\xc0\xf5'C\xe5\xcb\xf9%>:o>\xbd\xbd~\xb0\
IDe\xd0\xf8WH\x1a\xfc4\x83q\x96\x10Q_\
\xc6\xcaf\xbf\x1fM\xf2\xbf\x96}\x86y?8\xbfj\
\xcf\xe8\xf0\xbc\xef\x06\x97vPV \xa8\xac\xce\x15\x1e\
K\xf8Ym\xbe\xa0C\xbd\x9d\xba\x90\x11\xec\xf8.b\
k77\x8d:\x0f\xfbr\x11\x1f\xee\xe3r]\xe9\xe4\
\xb7\x7f\x93>U\xe0\xea\x0d\xc7\x1b\x13\xbf\xa6u\x913\
\x80\xe6\xff\x00\x87A\xf0FS\x1e\xcaK\xe0\xd3\x8d\xe7\
0\xcf\xd8;g\xc4\xb0\x82\x8b\xab\x11C2g9\xf9\
>\x11\xd6\xe5\xf7\xf1>k\xff\x00\x0f\x9c\xf4\xb1\x1b\xfe\
G_\x0f\x95\xd1g\xc2\xaby\x8e\xa3{\x97\xf0\xde\xd3\
\xc9F\xb8\xa6p\x13\x19\xda\xf5\x1aI\xa1q\xaf\x82\x0a\
\xb8\xb4\xbc\x90U\xf4X\x0au\xef\xfc9\x07\xf72\xfe\
\x9fe\x8b&\xf9\xdb\x99\xbdq\xc4G\x14\xdf\xec\xb0\x89\
\x8do\xc4[\xff\x00\xd1\xb3_\x80\xd4x\xfec\x12J\
\xaa4\x5ck\xaa+\xf8\xabW\x89\xc9\xdcY^X\xe9\
FV\xf0!\xf3v\x8ba{\xa7\x92\x5c\x1f\x97\xe4\xb3\
\xfe\xef\x92\x05>k\xbd\xbd\x09d\xbc \xdc\xbd\xf0=\
7\x5c\xa6\x87!\xd8\xb5\xd7\xce\xdfa\x9fE\xeb\xc3\xd5\
\x0f\x8d\xd9\x8eG!\xa0\xa3tk\xf82\xe7^O\xad\
\x5c \xa4\xae\x8b\xe5\xe4J\x14p*\xdf\x16\xc8\xde\xcf\
\xfd\x13~V\x13t+\xf4G4<\x99_\x9a/\x04\
e~\xb2n\x82\x1e\xab{\xd0\xe6hY\xb1o\xf8%\
\xc9\xb0\xb7\xbf\xee\x1d\x06?DTR i\x84oo\
\xa3#;\xce\xb79\xdf\xbf\xfaM\x15(\x9cq\xec5\
]<\x0b_\xec\xe5]T\x92M\x1ax.\xef\x93*\
/\x84Q.\x09\x1f\xe6\xbc\xe4ot-\xe3\xcfvY\
\xc9\xf4\xc9t\xef\xf4\x5cMo\xc3\x07\x11FO\xc9\xdd\
\xcb\x97<o\xae\xbf\xce\x05\xfd>\xf0\x5c\xcf\xcc\xe2\xf7\
\xbe\x1d\x0f\xcfb\xd7_&\x97w\x81{\xa7\x92\x9f\x1d\
7\x93K\xbb\xf5\xeft\xf0q=b\xc3tD\x14w\
\xd0e\xd4\xcb\xed\x95Q|\x5c\xa9\xfa\xcef\xe5\xcd\x93\
\xc2\xf7\xea2\xcag\xf4\x8bz\xfdz\x0dI%\xb8\x18\
\xcc\xde\xaf%\x09\xa7\xb4\x9b\x8c\xf6.z\xfd\xfe\x8e\xa0\
\xd2\xee\xf65\xbb1\xb93\xe5~\x0c\x8c\xad\xd4\xb5\xd7\
\xcf\xb4\x92\x18\x92w\xff\x00B\x89\xbd\x0b\xdd<\xe3D\
\xde\xa3\xe2\xf7\x96&\x92+\xf1\xb7J\x91\xbb\xe2Fo\
n4\xc0\xa6\xaas\xean;S\x01\xee\x1c~\xabo\
J\x11\x0b\xd3Sc\xe3\x15\xe1je]\xe5\xdc\xe5\xb2\
\xa6dI\xa5\xd5\xf5\x12\xe4'\xf5#\xde\x91b5\x82\
\xd1Z\x13lM\xb7\x06\x8a\xd2\xb7j\xb9\x89Te\xa5\
\xe6\x8c\x99\xf3\xed\x15E\xcb|\x8b\xa4\xfb>\x19T\xdf\
\xd1\x09d\xf9\xfe\x0aI\xe4\x82\xe7\xa4\x10\xd1_\x8f\x01\
\xd5\xdf)\xf9\xa0\x99\xc0x\xfa4B\xf5\x8f\x82\xff\x00\
\xc3!\xbeO\x09\x9b sv\x1bm\xf1l\x83L\x94\
\x12\xfb\xdb\x91.\x077lC\x91\xef\xe2&\x5c\xfeu\
-\xef\x96\x14k\x8abP9\xb5\x8b\x1b\x97fPN\
.}\x1d\xfazl_\xe63tw\xf2?\x83\xc76\
\xfe\xfeMB\xff\x00*uL\xaf\x83\x17'y\xbf\xa0\
32\xb7C[\xb3\xc2\xa2\x91\x18P\xb0\xf7\x19\x1d\x13\
z\x09\xbb\xfb$\xe7\xecT\x82\x18\xbaH\xf9\xcfH\x83\
=\xdc\x04\x93\x81\xd4\xec\xce~\xd867\x14\x9c\xae\x13\
)L\xc8:\xd5\x0f\x0a:\xa5\xff\x00\xb3\x07\xccO\xcf\
\xac\x1f\x13\xf7\xc2,\xd9\x9f*g\xfdd\xd2\xcf\x0d\xd0\
\xe0>\xfa$j\xf8\xfd\x9c\x1dk\x1e\x08\xe4$q\x86\
C\xd5\xbf\x14\x1b\xa9\xf9<\xeb-B\xb9s\xcb9*\
8E\xb3v\xa2\x0e\xf7\xdd\x99\x0e\xf2nuC\xb7W\
\x80\xce\xb7\xef,;#\x82\xd2\xd5\xfd\x93Y'\xe4O\
\x0b\xdd<\x1c\xc3\xe6\x8a\xbeL\x8f?(\xe2<\xbf\xd2\
\x12\xf5\xf9\xb6\xc7a\xde\xc5\xee\x9eM\xee\x98nq{\
\x5c\x82\xaa\xde\x0en\xde\x96fW\xeaden\xa5\xb9\
y\xef'BL\xde\xf3\xd8\xb0\xeb\xdc\xa8\xf5}q\xc8\
\xce\xdd\x09\xe9\xdc|\x19k\xf7s\xa3\xb9\xc0:J\xe8\
\xf6/\xc4\xc6Fw\x9dn7D@\xacE\x99\xdf\xa9\
\xe5y:\xaf\xad\xf5\xd8\x83D\xe7\xe0\xdclU\xdez\
\xc1QH\x82\x04\x99\x0e\xd84\x5c[\xa6\x17\xbay\xc3\
\xa1\x9bx\xbf\xb4\x9d?\x03}\xf7>\x82|\xb9\xff\x00\
`\xb5\xd7\xc9\x05\x1dS\xc6\xf7O&\xe6\x9d\x88'.\
\xfe#\xd1\xd7\xc9%\x9d\x17\x93q\x91\xc4\x1et^\xe9\
\xe3\xdc;\x99DP|S\xf0\xe4qw\xc8\xe4\xeep\
^:^\xa4\x97\x8fa\xad\xec\xbf\xd1;\x1a\x94\xbaL\
\x8d\xc7\xc2{\x10\xb4\x09R\xddD^\xe4\x8f\xbb\x1f\xd5\
\xa27I#E\x17\xf8,72o.?Y\x0fF\
\xf9\x8d\xeei\x0f5\xfc\xc7\x97\xb8\x94a\x93\xa9{\xdf\
\x8e\x1d\x82w\xfc\x0a\xb5g\x7f\x06\xfa\xbfc)\xd2\x06\
\xf1\xdfw\xef\x8a\x92\xe5\xden\x5c\xba-\x95\xf9\x1dW\
\xd7,*\x1c?T-u\xf2J?D\xba\xa3\xc35\
m\xfaM\x08*\xef\xe0\xbbY\xfe\x924XH\xcb\x93\
\xfe\x9a\x8f\xa6[\xd7\xeb\xd1\xbd\xd3\xc9\xf6\xeb\xbd\xcd\xee\
\x82\xd4\x9dM\xc7\x1b\x89'y\xe2\x5cu\xfd\xe3\x9b\xa1\
\x13\xdbh\xec\x7f\x0f\xbb\x1b\x9f{\x0fz\xde\x0e_\xc2\
\xfd\x97>B\x18\xebFn\x9e\x0b]|\x9fZ\xb8C\
!\x8d%\x83\xa6u\xe4C\x87q\xeaJQ\xa7\x0e#\
\xaaj\x8b\x98\xa1X\xed\xa0~\x91(\xf39\xdc\xd0\xfd\
\x08\x8aU\xa1\xb5{\x0cb\xbb\xf9\xd6\x04\x07\xcatL\
\xc4\x9e\xa0\xac__\xad#\xbbi\xf4?\x03\x97\xeb\xfd\
\x97\xbax7\x96G\x17\x9dy\x9b\x8c\xc7n\xaf\x01\x99\
:\x91\xd7\xb1\xf0|\xacr\x1ff7\x99\xfe\x8dO\xf8\
\xfa`nUpE\xf9\xf6\x9c\x0d\xd6\xb4\xc1\x99\xdf\xef\
}\x8d\xea\x19\xf8\xf6\x9e\x03\xd4\x9d\x0a&\xf5(\x9b\xd0\
\xbf\xa7\xde\xdcI:\x02\x0a+\xf8#\xafb\xfc\xa7\xb7\
\xe8\x94Y}\x04\xe44]\x8e\x84\xf3e\xfd\xf2\x12\xfc\
4\x8c\x0f\x83\xe9\x90h\x9c\xfc\x10\x8f\xb0\xfe\xc4\x02\x86\
\xd3\x9f\x03q\x91{\xa7\x82\x84\xd3\xdaE\xbd\xff\x00\x0a\
\x87\xde\x11\xa7\xe4\xf8\xa7~\xbb\x1a]\xd8\x8f>?\xe9\
\x10\xad\xebAq=\x7ff\xf7B\xdeM:\x16Z[\
\xbcp2\xe7~D4\xb8\xc9e\xfc\xec\xb0\xb1\xcf\xdb\
\x0dx\xbe\xc3\xdd?\xc0\xcf\x87\xe3\xe2Jq\xfc\xb1Y\
]\x88o\x89\x06\xcdn\x07\x93\xfe\x9a]\xd9\x02\x95Y\
\xfd\x99\x097\xa2\x03'\x8f\x99\x93\x7f\xd7Cs\x7f\x94\
}?^\xa8\xad\xeb\x22\xbf\xda2k^/\xcdI\xcd\
\xd8\xebJ\xdeN\x22c+^\x85\xcb\xa2\xd9_\x96\xc8\
\x04\x9c\x99Y\xe0\xd9/\xc0\xa5\x0e\x8cI9\xact\x89\
\xe4[{\x8f'\xd6\xa6,\xb7\xfa\x13%\xf8\x97\xbay\
>&U\xf8im,I\xaa\x95\xc2\xd3\x91\xa0\xfbf\
\xe3\xc1\x0e\xa9]Q\xc8?\x97\x1e\xed<\x0c\xf0\xd6r\
\xf8>\xf5EZ\xb3\xbf\x8c\x07's\x98\x89\xe96\xb9\
U\xcf{(_?\x03\xdf\xfe\x10U\xd5\xb3\xe3\x1do\
\xb0\xd3\x91\x94\xe1\x0e\xa5A\x05\xbd\x1e6\x97\xebk\x9f\
!\xd7\xa0\xdc\x9b\x8c\x8f\x07\x7f\xf4\xbd\xd3\xcf\xa3\xfe\x22\
\x1c\x1d\x88\xb2\xad{p9\xb8:\x03&\xfe\x1d\x1f\x9e\
\xa4-&B:\xc2U\xf2\x1dh\xce\xdeL\x88l\xf8\
\x11vv\x8dm\xb1\xf7\xab\x8d\xfd\xf2\xf4/t\xf2u\
\x18kvd\x94V\xf3\x86\x97w\xb1\xd4\x11\xd7\xb1\xbc\
\xbe\xc4VS\xe1\x81B\xc9\xa5\xb9r\x16\xfcP\xf0\x8a\
\xe6vJ-\x8f\xe3\x8f\xc5\xd5\xe4\xa3\xa9\xd3\x22\x15\x11\
\x19\x9b\x9d?BX\xb2\xa9\xc2\x8e\xbb\xf19\x9a\xddx\
\x9e\x17\x93p\xb5\x8b\xe1r|\x19\x0e\xf0g\xb8\xb7\xf4\
o>\x0e\x02\xc6\x89\xa7\x83K\xbb\xc3K\xbb @\x9f\
*\xfc\xfaGU\xf5\xbe\xb8\x09IsZT\xcc\xd7\xb6\
\x16\xba\xf9\xc3K\xbb,o\xdc\xbf\xa7\xde\x16\x8dn}\
\x04@s\xc1\xff\x00\x1b\xc6\x04\xaar\xe1\xa8\xec\xf9?\
\x1b\x1a-\xed\x1b\x1a]\xde\x1d\x09\xe6\xcd\x0b\xe4\x9e\x9d\
\xf0\xb8\xeb\xfb7\xb3\xf6#G;\xa4n3\xf6\x8d\xc0\
\xed\x0a\x8b\xf0t}\x89\x98\x9d\xeeI\xbf{[\x05\xfa\
~\xa5V\xa9\xf2D\x1d\x1c\x99\xff\x00r\x89G\x1e_\
\xc9>Y\xd0nw\xd4Q\xd5\x89\xb1*\xa5\xcf\xf7\xeb\
\xabzR\x89X\xcdo\xef&d\x89}\x0a\xfb\xb9\x09\
uj\x07c<\x8f\x9c\xf4\xb1Pw_\xcd\x8a\xf5<\
\xb3\xb2 \xa2\xea\xcc\x86\xf92'\x87\xecT\xe7\xb7\xc1\
q\xae\xab\x02|7\xf8%\xc4\xaa\xb7\xf1\x15\xcc\xf35\
\xbb<>\x81\xe5\xd4\xf9\xcfK`*\xac\xa3\xad\xcb]\
|\x91\xa7\xe4\xb5\xd7\xc9#.k\xf9\x8f\xe9\x84\xfb\x22\
\xe5\x93l\xed\xc8\xb9\xf9\xf0dk\xd8\x8d\x7f&F\xdf\
\x06C|\x9e-\xbd\xfa\x19\xd9\x9b\xb4&;3\xad\xbe\
G\xdb\xeb1\xfa-aa\xd3\xf6n\xf5-\x94\xdf(\
&\xbf{\x95\x1d\xe5\xdc\x5c\xf7\xcf\xfb\x85\x05&J\x8a\
Dc\x06\x8b\x8b\xbf\xc1\xb8\xe3af\xeb\xf56\xc0\xc9\
\xd4\xb0\xe9\xfa(\xef\x1d e\x0b\xe7\xe0w\xdfn\xf3\
$\xb3w\xa8\xdb\xda\xbd\xb1\x05\x17Vdey\xd2\xe7\
A:=\x1eD\x94qI\xf9\xf4(+\x10Q7\xae\
\x11\xd7\xb6\x14\x14\x997\x1cl|\x1fH\x81&\xe2\x96\
\xc1\xeaN\x87\x91\xec>\x88\xee\xa84\xe3\x80&\xa2&\
\xbc\x99\x06]\xd8\xd9\x9a:\x09\xc5\xda\xc4\xbe\x04\x1a#\
\x83\xb9\x16{!\xf7D\xf0\xa44jq\xa7\x12\xc3\xb9\
\xd4\xea5\xc3\xe3\x0bn_\x7f\xbc\x15\xb9\xfc\x0f\xe0\xc1\
\xb8\xcf\x05\xdc5\x94O\x87\xe5~\xb6<\xec\xd6\xec\xcb\
]|\x95\xbf\xdb\x1c\x05\xf7\xb1Mn\xbb\xf9\xc7~\xf7\
\xbe0Q_\xc0\xb4#\x5ct\xbb\xb2\xf7O\x05]\xe7\
\xa4\xe1\xb8\xdb,i\xfda\x1a]\xd9\xb8\xe3r\xd7_\
'$\xe1\xcb\x91\xdeN0\xc8x\xcfN\xe6\x97vZ\
\xeb\xe7\x1dn\xcfc[\xb3\x1c\x0by:\x8c\xce(s\
\xe3\xe1\xda8\x0d\xe6{\xf9BQ?\xcc{]\x11\x12\
\x0b\xe9\xd8}\x8a\x9f3\xa2\xfcA\xfb}pz\x93\xa1\
\xbd\xd4[\x8c\xeeN\xb3x\xf93\xdf\xbe\x17\xc0\xbdS\
\x94\xb0\x7f\x7f\x1e\xed-\x869\xfeb\xb0\x22[\xbfb\
_4.=\xdd\x09\xa0\xa8\x91\xd7o\xe7\xce\x0e\xd5f\
^\xa3QUc!\xe7?f^\xa2\x83\xa7rW\x0e\
\xe2J\xa2\xb9\x92\x95\xaa6\xdeJ\xdf\xa0\xbf\xe3\xe0\xce\
o\xc0\xb9`\xdc\x0c\xea\xed\x14b\xfb}\xe1\x93\xa9\x9b\
\xa1%\x1d\x1a7_\xcc9\xbb\x13\xcc\x7f\xb0kvf\
N\xa5J\xf8\xf21rw\x9ba\xe06t\xc0;\x99\
\xe4n7\x97\x87E\xf7\x96\xe8\xdc\xfepj\xd0Lg\
\xd3S\x22iW\xe2\x9e\x9f*~\xf02;\xf5e4\
R\xf9\x173^D\x09\x17\x16\xff\x00\x1f\xac\x1fP\xde\
,\xc8%\xc5w>\xdf\xbc\x18\xcd#~$f\xeb\xfd\
(=V\xa8z\x11\xa0\x9e\xd8\xfb\xd4\xd9\x16\xba\xf9\xf4\
\xb5\xbb2\xf7O%EfN\xab\xef}\x0a&\xf55\
\xbb2zw\xc2\x89\xbd\x08*\xad\xe0\xab\xe5b\x1f\xe5\
q\xe0fen\x85\xfd>\xcb]|\x9b\xae<\x8f\x98\
u\x05\x05b\x0a\xea\xb7\xf0=I\xd0\xfa\x0f\x1c\xcc\xad\
\xd0\xbd\xd3\xc9\x1c\xf3\xe2\xe5\xee\x9e\x0f\xb2)3nt\
e\x8b\xe0cm\xb9\xf2n9\x13f?\x92\x1d\xc0\xe0\
\xf4\xc2\x11\x08\xde\xeaiwx=I\xd0\x81\x04u\xec\
d=\xf5[.\xfdb\xde\xbfGPiwxnt\
\xbe\x1a\xdd\x99\xc5\xebu5\xbb3C\xf1L*)\x11\
\x86\xb7fn8\xd8\xea\x0f\x93\xf7\x91\xcd\xd8\xf8\x0d\xb2\
4\xbb\xb1/\xc3H4\xbb\xbd\x9e%o}\x0d\xc6E\
\x0e7\xd4\xfe/lU\x87\xbd\xcc\x86\xbd\x85W_\xca\
\x1a\xf6\xdb\x93\xe2h]\xeb\x89\xec\x8c\xaf:\x5c\xaf\x0f\
\xc27\xba\x1b\xddK:\xdb\xcd\x0a\x7f6-\xc7\xa1\xb9\
\xd7\x04\xea\x99:\x87\xad\x06\x8b\xf5\xcd\x0f\xea\xf7\xf7\xad\
\xe3\xe0\xbe\x7f\xf0\xe6V!\x0a4\xcf\xa4\x0d\xcfw\xc2\
\x82\xe9?\xd1\xb9\xf0>\xf5H\x0b\x0f\x9bT\xa3=\x12\
\x1a\xb9U>\x91\x02f\xd7~\x0a\x9a\x8dG\xc1\x0dO\
&\xd5\x1f!Sh\xa7\xfa5J\xb7\xbeBn\xac\xae\
N\xe8*C|\x9e\x1d\x0f~_\xc19\xcd\xbf!/\
\xba\xd9\xa7\xe9%\x04&&\xb6\xbdL\xdd6\x08*\xea\
\xd8\xd7x\xff\x00\xa5\x8b\xa2\xf9_\x99\x93\xa9\x04\xa5V\
\xe3\xd0\x00\xdd\x7fpU\xab7_\x22\xb15\xb9\xaet\
/N\x19\xfc\x14\x8d\xb3\x0b\x8f_O\x99\x9f\xd8bJ\
#.\x98o]\xaeU3\x9b\xe9\x05\xc5\x7f\xc1\xdcc\
O\x83$\x97r]_\x17o\x83A\xdf\x83()\x10\
 \xabk\xe4\xde\xe9\x83^\x80\xa2\x5c\x12\xc2\x0a.\xac\
C\xe6\xed\x17\xf54\xbb\xbd\x86\xd4G\xec\x9f\xf55\xbb\
3q\x99\x9a\xdf\xaa>a\x7fO\xb2\xba\xad\xfcb'\
\xf1$ON\xe6\xf7Sq\x99\x07\xfa\xb3\x88\xdf\x99q\
\xd7/\xe8\xd0\xce~lL\xafz\xd4Z\x93\xa9\xd6\xf7\
\xf9 \xe4\xaa\xf9\xe4n2:\xb1\xe5\x99\x0e\xf2F\xa3\
\xa6\xf4%\x10\xc9j\xed\xe4J\xab2F\xe6v3~\
\xfe\x08\xc3\xaf\x1e\x04\xdc~<\xa2\x5c;\x99\x99[\xa1\
\xd4\x15\xfd?>q\xa0\xa4\xc8\xee\xf9\xbf;\x0dr\xce\
\x87@[\xd7\xe8\x82\x8e\xde\x0c\xcf\xf7\x92\xd7_$\x94\
V\xf2IEo8\xdcu\xfd\x1a]\xd9w\x22\xf2\x8a\
\xea\xb7\xf05\xcf:\x1a]\xd9{\xa7\x81\x97\xe5\xde\x0b\
\x8e~\x95\x8d\xfb\x95U|\xdc\xdf\xfdI\xb8\xcc\x82\x0f\
3^\x7f']~\xc2\xbf7\xd8\xbeGk\x09c\xce\
\xa6\xe3/o\x12G\xf2)Y\xc6\x84\x85\xbd\xc8f\xf2\
\xb7b\x14_\xe1\x0d;\xd5\x1b\xaf\xe4\xdc\xd2d\x88{\
\xf3\xfa\x1d\xe3\xd4\xeb\xc4\x14\x1e\xabFhK\x85\x0d\xce\
\x1a\xa2C\x97\xe0WS\x91\xc8\xdc\xf12_F%\x14\
xO\xc8\xd4\x8f\xabU\xde\xa3\xa6\xfew\x1f\xcfM\xe0\
\xb5\xd7\xc9\x05][\x1b\xb1Q.\xb3#_\xa1\x95\xd4\
\xf8\x0d\xce]\xc6\xc0\xb4\x9e\xa2N\xb2$\x92W\xcf\x0a\
\xbf\xe3#X\x8beu\xa1>$ek\xd0G,s\
\xaa\xe41U\xaeH\x96J_\xf8dm\xf0\x22\x95\xe2\
X\xf5\xe9\x91k\xaf\x9c/[\xf0,\x5c\xfe\x8c\xf9q\
j\xe1/\xfd\x8f\xdb)wX\xf2w\xc2\xe5\x93l\xed\
\xcb\x01r\xe8\xb6W\xe5\xb1\x05_E\x86\xe7'\xc9G\
\xfcm\xa9\xd4>\xe4E\xbd/\x0b\xc9`\xef\xe4n\xb4\
!\xb2\xf2\xd6Id\xb1\xd7\x95V_\xd1\xa5\xc1\xf0\xc9\
D\xaa8u\x1a\xcei\x107\xf8\xc8\x9f\x22\xab\x94\xdf\
\xd0l\xd7\xe0o>N\xe1\xaa\xef\xa6\x1f\x0b\xfc[y\
\x9a\xbf\x1d6/t\xf2fg~\x87E\xf7\xbe\xa7'\
-\xf9\xe1\xf41S\x9c\x97\xc9\x99\x9d\xfa\x12\xe2\xee^\
\xe9\xe0\xb5\xd7\xc9\xcf\xf9\xc2\xe3\xaf\xe8\xcdy\x1bU9\
\xf5?C6\xc8\x97\x17r\xa2\x91\x04\x15V\xf0g}\
\xa9\xc3\xb0\xb9\xe65.\xe6\xfb.\xe6\xfb*\xf9X\xac\
:\x8e\xaa$\xf8>V\x12Nwg\x95\xe0\xbd\xd3\xc9\
\x1a\xfeM.\xef\x18\xd7\xf2wu(\x9b\xd4\xa2oB\
\xf7O$k\xf9\x16\xf7\xfd8\xab\xb8\xdf&kvc\
N\xec\xea|\x1d\xed$\xe9\xf8\xc3\xb8\xedq\xe4YT\
\x8a\xd5\x7f\xb8\xc3\xa87\x19a\xb9\xd6\xe6\x8dm\xd3\x13\
u\xfa:\x1b\xefb\xaf\x95\x8d\xc6\xddO\xd1\xe3C[\
\xb3?\xd1\xec\x0f[\xb3\xd8\xbd\xd3\xc8\xdf\x0a|`\xdf\
*|\x9f\xef\xea\xe4\x1c\x95_<\xb0\x89'\x8d\x1c\x17\
\xfd\x91B\xae\xfe\x05\xed\xdb\x83DV\xff\x00\xdcXh\
N[\xac\x87\x9a\xb0\xaa\xb3\xc5x\xde\xb0/\x06;\x99\
fPEg\xefrSS\xbdRs\xf2\xff\x00d\x9e\
\x0e\x0e\x03\xac}X\xd3\xf4\x93\x89~>\xcf\xb5\xfc&\
r\xb5>.C\x0e\xfawD\xf3\xca\xb7\xf4yN\xbe\
N\x02';\xea5\xd7\xf49;\x97.\x8be~C\
Q\xdef\x04\xa6\xae\x9f\x8f\xa5\x85D\xe3\xe5\xf68\x04\
\xd2\xf5_c\xda\xd6\xfb\xfc\x89\xdd\xc7\xb4X\x9aIc\
\xaf\x83\xc2\xf6n\xf4\xf25\xfe\xb1\xe0\xcd\xd3\x1a\x8e\x9d\
\xcf\xb3\xe8\xde\xeb\x87\xd6\xae\x16\xf5\xfa%\x8a\xdc\x98\xca\
\x22\xf4\xc28\xde\xfd\x0en\xc7\xd6\xa6\xce\xf5L\xcc\xed\
\x1a\xdb\x06u\xd7.\xd3\xd5\x9c#\xe1\xc3\x8f\xa4\xd1\x1d\
{\x10\xd7\xb6\x08Z-|\x14\xfd\xa7\xc6\xc6\xed\xfc\xd4\
K\xe1\xa6\x99\x10\x83GL\xfe\x08\x86\xee\xa7\x80r\xf4\
\x943m\x97\x0dM\xea\x0f;\xc3/t\xf1\xea;\xab\
\xb1\xc8sp\xf5\x8b\x99\x97\xeb\x02\xba\xe6\xbc\x97\xbay\
9\xbb\xf33]?\xd4kve\xee\x9e\x0b]|\x9a\
\xdd\x98\x95\xe1\xac\x99\xba\x1a]\xd9v]\xfa\x0b\xc1\xe4\
\xbb.\xfd\x0d\xc9\x17\xf4\xfb\xc3\xa8!\x10e\x09\xff\x00\
p%\xc5\xdc\xee9\xef\x04\xf4\xeeS\xce\xb3\x8f\xb2\xab\
\xa5\xed9\xcc\x9b\x8e7'\xa7ry\xe7\xc5\x8f+\xc1\
k\xaf\x9c7\xba\x9c\x956\xfb\xdc\xa8\xac\xce\x17s}\
\x96\xba\xf9(!\xf1\xf2&\xb9\xf3\x16\x19\xe6\xac\xcd\x89\
f\xb5~\x07r\x7fb<\xdd\x95Dtr8\x88\xf0\
B\xa5\xdf&\xbcT\xc8\xd2\xdap7<n\x8d\xdd_\
L\x11U\xf2\xb1%\x15\xbc\x96\xba\xf8\xc0\x85\x1c\xeb\xc9\
\xcc\xdd\xcc\xcf\xfb\xa9..\xe7\xc1\xf4\x8d\xdc\x93\xd3\xb9\
q\xdb\xf0rw\x12\xfc\xb4\x824\xcc\xfd\x95U|\xdc\
nJ\xbeV7+\xfa?\xdf\xd5\xcf\x99\x82\x22\xee\xbd\
I*\xaf\xe4\xc8w\x82\xcee\xe1\x11\xd7\xb7\xb9\xec\x8e\
a\xfd\xb1\xa4\xd6\xf3\x87]\xb7\xb1\xb8\xe3s\x22\x01I\
\xce#\x0b]|\x8d\xd50$\xf3_\xa6\x10Q\xd53\
P\xff\x00\xd4\x84L?o\xde\x09{\xcc\x8b\xf5\x8d\xaa\
.w('J8r8\x85dByx\x7f\x05\x97\
{\x85\xa7\x16\xec\xbc\xd7\x0f\x92\xdf\xd2e'>\xf91\
\xef[\xc8\x9fZ#X\xbd\xa4\x5cG\xc7\xb0\xac\xe7\xfd\
\xd4\xaa_\xe4\x14K\x82E\x1a\xe2\x98\xf7\xff\x00\x84f\
\xeb\x16\xbe\xa3\xef\xf43t9;\x9a\x07\x01\xe3\xe1\xf6\
F\x02\x83\xa7\xc5\xd1\xbdS\x7f\xb9A\xc5\xa39\xbb\x0d\
Ox\x89)\xf9`\xf7\x9fX\xb4\xa7\x08-\xdd\x98r\
%\xf2\x14\x96\xaa\xb1\xf5\x8b\x08\xd7\xf2Q.\x09l\x01\
Q\xfe\xe2\x07\x9fO\x1e\xaef\xbd\xacC\xe1\xecH\xf8\
W\xdf\xc9\xd6\xcdyu%\xfbJ.w(\xef\x1dc\
\xd4\xeas\xfdz_A\x19/\x18\xc9Wo\x22ip\
\xb50n\xa9\x83s\x7f\x94t$\xe48\x0f\xbf\xd8\x86\
\x9f\x19'\xa7s\xa9\x02\xd4\x9dO\x92\xd3c\xa1<\xd9\
\x99\x95\xba\x1a]\xd9AI\x92\xa2\x91\x03\xd4\x9d\x0f\x91\
E\xd4\xd5s~\x85\x05b\x06\xbd\xe0n\xac\xd3\xb5\x0e\
\xa0\x88V\xf5\xa6'\x83\x91\x05\x1d\xbc\x13\xd3\xb9\xd5}\
\xef\xa1\xd4\x1dW\xde\xfa\x9b\x8e67'\xfau\x06\xb7\
g\x85\x05&q\xbd\xd3\xcf\xa0%\x8b:\x9a]\xd9A\
I\x92\xaf\x95\x89\xe9\xdc\xf2{\x8a\xcb~\xac\x95\xbbQ\
\xdf\x97\xc8\xcc\xce\xfd\x0a\xbeV<\x0e\x83\xe9\x8f\x8e\xd8\
\x16\xba\xf9\xc6\xe3\x92\xff\x000\xcc{\xe8\xb0\xdcf\x22\
\xdc\xbb\xc1wO\xcb4]\x04\xb4Dq\xcd\x15>O\
\xb4K\x8b\xbf\xb9\x84\xd7\xefl:\x16\xf9\x1b\x9e\xfa\x8a\
\xbb\xfa\xdc\xf0{\xa3u\xfa\x15\x8c\xb32\xc0NN\x9f\
\xc2\xe1\xe3\x87\x0a\xd6\x88\xcf\xd0\xddOr\x89\xbdFL\
\x7f\xca\xfdo\x8bx|\x1f+{yD\xafB\x1c_\
c\x89>\xeb\x81\xfc-\xea\xae'_\x0e\x90T\xf4\xdb\
tn3\xdf\x0c\xfd\x04\xa0\x8d\xff\x00\x22I4\x1c\xa5\
\xfc\xb6;)\x9e\x0f\xe33\xf9\xf9\xc7Q\xbf!\x904\
\xf0\x95\xe0\xd0\x7f\x97\xc2\xc7\xd0\xbd\xeb\x1c\xb0\xbdo\xc0\
K\x87\xa7\x12\x0a*\xb6r=xt7'\xf8X\xee\
\xde\xe3\xd2\xf9\xf9\xc4oVw\xfb(\xd7\x14\xf0\xaaO\
?\xaa1%\x9d{\x0c\xa1\xf3/Eb\xd4v\xc0A\
E\xd5\x9fZ\xa5\x12\xe0\x96\x17\xf4\xfb\x15\xb7\xe2;\xc1\
\x0f\xb7\xfeN \xb4y\xeb\xe94(\x8f\xa1\xfa7\x19\
a\xc4_{\x96\xba\xf9/t\xf3\xe9\xde\xe9\xe4\xea\xbe\
\xf9\xfa4\x14\x99+\xaa\x9f\xc9O\xe3+\x03\xc8\xd5\xf8\
\xea5\xcf:`\xfa\xe7\xe3\xb1W\xca\xc5\x7f}.q\
\x9aoc\xeb[\xa1\x12\x87\xf9\x5cx\x96\xba\xf9\xd8\x97\
\x1f\xc2\x13\xaag\x1a\x0a\xc4\x15\x15\x99\xc2\x04\x15\x15\x99\
:\x83p\xb5\x9b\x098;\x0bRu/t\xf2UV\
gB\x0b\xdd<a=;\xe0\x87\xcd\xbb\x1e\xf5\xfd\x17\
L|w\xc4\xfd\x9f&K~\xac\xdcfsv\xc3q\
\xc6\xdb\x14\x14\x99:\xaf\xbd\xf5-u\xf3\xb5\x1d{a\
\xa5\xdd\x9a]\xd9\xd0\x9el\xc9\xcb\xec\xde\xe8u\x1b\xb4\
\x8a\xf0\xfc\x22zw\xc2.\x98\xf8\xee^\xe9\xe0\xaf\x0f\
\xc28~v\xe3ry\x9fl\xe7\xf7\xfd\x14(P\xde\
\xcc\x8c\xe6K\xf6\xfb\xee\xa9\xe8\xb0\xec\x1f\xd9gG\x91\
\xeePR&\xd4\xb7\x9dU\x9cdot)9\xc4\x08\
\xfd;^L\xa3\xe2N\xa8A\xc9n\xa7\x0e\xa5Z\x7f\
z\xc9\xe1O\xce\xf09B\x82\x223\xe3\xf8\x98\x198\
\xbf\x1f\x05\xe9\x7f\x0ae3}\x0c\xc6k\xf9\x84[\x9c\
\xed\x15\xbd\x8c\xe2&\xdaEF\xd5\xef\x11'1\xf8#\
\xb7\xfeN\x10\xec\xb1\xcc}\x91>\xef\x98+\xbe\xda/\
'\x03\x99s\xf1\xe3\x18\xf0x]\x8dsH\x80\xd6E\
g\xd3\x01\xd1^~\xe0\xab\xb1k\xe9\x88\xddx4\xfd\
 \xb1\x8be\xbf\xa3\x22(\x16%q3t\xc5\x5c\xcf\
2t\xfclAE\xd5\x8b{\xdeq\xa3\xb0\xb2\xbf\xf8\
|;\xdf\xd5\xdcf_\xd3\xec\xd4~\xa2g\xd1\xa3{\
\xaf\xa1\xa6\xb7\xce\x1a]\xd9\x97\xc5\x1c2-\xcf\xef\xf6\
AGo\x04\xb8\xbe\x11\xad\xd9\x94M\xe8x^\x0d\xc5\
\xd6Mn\xcfgMo\x8fNMW\x15\x7f\x8c/t\
\xf22\xfc\xfbN\xc7PZ\xeb\xe4\xd2\xee\xce\x0a\xfe\xce\
\x1b\xb9\x22\x15\xbdhIEo%\xae\xbe\x08\x11\x81a\
\xd3\xf4I\xfe,\xbd\xd3\xc9~\x7f_\xad\x9d.\xec\xd6\
\xec\xf6z\x82\xe6\xbe\xfb\x16\xf5\xfa-u\xf3\x86\x87\xe2\
\x87q\xcby8\x93\xebb\x14\xe4\xe4\x11\xb3_\x7f\xbc\
\xfcA\xc3\x7f\x98ot,\xe8\xf29\xd7\xe8*\x1b>\
\xb7-u\xf2do\xf0!\x89\xcb\x9eGN\xe5\x1d3\
,4\xd6cZ\xe3O\xe0\xd5\x95+\xeb\xd0i:\xc7\
\x11[\xd5\xb99p\xd7\xde\xb2y\xcf\xa5\xe2\x97,G\
}\x14\x0c\xa1x\xacJBz\x92\x99\x5c\xfd1~\xc2\
S\xc7\xf3\xc2\x877c\x9b\xb1q\xae\xab\x00\xdb\x98E\
\x13\xc9\xdd\xc27?\xee\x0d\x19\x97\x08\xee[\xcd\xcb\xad\
?\x86\xe7RJ:4|c\xad\xc9\x10\x92\xcd\x0f\xf3\
\x99~%\x80[\xde\xf3\x842\x19\x8dW%\xc0\x82U\
p\x96\x17\xf4\xfb4_}#\x05q\xae\xa8\xe4\xee}\
j\x9c\xc4k\x13\x9d\x8c\xdd0l\xd7\xe0dgy\xd6\
\xe2d\x8et\x86<]=\x0f\x82\xbdD\xf6W\xbay\
\x1a\xfc4\x8d\x8b9_\x93\xf8|V\xe6\xe33\xec/\
S'_C[\xb3\x1d\xb9\xf5\x87's\xa9\x1c\xd6\x1f\
\x07\xd3(\xbb\xf3\x12J7f\xe7\x89\xb9t5]I\
\x13;\xc9QY\x9d\x87\xa9:aAI\x9fGK\xbb\
%n\xe9\xb5.?\x84'T\xc9\xd4\x12\xe3\xf8D\x7f\
\x822\x22s\xe0K\x8b\xb9\xc5\xe4\x93?\xee\xa6Fv\
\xe8>\xb9\xf8\xed\xe8\xb7T\xc1\xb8\xccN\xa9\x9c/t\
\xf2u\x18TR \xd6\xec\xcb\xdd<\x9dW\xde\xfa\x99\
\x9a?=p7\xd8\xf8\x1bU?\xb3[\xb3/t\xf0\
Q\xd9\x5c\xcc\xcc\xef\xd0k\x9et$\xa2\xb7\x9f\xc2o\
Y\x82\x03\x9e\x14\x07\xf7\xdf\x0e\xa3\x81os\x19\xd5\x9f\
\x8b\x175;2M,\xff\x00e\x098\x8fN\x82\xdf\
\xe6\xff\x00e\x8b\x9f\xd1f\xa3U^\xe3]]e\xd3\
Cz\x87\xda\xe4\xc8yz9\x119\xf0\xdbV\xf7\xbf\
\xa5\xd6Ho\x16\x1en]f\xb29\xae\xdd\x04\xbe\x09\
\xebj\xb3'\xbd\xf0\x8d\x03\x88\xa3\x97q\xa3z\xa3<\
5\x9c\xbe\x06\xeb;\xd8NS\xf6\xe0Y\x9b\xad\x94G\
\x09!f\xeepT\xf0\xbf\xf0B\xe4\xef7\x1bs\xb8\
\xc5\x9e\xfe\xc7~\xc4\xbd\xe0M\xcc1\xa7\x22\xcd\xfc\x11\
\xc8NQ6\xa1\x1d\xcf\xd8\xa7\xcf\xda\x1d\x0b\xdes\x1a\
XX\x9e\x83|\xb9\xd0\xcd\xd0\xf8\xc7[\x9f9\xe9a\
\xf7^I\x9ao\xa6\x83\xc1\xc6g\xed\x94\xbb\xac\x14\x97\
.\xf3m\x85\xbd\xef;\x1b\xcf\x0a\xc5a\x92?Bt\
\xfc\x1c\x9d\xc9\x13\xb6\x86I8\xde\xe9\xe3o#+\xf4\
:\x8c,9`x>\x07!\xa2\x9e\xec\xd2\xee\xcau\
\x9f\x83r\xa4\xd2\xee\xfd\x1d.\xec\xa0\xacAQY\x93\
'R\xde\xbf^\xb5\x05b\x0d5\xbe\x0dn\xcc\x87\xcb\
\x1b\xac!\xc1\xd8W\xe4cK\xbb>\x0f\xa6ON\xe2\
u\xaf\xbf\x1d~\xc9\xfd=\xa4\xcf\xb7\x87c\xa0\x7fd\
\xeb\xf8 \xa3\xb7\x8c/t\xf2>y\x8dM\xc7\x1b\xec\
^\xe9\xe4\xa8\xac\xc9{\xa7\x83[\xb3\xc0\xfb\x0b\x05\xd7\
?\x1d\xcb\xdd<\x90\xc8xu\x07c'\xf9\x17\xeb\xf0\
y'\xe3\xc0\xa9\xc7\xe5\xd8\xee\x9b\xa1\x1b\xba\x1b\xddD\
\xc9n'/\xe3\xfa-W\xc2>\xc5\xbb\x16\x1f=\xb7\
\xb1\x1b\xfenC\x7f\x0c\xa4rhd+\x09\xdb\xfb\xe2\
N\xf6\x84iO\xd1\xe1x<\xaf\x1e\xc5[\xdf\xb2\x9e\
\xb5\xbdFiru\xe2%\x0f\xcb\xc0\x7fF'\xb9\xc7\
\xcb\x0d\xf6d\x9a\xe6\xa0\x82\x8b\xab\xc1)f\xd3\x97%\
\xc4j\xb1\xe7\xa73:\x9f\x97z\x17\x9c\xa3\x0b\x99\x99\
\xa7r\xff\x00;\xe9s?B\xe7L\x0ay\xe3\x9b\xfd\
\x099\x96=S\x95\xf5\x95#\xa8\xa77\x9e\xa8NN\
\xe5\x88\xb8u\xaf\xf5\xd6F\x8b\x93\xbc\xd1\x8a\xb5g\x7f\
\x07\x111\x95\xafC\x9c\xbd\xf0\x11\xe3\xdb\x09\xa4\x8e\xec\
\x94\xbf\x0a\xe1{\xa7\x91U\xbf-\x8en\xc5\x9f+\x90\
U\xf4X\x08Z\xa8\x8e/\xfa6f\xee\xec\xa3\x89\x9b\
\xc9h\xfe\x0b\x9d<\x96\xba\xf9\xd8\xdcfn2\x1d\x9f\
'\xe3\xd2b!\x8e\xf0\xa9\xb8\xe3n\x82\x93%E\x22\
0\xe8m\xbd\xb0}1\xf1\xdb\x02\xfe\x9fg\x00\xe0\xf5\
'AjN\xbe\x95G\x9a\xfea{\xa7\x935\xfb \
F\xc5\xee\x9eM\xcf{z\x5c\x06\xfc\x8d.\xec\xdc\xaa\
\x1c\x93xx_\xfb\xf2/t\xf2q'\xd6\x1dV\xae\
LInq%S\x7f\x82\xe9\xfc\xe8\xc9\xe9\xdc\xbf\xa7\
\xde\x17\x07\xc8\xd4\x16\xba\xf8\xd8d\xddS\x06\xe7\x89\x97\
:\xf2Z\xeb\xe4\xff\x00M<\xe1QH\x83r\x93\xc2\
\xf7O'b\xbe\x0a\x8aD\x09\x91\xfe\x0b\xf0]G|\
\xca\xa8\xd7\xc2:\x96\xf2\xf8/g\xbe\xe2\xe1wd\x88\
\x85a\xac\xaan8\xdf\x099\x0e9\x9a\xa7\xcb\xfb\x8e\
\x9d\xfc\xdc\xabn\x83\xa0\xfd\x1b\x8cT\xe0N\x12s\x17\
\xfb7:~\x0a\xe4\xe5\xc3Qz\x10Q_\xc6\xdc^\
\xbe\xf6e+\xfa\xc9\xa9\xd6Vf\xf5H\x9d\xa8|\xdf\
\xa1GL\xf5\xb7\xce\x03O5\xba\x19\x99Z4\xb1r\
\xc9\xb6v\xe4Gs\xf4p\x95\xe7\x97\x22\xa9\x98r\xc1\
\xa7/\x1f\xa3\x9f\xb1q\xae\xa8\xf9\xcfK\x13\xfc\xf6\xb8\
\x93ED\x86\xa2<T\xda\xfa\x1a\xae\xdcr\x82\xbd;\
\x7fNn\xd8n\xbf\xa7C\xbb\x1fu\xe4\x9d\xcb\xf8|\
\xe7\xa5\x8b\x17E\xf2\xbf3\x9b\xb1\x93\xa9r\xbc2(\
\x97\x04\x8a5\xc53#+N\xb7\xc4\x0e\xa7f|\x8f\
C\xf7\xdb\xacIs\xe5\xf6d\xeaf\xe8Ph\xd9\x98\
l\xf4\xfb:\x0brx\xe4\xeb\xb0\x8f5\x0d\x0f\x1br\
N\xd6F\xdf\x1bORt*\xf9X\x82\x8e\xde\x0dn\
\xcc\x9d\x7f\x02I\xce\xec\xd4\xff\x00u7?\xad\x86\xea\
\x98\xc2\xa2\x91\x1b\x13\xaf\xe3\x0b\xfa}\xe1\xd8&W\xaa\
>\xc3 \xa3\xb7\x82\xa2\x91\x18\xee\x1e\x93m\x9a\x0aL\
\xfa:]\xde\x1f\xb1\x8bf+\xaek\xc9\x99\x95\xba\x12\
j\xc9\xe7F\xf7_\xd1k\xaf\x93r\xd35\xbb<,\
:~\xcb\xdc\x9eL\x97\x93\xa1'\xc1\xf4\xcb\x80\xa1:\
\xf3\x84f;\xc9\x17\xbf\xe5\xc5\xa9:\x90U[\xc1\x91\
\x13\x9f\x02\x073\xf3Q\xa4\xa3v}\xbff\xe7\x8d\x91\
=;\x9d\xc7-\xe4\xbd\xd3\xc8\x9a\xa9\xcf\xa9QY\x93\
\xe5mN\x7f?\x83\xb8S\xcf3rZ(ou\x1b\
U\xfd\xc4\xde:\xce_\x04\x11\xc5\xe7B\x0b|\x82\xaa\
\xa9\x93\xca\xf8%\x1c\xc8\xfa\x8c7\xcbN\x07\xcb\xfa'\
\xf5\x8a\x1d\xff\x00'\xc1O\x03\xf6:\x1e\xf5\x9f\xc2/\
Z\xf72\xe2+/NyI\xf1\x9f^\x18J\xe5Y\
z\x8f11\x95\xafCQ\xbf3y\xf6AW\xd1\x0f\
\x7f\xf8#tTHGV\xba\xa8\xc3\xe1\x18%\x18\xd8\
\xaf\x1c\x8c\xc2\x9f\xcb\x19:\x97\x13|!\x9c\x9d\xcd\xeb\
\xb5\xce\xe1\xf5\xa8|H\x82\x8b\xab$\xab\x83K\xc9\x99\
{\xd9\x97;\xcb\xa1\xc9\xdc\xb1N9\x89\x92\xdcK]\
|\x9f+\xfde\xfd>\xc4\xf9\x15\x5c\xa6\xf8\x5c\xfc\xf8\
\xc4\x0f\x83\x1aq>\xff\x00\x07\xd1\xf6d\xea|\xe7\xa5\
\x8f\xa9Q3\xdd\xf5\x11\xc8\xdb\xbbN\x0d\xc6Ffv\
\xea5\xf8i\x04\x9a\xbe.\xdf\x07 \xd6\xec\xb6\xe1\x90\
\xf6](\xca\xde\x0b\x97\xf3\xb2\x9dS$B\xb7\xad\x0d\
\x0e\x84\xf4\xeeQ7\xa8\x84\x97\x19\x12\xaa\xcc\x9a\x1d\xde\
\xcd\x05b\x0d\xee\x87g\xc5\x84\x5c{\xe4@\x93Ku\
\xca\xa5\xbd~\x8eA\x0b\xc6\x1c\x9d\xcf\xd9>/\x85\xee\
\x9ep\xdcu:\xaf\xbd\xf55\xbb2a{\xd2\xa7y\
\x18\xcb\xaf\x7f\xb2\x82\xb1\x1b\x14\x14\x99>\x83\xdb\xa0\xa4\
\xc9\xb8\xcc\xab\xbc\xf4\x82\xeeo\xb3\xa0\xdc\x92\x8a\xdeN\
\xc5\xfc\x0d\xa8\x8f\xd9\xc4\xe1\xe3\xdb\x09*\xed\xe4\xf2\xbc\
\x9e\x0f\x81\xd4\x10\xcd\xf1\xba\xb8\xa0\xcd/\x9c\xcb9>\
\xb0\xb5\xd7\xc9{\xa7\x93\x98\xaa\xfc\xd5\x92\xe9\xdf\xe8\xaf\
\x0f\xc2\xc0\xf3\xa3\xf4|b\xda\x5cmB\xd7_$\xf4\
\xef\xf8-\xc9\x18o?0}\x97\xa7\x13s\x89\x91\xbc\
\xdcn\xa3\xa8\xd3\x92-\xd6\xe3\xdcY\xd7\x13#\xf7\x11\
B\x04\xee\x9agB\x1b|[\xc0o\xe0\xff\x00\x07\xf2\
\xf0r\xf8ctJ\xae\x8b|\x8d\xce\x1c\x1a\xcb=\xbd\
\xb2\xb7\xae\xd7\xb0W3X\xa0\xe03\x22\xac>1\xd6\
\xe5\x9c\x9fX\x09\x22\xe1\x03\xb6\xdeT\xc0\x5c\xaf\x0c\x86\
\xba%\x09\x12\xd5(|\xc7\xbdo\x07Ex\xfb\x91o\
\xd0K\x10\xd7r\x9e\x9a\xd4\xba\xe64\x89\xd0\xa8^w\
\x94|\x16\xe6F\xdf$\x15}\x11\xf5\xa85<u\xde\
\x05\x22\xf2\x88\xd3)\x16Nq\xc6g\xb6\xf06\x98\x1f\
\xd3\xe8\xb5\xd7\xc9b\xe8\xbeW\xe61rw\x9b`/\
t\xf1\x86\xe7\xc8]s\xd2\xc45s\xf9\xc0\xfa3\xe2\
E\xf7\xfb\x19C\xaf\x1e#)N&H\xd7c\x81-\
\x8e\xbcG]\xb6+\xfa7\xbay\xdb\xeaG4-I\
\xd7\x09-\x13\xd3\xbe-\xf2\xa7\xc9\xd4\x1a\xdd\x99\xb8\xba\
AUW\xcd\xcd\xc6F\x85\xf2q\x1b\xf3:\xba\xfe\xe7\
\x06>m\xd6\xceFv\xe9\x87\xc1\xf2\xb6\x12Q[\xc9\
\xa6\xef\xc4\xa6\xfb\xdf\xc8\xae\xb9\xaf%EfK\xaf\xeb\
\xb1\x020\xcd\xd3\x1a\x0a\xc4z\x14\x15\x88(\x9ay\x16\
\xa4\xeaiwxiwe:\xbaoB\x0f\x1bo\xc8\
\xe0^=ia\xdb\xcb\xf6_\xd3\xecW\x5c\xd7\x9c,\
:~\x8e\x84\x9a]\xd9\x1d\xc7%\xf7\xb29\x89\xf1]\
\xc9\xe7\x9f\x16'_\xc1\xb8\xcb\x03{\xa9\x91\x9d\xbab\
\xf5'AjN\xbf\x82\xe3\x14\xbf7(\x11\xdd\xc2\xc4\
\xb8>Y\xe03\x81\xf7\xf9\x15\xf0\xb7J2t\xf2\x22\
\xff\x00{\x0b\x8d\xd9\x8cN\xbd!\xb2?d\x8d\xa7\xcc\
\x99\xef\xcd\x84y:\x90\x1eEw$W\xfefp\x04\
n\x85\xd7\xea[\xd7\xeb\xdb\xabz\xc9\xfb\x0bam\xa7\
<e\x89<ZP\x80\xfd\xe7's3+\xc6\xb6'\
O\xc17\x04\xde\xb6\x8a\x88g\xd7\xc4\xd0z\xbb\x1f\x07\
\xee\xc2bU\xd6B\x9a\x19\xbd\x86S\x14\x99\xd4\xa2>\
\x06\xe1b\xe5\x93l\xed\xcb\x0e\x22'+\xda\x86FV\
\x9dnAW\xd1\x17*\xd6i\x93I\x11\xc76B\xb4\
\xea4;\x9dN\xe8y]\xcf\xadB\x0a.\xac\xf9\x93\
>\xf50\x0fz\xde\x05\xf6\xfb:\xabO\xd4\x19\x19{\
Z\x1f}\xbbL\x1a\x0f\xb6|\xe7\xa5\x88d\xff\x009\
\x93B\xfa\x15c\x7fB\xa9[/\xe0\xaeg\x9e\xd3\x15\
\xfd\x1d\xe7\xd6\xc5\x05&J\x8aD\x13\xd3\xbe\x1b\xd5$\
\xd5pw\xf97\xaarM\xe1\x15\x1ek\xf8}\x84T\
Vd|\xf7\xcb\xfaD+z\xd0\xcc\xb9\xd69l\xfc\
\x1f+a\x99\xbf\xdb\xaf\xa1\xf6\x9cv%\xe0\xcb\x9c\x97\
\xf7\xcb\x08(\xed\xe0\xa8\xa4A\x22#y4\xd6\xf9\xc7\
B\xe3jz1Z9\xf5\xc6\xf7O$\x5c\x085\x92\
\x8e\xe5\xd2J.\xb6\xb4g\x12ON\xe4\xf4\xee6\xaa\
\x7fdk\xf9-u\xf2PRd\xab5} \xe9I\
\xa7\xe7\xf4p\x1f\x7f\xb2zw \xaa\xb7\x8c\x04\xaf-\
d\xa8\xf3_\xcd\xba\x0aL\xfb\xde\xa5\xf9$\xd1\x90\xf7\
e]\x19Ey\xd0\x9d\xed\x09|\xd5hA\xa1\xfa\xee\
_\x89`z\x93\xa0\x86\xaars\xc6,|\xb9\xff\x00\
`\xcb\xef\xb1k\xaf\x82\x03\x05\x1d\xbc\x1e\x07\xe4S+\
\xdf!\xb2?\xa7\xe8W\xfc\x88X\xf9\xfdzp\xe7{\
\xa6\xbc9\xd8[\xa3?\xaa\xb1\xa3w1J\xdf\x14\xc9\
\x85\xa5^i\xf3\x18_O\x83\xb3\xafl&\xb4\xfc\x8f\
\x00\xfbR\x8f\x08KwW?\xa2f\x5c\x9f\xf4Ii\
O\x91V\xe1G\xfc>\x0b\x7fEs<\xc9\x5c\xfb\x12\
\xf9w<l\xc8\xd7\xb0\xdb\xd1Q\xd0j(\xea\x99\xc0\
Fx\x9c\x07s\x85\xd4k\xf4'_\xc1\xa9\xff\x00l\
IED\x8e\xaa\xd1\xf5%\x12\xe0\x91b\xe8\xbeW\xe7\
\x82\xbb\x87\xef\xb8\xa1\x0d\xdf%\xc0\xb9\xfb\xa1\x5c\xcf<\
\x099\xc2\xe58fh\xc4k77\x17\xd4H\x9fS\
[\xb32u)\xb9\x18\xe4e\x16\xd3\x89AX\x81$\
\xa3vU\xf2\xb1\x7fO\xbd\x8c\x92\xee\xce#~{\x10\
\xe6\xdb\xdb\xfc\x87^\x87By\xbc2?\xa8\x84\x9f\x19\
\xf5\xde\x9eV\xab\xe0e+q\xe2[\xd7\xe8\x92\x8a\xde\
M\xc6B\xba\xe6\xbc\xe3\x9f*\xf0w\x18\xd7\xe3\x0c\xcb\
\x95g\x99\x0f\x93\xe6\xe2\xb9\xe9\xf6L\x1e\x1d\xf7\x82\xaf\
\x95\x8dV^w\x82\x82\xb1\x02\xd4\x9dv\xb8\x8d\xf9\x94\
\x15\x88\xf7{\x97^\x0f\x1a\x97\xc7'0\xfe\x8e\x04\xef\
\x99\x13RK\xab\xa7y\xa98\x89\xa3\x7f\x96\x1c\x0e\xbf\
.#\x86\xc9/\x84\xcf\x91\xfb?\xd0\x83[\xb3\x1b\xc7\
E\xd5\xfc#H.\xcf~\xa44\xf8\x7f\x9eU\xd0M\
\xdf\xa7\x91\x12\xbf\x0f\xe0\xf3w\x22_17\xdd\x1c_\
\x8e\xc5\xae\xbeH\xc3/\x07\xa8\xa3\xfd\x7f\x0e\x02';\
\xda\xb8>\x98\xebq$\x90\x84\xd0\xd2z\xcd\x11L\x86\
\xf5O\x89\x92_\x05\xfb\x927\xaa\xf1B\xceO\xa1\xea\
\xfc\x89U\xf4]\x8d\xef\xf4Ku/\xa7T)\xd5\xce\
>\xe4\xf9\x93\xc1\xebvxr\x0f\xe5\x8c\xdd\x05_X\
\xe1\xca\xe2\xbe\xfc\x0e\x1b\xfb\x8d\xbb\xe0Y^\x19_\xcd\
\xda\xbc0m\xc8\x97\x97\xd8\xda\xb7\xca\xb7%\xc3\xb9\x93\
Vy\x8a\xd0\x95\xdf\xe4w\xf4\xb7\xae\x22\xd4\x9dM\xf5\
\xd9k\xaf\x92V\xee\x83\xd4\x9d\x0d\xd4\xf64?\x144\
\xd6\xf9\x1bQ\x19\xf58\xaf\xfb8\xfd\x05\x82j#>\
\xbe\xce\xde\xbf^\xa2j\xa7>\xa6\xb7f~\x86\xefj\
\xa3\xc9\x7f6\xaft\xf2Q\xab\xe1r]\x1c5\xdfS\
\xf8,N\xa9\x92\x0a\xabx32\xb7B\x0eJ\x8b\x9e\
x^\xe9\xe7\x09*\xed\xe7b\xbb\x9a\x99\x99\xdf\xa1R\
k\xef\x18Vl\xde\xe9\xe4\xef'\xdew\x7f\x08\x07\xf5\
\xe8H\xfe\xece\xdc\xe0\xbf\xe6\xdd\xb0\x8e\x83#6<\
\xb2\xe22'\xee\xb3\xe0\x8c\x86\xea\x9bR\x86kt\x0b\
G_'4\xfe\xd8\xbd\xd3\xc1\xcdr\x8f\xee\x14s\xce\
\xf1\xbf1<\x1c\x5cV\xd4\xfc\xf2\x19\xf0\xfe\xbd\xe4\x22\
\x17\xe1.\xbe\xbf\x992.\xf4&\xab\xf8\xf8f\x22!\
s\x91(\xf9\x89u\xeb\xbc\x10\xce\xaa\xf3\xf7\x04i\xf9\
3_\x1f\xe14\xe3\xdf\xa9\xf0\x227\xbf\xee\x17\xbay\
9;\x9c\x04Ns6\xa8\xa9\x1e\x22\xb4\x5c\x10\xec\xe7\
*\xb8(\x13\xd6\xee'\xa3\xbc\xd0Q\x97\x08\x9aE\xc4\
\xe6\xde9\xf3\x13\xe1}\xf4\x1e \xe9\x9a\x5cq\xc7\x8e\
\xd3k\x92j\x9d\x224\xb9\xcfi3?C)kQ\
s\x80\x89\xce\xf6\xa9\xf0_\xf8<\xba\x8c;\xc7\x94g\
;\xe4\xb8\x1c\xdd\x8en\xc3\xf8\xa7>\x19}\xfcE\x90\
}\x05s;F\xb69\xbb\x0e\xbe3\xd2\xc7\x1c\xfa>\
\x19\xb6BkG\xe8\x01\xad\xd9\x9a\xdd\x99\xb8\xe9\xc4\x9e\
\x9d\xca\x8aDa\xb8\xcc\xab\xe5cq\x91\xc0o\xc8\xd2\
\xee\xcb\x01QY\x91\xeaN\x86\xaf\x14\xa3b\x0a+\xf8\
7\x19\xec\xafAk\xaf\x91\xb8\xf5m\xce{\xfe\x89\x7f\
U\x86\xff\x00\x18\xd0\x97\xc7\xc4Z\x93\xae\x14\x15\x88\xda\
\xd6\xec\xcd.\xef\x0b\xdd<\x96\xba\xf8:\x12TVd\
\xa8\xac\xce;\x8c\xb0\xb5\xd7\xce=\x87{\x15\x15\x99\xc7\
K\xbb\xf7\xff\x00f:\xf83\x0e\x9c0\xeeI\xe0\xf0\
\xb5\xd7\xc9T\xf85\x84\xb3#+\xce\x86v\xea\x0d\xe6\
\xf9\x19\x1f\xe1\xfd\xe6:\x1e\xb5\xcf\x90\xc7G\xfa<\x9a\
\xd8\xd9\xd4\x1b\xbfB\xa1\xc3\xf5C\x8c\xe5\x9f\xe3\xc8\xba\
\x7f:#\x82\xfa\xff\x00\x80\xcb\x08\x99\xf7\xf3\xa0\xdeO\
\x9f\xf4\xbftDe~FFV\x9do\x8f\xc1\x7f\xe6\
\x0a\xfb&5\xf1\x83\xb0\xa0\x88l\xef\x19\xe2 j\x9d\
a\xdc\xce\xd1\xad\x84Ew7O\xd0\xe9\xd6\xedW1\
c\xdf\x17\xaf\x128\x9f\xca\x1e\xddN%l\xd1\x12z\
u\xdd\x1dY\xe9l$\xcdK\xf6\xc9\x90\x9b}1n\
\xc2\xfb}\xe02s\xefCu\xccY\x967\xcf\x19Z\
\xf3\xdb\xac\xe0\xc5\x83\xfb.f~z\x91\xa7\xe4\xb0\xad\
\xfe\x8d\xd9\x11=b*Z\xeb\xe4\xfb!<\xd5c\x93\
\xb9:~\x08(\xba\xbch\x9b\xd4K\x1eU49\x8c\
\xc5>S\x89Z\xdfR\x1f\xe5p\xe2F\xbf\x9cu\xbb\
3p\xf4\x9b\x1b\x8c\xfdF\xe0\xdff'f\xb7\xd1\xe2\
\xd2\x88\xfdm\xa8C+u\xc3q\x9f\xa5\x90\xb7\xd5\x91\
\xaf\xe7\x0b\xdd<\x92ru\x5c\xf3()2Pk\xeb\
B+G>\xbb0Y\xbb\xfe\xc8\x11\x8c\x15V\xf0T\
Vg\xd4\xa8\xf2_\xcfC\xb0\xefsp\xf4\x9b{)\
\xd3\xf0N\x9f\x8d\x8d\xcb\xc8\xf0\xaa\xf9\xb9\xc5<\x8c\x97\
\xcf/\x8c>W\xd6Mn\xcc\xd6\xec\xc4u\xb9DM\
\xf2\x82in\xe8\x91!\xaa\xf2\xaf\x06g\xe7\xfe\x9a\xdd\
\x9e\x09\x9f\xdep\x95N7\xc8\xce\xfd8v9%\xbd\
\x89\xde>Ya\x7f\xdf\x13\xc8\xe9\xf8&.M\xd7\xb0\
J6\x95\xbd[K\xeb\xf6d7s\x15\xc7_\xa2V\
\x8b\x5c\xca\x9f\xc2'\xef\x15\xd2\xb7\xf4w3\xc8\xba\xf3\
\xcce\x08\xf5\xfb\x1d\xfa>\x86\xae\x87\xf7\xb2\x94]\x1d\
/\xcc\x9b\x1e\x9e=\x8a\x10\xfb\xe8ivG1\x1a\xc4\
\xe7cU\xf5\xd2G'.\x89\x10QU\xb2\xe3\xde\xe6\
\x8f\xca\xb6\xe4n\xbf\xa6\xa3\xbc\xbb~\xc49\xde\xde\x84\
\xf2R\xff\x00\xc1K\xab;\xf8#\xc7\xf2\xff\x00E\x12\
\xe0\x96\x09\xd7\x97o\xe1\x05]\xf2\x5c6\xe7\xcc\x9e\x14\
%[+@\xfa&\xff\x00$\xb7\xcfypx]\xd1\
\xc9\xdc\xa2oL5\xbb<()2kvd\x94V\
\xf2Z\xeb\xe0j\x89\xc7~$\xa8\xe7~F\xaf?\xd9\
D\xde\xa6\xb7f_\xd3\xec\xfb-v-\xeb\xf5\xb6\x91\
rr\xe1\xa8\xb9bt\x1b\x82<_lc\xafa\xdc\
v\xb2\xd5b\x88\xb5\xd7\xc9\x91\x95\xba\xe2\x92\xa9\xfd{\
\x184N\xe8\xde\xe8AGo\x06\xb7fkvxu\
'\xcf\xa5,\x8f\x1e\xc4x\xf6#\xc7\xb1\x1e=\x89b\
&+\xef\x04\xd2\xd6\xdaE\xcd\x17\xc1\xbd\x5ce\x8dM\
\x7f'\xec\xb1u\xae\xf6$7\xfc\x9eU\xbf33+\
t\xf67'>\x1a\x08\xf7lnN\xa4H\xc4\xbb,\
\xfc\x9b\xa7\x8c\x14M\xe9\x87\xd2\x93\x93\xa7\xf3\x0d\xcf\xed\
\x8a\xc6Y\x0e\x88\xfb\xed{\x9a\x17fQ]g\x80\x99\
\xd1~ \xcc\xfc\xff\x00\xd3z\x98n6\x84n>'\
\x0f\x93\xe5\xf0\xc0\x94\xaa\xef\x96\x992\xe4\xe5\xc3_V\
Q+\xd7\xcc\x98\xcb\x8f\xb7n6U\xbdW\xcb\x13\xa1\
p\xdd\xfe[\x04\x94\xe4$>\x82\x0a\xba\xb6rw\x1c\
'4t\xfe\x89\xcb\x9c\xba\x7f\x0b]|\xeddgi\
\xd2\xe7\xd6\xa1+j\xbf\x9f\xe1\xa9\x92\xb1\xa4\xfc\xd3\x18\
(\xaa\xd9\xe7~V\x1f`\xf8\x16\xa1\xbfN\x079{\
\x97:x\x14\x8f|\xb6\xa3lG\x8f\xe1\xfe\xce\x83_\
\xda\x1d:\x9e\x07\x05<r/-\xd7:P\xac\xf1\xf9\
\x82\xf7O%EfMn\xcc\xbd\xd3\xce\x1cf\x9b\xdb\
\x0df$\x9c\xcf\xf4\xa8\xac\xce;\xa8\xee7\x9b\xdfD\
Y+\xf2\xf8\xf1-u\xf1\xe95\xf8i\x02BGH\
\xfd\x1f\x07\xca\xc4u\xed\x87Pi3I\xe0\x9f\xca\x9f\
8$\x977,Z\x11\xae\xc3q\xb0\x9c\xfa\x92U\xdb\
\xc9~s\xdb\xf4yV\xef2x^0\xb5\xd7\xce\xd5\
\x05&qg\xa0\xe8\xd1\xca\xf9?\xd37o\x04x&\
\x93\xf94\x9f\xc8\x8a\x16U#\x1c\x81\x06\x8d\xf0O\x83\
\xf9G \xe5\x09tth\xb0\xb7\xf4f\x9f\x8c\x13\xfa\
\x14\xf1\xec\xaaF\x9eM\xc8\xa9>\x87\xf4k\x8dqa\
\xf0s\x7f\xbb\x17<)\xcf3\x92\xc5-\xe0\xaa|\x1a\
9\x0e\xda\xe8Q.\x11\xdc\xe8\x7f\xe241\xeb\x8a\x82\
2\xccI\xe6\xbfBx\xe7b\x9c\xc7\x00\xc6}\x9f\xd0\
\x9f*\xfc\x9a\xdd\x99:\xb3\xe3\xa7\x1c3&r\xe1\xeb\
\xab~cz\x82*?\xb9\xfc\xbd\x0b\x1d|\x9b\x8a\x83\
\xa6\xfb\xdb1]\xf1\x9a\xda\xfbB\x18#\xafL,]\
\x17\xca\xfc\xc8x\x09\xad_lSQ\x0c\xa2P\xab7\
d\x12\xe3\xd8\x9eC\xfd\x8cy\xbb\x15+\x97\x92\x9d{\
\xff\x00K]|\xfa\xd0Quxn~\xa7)\x8c\xa9\
[4!\xa7\xc6M.\xec\xa8\xac\xc9\xad\xd9\x9a]\xd9\
{\xa7\x93\x81\xc7\xfcf\x96\xef\x95\x0a\x8aDa\xd4z\
K\x05\x98\x96\x9f\x92\xe7O87\xca\x9f'\xc7y\x13\
5\xc4Y\xfe\x8c\x149\x16:\xf82(^\xf5\xa8\xce\
BJ;\xf9$\xa3\xbf\x9cd\xaa\xbf\x92:\xf6\xf5\xf3\
\xa5\xd0\xcc\xd1\xf9\xea\x5cs\xff\x00d\xdd\x9f\xe9\xf2~\
\xf3$\xa2\xb7\x93%W\xe3\xa9\xc4\xab\x9f#o\xa9,\
_\xa1d\xc5k\xfd*\xef1\xccbo\x84\x11\xd7\xb7\
\xa5\xb8\xcb\x06&\xb8F\x1b\x8c\x88(\xaf\xe3\x18*\xea\
\xde\x1a\x9f\xef/W2~X\xee[\xfd\x99\x99\xdb\xa9\
%\xfex\x15\x1f\xcc\xa1\xc3y\xb8\xdf\xa7\xee5\xed\xd9\
\xd4\xdct\x913[\x8e\xc3>W\xe0U)\xe5\xcc\xbe\
\x1b\x8aP4q~\x82M\x8e\x87M\xf4:\x07\xf6C\
\x8c\xdf\x89\x1c]\xf5\xed\xc4t\x0f\xaeeBc\x87\xcd\
M\xfc\xe4\xcc\xd3\xb8\xaa_=9cN>z\xdfb\
\xde\xbf^\x9a\xb7\xbe7g\xfb\xee\xe6:\xb1\xcc(\xd5\
\x1c\xdd\x8b]|\x96,\x9b\xe7nd\x14UogK\
\xbb\xdaGQ/\xf5\x82^\xf1Y\xd4[O\xe3\xa6\xf2\
$r_\xaf\xa9\xf3\x9e\x96<\x0f\x1c\xf6\xa8\xc44t\
\xb7K\xe8Z\xeb\xe7\x0b\xdd<\x9ak|aAI\x93\
z\x86N\xa7\x11\x8f'\xc9\xda\xf2\x5c\x9c\xf8i\xe96\
4%\x16u^\x07o\x92\x14G\x0eB(\x8f\xd6\x15\
m\xea-\x1d|\x90d\xc8\x1c\xbb\xf8\x14.w\xfa+\
Z\xfc\x8c\x9dI\xde\xd0\x8f\x17\xd8\xa8s_\xc2\x8b\x9d\
\xcd\xc6fFV\xea=\xeb\xfaw+\xe4F\xaa\xef\xe0\
g\xf3y3&2\xe3\xb0\x90Q\xba\x15\x97%\xe3\xd2\
\xcc\x99\xcb\x86$\x8f\xe8\xfd\xb1\xa3\xd9\xfb#\xd1\x89\x8f\
\x11m\xeen3\xc6\x8e\xf1\xd6\x08\x0ext\x1e\xa4\xf8\
\x7f\x1e\x82\xdd\x1f\x1c\x8d\xe8f\xe9\xe0i\xf2\x9f\xce\x15\
\xff\x00]:\x94\xeb\xe5\xc3\x81\x91\x93\x0a\xe4\x0c\xf9\xaf\
\xe6\x1b\xddK]|\x99\x1b\xfc\x14\x14\x99<\xfb\xeb&\
E\xaf\x1f\xf1\x89v<\x9d\x8b\xf87\xba\x1c\xc9\xd7\xa1\
\xc0{\xd0|\x0e\xec[\xf4L\x92\x89\xa3\xd9\xcc\x99\xcb\
\x87\xb5g_\x1f\xf3\xda[\xd7\xeb\xd0\xf8\xa7~\xbe\xc5\
mn\x0a\xbe\x04E\xfci1\x82q;V\xbf>K\
]|\xedIGF\x88(\xaa\xdf\xb5\xb9d\xdb;r\
.5\xd5\x1f\xaf\xd7\xa1\xcc/\x82\x8c\xbb\xe0\xb9;\x9c\
\x9d\xc6\xfd\x22\x193<\xd5:\x96:\xf8\xc1\xc1M\xd0\
\xe1s\x89\x22\x06\x9a\xa6\xdbH\xb3Vu\x1e] \xd6\
\xec\x88\xee\xf07\x19a\x1d{\x0a|:\xff\x00J4\
\xa3\xc9\x08!\x0d\x05\x1b\xa1\xa0\xe7t!\xf2\x9f\xc9\xad\
\xd9\x11\xa7\xe4\x94\xb9\xdc\x90\x93\xa8\xe5\xda\xbe\x8c\x93\x85\
\x88\xcf\x8e\x82Z\xdc37\xbfA\x94\xf6\xb7\xb2\xe2^\
\x08\x0exON\xf8^\xe9\xe7\x0c\xcc\xed\x1a\xd8b\xbe\
,\x92\xff\x00n\xcf\xd8\x02_\xa4\xe2\x96\xce\xf02\xf2\
\xf4'y\xf06\xb7\x9fE\xfd5W\xcf\xf0\xd5_;\
\x14\x9cld&Q\x9b\xc0\xaf\x86g~x\x0e\xf7O\
&\xeb\xc1\xc5\x5cw\xecddC\x85l\xf5\x91\xebt\
\x1d\xcc\xb2\xc3T\xf9\xff\x00\x09*\xe0\xd2\xf2?\x8b\x9b\
\xf1\x19\xc8r\xebJ\x8c\xe0a\xff\x00\x9f\xf0r\x89X\
\xa5\xd7\xb6\xd4\x91\x1f\xe9\xc0\x94\xe5KdQ8\xa6i\
w{Nkw\x7f\x80|\xd7\xe1\x8eFw\x9do\xb0\
\x92\xd4\xe5\x9d\x8aNRn3\xf57\x19\x0d~\x1d0\
o\x8aZ\xeb\xe0\x81\x9c>\x7fD\xa8\xa7SU|\x88\
\x1f\x0b\xba\x1b+u#\xafb:\xf6\xd8\x8d?%\x87\
O\xb5\x84\x92y\x1d\x0d\x17C\xb4\xce\xbf#O\xf9\x08\
\xde\xcb\x99\x1e/\xb1{\xa7\x82\xe3\xaf\xec\x84\xd1\x9f\xd9\
%R\xaf\x9c\x0c\xc5\xbe\x8c\xbb\x9b\xec\xdce\x8cu\xed\
\x83(B\xbf\x17\xc0\x89js\x82\x0f\x1eT\xa9\xd4\xe3\
\xaf#v\x1f\xb1\xfa\x0b\x83\xea\xbd,\x8c\xad\xd4\xa2\xe7\
|7\x19\xe1\xb8\xc8\x82\x8a\xfe1b\xbe(]\x1f\x03\
9[\xbf\xf9\x18!\x0e\x89\x90\xf37&\xe4\xf0s\xb9\
\xc9\xf8(\xdd\xc9\xa5\xdd\x95o\x8bb\xb0\x96\xf6\x82[\
\xe5\x85\xcd\xf38\x1c\xcb\xbb`\xcbz\xe4\xee\xf1\xa6\x19\
\xb4~\xbdaI\x1f\x1e\xe3\xcbO\x93p\xf8,\x80\xa1\
Er\xd3\x91\x0e\xef>%\x0d\xc6\xd0\xb0\x82\x0a\xc13\
\xde\xe7\x85\xe4\xc8\x22\xbf\xd5\x8a3\xff\x00fF\x5c4\
\xe27\x06\x86r\xf3cRp^\xc5[i(\xf6-\
O\xa2\x94z6\xf5\xfa\xf4\xf3&r\xe1\xe8\xdb\xd7\xe8\
\xe3=\xee\x0d\x7f\x05\x99x\xff\x00\xa6\xaf_[\x9c\xdd\
\x8f\xbdB\x8dqO\x1d\xef\x18\xdaWk\x8e\xa8\xea<\
\x90\xf0D\x1e\x5cg\x81\x0cW\x1d~\x8e\xcf^8L\
\xba>YZ\xfd\x91k\xaf\x8c#\xafb:\xf6(\xb9\
\xdc\xe8\x0b\x93\x97\x0dKz\xfd\x11\xd7\xb6\x1dH\x13\x9d\
\x8b\x93\x9f\x0d\x08\xeb\xd8\xcc\xca\xfdvc\xafb:\xf6\
\x115U\xfc\x8d(\x8f\xd1\xa9\x8c\xfc\x5c\xd2\xee\xb1'\
\x08\xeb\xd8iT\xfe\xb0F\xdf\x17\xf0q(\xe4\xfd\xd5\
\xf67+\xfb\xc7.O\xa6f\xe8I8n2\xd9\xb9\
9\xf0\xd0\xdce\x8dO\xde3\xc7#+u\xd8\xb5\xd7\
\xc1R\x93\x84\xac\xbb\xe6n\xb8r\x18\xdf\x05\x1e\x9b\xbf\
?\xde\x1f\x10y\x1f\xa8\xcfG\x0a\x06\xa9\xb3\x95\x84\xc6\
g\xd8\xab_\xefX\x10\x8a\xf6Dn\xb8\xdc\xd2\xee\xf0\
\x1a]\xd0\xe5S\xbf\xfa\x84\xa4\xdfrc\xeeyO\xee\
\xcb9>\xacE\x97u\x85:\xe8\xa0\xe9wg\xc5;\
\xf5+\xd59\x1e\xfc\x0d\xde\xfc\x04\xbd\xe7\x05\xde\xfb\xdb\
\xd2[\xdf\xf3j\xde\xbf[*\xdb\x11\xd7\xb6-\xc7\xae\
\x9c\xfam\xc7\xb9^\x0f\x1b\x08\xe2t\xe3\xf1\x12r\x07\
]\x7f\x03\x93\xae\x1b\xd532\xbckb\x85s\xf1\xb2\
\xacg\x9e\xd6A\xf6\x1b\xa4\xca\xa7\x02\xd9\xdf!\xe3\xbc\
u\x81a9\xdd\x1a\xdd\x91\x0d{\x1b\x9f\xa1\xa0\xa3t\
E2\xf8X\xee\xbbD\x96\xf5\xfa-\xeb\xf4nUH\
\xeb\xd8\xaf\xf5\x87\x8d\x08\xe2\xcc\xcc\xbfy\xc2\xf7O\x02\
A\xce\xeb\x08\xeb\xd8\x82\x8a\xfe\x0d\xc6d\x14W\xf0[\
\xd7\xeb\x18\xeb\xdb\x05\xbd\xff\x000\xb7\xaa\xf0[\xd5\xf8\
7\xaf\xfa\xc3\xe6\x8d\xf4\x15\xfc\xff\x00C[\xf9s,\
\xeb\xf4|\xc37\xbc\xf67+\x9a\x22\x17\xa0\xf4u\xf0\
H\xd8n\x88\x83\xa4\xeb\xbd\x0d\xc6\xdf;\x1b\x8c\x84\xf0\
F\x9f\x9cwN\xe5\x0eG\xe0\xbf\xa7\xd9\xb9\x14tx\
7D@\xad\xd3\xe8-u\xf1\x8c%\xd3\xc9L,\x5c\
MN\xcc\x92\xfe\xf8\x92\xc6?\xd1\xe1\x08i&\xf5>\
E\xfa\x0d5\xb7c\xcf\xd4\xa2oR\xd77\x82{\xb4\
\xa6\x15o\x8bgG\xc1\x0a\x8d\x5ct\xb6\x1f\xcf\x8fl\
7#\xf8@\xa93\xc1\xff\x00J&\xf4\xc2W:\x11\
\x94G\xe3\xe2F\xed\xa7\xc8\xc4\xad\xf8\xa1\x0fqVr\
\xf6\xc5\x86sg\x04\xbeV\x8f\xf9Fj\x13GJ\x0d\
\xd0\xf7\xb4k\x8ae\xbc\xeb\xcb\xc2\x0a\xba\xb7\xb7\xfa\xb6\
\xf4]\x85\xc6\xec\x8a\x1c\x8f\xc0\xda\xbb\xb60\xee{\xdc\
H(\xdd\x12Q\xdf\xc9{\xa7\x833;u76\xf9\
F\xe7\x85\xd9\x0c\xd2\xee\x85{\xfc#\xc1\xf6#\xc1\xf6\
\x15\xc7_\xa2\x11\xd9\xe8AW\x7f\x18AE\x7f\x18\x08\
5\x14\x99\xd4\xd0\xfe\x1dW\xd6\xfa\xe3o_\xa2:\xf6\
\xc6:\xf6%D\xbfPEK\xc1.=\x0d\xc6G;\
\xe4Hiwx\x09\xaa\x9f\xd9QY\x9c/\xe9\xf7\xe9\
kvF\xb7dPR \xd6\xec\x8b]|\x97\xf4\xfb\
\x16\x84jn3\x18\x9a\xe1\x06DN|\x0c\x88\x8c\xf8\
\xe0\xdf\x0a|\x19\x19[\xa8\xd2\x88\xcb\xa1\xb8\xcc\xeaA\
\xad\xd9l\xb7\x8b\xb1\x9eE\x12\xe0\x96\xd4\xac\xf2\x83\x9c\
\x9bP\xcfpk\xec\x927;\xd4\xc9\x8a\xe2\xde\x7f\xd1\
\xb2_^\xf7\x1b-u\xf2p\xadh\x8d\xef\x99?\xa2\
\xe3\xcc\xb5\xd7\xc9k\xaf\x9c7?\xb6g=\xc7[\x08\
\xdb\xf3\x86P\xba\x96\xba\xf9\x13\xa4>\xb7=dv\xfc\
\xf9\xea^t\xbfz\xd0\xdcs\xd4IS\xf7\xecRi\
\xf3\xec\x87#/w\xed\xfeO\x85\xff\x00\x11(\x95\xee\
\x08&\x05\xfb\xb7\xe4\xf0/\xb7\xde\x14K\x82Ezv\
\xfe\x13\xc2\xf7\xeb\x8d\xfd>\xfdXBM\xcb%\xaa\xb8\
\xf4\xeb\xf45$\x91e\xf3\xe0I\x1e/\xb6\x19\xad\xfa\
\x22I\xc1(\xc1(\x22\x0e\x8eL\xcc\xaf\xd4\xa3\xbct\
\x93\xaa\xbdn|/\xac\x96r?&\x87\x81iF\xa5\
\xee\x9e\x0bz\xfd\x09\x07;\xacot\xf3\x84\x14\x15w\
\xf1\xb1\x9b\xa6\x1a]\xd9k\xaf\x92\xf7O&\xe2\xf2i\
w~\xca\xad\xaf\x92D\xe3Gx\xe9\x04\xe9\xf8;\x84\
\xf8~\x8a^\x9br@\xed\xe5\xfb3]K\x8eL\xe6\
N\x85'\xe3NU\x92\x9f\xea\xdd\x8aW\xec\xc7\x02\xbc\
\xe87\x93\xa6_\x03\x84\x5c<\x91\xbd\xa0\xd4\xa6\xe1\xab\
\xa8\xeb\x91?\xe8\xcc\x8c\xaf:\x5c\xa2oS\x88\xe9\x9f\
$\xaf\x895\xfe\xe5\x9f!_\x82\xe7O\x18Q7\xa1\
\xb8\xe3|.\xbeA\xf1C(yTg\x06\x87M\xff\
\x00)\x08\x85\xb3\x9c\xd1\xc8?\xba\xfb\xbeN\xf8|\x17\
\xfe\x08\x5c\x9d\xe6\xe3\x17'y\xb1b\xc9\xbev\xe6o\
W\x17\xbdo>\xb0Rp\xef\xe7\xd3\xa9]\xa66\xb8\
F\x12U_\xce\x17\xe5\xf5\xfb,\x87]W\x0e&\xe3\
#\x9ao\x0b\x19*\xaf\xe4H\xa3*\x95'_;9\
\xbac\xb8\xc8\xea0e\xfe\xef\xb3>K\x7fF.N\
\xf3oJI\xd9\x9c$\x92I\xf6u#\x0c.o\xc8\
npu\x1c\xf62g\xed\xc9M\xca\x19\x19\x16\xa1'\
\xe9\x1aTx\xe4k\x87\xab\xa7\x93:\x9e\x7f\xdc\xb2|\
?\x0b\xf66\xe7a?\x92@\x95t\xf2A\xbf\xe5\x81\
\xf57\xd2\xb9\x08\xe5\xf4\xfb\xb5\x0a(\xe6\xbcj!\xda\
\xd9\x89\xdc\xca{\x1b\xcf\xb1\xbd\xf8>J\xb7\xcd=\xa6\
DF|\x7f\xe1\xe0\x1c\x9b\xce\x8b/]\x5c\xcf=\xb7\
\xddy\x16W\x94+\x99\xe6AWV\xc8(\xaa\xde4\
k\x8ag\xc0\xe8_\xbe\xf1\xdff\x93\xe6F\xc9~\x1e\
\xa3\xb9QI\x9d\x9b]|l\xd4\xae\xc5\xdc\xdf{v\
\xf5\xfa\x1e\xf5\xfc(\xef\x1d#a\xe8F\x85\x178\x9d\
\x0a\xb6\xf4\xd8W\x5c\xd7\x93[\xb3\xc2\x82\xb1\x06iw\
e\xae\xbeN\xa0C\xe6\xed\x16\xf4ot\xf3\x842\x1e\
\xcc,!\x90\xc8d?g\xff\xda\x00\x08\x01\x02\x03\x01\
?\x10\xb8\xdc\x0d\xc9(\x96K$M\x0a\x17\x13$\xb8\
\xd9\x22\xc72F\xd1$\x94$\xe4\x5cl\x99\xa0\xf8\xfa\
\xe9\xe6\x84\xd3R\xb6\x1a\x9f_1\x97f\x0f3r\xa5\
\x1c=\x19 \xa7\xae\xd1]\xa5T\xb4q\x1a\xf9\xa7\x17\
\x11\x13\xf1\xff\x00E\x86|p\xd6\x16\x941\x13/\xdd\
\xbc\x1b\xe0p\xb7\xb6\xdbF.!\xe9\xbd\xbd\x160\xdc\
\xfbQL\xee\xbb\xdbhO\x19'\xd0\xa7\xa4\xbf*\xe8\
7#|\x07\x1b\x129\x89\x09\x1d\xc4\xf8\x8bA2M\
MI\xcclz\xec&r55.\xa4\xcb\xd7M\xa7\
(O4k\x1a\xc2s\xec3\x196g@\xb0\xf52\
\xf6\xb00\xb9s\xf7\xb8\xa4\x97\x05\xe1h\x5c\xa2\xf1\x1e\
\x13;\xd3\xd65\x8dc[\xd5\xa5I\xc0\x99\xdfmf\
\x8b\xff\x00\x85\x13|\xbd\x16\xe4\x92\x8a\xde\xd4\x7fJ\x14\
\x10A\x1f\xf0\xad\x92\x1b\xc8\xc8\x1c\x07\x19\x81W\x90\x7f\
(\x90\xd2\xb8\x9a?}\x88\x1cs\x95W;\x97T)\
\x19\x0cN\x04\xc4\x5c|F\xf1o6\xc4\xd3\xb3\xc5<\
x\x05\xedu\x8daI\xd4m\xb6\x91\xa5\xe9\xaa\xa1\xe1\
S\xd1{\x10H\xed\xb0\xed\xeb/\x8d<\xbd\xca\x8c\xbc\
\x12~c{\x14\xa4iq\xc3\xd8\xd5\xafHR\x9c\xa1\
\x22\xb3 \xef\xa0\x8dU\xb6\x88\xa6\xf6\xf5\xd1[\xd8\xa5\
-\xf4\x15\x5c\xafgM\x99\x16{w\xbf\x01Y\xcc\xdb\
2Q\x12Uz`\xed\xb0\xdd\x06\xc0D\xb6\x08\xc8\xfb\
&Um\xf1.\xd0\x8c\xe5t\x8d\xcbE~f\xbc\x11\
VsC\xbas\xf0\xc6\xb7\xebR\xaa\xf0\xce\xb3\xccN\
\xc3\x0a\xd5\x05\x99\xca\x0b\x83tk58\x0c6LO\
\x0c\x87s\x5c!1\x14\xb8\x97\x08\x1a\xb8\x87)&\xa8\
\xe6\x99\xa2\x09\x1a\xd1\xa4\xd7)\x9a8\x81\x90\xdd\xe7\x09\
6\xdf\x93$&\xeb\x1a\x95\xcd5Q!h\xd4C\x85\
\x5c\xe2\xb8\x19\x0a\xe6c\xbf\xb4\xd65\x877\x0cjG\
\xb3\x91\xd31\xd5zQ\xb2\xed\xb0\xed\xeb*,\xa5_\
[\xd0S\xc8\xf8\xae\xe33\x16C\xd6=\x8d\xafLy\
\xccY\xa6v\xdbR9\x19oY[\xd8\xb9\xd1dg\
\xf6s%\xb7^\xfc\x05g3l\xc9FIW\xe9\xbb\
lH\xe4jT\xa2\xf7\xcc\xe8l\xac\xc2\xe6yJ\xb1\
\xcd\xcfD\x10\xf3\x1b\xae\xfb\xff\x008\xa9\xf0\x8a\x1by\
\xa2\xd8h\xaa\x89\xb6\xd2n\xa9\xf3S-\x10\x98\xb03\
\x07q\x8b\x07H\xd2\xe2\x9a#U8\xd2Y$\x8d\xa8\
\xcaU\x92\xd4dh\xa4\xd5\xa55\x8aQ^U\x8c\xc4\
#Q\xdcw\xf7\x9aF\x90\x84\x1a\x9a?U#\xb0\x9c\
\xfa\x81\xe9,/b\xd6O\xd6\x8d\xce\xf9\x08\x86\x9b\xf0\
\xd0\x9a\x9eIvZ\x063#\xdf^>\xc6J\x0bJ\
\x19k\xd0\x88\xb5 \x9a\xde\xdbr8\x10\x942\x06\xfa\
\x09w\xb5W\xf4\x02\xd1\x02\x87\xedX\xbd:br\xc6\
7\xbbO4'5[\x01\x8d\xca\xf6)\x9b\xff\x00\x04\
\xcdN\xfe\x045\x8f*{\x08\xac\xd7>\xb2\xfe\xe4P\
\x95\x0b\x8e\x9b\xef\x98\x8d\x96Ar\x8f\xd1\x11i\xb6\xd2\
y\xa4\xa4yK\x89\x111u\xe0-Iq\xa6B\x15\
a\xc8\x94\x1anP\xa2.%\x94\xa6\xec\xc1\x0a2\xc3\
T\x84Bz\x15\x84\xc6\xa5,\xdbi\xc0\xe2\xd3y\xe7\
\xd8\x0a\xa4Ey\xef\xdb.\xc2<\xe5M\x81\xabP*\
\xa5Y+L7\x0cUI\xb7h%\xfc\x7f\xa4\xc4\x1c\
\x1cC\xb8\x8d%\xbd\x03C\xc4*\xd2&\x84\xe9\xf28\
U\xc1\xbb\x898ex|\x19\x06\x1f\x0d&9\xf0#\
Z\xae-J\xecG\xf3\xa1\xf1\x9cf4\xa3\xb4\x8f:\
m\xd2\xa22\xbc\xd7\x16\x85\x9ajN\x91\x1f8-\x90\
\xa7\x0d\xd2'J\x8a\xb01\xc4;D:\xf8\x19\x98\xed\
\xa3\xab\xb6\x94%E9Kx\xa1\x1a\x89\xd4\xd3\xca\x8a\
\x1f\x16,#E\xaf\xabI\xcdP\x84\xf5S\x9a\xa19\
S\xe9\xbd\x07\x88\xbd\x8bR\xa1\x8dE\x1f\xaa\x96\x1aj\
\xe7\x1c-p\xd3G\xc0\xe2\xeb_\xae^\xca\x84\x97-\
z\x10\x84\x92\xb5\x9e\xda\x07%F\xd7{e}\xa1\x5c\
\x97\x82\x93\x8d\xf2\xf6\xacD\xb2_\xa3La\x89\xc2\xf7\
i\xc0\x9ek\x1acp\xfd\xa0-y\xf3\x89\xa5\xf0\xcb\
\x1amF\xa6\xfc9_\x02\xd2WD\x04\xc5^o\xbf\
}\xd8\xe9\x92\x0dN\xb1f\xe7\x83_2\x0aef\xda\
\xee\x1d\xa4\xeexo\xd9\xa1&\xedND\xd7\xbf\xd9c\
r\xe2\xb7U\xd5\x5c\x5cV\x9b\xf0\x1d4\xaa\x9f\xd0\xed\
\x03\x17\xb9\xc3\x05\x93jRz\xb5^P\xf3*D\xa8\
b\xc7>\xa0)\xba\x15\x14!\x0a8y\xb6R&\xe8\
\xe8\x84\xc6\x94R\xe2Z\xa7\x91\x0b\xab\x96\xd7\x9b\xbb\xe8\
R\xe6\xc75\x93\x12\xe1=\x14\xbb\xf0\x19\xa97eD\
\xbd$T\xf2dpR\x93\xa8\xb0qO6\xd8\xd2j\
\x1d\x98\xa6!/\xb2\x15\x0bq\xf2e\x8a\xecD\xd3,\
s\x84\xfc3CrZ%u\xb2\xf9\xa0\xe4/\xb8:\
\xbf\x8bt\xc2\xcd\xd5\xb1\xf0<\xa2\xdf%\xefR;\x09\
\x8f;\xd0\x8b)\xf455(\x95\xca\x132Z\xab\xfa\
p\x84\xd9~\xc9#\x97\xcd8\x8b0\xb2\xf71\x1a\x16\
\xf6\xf48\xc4m\xef\xc3m\xdb\xd4\xb5\xb0\xc4\xe5\xe0-\
mIK}\x09\x89\xec+z:\xc6\xb7\xa3\x98\xc9\xfc\
BQ\xec\x80\xc5\x12\x07_\xe4\xf0\x91D\xb7\xa3\xa2z\
\xa9U\x91rU\xb7rU\xd1\xd1'*\xf1Bu\x0a\
\x92\xd5G\x91\x9b-\xdc\x0e\x95j\xee\x12K\xbb\x1b\x85\
\xdc\xaa\xd5\xb9\xab\x89\xd6\x14P\x92\xb0\xa1h\xaf\xdf\xe8\
g\x8a\xa7^;\xd2\x11\x11h\x90\xe3\x93\xba>\x82B\
uL\x94\x93I\xa6P:Rd\x1eDS\x0aa]\
\xe8\xb5e\xf0\x83%\x5c$\x8aM'N\x9a\xa2\xc8\x80\
\xaf2\xbdB|%\xd7\xcd2\x1b \xf9!\x9a%>\
\xf1\xa96\x8d'\x5c\x92\x04\xd6i$\xd2\xb7\x15M\xaa\
\xb2O\xbd\x8dW\xf0\xc4f&\xcb\x9f-\x08v\xcd\xb6\
\xa5\xc3Cl\x92\x1a\x95\x1bq\xc7\xa0\xd8\x8dZ\x9e\xf3\
\xe0C\x96\x89V\xe0\xd5\x85BY\x09\xf7\xd4A)\xad\
\x95*81\x17\x04\x12M|\xb7b\xb2\x19\xc5\xab5\
_W\x1d5k\x82\x19)2r\xea\x92X\xb4\x9a\x87\
f+^\x1c\xb8\xa5U\xf2\xbe.\x9aN,\xe8\xe2\x18\
\x84\xb9'\x14\xc2\xcf7\x1eP\xe9\x85h^\xf5\xb3\x09\
\xca\x9c2\xd9\xe8M\x22q\x84B\xc59B\xcc\x1aJ\
\xbe\xa0T\xe7\xa9+T\x88\x1e\xa6\xae\xebD_+\xef\
\xcf\xdc\xc4\xc5{y\x84L-\xed\xb6\xed\xeaZ\xd9\x0f\
N\x11kj\xf8_\xc1\xb3\xbd\x85ogY\x8c\x8f\xc4\
H7\x1e\xc4I\x10t\xf5L\x1b\xd6\x95 $\xa9\xf0\
\x85\xc9*\xb7\xcd\x904\x13d6\xcd\xb4\xe5:\xda\x96\
\xa1&\x1b\xe0\xa7\xeb\xe8\xa5\x05\xfee\xbbt\x81\xb3\x15\
\xc0\xb4\x14\x88\xe6TQ\xb9\x05\x1d\x85S(hLZ\
\xa7)\x8d-\x0f*=\x12\xaa\xe4\xa8*\xaap%\xdf\
w,GDB\xe6\xf8\xb7\x9br\xdeb\x9c\x89\x15+\
\xc4\xd0\xa9\x973\xfc\x14\xcd=!R\xbb\x01\x09C\x10\
\xcd\xbd\x8bM\x0dM\xb5oNR\xdf4|\xd7\x87\x17\
\x11437\xde\x9e\xce\x97\x19\x05\x19\x9c\xcd\x82g}\
=\x16\x85\x04\xc7\xbf\x0fE\xb8\x1bJ\xfbl~\x9d\x0e\
X\x8c\x88DYp\xf75j\xfc5\x05\xfd\xa0&\x84\
$\xa0\xf8\xcaJ\xb6\xdc't\xa6\x8b\xcc\x1a\x04\x19\x99\
%\xd8\x9d\x82@\x91\x10\x5c\xd4Nh\xc5\x91\x91\xc3e\
)\xab55\x15\x14\x8b\xf0i\x8d\xe4\xf4jW\x15\xa5\
+\x00\xc4\xe1\xd8L\xbd\x8b\x1a\xa3\xa7\xa7It\xb7o\
a\xea|\x91\xf1^\x0b\xc9,\x97\x8c\xb2^:\xc6\xb7\
\xa3=\x1d\xc5\xc6g3\x0d\x0aH\xf7\xe5\xe8\xb5\xad\xec\
q\xbd\x16\xe1H\xdeom\x8f\xd3j(\xc6\xce\xd4\x1e\
\xf0\xfd\xddZ\xfc+\x1b\x86AOfL9\x0c4\xc1\
\x02a\x22I\xc7\x129\xa0\xd7\x88\x9ahj\x1c\x9a\xac\
\x08\x91\xae8\xc7\x028\x9c\xcdEVh;~5(\
\xf4\x16F&J%\x12\x89^\xbeq%\xb0\x9d\x9a\xa6\
Z(\xd3\xd3\xebA0\xad<\x17\xabe8\xd8\x1a\xc6\
\xb6\xd0BP\xc4\xf3\x12Q\xdf\x05a\xa6&D\xefA\
\xa2\xb5}\x05.\xfa\x0f\x0e\xbe\xbd\xa1_f\xc5\x8dk\
\x0a\xee6\xcci\xae\xf9~nC[`]\x1e\xcd\x8d\
\x8fR\xa2\x04\x09\x09\x19\x82eWQ\xcd\x86p\x9ee\
\x19k\x89\x90\xe6T\x85\xc0\x85\xc3\x1ed6Z\x82C\
\xab\xfcr[r\xd1\x9c_f\xd4\x09\x9a\xdb\xf9\xc9L\
4\xaaie>\xb8r\x1f\xb21\xb8bq\x8c\xa2V\
\xca\x12\x95\x88\x115\xc4m\xcd\xf8\x12\xa0W\x0a\xdbo\
a\x09z\xf6\x85}\x9b\x165\xac+\xb8\xbaMoa\
H\xff\x009\x045\xb2\xfa\x0c\x8fg<J@\xdb\x22\
X$C2\x8a\xc5\xc8\x15\x04(\xa3\xdf\xf4$!0\
+K\x13I\xc8\x9ei\x9dJ\x15\xc8\x5cD\xf0\x12\x1b\
\xcb\x05\xf8g\xec3\xc1#\xb0\x9c\xfb\x9a\x03&\x84\x95\
\xac%\xf5\xa6\xcdR\xe3#\xa3\xb0\x9c\xd5z\x08j\x16\
\x031\x9cUBb\x92\x16\xf6\x1eR>C\xd2^\xcc\
\x1d\x05)\x9c\xff\x00\x9e\xde\xada2\xd60:\x8f\x0e\
8\x8d\x09\xdf!]\xc4\x17\xf4\xc5k\xdb\xcd5|\x12\
\x8b~@4\x88 \xae\x10F\xc2\x04\xc0\xcb\x8a\x0a'\
\x7f\x81\x9a\x1an(N\x82QfB\x12G\x22\xae\xe4\
\x13\xc3\xf1Q\xec*f!\xa5O\xb1\x8c^\xcc\xd1d\
u\x17\xc7\x22\x11\x0b\x10\x92\x8c\x5cbm9BsU\
\xb6\x84\x10\xd4\xb31\x9c\x89\xd7{\x8dK\xf3\xed\xa0\x86\
\x18\xf7,\xc7\xc8\x8a\xad\x97A\xbd\x1foV\xb1\xad\xe2\
\x84\x1a\xddw\xb1\xaf0@\xf6\xe1\x90S\xd2\xad{y\
\xc8=k\x80n0\x9f\xc6\xafVE&$\x96$t\
*Da(\x9e\x05\x7f\x1d$\xfb\x14<u\x8doM\
a\x1bJRw\x8f\xa5\xa1\x02vS\x87\x22y\xa1#\
\xbd= \xae\x05\xb4o\x90\xac'\xb0\x85A\xb5\xd8\xa7\
'QM\xe6\xfd\x18(\xae4Cu\xd8\xdbn_\xa2\
\xc4+mP\xdb\xe4\x5c\x1b\xe5\xe93c\xack{]\
cXC\xca\x12\xf2\xc9,.~\x8c\xa2W\xe1jF\
\xbd8 M\xd8j\x0dn\x0a\xaeF\xc4\x11\xff\x00!\
S\x83\xd9]\xde\xd1\xa0\xd2\x8d\xec\xc0&\xd5\x8c\x85A\
\xd6T\x1f:\xfa\x07.\xfa\x0a\x82\x09\x06\xa1\xb19\xc2\
\xad\x08|\xcf\x16-\x041\xcd\xfa/\x0dp\x13y\x89\
\xcdW\xa2\xc4+mO\xdd\xc8l/\xd2f\xf7uL\
\xcb3%\x04\xce\xab\xf1\xf4\xfd\x83\xba\x04@\x86*!\
\xff\x00\xc1\xd2I\x04lO\xab\x04c5=\xf2\xe6-\
N\xfd\x97\xa2\xb5\x026\xff\x00\xad\xb1T\xef\x918S\
W`.e\x01\xe3,7\xc8im\xaf^\x0b\xed\x85\
lR:,\x12:\xe0\x16\x9b\xef\x9e\xca6a<\xd0\
\x9c\xfb\x99\xbc\xd8\xdc\xb9\xf62\xc9\x7f\x80\x12X~\xc1\
8\xaa\x14\xd5\x1a\x9c1\x8b\xf7\xff\x00\x07A\x04\x92=\
\xa8#\xd1\x92qE\xbf\xfc\xe05ai\xbd\x9f\xa3\xcc\
$\xf3c\xe7]\xa5Y&\x04\xc6\xa4cD\x1f\x0e6\
\x9b\xe4$\xb8~\xbb\xdb\x86AM\xa5lr\xdd\x86\x95\
,fl\x9e\xff\x00\xa1\xb4\xec\xce\xccXO5\xeef\
\xdb\xbf\xe4\x85IA\x89\xc2\xd8O\xd8\xd6\x86-\x22&\
\xe7/\xe3\xe4\xa0\x84\xa1\xed\xa4\x92\x85\xec\x83{U+\
\xe8\xad\xa7O\xad\x07yzu\x1d\xff\x00\xc2;\xff\x00\
\x847\xff\x00\x07U7\xecK%\xe0\xac)\xab\xb0\x1a\
Rf\x83\xa1\x19\xff\x00\x0a_\xb9V2\x02\xde\xef\xd1\
=\x1f\xbd\x7f\x95{4\xe4\xbb\x16\xbd\x94.\x83\x93\x97\
\xbfa\xaf\xa9\xf1\xfe=9$\xbf\xa0\x1bIK\xfc\x0c\
f\xfc\x07C\xbd\x96\x9e\xad9\xaa\x0dI\xack`\xac\
&5#a\xbd\xc6\xa5/t\x1b\x82\x0a\x11#\xb3\xf5\
\x97\xae\xf0\x94J\xfc\x93\xd9l\xe8\xc8m\xc2\x10\xfd\xac\
\xa2p\xc6\xb0\x9e\xff\x00\x03*\x87\xc2U\xbf\xe1\x09\x0d\
&\xa1\xfa\xf3\xc2\x10!K\x91\xe3A\x94+\xb2&\x9d\
\x84\xe4\x94J9NQN\xc5H\xe1\x8e@LN\x06\
0\xa6\xae\x019\xaa\x14\xed\xb3O\x0eS\x94c\x0d/\
e\xa1\x8coM\xb4\x94\xb1\xbc\xd9%\xea:\xb9\xdbJ\
(\xb6\x82y\xa2\xf5_\x85\x1d\xcb\xc6s/\xe0\xd0\xfd\
\xad\x13B\x13A^qA\xef\xfa\x1f\x22\xe7\xff\x00\x06\
Ji\xa9^\xa0\xa3a\xe1\x12^\x0d%\xbf\xd19\xca\
r\xe2\x9ehNT\xec\x90\x0f\x962Q\x9cR\x0a;\
\x09\xc0\x98\xd4\x812\xb0\x8bo\x96\xdf!\xc86c{\
)\x89\x97\xa7\x98\xc6\xdbr\xc9mQ9S\xb6\x84\x1b\
IK\xd9\xb5P\x9ek\xf0\xa3\xb9x\xcee\xc7X\xd6\
\xd9\xd65\xbd\xd5\xbd\xcb\xd3\x96F\x12\xb1\xbf\x819 \
\x97\x0f\xf99\x9b\xef\x90\xa9\xe2k\x1a\xdb4\xa6\xae\xc0\
\xb0\xf6ZR%b&!\x97?Bw\xda~\xadH\
%I\x09\xe6\x84\xe6\xab\xd1\xb5\xb5[pR\xd4\xfa(\
~\xfd\xb3\x0fI\x0dI\x12\x94\x22\xd6\xc3u\xd8\xdbn\
_\xb1\xc8e\x1a^\xfe\xfa\xb5A;\x18\x08c\x7f\x03\
_R\x7f\xc4\xaf\xc3A\x18\xd1\xb4)/C\x9c\xe7\xd9\
cp\xc8(k\x1a\xc4m\xb6\xbd\x8eS\x94o\x15c\
sW\xe8N\xfbO\x18D/EXO\x04\xdar\x84\
\xf3^\x8d\xad\xaa\xa2K\x91\xe8\xa1\xfb\xf78<\x04\x16\
\x1f\x22\xd6\xc4\xdebsU\xeck!\x94\x84*\xfb\xb6\
\xd6\x09\xae\xd9I%\x08K\x98\xd4%\xbfaY\xb7\xf8\
 \xacB)sX\xd6\xff\x00\x8d\xb5\x84\xb2\xad\xfb\x10\
\xdf\xfc\x12\xe6%\xce\x82F$t\x17\x11\x05\x19\xack\
\x12Q\x0d\xec\xc4\x11\xeb\x92p\xe4O5\xb7\xackc\
\xack\x12\x84\xae{U\xaf^$\x93\x98\xe6\xf6\xb2\xfd\
\x90\x19L\x9e\xe0L\xd3\xde\xb6\xb0Mv\xcb\xb5$5\
\xdcW4\xb0\xad\xba\x19{\xf8\x191\xbf\x82D\xbf\x10\
\xff\x00\x02\xb6\xa2\x0b\x0eb\x832\xa15\x15\x06\x0d(\
\x96\x8c\x5cX\xc1DAE\xed\x88&\xd5\xbdW\xe6d\
\xb7\xb5Z\xf61\xc8r~\x1e\xab!\x93\xdb\xb7\x90o\
e\x8b\x08x\xbb{$'\xa8\x98\x1cA#R\x9e\xff\
\x00\x02\x1e\xff\x00\xc14\xef\xe0NH \x92i0I\
>\xfe\xb5\x8dbdB\x1a\xc6\xb1\xces\x8d\xcdX\xc6\
/`\x80\x95\xa2Z\x06\xe7,J\x05\xa0\xf1\xe2\x1c\x0f\
L\x1f\xa0\xa4-(cJD\xf3XZ\x871\xcd\xec\
j\x17\x19\x05\x1e\xd8'\x0eD\xf3[r\xb05N\x1b\
8\xbb5\x98\xcc$:d;e\x99\x9f\xbd\x00\x96K\
\xf7\xa53\xed\x1b\x81)H\xc5\x84\xe2\xed\xec\xd0\x9e\x9a\
\xb1b\x8d,&\xf3%\x15\x18J\x121\xbf\x83~\xf0\
o\xde\x04\x15\xdf\xb1#\x94A\x1f\x81\x04\xf3Br\xa7\
d)\x8c%4E\xec\x10\x12\xb4NE\xccZHn\
1\xe2\x1c\x0fL.Ll=\x80\x9e\x015\x98\x1a\x86\
\xfd\xe0\xdf\xbc{\x10\x89(\xc5\xc5\xe8PM\xabm\xb9\
(5:\x14ka\xb6[5\x98\xcd\x84\xc6\xcef~\
\xf7X\xd6\xf7\xa4\xa1\x22\xa6~\xcdIT[\x12\x18\xd0\
\x98\x94\x89\xb9\x95\xf8\x9aV\x9b\xf6\x17V\xfe\x04\xcbo\
\xd8I\x9e\xfd\x8a.\xfe\x04\xd3$\x92I\xd5\xefZ\x19\
\x1e9\x0a\xe3\xbe,\xb1\x89IHft(\xd2\x82\xaf\
\x89\xc5/mr\x1c\x9b7\xc21ob\x94\x8d)\x13\
\x86 i\x08\x8d<ID\xa2Q+\x14\xb9\x89]\xf1\
kf/3\x90\xe4\xd9\xe49\x09q%\xc7e.\x82\
\x22\x1e\x04\xac[\x13\xcd\x86I\xd4\x96K\xd9STN\
?*\xf4\x1c\x9e\x8el\x09D\xad\x9a\xd65\xbdV\xe6\
\xach\x9c\x09J\xb7\xa1\x14\xc4\x866$9Tcs\
\xf8xD!'rZ\xba\x0e\xca1\xbc\x86\x12\x84q\
\xbf\x83S\x7f\x83S\x7f\x81\x06\xff\x00\xa2J\xafm\x1e\
\x82e\x8bg\xb0\x9e\xf1\x8cC@\xd4\x86\xa8l\xae\xcb\
\xdb\x5c\x87/\xa1\x02R\xe0K\x09\x1aStH\xc7*\
;\x09\x90\x09\xa8\x8am\xb6\xca\x83\xa6\x944\xb7\xf84\
\xb7\xf8\x18\xefa\xbeG!\xc8io\xf0io\xf1\x8f\
!\xc9\xe8P\x92\xf8K\x8d\x8bB\xc0%\xcc\xa2m\xb1\
\xb8cR?+\xc8rz9\xb05\x8dle\x92\xfd\
viPbbg\xa8\x5c\x1f\x8cBz\xf2&D\x90\
\x89\x92\xbe\xbfB*!5\xf7\xec%j\xaf\x7f\x81\x0a\
\xcc\xfc\xfe\xc4\x08q\x12\xf1\x1d\x8f{\xces\x97\x85\xa1\
\xces\xece\xb1Z\xd8d\x15dUe\x00l\xca[\
\xd0O4'5B\x8d\xc4\xc8\x10\xf7\xb5|\xe79\x9e\
\xc4\xcf\xa2f3\x96\x85o\xf8\xfaz+\x0d\x8cb'\
\x01\x0dB\xfcpB{\x06\xech\x95\xfe\x8d\x1e\xe2g\
q\xcb\x9a7\xc1I\x9f\x1f\xa1\xc7]\xfb\x12\xaa=\xfe\
\x06\xc5\xbf\x81e\xefNS\x94\xb4/6\x83-\x8a\xd6\
\xcc\x15d\xd5bFX\x93\x9d\xf2\x13\x8a\xa1<\xd1%\
\x19\x90\xf6\xf5\x8dm\x8b[\xd9\xd5-\xff\x00\xc2[\xff\
\x00\x83\xa0\x9e\xaf\x1b[Y\x8c\xe5\xa1[\xf0\xf1\xf8\x89\
\xb2:+\x93(b\xd3\x00\x86\xa5\xfa(xG\xe6\x16\
)H\x9c9D\xbd\xff\x00D%<~\x84\xc4o\xe0\
H\xb5\xdf\xb0\x92\x8a\xbe\xc2V\xa6Ju\xf7\xe5h\x92\
\x82\x22\x1e6\x85|\x19\xb0\x0aJ\x1e07\xd0\xbfT\
\x1a\x18\xc1\xc8r\x09\x18\xb6\xa1\xdc\xc8\x09\x92\xc9\x12\x89\
[a\xc8rm\xa5\xe6$\xa3\xbe\xcc\x83M\xb1NE\
\xa5\x0fnJ\x0bJ\x19kbQ+f\xe6\x5c\xbd\x94\
\xfeS[\xd5C\xc2\x7f.\xcb,Z\x8a1\xb9()\
DaR\xb0Y\x1dw\xd0k\x7f\xe0\x86Ig\xbf\x02\
\xc6\xbe\xf8\xad\x09\xc9%\xf1\xb4+\x88\xce%)[\x02\
\x1e\xfb\xe4Q\x86@\x9d\x1c\xa7) \xd2\x89(\xcc\x81\
\xack\x12O\xae'#J\xd9r\xa0\xc4\xe1l\x04\xe7\
\xd0\x12\x5c\xb5\xe9g2\xfe.I\xf77\xbd}\xaf\xcc\
\xe5\xea41j\xc2S\xae\xfd\x84/\xbfb\xc1\x08\x9a\
:\xdf\xf0*\xc2V!\xf3\xc6\xbc\x83\x91\xbc\xf0d\x84\
\xe3d\x1a\x1e\x82\x0eC\x90\xe49=zNE\xa5\x0c\
H\xc9(\xee8\xa8U\xad\xc6\xacrs\xe9'8\xda\
\xf7\xd5\xf5\xabX\xd65\x8do{\x122\x06@l\x90\
IDAE\xff\x00&\xd4\x0d\xf2\xc2Y\x9e\x09\xd6\xff\
\x00\xc2\x10\xab\xf8\x05a9C\xca\xc6\xa3\xdf\x90\x82\xbb\
\xdb]F\xb7\x0c\x86\x9b \x99:\x8c\x5c\xb19N\x5c\
u\x8doR\x82r'#\xc3Q\xb9\x8d\xb3\x13:\xdc\
\x8fV\xd7\xbf\xcf\xf01,\x97\xe9\xc0\x89\x10\xc96d\
\x90Q\x11\xd1_m\x8fP\x01\x0f\xf2I{54\xb1\
+\xbf\xe8z\x8f~\xc2+\x12J\xc4\xa8\x9fF\x19\x0f\
\xd3\xd6\xf4fli\xb6\xdc\xbc\x07s\xf2Q\xa6Kr\
\x15\xc4K@\x84\xa1\x8aBq\xe8\xeb\x1a\xd8\xd4\xb4\x16\
\x94=\xb5F-L\x0aj\x11Y\xc1\xcar\xfai\xa7\
m\x80\xb8\x88\xe8\xed\x8e\xb1\xad\xff\x00\x06\xc8\x80\xeb\xe1\
\xb0\x1bJ\xfe\x8b\x1b\x95\xbfa\xef=\xfe=1\x0f\xf2\
){Q>%\xd9\x09%\x96\xfc\x09{\x9e\x04{\xeb\
6\x15\xac\x02M\xb8E\x03\xbd\x85\x94.12\xbdp\
\x0eJ\x8en\x18\xda=\x18#\x14\xe4\x9a\xfbv\xa0\xdd\
\xda\x84\xa9\x9c9\x0eOM<\xd0\xd0\x9cg\xa3\xb8\xb8\
\xbf\xe1\xd9\x12\x1d|qn\x14\x8d\xe6\xf6\xf5\x8dlP\
\xe9\xb1F\xff\x00\xa1\xa4\xef\xe0a*\xef\xf0Bv\xfc\
\x98\x15\xb6\x1a\xf73\x15\x17\x13\xdf\xb6\x83)\xe3\xbf\x0f\
h\x95\xf6\xa4\x8c[P\xef\xb0V\x09\xe8\xacIT)\
\x99\xe3\xef\x99L$\xde\xfcE!\x09C\xd9\xaes\x9c\
\x87\x13\x98K\x98\x972<H\xf1\x13\x87\x22y\xafN\
\xab=\xedU\x98\xcf\xb7kbZ\x0bJ\x19hV\xdb\
\xd65\x8dc[\xf2\xa9\xfa\x0d\xa4\xa5\x8d\xe6\xf0\x0d\xa5\
\x7fZU!\x9d\x86\xe3\xfc\x1f\xbb\xf8=\xad\xff\x00_\
\x92V\xc5?t\xce\x82\xf8rN\x14\xde\xc3\x92I\xbb\
\xc6\xf6\xf6j\xfbpi[\x05h\x92\x8c\x9e\xae\xc6\x92\
b\x97\xbb-p\x09\xce:\xc6\xb6\xc5\x0c\xb2\x15\x07Y\
P\xd65\x88\x04\xda\xb1,\x97\xe9\x13\x04\x961\xb3\x19\
\xf6\xedl\x89.Z\x15\xbf\xe0)=\xb6\xf3csV\
7\x0aF\xf3~\xcd[q\x10\xb87\xd0P\xa7~\xc5\
e\x10\x09\x1b\x0fm\xdb\xde;m%\x22qa/}\
#\x9e\xfc4\x12\x92\x85*\xaf`w\xc1\x5c\x83f\xc0\
\x86s1\xad\x84\x84\xa8\xe7|?\xc2F\x96}\xc6\x8e\
;\xf8\xd8\xa3[d\x14\x84%\x0cH\xc9(\xee&\x9d\
\x84 \x9ehNj\x84\xe1\xc8\x9ekf\xa4\xa2 \xa2\
\xf4\xc1b\xacZ\xd8hx\x055D\xe3\xde\xce\xd6\xb1\
\xad\xe8\x86Q\xdbj\xf6\xd2~\xbdPQ\x5cO7\xb3\
H@\xd8:\x94\xc6Y\xbfblo\xe0e\x8c\xc8H\
\x84B\xd9v\xf7\x8e\xdb\x10\x88CQA\xb9\xf7\xeeZ\
Fe\xbd\xf4,\xf7[A\xa6Z\xf5\xdd\xf1\x97\xb3`\
C9\x98|l&\x86$Y\x0aW\x17\xdfQ\x90\xdc\
\xd65\x87\xc456\xa8'\x22\x91\x13Q<\xd0\x9c\xa9\
\x13i\xca\x13\xcd\x10\x09\xb5m\x90\x82\x88\x82\x8b\xd3\xaa\
X\xab\x16\xb6\x1e\x9c;\x09\x90\xc6\xe1\x8dH\xfc\x1c\xb2\
_\xa3YGm\xbb[\xdaQTMF\xe3\xdb\xa8\xd5\
!*\xa2\xdf\xb0\xd3\x96\xfc\x07\x16\xff\x00\xa1\x16%\xad\
\xb0H\x9f\xc1\xc0\x86%\xf8$\xa7/\x22\x89\xb4[\xd0\
S\xb2>1\xed\x9d\xcc\xe6r)\xd4\xb1\x18\xd2\xba\xe7\
%\x06\xa5\xbe\xff\x008\xc5\xd0c\xeb\xb2\x09\xe6$\xa3\
\xb8\x9c\x0ca<\xd0\x9c\xd5\x09\xc3\x91<\xd13M\x81\
\xc8r\xfa\xb5\x16\xb1\xac\xdbS@\xb4\xa1\x90e$\x18\
\xb9\xa8\xd9'\xe9\xb1\x1a\xc6\xb7\xa3g\xb3\x9a\xdcr\x1c\
\x9e\xc7!\x97\xdc\xb7CY\x89\x897O\xe0\xa5\x1b\xf6\
\x1c\xd2\x9d\xfb\x102?\x04\xb0C\xfc\x1a\x9a\xa4\xd0S\
\xe4x\xd0y\xaf\xb6w3\x99\xc6\xa1\xb1\xcbCY\x88\
\xd6ty\xe7\x8c\x1d\x09\x9c\xf1!\xc4\x87\x1d\x81\x13R\
\x0a;\x09\xc6\x09\xc5P\xc6\x13j\xc4\x14v\x1b\xc9\x8f\
!\xc9\xea\xd4Z\xc6\xb3\xd0\x0e\xee\xc2I\x13\x8c\x88\x8f\
`b\xf4\xec\xf6S\xc2p\xdc\xa7/\xb1\xc8e\xf75\
D\x94L\x1c\xe7>2\x14\xd27\xe0 \x8d\xfc\x0dc\
\x7f\x02\x90\x90L\xec5\xec\xa7\x14\xf1\x82\x09d\xbf\xc5\
\x95hdxv\xf1\xdbB\xe9\x09\xb7\x8fO?B\xb5\
\x8cZ\xd9d\x8d\x861\xa5\xbd5*\xa5\x9fn\xe2\xf7\
\xdc\x08J\xa6V\xd8@*\xad\xfc\x0b\x8cLNE\xa5\
\x0f\xd3\xceg\xf4&\xa3e/1%\x1d\xf0NE\xc6\
AFIAiC\xdb\x94J\xf71\xea)\xaa'\x18\
\xf0\x0e'\xa6\xac\x85g\xb3L\x8aK\xdd\xaa\x98(\x89\
9N\x5c\x5c.\xc4\xba\xa1\xf57\xec;s\xf4L\xf7\
\xfd\x0c\x8a`\xd1\x08\x84B!z\xb0PkbI(\
S\xf1d\xf2\x9c\x88\xdb\x845\x938/\x1a\x0d\xcd_\
\xa9]\xba\xd61k\x15\x83\xdeP\x91$\xaa\xc8Q\xaf\
\xcdx\xb1\x8e\x0c\x9e\xad\xf9\x094\xdb\xaa\xe6\x14j\x99\
=\x1d\xc5\xc7\x80NH \xd75\x8dc[g9\x9b\
\xd5\x93\x91\xa5c=\x1d\xc5\xc7\x80\x92\xfb\x16\xb6:\xc6\
\xb7\xba~\x9b\x1b\x865#\x1e\x01\xc4\xf4\xe6R\x88\x94\
\xbd\x9a\x15\xc8Cv\x9f\x81\xd65\xb1{,A\x0f~\
\xc4Q_}\x06V\x11\xa3\x07\x91\x91B\x82\xd8\x82D\
\xcac\x14\x16\xcc/\xc7P '\x0d>\x02Q'M\
\xd6\x82\x9d\xbdq\x93e4\xec'8\xbd\x98\x0e\xc3x\
h\xa1\xeft73`G!\xc9\x8ai\xdb\x00\x9eh\
Nj\xb0\xb4\xb6)[f\xd7\xad\x09\xe6$\xa3\xbe\x12\
\xbe\xde\xb9\xad\x8bC\xc0%bG\x8c\xa2W\xb3\x92\x88\
o\xd1\xc8e\xd9M\x02\xd2\x87\x8ah\xa9B\x87!\xc9\
\x8e\xb1\xac!\x06\xd2\xbe\xcdIA\xa3\xab\xc6\xa7\x22\xce\
?\x03\xa4ib\x9c\xd0L\xb0\xe2Q\x1cV\xdfA\xb1\
\x8d\xfb\x10eo\xd8\xc8\xc8\xa1B\xc4\xe3$\x14\x1a\xf4\
\xa7\xf1\x97\xb0 Q\xa16\xac$r<i\xcci\xaf\
\xacd\xd9O44\xa9\xc58r\x84\xea\xaf\x0c\x94&\
C=\x98\xbc\xa8x\x19\xc8rcI\xe6\x84\xdb\x13\x8a\
\xa1<\xd6:\xc6\xb6\x0a\xdb6\xbdh\x90iXJ\xfe\
\x9e=8v\x13,\x03J\xc7X\xd6\xf6m\x91\xd1_\
\x1da\x16\xb1\xad\x8eC.\xd0\x89\x5ca\xa0\xc9\xb9\xca\
r\xec\xd3p\xa4o7\x8e\xb1\xac9*.x\xcd\x22\
\x7f\x18\x94\xd5k\xbe\x86\xeb\xfc\x18\xd2\xe2\x1f\x7f\xd9\xa0\
hl5\xf9pgm\xf2\xda\x8dlR3\x97\xebL\
(\xd7\xd2{0_\x00\x9c9\x13\xcd\x09\xc8\x84\xa1\xe3\
S\x99.\xb8OyU\x9f\xe6\xa7>\x9e\xff\x00.#\
p\xbe{\xefA\xa5\x22y\xa1\xa5\xef\x84\x17\x13\x8cV\
d'5X\xb4\xa4Nj\x84\x96\x09\xcf\xabQ75\
{C!\x8a\x17\xf5\xdd\xf0\x92EA<\xd6\xdc\xf8\x93\
\xe3\xb2\x19\xcc\xce[.rE\x87\xabKj\xa5\xc0\x97\
\x02\x07\xc0\x87A\x22\x1b\xe6:\xf8\xc7\x84q\xb1kJ\
\x12\xd6\xcb\x861\xc3\xf1\xaa\x14\xc2 \xd2\xdf\xc0\xe4\xdf\
\xf5\xb7PG\xe5jJ+\x0b\xc3=\x98,>\xd1\x8b\
_\xf7\xb6\xa4\x8a\x17\xa2\xe9\xb4\xc6\xe1\x90S\x00\x9bV\
\xc0'8\xf0\x06\xb4\x8f\x84aA\x22\xcf\xa5\xa3\x87\x02\
km\xdb\xea'\x02mXL\xc4\xe5H\xc6\xe1\x8dH\
\xc5Jr\x85\x99l\x04\xda\xb0\xb3!3S\xebTA\
)\xa2\xd9\x9a\x8c\x5c{:\xc6\xb7\xa7$\xe0\x13j\xdb\
r\xc9{ \xd3\xd4h\xe9\xb2\x94\x8br\xd9[\x1a\xc6\
\xb6+j\xa5\xc4\x97\x12G\xc4\x97QW\xc0\xd1-\xf2\
\xc7\x8cp\xb1kZ\x12\xd2\xc7\xf5\x0fY\xfc<\xb2_\
\xa2\xb7B\xc4\xb7\xf0o\xdf\xc1\x8a\xa2\x01\xa8\xd9nj\
\xc6\xa3\x19'\xf1aHJ\x18\xc6\x85\xe8\xa1\x15\xcf\xf5\
\xa3\x13w\xfdc\x0c\x87\xea\xa1\x92^\xe2i\xd8Nv\
j\xcb\xc8iQ\xc0\xd6I[\xd8\xd6\xab\xe1\xfbe\x96\
\xcb~\x02j&\xb8\x92\x09]\xc9\x1dw\xec$\xb3~\
\xc4\x09\xdf\xc0\x96h%U5\x8dr\xa5^\x16\xb0\xb4\
5F\x931\x90 \xa3\xb0\xf6\x93\xf4\xe9\xf4\xd3\x92\xbb\
B\x5c\x09p\x1c\xd4`\xb4^\xc5\xb9$\xb1\xc8rl\
\xa9\xaa'\x06\x91\xa5\x82{9\x8d\xdd\xbd6\xe6\xacc\
\x08}KM\xb4@\xf5\x8f\xca\xdcK\x88\x95U\xcd\xef\
\xf8=\xe3\x7f\x03-\x98\x9c\x09M\x160G\xe2\xe9\xa1\
\x08h~\x8a\xbbFE=\xfb?c\x00iBy\xa1\
9S\xb3\x98\xf2\x1e\x90S9\xfd\xfc\x92r\xc9\xf1\xba\
\x5c\x83\xd55\xbfq\xc9\xc0\x9b1\x22\xf5\x12\x9a!(\
P%j)\xd4\x5cb\xa2\xa4\xb0%())\xc0\xa2\
\xe2\x82\xa9$\xa320=\xa4\xfd\x1ag\xd5\xcbX[\
:F\x90\xa6\xe0\xceZ/\x1a\xc6\xb1%\x07\xa7\x08\xe5\
9vX\xdc1\xa9\x1e\x8df7v\xd9\x85\xb4\xc6\x12\
\x9a,\x03\xa7\xa57[m\xf2\x1b\x9a\xbf\xcc\xa4 \xdc\
\xff\x00\x83\xc9/\x7f\x81h\xa7~\xc2l\xa0\xd1\xdf\xf1\
\xf5$\x88j\x10\xd4\xfaj\x13\xa7\xd6\x83pl\x13\xbe\
\xda\xbf\xa1'\x1bA\xd8o\x08ae\xa7\x05\xa7L\x8d\
\xc2q\xe0\xbc\x96\xb0\xa4\x8c$O4'*\x98F4\
\x15\x12:,U\xb0O\x04\xe0y\xc5J\xc4\x89{J\
\xb2\xec\xb1\x84\xe2\xabehL\x83\x157\x04\xd2D\x95\
\x03Y2\xe3|\x8b\x91`\x92\xcd\xa1M\xb6\xe5\xfb\x11\
V\x8b\xde\x84\xd2\xe675\x7f\x9a\xa7U\x09\x82r&\
\xdb\xf0$o\xfa\x1a\xe5\xbf\x8f\xc8\xd2r!\xa9~\x9b\
\x16\xc4\x1e_\xad6'}\xb5\x7fB\x82\x8e\xc2q\xb5\
\x92\x84\xcc\x95\x8dg\xfc!\x84\xcb\xce\xe5\x8b[Rm\
:\x09\xe6\xb0\x8d\x9b!\xd8iR\xf0V\xc5<k\xd8\
\xc6\x91\xa5\xec\xc2\xf9\x97e\xa8\xa3\x18\xdb(\xc8\xc6*\
\xa4\x08\x8c\x03GqU\x91\xd1\x8cS\xcd\x0d\x09\xda\x09\
6\xe1{\x0a\xb4^\xf4%\x94\xff\x009H\xcf\x18\x88\
\xdf\xb0\x81\xa6\xfc\x06\x10\xb7\xec%\xa7\xf1\x81\xafz\xb0\
\xd0XO-\xf8hY\xf7\xed\xe8\x0e\xf8.\x22\x0a<\
k1\x9b\xd1\x93\x87\x22y\xa2\xb1n\xf2=q\x7f\x9c\
QTq|?~GX^~|b\xad\xb1$b\
eJ\x9a\xc6\xb1\x9c\xc0&\x9d\x84\xe7\xd3\xaa\xb5\x8dc\
\x98\xe69\x0eAak\xd4\xb3\x8b\x88v\xd9t\xa4\xc5\
V+\xb33L\x07!\xc9\x8by\x08*\xad\xb7\xa8j\
\x10ID\x12\x18\xa6\xa8\xed\xacg\xd0{\x09NP\x96\
\x8d\xab\xdf\xf00\xab\x7f#\x90!\x0e[\xd8b\xaa\xea\
7\xb7\xe2\xc3[\xd6c\xc3\x18\x86\xa3\xa7\xd6\x856\xab\
m\xdf\x09\xe8\xee.,s\x19\xbd(&\xd5\x8b\xd5u\
\xbe\x83\xa0c\x8a+)\xcf\x87'\x81\xd3\xd0\x1f\x1b\xf1\
\xc6\xcd\x98D\xd7e\xed\xc3 \xa0\xb3!\xa18\xda\xc6\
\xb5\x8dHO\x14\xb7\xff\x00\x09o\xfe\x10\xe2C\x8e\x0b\
\x0a\xd7\xa6\x9bNQ\xcb\xb1#M8c|\xb6`\xa3\
\xb0\xdeC\x90\xe4\xc5\x8c$?F\xa0\x90\x88$\xb1A\
\xa0\xee!\x0f\xd2x\xaed\x16\xda\xbd\xff\x00\x07{\x09\
\x13o\xe3Ad=\xf7\x22#\x9f\x91\xce?\x8f\xc2\xd7\
\x14\xbd\xecl1kvZs*\xcc\x91>\x8ai\xdb\
\xd0\x09\xc6!\x98XN\x0d4\xb4#\xc6\xbf|\x22\x8a\
\xaa\x83Fv\xd3\x81<\xd6\xcc\xb8\x92\xe2d\xd8dF\
\xee\xc2V!\xd1\xdc\x5c\xc9\x97\x02c\x02\x920\x09\x9d\
\x84\x0b\x826d\xf3\x13;z\xa9,$\x1bn\xaf\x01\
\x1bT\x92\x89\x1b\xcd\x09(\x88\xe8\xae&h!V\xc4\
\xaab\xc2\xd6v\xf5\xb6\xab\xde\x84\xad\xb0\x94$W\xaf\
\xabIH\x9bNV2\x89_\x97\xbd\x85\xccjx\x10\
,\xf4\xfd2=\xf6\xd3\xf2\xea\xab MR\xc8\xa1N\
\xd0\xbe\xb4\x16R^\x8ay\xa19S\xb7\x05\x1d\x84\xe0\
\xccf\xd9w8,\x89&\xeb\x9a\xdebm\x88\x04\xda\
\xb6\xcf!>\x02\xa8I\x98\x84\x1aP\xcb,\x86D\x09\
\xecpm\x8a\xa8\x96H\xb8\xb5\x8d\xad\x884\x13\xabz\
\xa9\xe6\x86\x84\xe0\x12\x9a\x2264\x8d#\xe3\xc0\x86\x88\
\x82\x88Or\xc86tbSE\xe8Z\xdbU\xed\xb5\
m\x86\x8a\xd5\x1a\xbdZi\xa7\x0cn\x7f3W\xbd\x04\
\xad\xef\xe0T\x9b|\x83ho\xcb\x04\xd5\xcf~\x22\x91\
\xbf\xeb\xd5\xb3\x19\xb6\xedl>Lu\x91=\x99\x8e.\
)\xd3\xf4\xe0:7a'm v\xc1Kp\x84\xb2\
[5&D\x0f\x86\xcc\x02%[\xe0\x14\xa2:\xbb\x90\
U\xec\xba\x8f\x98\x8bD\xfa\x82P,5\xf4x\x155\
\xf6j0m\xb7,o\x90\xd1W\x84\x15\x1a\x122e\
[\x92\x0d.V9a;\x16\xb0\xa7\x08+\xec\x17\xaf\
\x98\xc9\xb2\xaf\xf8\x98\xc6\xf7\xa0\x9d:1\xae.\xc2z\
V\x0d\x96\x8d\xf9~U\x1b\xc8b\xa4\xdd7\xd1\xed\xbd\
\xab1\x9bn\xd6\xc3\x97A\xb3\x10T\xb5\xb7\xf9\x10\xb5\
o\xf2\xd0~1\x01$\xa8\xb1\xa1\x10\x852[We\
*\x10\x94\xbb\x89\x10\x96\xa5\x91U\xdc\x92\xaf\x19d\xbc\
5\x09\x09A=\x98#dH\x85%.\xfe\x8dO0\
\xb2(\x8dc[\x14\xb0Ip\xc59\x8a\x10\x09\x10X\
\x08,'$\xc8l\xe8\xf6i\x82\xc6\xd6\x14~\x0b1\
\x93\xf1he\x8b`\x8es\x9f\xd3Y_^\x5cD\xa1\
\xef\xcfM\x10\x98A[\xdc\xf2\x13\xa3\xd9\xb75{A\
\x08OO\xad\x06\xa9+\x17m\xa94\xed\xea\x0c\xb0I\
f\x0f\x0d\x92\x0c\xa9\xbfq.\xcf~Q5\x1e>\xa4\
w\x18t\xa4\x9d\xd8A\x05ZP\xcct \x8c\x02Q\
\x8akXj\x82$\xab\xb1\xc8\x06',jI\x1d]\
\xc4\xb6B\xac\x8c\xba\xc2\xb5\x8c\x10$5\xa9\xc6I\xd9\
\xa8\xe6&\x9a\x95\xb3\xa4il\xca\xa6,,9\xe3\xb3\
Q\x02\x13\xd4\x0ajc$Ib\x83\xdb\x12[\xf3\xf4\
\x86\x5c\xb8\xfdj\xb4m\xfc\xe4r\xfap\xc8f\xfb\x80\
J\x87\xc7\xdc\xe6\x91\xfb@\x94\xd1l\xb6h\x0f$\x9e\
\x7f\xcd1v\xda\x93\xcd\x09\xca\x9fO,\x22\x05\xa50\
\x0cicV'\xc0\xc0\xd7\x1f?\xa0\xf7\xafO\xd8\x92\
u\xdf\xb9\x1bD\xa4\xda\x04\xb0\xd24\x88\x1dw\xee%\
Vd\x08\x09\x10\x96\xa5\xe2\x99\xa0\x92\xd1$\xcd\x09\x09\
.$\x90\x5c\x96\xaf\x15q\xc2f\x0c\x94Z\xd8\xa0\x81\
M\xd7`A\x1b4\xc9-\x8fF\xa5\x12\x89\xba2\x1b\
\xb6\xd0t\xc2\xd6\xf4Z\x907\xb1k\x13\x83\xda\x92\x83\
\x13\x85\xff\x00\x1dT\x14\xd4\xd9XpRM\xf7\xd3B\
;\xa0$\x83\xdf\xb0\x91\xa9\x81\xe6\xfa\xb4\xc4\xe5\xfe\x10\
\x05\x05\x0b|\xb4E\xc2\xd9W\x17\xa2\x9cb\x19\xb6\xed\
DTxXR\xd3/\xe0pE\xbfqu;\xf9:\
\xaf?\xde\xcdIUsE7\xe6K\x8e\xff\x00$\xb8\
\xef\xf21\xb8cl\xea7\xa98rr\xc8U1\x08\
\xe1s\x1c\xc3R\xa0n\xc8\xcbc\xac=\xb9v\x12\x9d\
\x96-\x96\x95\xaeK\xa9\x04b\xc9I\x90\x19\x13\xb1{\
cX\xd6\xf77!\xc9\x83\xc0)\xa9\xee[\xae\xc9n\
\xacX\x05\xa7\x17\xfc\x9bR\x06'\x0be\xa2\xdd\x5cu\
\xc9\xef\xdcT\xe0\x0c\xbf?\xe6\x9a\x89OV\x98\xc3\x13\
\x85\xf8:\x09F\xf9s\x1e\xb5\xdf\xc6\xca\xb8\xbd\x18/\
a8\xc1\x9bn\x92\x8c\x5cX\xb5\xad]\xfa\x15\x9d\xf2\
\xd4\xdc\xff\x00\xa2E\x99\x08\x81\x04\x0a\x89\xc2\x11\x08Z\
\xb6e\x09\xb9\x05\xf7\xee%u.\x227\xe64Q\xa3\
H\xd25\x8dc\x9c\xe7\x10\xa8:\x84x\x09\x09H\xc6\
\xd9b\xd9Sp\xb7\xecJ\x89'a!B%C\xac\
\x8bD\xe3{\x09d\xbfJ\xa7\xecyN\x5cd\xa0\xc4\
\xe1{\x99\xbc\xc6\x95(hH\xfa\x16\xf6\xf7\x0a\xfe\xbb\
\x17\xb5\x95/\xad4\x10\xd34T\xf7\xa7!\x16\xfa\x19\
R>\x11%B9\xce\x7f\xc1\xb1\xd8A!\xe3|\xb4\
E\xe0\xed\xeaU\xafB\x99\xa6!l\xb5\xba\x1aO\x11\
.\x85\x88\xe5\xfd\x11\xcf\xdfMP\x96HJ\x14m\xab\
\xec^\x81\xed\xca9\xceqH&v\xf4\xaa\xfe\x94\xc7\
\xe0j\xaaQ+l3\xc1\xb9\xab\x1a\x8fsI\xb2\xa1\
A\x05$+\xef\xa0\xb2\xe3\xdc+\xfa\xec^\xd5\x95J\
\x12Q\x8b\x1a\x97\xd6\xa2!\xe6\xdf\x82\xdb\x838\x1e\x98\
\xa4Is\x94\xe5\xfc\x1a\x1c\xc9&\x85am\xf9\x90\xfb\
\xf0\xe4;z\x95k\xd0\xa0\xa3\xb0\xdeL\x11|dj\
\xa8\xab\xaa4CL\xfe\xe0\xae\x1e?lI+z\x01\
_g:\x0ec\x98I@\xb2\x22\x19\x0f\xd8\xc6\x1aF\
\x96\xcd\xa1\xff\x00\x02\xac\xb0N\x08\x97\x0b\xd7\xd65\xbd\
\x16\xb5\x08\x85\xc6\xfe\x04\xee\xc2\x16_\xb5irG>\
\xce\xf7\xa1\x04z\xefA\xe9\xf4\x15\x9a\xdf\xb0\x91\xd9\x13\
e\x8eC\x93\xf1\x9a(7\xceZ!#\x8b\xbe\x09\xa7\
bOAl\xad\x16\xb0\x967\xdaI\xbf\xec\xae\x85\xbf\
\xce\x03\x93\x96\x86\xee\xe3.'\xba\x1f\x96\xddi\x1a[\
kf\xb4I;\x16\x88 \xcd\x0d\xfc\x09\xdc\xbd\xf8\x16\
\xaa\xad\x0d\xa5r\x86\xfa\x09M\x17\xb7S\xaa\x12\xf6w\
\xbd\x09'\xd7nS!\x0cp\xdf\x80\xc6\x97\x9f\xf3M\
p\x5c\xa7/\xe37\xd0$9\xde\x9c\xc8\xe6\xf2[\xe4\
\xb1w\xc1<\xd0\x9c\xa9\xd9\xd65\xb0[+E\xac%\
\xe8\xb2\xc8TV\xfd\xc50\xa8[\x92\xea)\xa9[\xf7\
*\xd2\xe2\x82\xb8\xc3!\xe3\x0c\x87\xe8/J\x9f\x15f\
\x86\xfe\x04\xee^\xfc\x0d\xb0~\xef\xe15L\xbe\xce\xf0\
\xed\xeb+\x05\xb2\xfd\xf3\xee\xf2\x16\xd5\xf7\xe4@\x8b\x09\
X\xbf\x1e\xf17\x0ax\xe0D\x85oR\x95\xf1U\xdb\
\x02j+-\xf8\x08v\xd8v\xc6v\xbf\xd6~\xc6\xf2\
\x1aP\xb7\xee0\x88\xdf\xe4jo\xfb\x1bR&N\xc3\
d\x13\xe2*x\xfaa+\x03\x90\xe45\x0dl-s\
X\xd6\xc7svnn\xfd:\xac\x87\xbfa\x93M\xfb\
lDm\xca%m'\x04\xa2V\xd2\xc1\xfb\x9a\xa7$\
\xeeP\xb8\x85\xbd\xb4\x1c\x9c\xcf\xb5\xbc;z\xca\xe1~\
\x116\x9c\xa22\xb3\x14\xde\x84;{\xd3\xf1\xf4\xa6e\
q\xe9[|\xb8z\x94\xaf\x8ad(\xc6\xad*$\x9a\
\xec;b\xd0\xb6Z\xd4\x96\xc2\xe2P\xd5\xd0j\xe8:\
\xcd\xfc\x89U[\xf7\x12\x94+\x88\xdd\xfd\x1b\xace\x12\
\x8es\x9cO\x0es\x9f\x12\xdd\xbc\x9b\xb7\x93\x90\xe4\xee\
C\x81\xc9\xb3[\x9b\xa3su\xb5U\xec-,`q\
a\xd4B\xf7#\xc1zu\xackz\xb2\xe2\x06\xa57\
\xb0\xcd\xcc\x8fm}\xb2\xbf\xb3\x91b\x84\x1bJ\xfbk\
\xda%\x80G\xc0\x10Ho\xe0\x5c\xb4\x87\xe3\xfcj\xda\
\x1e\xfd\x99 \xbe\xebD!\xd1TOR\xcd\x8b\xa8L\
\xc8\xdf\xc6\x13\xbe\xce\x9bt\xd9\x92q\xdd\xbc\x9c\x9b\xfc\
\x9c\xa6\x86:X\x5c\xa7&:F\x91\xa4i\x0a\x15\xb0\
\xaa\xb4\x0ex\xdf\xc1D2\x196\xa0D\xe4;\xd1\xa4\
?b\xaf\xb2\x85q\xe3\xackl\x06\xa6\x8fb\xf7\xa6\
\xbc\xc7\x13B\xfbl\xac{\x85\x7fh\xb1n\x14\x8d\xe6\
\xf6\xd7\xb5\x0d\x89\xf7?\xa2\xd5\xf2\xdf\x90l\x13\xcd~\
\xb4\xd7\xf1\xc1\x8ePV\xf6\xd1\x95\x13\xa7\xf9\xa0\xaa\x93\
\xf5\x19\xf65q\xbc'}\x99\xdb|v`\x8cy\x0e\
B\x04\xec\xb97\xf97o$8o\xf2C\x86\xff\x00\
;.5h\x81\x8d\xdew\xf2Q\x0c\x86]\xa9\x1a\x9a\
1\xae^\x8d!\xfb\x15\x7fZ\x93\x9a\xa2\x0d\x8b\xde\x9b\
\xdd\x19\x13\x85\xbfb\xe8IE\xecu\x8dof\xc4I\
>\xae`\x82\xfe\xd6z+\x0d\xc1(\x94O\x97\xbd\xb4\
b\xc2\xe5\xf5\xa25\xceof\xb5\xa9\x02}\x1eC\x93\
\xd7HpSt^4(\xa9\xd6\x9b\xd8\x81)\xec\xa7\
\x98[P\xef\x85\x83\xf4\x98\xb1xN\x1a[PT7\
\xff\x00Ho\xfe\x9ax[\x9b\xb3sw\xb3P)\x1a\
\xe4\xb6a\x90\xc9\x12\x17\x11\x05\x1e.\xd4$\xa9\x0e\x04\
8lF/r\x1a\xa4\xfd\xb2\xb6\xd5\xc7\xc1\xe2\x87\x8b\
qV7\x9b\xf5\xd6\x93\xc4\xa4#\x7f\xf0\x96\xf8\xc1V\
AW\xeb\xca%{6\x22\x08\xf5[*\xb2\x0a{V\
\xe0\x82\x8b\x1a\xb0[\xf7\x5c\x0d\xefNcX\xdf/\xb1\
R\xdf\xc6\xbe\xce\x96\xf3#?G\x98\xe6\xf5\xda\xa8n\
\xaeH\x1e\xfd\x87$\xbbx\xda\x06\x95\x85\x83\xf4\x98\xb6\
\xa7\x1d#H\xd24\xb1\xd2\xf4J\x10[n\xa5\xc0\x97\
\x02z;\x8b\x8b\x1a\x10\x88D#[\x7f\x93[\x7f\x92\
6\x15U\xed\xf5m\xad\x22v\x10\xf1o675~\
\xbc\x0bC(\xf7\xa6\x82SDr\xe3\x05Y=]\xbf\
\x17{\xdeH{tU\x16o/\xe6\x9a\x11s\x95<\
}\x84\xa4\xce\xfd\xbd:\x82\xe2\xe1Kq\xcdA\x94\xce\
e\x1a\x1e\x01\xa1\x95\xa4HP\xc5\xc7\x8d.1q\xed\
\xe5N\xd3eV'\x15[*D\xefU\xa0\x92\xd7\x11\
\x8eg\x13\xda\xd5\x96\x16\xbf\x09\x11\x80\x9a\xd8\x07i\x8a\
*\xec\xe5\xf4\x8a\xf8Am\x94<$\x918\xa1\xfbU\
Z\xc9\xf1\xbf\x81\xbc\xd8\xdc\xb9\xfc\x8d\xefgg\xe8\xa1\
\xed\xfc\xe4\xa2\xa8x\x9ab\xc6\x87\xd6\x9e\x9b5a\x17\
\x8d\xc2\x91\x88Spg3\x99H9\x09\x90\xf5\x82j\
\x90Xp\xc53\x13E6\xe4-N\xcd8\x1e\xb1\xb3\
;\x87-\x062\x0aR\xfd\xb5l)\xc6I\xf7\xedE\
\x18\xe8))E\xd0\xee'\xb5\xe5\xf5Oe\x0c\x838\
\x1e\x9e(x\xeb{*u9\xef\xa0\xcd\xb9cm\xdf\
\xfe@YzHO\x7f\x0c\x97N\xf4\xd1\x10\xa0\xe6\x1e\
u6\x0c\x833\x16\xfd.s\x9c\xe79\xf1hCJ\
\xf4\xea\x82r=\xb0\xab$J[\xfc\xd3B\x0dh\xa9\
\xba\x1e\xf0\xfd\x0b\x8cO\xd4\xa5\xe8\xa4d\x9c\xc8 \x94\
J\xdb\x92}*\x13\x1e\xaaX=\xa5VDm@\xd6\
Oj\xf0\xbd7\xb1O\x8b1z\xeb\x82\xf6u*`\
\x9aE\x055=`\xc6\xe5{yd\xbf\xc7I\xc6\xdc\
\x22\x10\xc6\xa0\x9e\x16\xfd\x98\xf4>?\xcd\x08V\x03\xce\
\xae9\x86G\xb3\x00hcK\xf4\xc2r=\xba\xca\x0c\
\xa4Ny\xef\xa0\xf5\xbc\x9a.\x04\xf4w2=E-\
\xb6\xa3\x10\xd2\x89$\x92}\x8d\x03\xa0\xdcU\xfa\xcf0\
\x90h\xddv\xaf\x0b\xd2\x92\xf8\xd3\x16\xacs\x17\xae\xb8\
/^\x96K\xd8b\xad\x86\xd1BMC\xf5X\xdc<\
\x05h{\xf6\x17\xd5\xef\xc0g\x09\xf9\x12J\xfb\xc3\xb9\
\x096\xe1\x10\xe3\xec\xe0\x8d\x85\x8d\xef\xc6RI0\xe4\
L\x0e\x8a\xde4\x15##T{7\x7fIk\x1e\xb1\
\xa5\x0d\x08^cK\x95\xea\xa1G\xc7|\x98\x85\x957\
\xc9\x0aN\x10\xd5\x8f\xda\xd5\xc8rzr\x0d/\xdaP\
\x17\xbd\xa3\xc5a\x98\xaeq/\x8e\xee\xe6LQ\x9e\xdc\
\x94D\x14[qq\x9co\xf0!a\xef\xd8C\xec\xa5\
\xeajv\x12j\xb2&\xea\xfc\x0d(\xfc~\x8e\x0b\xc8\
}G\x0d\xf8\x14\xc9\xdcnu\xf4\xe5\x92\xf6\xe4\x9c`\
\xb67\xbf\x19A\x03\x80M\xab\x0dp\x9e^8\x11m\
\xdf\xf9\xcb\xd9\xbb\xfaH\x184\xb1\xa1\x89\xf3\x12\x9a/\
U\x8eS\x95wZ1\xae\xa6\xef\xf9\xa0\xd3W\xe9T\
\xbd>C\x93\xd3l\xc99{@\xa2\xf7\xb4x\xb2\x07\
\x92q\xb1\xdd\xdc\xc9\x8a3\xdb\x82\x88\x82\x8bnd\xe3\
~\xc3\xaf\x80N\xad\xed\xd2sqz^\xfa\x19\xf3\xbf\
\xc0\xb5\xd7=\xd0\x9d\x9f\x9f\xd0\xcc\xb8\xfc\x92(\xf0'\
\x90\xc9fJ\xf5F\xfd\x87!\xcb\xedT\xdbQ\x0f\x17\
\x84\xbd\x88_\x01QY\x7f\x9ahA3\xc9~\xb8\x09\
\xa9\x95ga8\xf7\xa9\xa7m\x81]\x17\xa5*<\x05\
{\xbd\xb4z\x8d\xe2\xd3\xfc\xe4SC\xdf\xbf\x1d\xb4\x8c\
O\xd2K\x7fF\xaa\xb9\xce\x7fM\x5c\xb5\xb7%\x11\x05\
\x16\xdb\x18i~\xadT\x22\x16\xcec\xc6I\xd9~\x95\
C!\x8d.\x10e\x01\x0b\x9f\xa3$\xe2\xd7!\xa4\xd4\
?U\xa9\xa3\xc2\xe20\x91J|\x19\x97\x8f\xd1?\x88\
uJ[\xfc\x14eff\xbfxZ\xc7!\xc9\xedU\
\xa6\xd6C\xc5a\x0fah$t5B\x13\x8b\xd3\xeb\
LZ\x8fJ\x11\x0b\xd9\xa7\x9a\x13\x958\xb7\xe4\x14\xd5\
\xf4ZMA6\x18\x8c\xb7\xcbQ\x02\xdb\xde\x9a/@\
4\xafE\xd0b{P\x00\x05r\xd6\xdc\x14D\x14[\
m\x84\x94V\xf6uObI\xc1,_\xa9M\xdd.\
\x86\xc9\xd0\x5ce\x13\xd1\x821j\xb0\xed\xc9\xfb[~\
\xfd\x85\xb1\xfa\x08\xdd\xfc\x1f\xa6\xfe\x05N.\x1f\xa3N\
\xc5\xefh\x1c\x87'\xaa\xed\xeb, \x8c\x12\x1a\xbd\xfe\
\x98\x95\xbf\x0d\x10\x92\xa2\xac!\xfe.\xa8j\xac\x85\x0a\
\xb6\xdf\x86\x83\x94\xd9\xff\x00\x05\x03m\xe9\xc8\xe49\xb1\
B\xfc,\x94D\x14[kj\x11\x05=y\xd9V\x10\
\x93 \xc0Im\x88\x1e\xd5X\x5ccA=H\x06\xd2\
\xbf\xb7\xe49=\x8e\xee\xe8N\xa2^K\x813\x0b!\
\x95=\xfb\x09\xa0\xfb7\xec6\xda6/{@\xe69\
\xbdWoRH$h\x92I\x18\xe4\x12\xe9\xbe\x8ck\
\xa4\xf7\xb6\x9a\x8d\x0a\x08\x7f\x8b\x09\xacEUD.\xb5\
\x96\xfa\x8b\x9b\xb2\x0e\xb8T\xef\x8a\x17\xe1`\xa2 \xa2\
\xdb\x82\xde\xd4R\xb1\x00\xc4\xc9(18X\xac\x1e\xd2\
\xe6>N)\x05\x18n\x14\x8d\xe6\xff\x00\x22R\x96v\
\xdf\x80\x95\xcb}\x04\xfc=\xfb`\x22!\x8aj\x1a\xc6\
\xb0\x84\x1bJ\xfe\x8a\x1f\xb7\x89\x18\xed\xe8\xb5\x18%\x83\
be0\x9d\x8a\x0fS\x14\x96\xebh!\x8d\xf2\xd1\x0b\
\xad~\x0f\x81q-\xbd5\x14\xb4\xde\xccU\x87_\xf3\
DB\xe4\x8f\x18\xda\x15\xbd\xdc\x11\xea\xad\xa8D\x14 \
\x1bJ\xfe\xca\xa0{R\xda\x845N\x0dc[e\xb8\
CDR\xa0\xad_\xdb\xc4\xfe\x06\xc1+\x08\xa8!\x12\
\x88\xe2\xf2G\x17\x9fk(\x94(f)\xe2,\xb4\xdf\
A\x89F\xfe\x09\xb1\xbf\x8d\x807\x0aF\xf3~\x8a\x1f\
\xa3\x04z\xee\xde\x82q\x82X7\x85\x06\xb0\x8cdH\
\xf9\xc8\xb2\x90\xfe\xb9\x7f4c\x91\x9d7\xc9{XD\
/Uq\x89\xf3\xf4\xd9ZrF.\x1c\xb4\xd1\x90\x8d\
\xa7\xd0JZ\xfc\xff\x00X\xda\x15\xbd\xdc\x93\xea\xc1l\
\x03p\xa4y\x9f\xb3\xac\xb6\xa7iPn\x0es\x9fe\
\xe1`\x15;\x8fr\xf6\xfb\xeb\xfd\x0f\xe3\x7f\x06M\xe4\
58\x19\x9d\xfb\x13\xb5\xdfC_\xc7\xe8\xd7\xf1\xfa\xf7\
lL\x90%>\x1b\xf2\x14P\xdb\xfc\x16\x0f~\xc3\x22\
\xa6\xf2\x0c\xe7\xd6\xd0cr\xbd\xd4\xed+b\xee+\xed\
;\xe3%\x09d\xb2\x08\xc2\x18\xa4,\xad\xe3Ai(\
l\xaf\xb6\xf0G\xa6\x0e>c\x14\x8e\x84\x05\xa9\xdb\xa8\
\xb2\x81z\xdc\xee\x17\xef\xfaB\xed\xf72Q\x10Q\x1c\
\xdb\xfc\x1c\xdb\xfcmN\xcb\xc8\x84\x95\x08\xa1\xcb\x16\xa6\
*H2r^\xdf!\x93\xde\xc9V\x12V3\x82I\
\xc8\x84\x96\xf7\xf8)[\xf8!B\x0d\xee\xbfE\xa2\xf7\
\xe0\x83\x134\x8e\x8c\x8d]7\xe0!\x0a\xef}\x0c\xb7\
\xc8S+\xef\xf5\xb3Ln\x1f\xaa\x12\x9fVv\xd5\xbd\
XxP\xa1$\xe2\xd2\x1b\xf9\x14\xe6\x8d\xf8\x13c-\
\xf4\x12h\xfc\x0d>Fc\x19k\xc0gG\xa1\x965\
\xa0\xa1\xd3\x86\x8b\x88z[\xae\xfc\x97\xb9\x82\x88\x82\x88\
\xe69\xb6g\x0dc[\x19(Iq\xd1\xc3\x1b;P\
lP\xfd\x0doad2{\xda\x00\xe1G\xbfa\xce\
\xab~\xc3\xe6'\x7f\x82\x057\xecJ\xa3X\xdfr\xd1\
{\xf0iNP\x96\x8d\x95\xe1\xbd\xfb\x0aP>\xbf\x9f\
\xd0\xaag\xc8\x91T\xc8)\x13\xf1\xfa\xf7.\xde\x84\x12\
de\xb6\xc5\x8acd\x95\x10\xc4\x5ct\x05\xc5\x9e\xfa\
\x14u\xbfd\x22\x9d\x9b\x84X<R\xf7B\xb3\x9f\x1f\
\xa3T\xc5\xc3\x827\xb6\x82\xe2w\xa7[~\xc5L\xdf\
\xb6\x13^\xc3k\x12N0 P\x9cV\xd4\x22\x0a\x0c\
bFk\x1a\xc4\x93\xe8\xde\xf6u\xed\x84\x8eq\xa8\xd9\
C\x15\xc4\xbdJ\x92\x84.2P\xef\x18\x92^\xfd\x8b\
M\xfc\x1b\x8f\xf0i\xd6\xbbkj\x10\xd4\xfe\x0d3 \
\xb6\xcb\x82\xd1\xf2\x5c\xb7\xec2\xbe\x5c\x8b\xe7\xd7\xe8\x92\
\x02\xb5\xbf\xd7\xb9v\xf4$\x83#\x226\x98\xb1hK\
\x09\x10\xf0\x81\xb5C\x1aM\x18\xf9\xde\xf6\xd1\x8c\xab}\
\xf4[6\x08\xb8{\x01\xbfk\x0c\x87\x88'\x07/\xa3\
\x92\xc6\xaa\x95\xc3zs\x12gO\xaf\xa0\xc6U\x99\xcf\
\xe3OaK%\xb3\xackl\xd4\x16\xc07c\x1d\x15\
\x88#\xd4\xaf\x1a\xde\xc6\xbd\x8aX|f]\x942\x02\
\xf4zu4\x09h\x1ff\xfd\x89Q\xbf\x82zo\xe0\
v#\xca\xb8\xd3N\x1e\xdar-\xa9\x7f\x83\xbd\xb4\xc5\
\x869c\x8e\xcb\x04\x97\xe9\xfa\x19\xbe\xe2;P\xd5\xdb\
\xfc\x08\x9f\xa9\x8dtj\x1b\x82\x22T\xfa\xfdz\xad\xce\
4\xf4\x92\x12\xd8\x82\x07s!\x0fm\xad\xa8x)\x09\
\xd7t\xb8\x0aR[\xcfAN\xd8\x1c\xec'#\x844\
\xac\x1a\xbc\x03Wa\xa3s\xf8\x0a\xaah\xca\xdb\xb4\xfe\
\xb4\x15Y\xdf\xf8\x13a\x8b\xa3\xd7\x00\xe49\x0eC\x90\
\xd65\xbd\x8dUkz\x13\xb63\xe9\xc9DIU\x8a\
\xbe\x19\x06g\xaeO+\x10\xd0]V\x14\xdb\xfe\x84\xa4\
7\xbf\xc0\xf9\xff\x00#{i\x8b,r\xcf\x0d\x9c\x9f\
\xd8\xf2K\x89\x15\xb6\xfd\x89\xb9\xe3\xf4A.a\xf4[\
~B[y\xfd\x0dz\xad\x92%\xe8\xc8\xf0oe\xdc\
\xc8C\xf4\x1a\xd9\x97\x83\xac\x91z\xdf\xe8Pn^4\
\x1ej3;\x0d\xac4ir\x85[\xe3\x09\x8a\x97\x1e\
\xfd\x84>~\xfesPO\xc8-\xc8B\x8c\xcf\xc7\xe9\
\xc0\xa8+o\x5c\x02\xb9NS\x94\xe5\xf6uU\xad\x85\
\xad\xb5;z\xd2Q\x92U\xe2\xaf\x86a\x91\xeb\x93T\
N\xfd\x87U\xbf\x81\xd9\xb7\xf8\x12\xa2d\xd8&\xd3\x95\
\xf9\x1b\xdbqk\xd3b\x9b\xc8M\x0f~\xc2(o\xd8\
\x85S-\xf8\x16\x0c\xc4V\x98\xd9Z\xbe\xcaQ+\xd1\
\xa1,[\x14)\x82D\x90I#\xb9\x91\x91\x96\x09\x8f\
\x0d\xb1Kr\xda\x09^{\xf0\x12\xfd\xb6\xf0bx\xca\
%{\xb4\xe1\xc8\x80\xca\x04\xa4\xa4V\xb3\x12\xa5\xbd#\
M\x04d\xd2\xe9\xc7\xf4\x19Ry\xfd\x06\xb7c\xcar\
\xedC\xf6\xb2\x89X\xce\xdczi\xd1\x08\xd4\x81\xec\x93\
Q\x0e\x14X\xbe\xa8J\xa9$??\xb1\xa47\xe7\xf4\
C\x8c\xb7\xd3`\xeb\x1a\xdf\x93\xbd\xb7\x16\xbd4\xf4\xb1\
)\xa2\x18\xab0\xc4\xad 7\xfa\x1a\xb5o\xa0\x86I\
g\xbf\x01d\xb5\xf7t!\x8bb\x19\x0c\x91\x90I\x04\
\x123#!\xac>r'VC\xd9N[\xf0\x16U\
\xbf\xc6\xcc\x91\xb0\xff\x00\x01M\xee'.a\x82\x04\xef\
\xe4Io\xe3u\xc4\xceGWL\xb0\xda\xdb/\x09\x1e\
\xdc#\x1eS\x97\xd8\xeb\x1a\xde\xd2\xad\x7fN\x11\xba\x10\
%'f\x0a\x11Qb\x95\x7f\x7f\xa1\x8d\x05*|~\
\x8c\xea~\x0e@z\x7f\x96e\xf7)\x14\xe4.\x15\xb6\
\xfc\x05Eo\xe0Z\xcb\x13l\x85\xf4\xf5\x91\x90\x86-\
\xb4\xb6^\x0e\xc2X\xa2H\xc1\xa8\xdbK\xc2\xe8Wy\
\xe3\x80\xefw\xec4Zz5\x91\x09(\x94*\xf8\x14\
'\xd5;{\x06\x86F/+z}0\x9f*\xf5\xfd\
!\x91\xd3L\xb1\x826!\x8d\x19#5!.\xd5\xf6\
u(\x94J%c;KJ\x15\xc6\xa9\xaf\xa9V\xb6\
*\xfbN\xecS\xd3~\xc3\x92\x0f\xb6\xef\x1f\x9ce\xf7\
)\xa7b\xd0JM\x94\xed\xfc\x10S\xbfmN\xae\xfc\
\xbdU\x832\xf4\x9b\xc5\x22El[\xc1\x90H\x9cl\
\xe5\x8c\x1d\xb0\x12\xbb\x7f\x81\xc9F\xfe=,\xa2<H\
\xf1\x15|J\x11\xea\x9d\xbd\x8adTr\xf3\xd3\x91\x1b\
8\x8e_\xa6*\xa7z/\x12#\xdf/E\xa3$d\
\xa6%Z\x9e\xfe\xa9\xa1\x10zr%\x8a\xbe\xc5\x1d~\
\xbf\xa1\x8dn\x1a\xd0\xb3\x15\x19\xdf\xe0Np\xb7\xec0\
\xa3\xf2)a\xb9s\xb7\x94\xca^\xda\x82\xc4\xb6\xf6\xef\
\xb8\xb5\xa8\xfc/;\xf0\x12\xce\xb3\x1c\xb6\xd5\xb1\x82\x06\
, k\x04\xa7\xd2C\xdb\xc8W\xc6I\xd9\xa1A\xc9\
\xc2\xdf\xb0\xa2K=\xf4\xc05\xcb\xd3C\x13L\x81\x0f\
z\xf37\xc7\xe8^\x93\xd3{\xb5/\xf9\xf9\xad\xb4B\
\xec\xde\xf6\xaaY/n\x0a+\x8d\x11\x05\xfd\x84\x98U\
\xfa\x13u#\x9f\xd1\xfe\xc7q>\x7fB\xa1<\xfd~\
\x89\x09-\xb4&hk\x1a\xdf\x8dR\xaf\xa1\x94\xca^\
\xda\x92\xc46\xf6\xf3\xca\xb2r\x06\xfcG\xaar\xdf\x80\
\xdd\xdf\xc2&\xd2\xb62H\xc5\xb0\xd6\x0d\xc9/\xd0C\
\xdb\xc8W\xc6\x08\xd9\xa1A\x5cU*\x87:M\xefn\
\x03&g\xe9\xc84\xaf^\xa1\x10\xbd{\xe2\xf20\x0a\
\x0c\xaf%\xfae\xcc\xac\xba\xf2O{UZ\xc6\xb6\xdb\
B\x10\x83[\x865#\xd7\xad\x15\xf9\xfd\x12\xae<\x85\
\xf7\xf1\xfa\x1c\xcc\xc7\xc0\xb2F\xbb\x92Pbp\xb6[\
2J+~5\xbc\xd8\xdc\xb9\xf4\x1d\xfd\x22\xd7\xb9\x9a\
\xc8J(\x8aZ\x1e\x12|?b\x90\x9b\xf6\x10\x84c\
\x09\x0d\x19\x0cX\xc9;\x10\xc7s!ar0j\x0c\
\x8c\xb1\xa1BQ(\xa1,[\x09O\xa8\xa8\xb9oa\
j\xdfR\x0a2\x0bz\xad\x18u\xf7\xa84\x15\x16Y\
u\x0aw#_\xd2\xc0=\xd2\xc5\xa3\xad\xf0\x90ir\
\xbd\xa2[YRqDL\xb2z\x22J\xad\xa0\xf2\xc4\
%(r\x1b\x81\xa2\xb8\x95\xb7\xecH\xdf\xf46\xa3\x7f\
\x04\xc9\x7f_\xa2A\xa5\xe2\xdc\x92[f\xf7\xe4\x1bn\
\xe3s\xe8;\xfaE\xafr\xd5t4\xd3\x86%\x14B\
m9E\xd0\x82\x1b\xf6\x1c\xfb\xe7\xd0rT\xc8Lb\
\xc6\x08\xd8\x96;\x99b\xb0N0\xc8\xcb\x1a\x14\xc6\x84\
2F\xb6\x1b\x9fM\xad)\x89\xb7}\x0ah[\xf6#\
\xea\xc4\xee\xa6^\xc6\x11\x0b\x19'm\xdb\x97\xe7\xeco\
\xf5/\xd3\x16\xc9:n\x86\xa1s\xc5\xa8'*F\xce\
\x8f\xda%\xb5z\x07\xa7\x0b\x00\xc7TIFOWm\
\x85a\xbb\x1b\x9eC\x8d\xc7\xcc\xbao\xc8u\xef\xbf!\
\xaa\xaf~\xc3p\xa88)\x1c\x94&\x7f\xa3f7\x8c\
\x8a\x06'\x0bf\xf7\xe62\x99K\xde\xf1\xa9\x22R\x84\
r\x9c\xbb\x0aJ\x1c\x87 \xe0\x88\x14\x138Q\xa7\x97\
\xf3M\x07\x90\xf2\xff\x008\x0d\xa2Ef\xa0\xc9&%\
;Ma\x91\x91A\xbd\xb8\x9a\x91\x1522!\x15\xc5\
_a\x0f\x16\xf6^\xcb'\xa6B)\xdf\xc0\xb7\x0b\x8e\
\xfc\x05\xd5\xc7\xd5\xb5$\x03OQ\xa3\xa7\xa7\x0c\x86C\
!\xfa\xb0\xb6\x5c\xbfB\xb3omZ\x95\xb7\xe1\xc7\xf8\
q\x7f\xc7\xf7\x8f\xae\xdc\x0d.\xf6\x22U!\x06\xe0\xe6\
\xdf\xe0\xe6\xdf\xe0n*\xc6\xcd\x97\xb1\x92\xc6J\x22\x0a\
,];\x0c\x84\x0e\xdbpi{:\xc6\xb7\xe4\xc3)\
\x94\xbd\xef \xb0\xf9\x1c\xe7>2W\x05\xccs\x0e\x09\
\x91A\x10U\xf5\xc2lB\xe8\x81J\xdb\xae\x04\x84\x9d\
f7\xb6\xb8\xb78\xc9\x22$\xc8\xc8H\xa6\xdeC2\
2\xda\x97\x8b\x11\x08\x85\x82X\xce\xd3K\x1c\xdc\x8ey\
O\x7f\x81\xcd3\xff\x00\x16\x9e\xb3\xe3\x12W\x89\x05x\
{\xba\xa6\x93\x1eD\xd2\xb0\x8c\xcat\xfd11]\x1b\
\xd9=v\x84\x8d\xe6\xc8D/F\x9a\xe858X\xc9\
#\xa2\x91\xe6d\x10<\xccnj\xcb\xd8\xd9c\x05\x11\
\x05\x16\xc9f\xd4\xdeBJ+l\xca%{xd?\
H1\xb9^\xe6\x96\xea\xb2\x1e\xb1\xedr\x991\x82\xac\
\x8e\x8e\xc5\xc8,N\xddk\x1a\xc38\x82\x96[\xf6\x19\
%\xbf\x8dD\x8b\x0c'3_E)\xc5\xe3\x91\x91r\
6U\xf1\x84\x5c\x8c\x1a\x8c\x12\x10\xfd5;O{i\
\xa0\x84\xe1\xbf!\x22\xaa\xf4ge\xe1R\xa5\xac\x1b\xc4\
N\xe2\xbf\xb0\xa5\x12\x89D\xa1?\xe7\xf8(S\xef\xcf\
\xea\x04\xd5M\xa1(\x94K%\xf8:\x90ix\xc8I\
oF\xf0\xed\xf867\x0f`J%{\x5c\xc5\x90\xd2\
\xe3\x87\xb5\xcad\xc6:\xab\x10Q\x16$\xb9\x1bu,\
\x96:\x8d\x09\x9e\x02d\x9e\x95\xddh;Z\xdfAa\
6\xf4\x9b\x91ldd/F\x84\x97\x13\x8c\x12\xc1\x0f\
\xd3uhF\x9b\xf8&k\xbe\x83Tz\xcfj\x09a\
;\x8a\xfe\xc2\xd65\x8dcXj\x86\xec\x8f\x8f\xd3\x14\
S[\xeecD\xd6|\xff\x00[z\xb8T$\x92}\
\xfdSf7\x8c\x94\x18\x9c/F\xf0\xed\xf9\x1an\x06\
\xe2\xaf\xd3\x92\x88\x9e\xaa\xfe\xcd\xa9#\x1b\x95\x8d5\x0b\
/\xf0\xaf>\xc5\xa2j\x82\xe0\xdf\xc1I\xcd\xbf\x01\xb4\
H\xba\x02P\xa9\x8c\x11\xb3b\xf8\xbbl!\xed\xc1\x22\
X\xc1\x91\x97\xa6\x87(\xa0\x80\x93\xd3{\x08\xac|%\
[\xd0\x8fE,Np\x09\xec\xcc\xd4\x98\xa8\xd9\x946\
\xd4\xea\x82i\xb2\xdeP\xf1\xfa\x22\x1a\xb6\xfa\x11\x92\xe1\
\xf5\xf6\x12Ro=\xf4\xc0\xe3\xdc'\x1c\x86M\xb6\xc8\
(\x8c\x86C/\xc7J%{\x16\xf3cm\xb9~\x9c\
\xf4w$\xab\xf6\x81MCX\xd6\xc0\x12\x95\xcb\xd9'\
\xb0u\x04\x0a\xf9i\xf0Q\xbe;\xf0 \xd3\x19'f\
\xe5\xb1v\xd8C\xdb\x920l\x9c22\xf4\xdb\xbb\xe0\
\x1cr6\x17F\xf4\x19\x22\xe7\xb7R}\x14\xd2\x13!\
\xad\xa0\xd1\xae\xfb\xc8\xf6-\xecP\x09\x91,\x97\xb2\x97\
2\x94\xad\x9bN&\x90\xb8\x99o\xc1\x8a\x929V\xdf\
\xa0u-\xff\x00&4\x1aY\xfbw\xb1\x90\xc9\xb7\x05\
\x11\x05\x11\x90\xc8e\xf9\xe7\x99bKhlKF\xde\
\xb1\xad\x81k\xd9\xa5\x14B\x13fz+\x12UcS\
\xd1X\x92\xa8\x9d\xc4\xec\xf4\xf5\x8dlV\x1dK\x86\xf6\
\xd0s\x0f~\xc3\x82E\xb9J\x98D\xbd)\xd9\x87\xb2\
\x94\xed\xb5\x1bI\xe3\x0fi\x09p(\xb8\xa9\xbd0\xa2\
\xde\x8c\x93\xea\xa0\xa6\xa69I\x89\x8d\xc8\xc6\xe5\x0d\x18\
\x18\xa8\x87\x95\x7fM\xad|9~\x88\xc2oMZ\x8e\
S;\xc7\x10\xaa\xa7\xcf\xf0IRd>?^\x9d\xef\
I\x8cSP\xee%\xdb\x1a\xce^\xbd)\x99\x0c\x9f\x99\
\x0dF\xa6\x8crS\xd3\x14Z\xf6hA\xb8\xab\xd9\x92\
\x8c\x9e\xae\xd8\xd4\x94d\xf5v'q;=9d\xbc\
Zn\xdaCuA\xb6B\xe8\x80J\xdb\xe8o?\xcd\
E%87\xb7/\x08\x92\xd8\xab\xed\xb7;)\xc6\xd3\
[\x12\xf6\xa4Tp\x0e:\xbb\xef\xc0\x95{t\xb9:\
\x91\xa8\x19\xa7\x03\x1b\x86%#\xc3\x18\x9ci\xe9\xb7\x92\
$:}\x90\xd9-\xc8\xa4\xa7+\xa6\x9ah=K\xe4\
'>|\xf8r\xf4\xefzLb\x92\x97q*\xd8\xd6\
r\xf5\xe9L\xc8d\xfc\xc9\xackm\xd5\xb5\x13EN\
C\x93\xdb\xa1\x06\xa6\x8c\xb1%\xc8\xd9\x82\xac\x8e\x8e\xde\
\xd6\x22\xa2\x13\x96\xfc4!T\xd7}\x04$\x09\x05\x18\
%\x12\x88E6\xd0\xf6\x1a\x8fN\x09\xd8j=9I\
\xaf\x1b\xe4F\xe6Q\xaf\xe1\x10\xd4\x22\x0am\xd2\x02\x94\
\x05\xdd\xe8\x18\x97\x06\x8a\x94\xd3\xbf<\xfa\x0f\x03n\xfc\
\xc5BF\x91t$\xbf\xcf\xd7\xa7!%\x8c\xc6L`\
\xd0p\xd0\x7f\xf1\xd0\x8ad|\x9c\xa7/\xb7Nj\x84\
!r\x0b\x13\xb3\x1dU\x88(\xbd\xae\x5cb\xa0\xc6\x81\
uS}\x0bu]\xf9k\xb1;J\xc6B\x1e)\xc7\
\xa9$b\x9cz\x8cIF\xf9\xfc\x11\x08\xcf~\x05\xad\
\x7f\x07\x05\xbd\x00\xd1)B\x12D\x87(N\xb4\xca\xeb\
~\x0aA\xdb\x97\xe8e\xd5\xec\x15\xac\x838i\xdf\x91\
P\x8f?\xafNJ\x0fN\x11\x98\xc9\x8c\x9a\x8eZ\x8f\
\xd2\xb5\x85\xf9\x19\xa0\x82\x9f\x8b\x82\x8e\xc4\x94V\xc5\xe4\
\x0b0\xe59}}c[\xd3t\x86\xf2\x10\xabE\xbf\
\x02c\xdf\xf4@\x85\xbf\x91_\x08$K\x0b\x13\xc4w\
2(P\x81\x99\x09\x09\xe1(\x94%;\x0e\xdbm\x92\
\x89[\x0a\xdb-Q\xf0G\x8c\xb7\xd0NR\x98\xd4\xd1\
\xfe)\xe3\x04l\xd2\xb8\xfa~\xb0\xd5\xe8\xc1\xff\x00\x0e\
\xec\xc2r\x91A\x9f?\xa1[>\xcf\xf4d\xbe\xff\x00\
Cu\x7fc\xa8\x9b\x97#\x886\xd5\x896\x12l\x22\
\xce\xa3W|]\xf6,\x86O\xc1\xab\xfaS\xe8$1\
\xf0\xfe.J\xbb\x10U[\x17\x90,\xc3\x90\xe4\xf5\xe5\
\x92\xfd7a\xe8).\x11\xf5\xa3\x116\x9f\xad\x162\
F\x0d\x97#\x89#(S\x04\xc6\xcc\xb0Oa\xb9\xc5\
\xdbi\xbd\xb5m\xa4\xccy*\xdb~\x03\x13\x9e\xfc?\
\x0d;\x0f\xd1\x04\xf7\x10d\x84\x96$\xcc\x04\xd53\xe0\
Y\xcf\xc7\xe8\x9c\x97\xe3\xf4%Y\xf8\xfd\x15&\xe7~\
Bplq\x83Ta[B\xce\xc1J\x89\x8a\x8c]\
\xf6,\x86O\xc1\xdcB\xdb\x84B.?pd\xa9/\
k\x1d]\xc8(\xc9,.x\xebl\x5c\x82\xc4\x93\xd1\
X\x92\xab\x09%\xfd{\xc3\xbf\xa3\x0c\x87\x8a\x9a+e\
\xe3A\xa5,\xc6\xe4rKm\xbd\x84[e\xdbb\xc5\
\xf1v\xf6)\x91\xb4\xb8w\xc8H\xbb\xfe\x8a\xe1\xa5C\
\xe3\x1e\xf6\xa0\x9f@1\xb9^\xee\xaa\xbe\xbfE\x12<\
~\x84\xe51\xbf\xc1\x0a\x9f_\xa3\x9b\x7f\x83\x9f\x7f\x82\
g\xfaO\xab\x8f\x91\xb6\x1a;\xe2\xa6\xa8\x9c~7\x94\
\xe5\xf6*\xc2~\xda\x0a\xa2:+\x8dH\x13\x94\xac`\
-cbK\x90IFOWbK{\x09xw\xf4\
t\x8d,S\x0b P\x87m\xf8\x0cpdK\xf4\x12\
\xc6\xc3\xc6\x11\x08v\xf4\x1d\xbd\x83X1\xe5\x0eV\xbe\
\xfa\x16O\x97\x8d\x0a\xe5\xaf\xc2\xb1\xb8~\xf0:\x94\xb7\
\xf8\x1bq\x94\xdc\x19.\x04\xb8\x10\xab\xf4+g\xe0m\
\x9b\xf6\x1d\x15\xdf\xb1\xa1\xdf\xf8hw\xfe\x12\xb8d(\
\xfc^\xb1\xad\xea\xde\xc2\x82\x8a\xe3DIDOU\x7f\
\x7f\x98\xcf\x8d\x19\x8b{\xe0OEa\xbcc[\xb7\xf9\
\xccJ\x13\xde\x9c\x91\x0a\xb8\x15c#-\x87\x8eB\xb9\
\x04\x10\xf0\xa1A\xdb\x04\xa7a\x0fm\x0f\xd3d\xe4J\
\xdf\xc0\x9c\xe3\xda\x0ec\x9b\x15\xf9\xca\xd65\xb1\xd65\
\xbf\x1b{\x09\xa1\x08Bz;\x92U\xfb\xfc\xc6|[\
\x941&\xdc/z\x0d\x90Qc\xb9\xddp(\x8b{\
s\x1a\xe97\xfd\xb6\x85\x0aP\xc8\xcb\x19/\x8eB\xb9\
$\x92\xf0\xa1A\xdb\x16\xe7\x14=\xb4?M\xa5\x8en\
H\xca\xdf.\x03Q\xbb\xc7\xb3\xe491\x7f\x9f\x0a\xaf\
\xe3A,7.L\x86ov\xe9\x0eJ\x19\x8c\xe6d\
\x19\x12do\xe0\x812V\x92\xb4\xfe\x1ep\xba\xdb\xdb\
A\xa3\x18\xd2\x13(%;\x09l&6W\x0c\x8c\x89\
D\xa2Q+\x08{\x0a\xc2\x1f\xb1Zr\xe1\xfa\x5c\x04\
\xb61\x0e\xa2*}\x9c\x93\xff\x00\x07\x05}\x08\xf7\xe9\
\x9do\x86C7\xbalrTt\x8c\xc6s\x22L\xc8\
\x14\x5c\x93H+AZ?\x0fr sG-\xed\xcc\
i$\xf1(5\x83s\xb0\xde-\x09a\x99\x91\x96\xca\
\xbe\xca\xb0\x87\xb3\x08\x85\xe9\xb6\xe2\xe4B\x19o\xa1*\
\x16\xfd\xbd\x8c\xff\x00\xc3\x84\xe1\x08\x84B!\x10\x88B\
\xf7\x80\x8bs\x14\x9f\x83\xb9\x17=\x9c\xc6m\xb9\xe8\xac\
7\xeea\x90\xf6\xdd*%a\xe5\xfc\xd3\x99i%\xae\
\x09N)N\x09N\x08{(x\xb5\x8a\xb62N\x0b\
g!\xdb\x0az*:D\xa2n[\xd0J(\x84\xda\
\xb7\xabo\xc2s\x9c\xff\x00\xf0\xe1n\xd8\xd7\x96\xbf\x07\
r.{9\x8c\xdbm\x90Q{\x9d#Kn\xe45\
T,NT\xf1\xa0\xf9\x06B\xb6\xc3s\x83s\xb6\x87\
\x8a'\x05l`\x81q\x22\xbbr%\xe8\xe7\x1f\xf2S\
\x1e\xfd\x8a\xfe\xfc}9\xfc7)\xcb\xec\xf9N_\xc4\
\x9c\x87!-\xff\x00\xc2[\xff\x00\x84\xb7\xff\x00\x09o\
\xfea\x92\xa4\xbf\x0f@\x19L\x83{\x86\xdd\xc6\xabQ\
\xe2\xaf{\x95 i\x99\xff\x00\x15\x14I\x0b\x09\xef\xdb\
A\x8d3\xfeh\x86\xa90N\x12\xca\x09O\xaa\x98\x87\
\x8d\x87\xb2\xaf\x8cz\xae\x1a\x16\x99o\xa0\xa7ko\xa1\
\x99\x7f\xd6\xf2\x9c\xbb*\xc2\x7f\x88\xa0\x0c\xa6A\xae\xd5\
\x14\xea\xb7\xee,\xa0\x89\xcf\x01\xbah1\xaag\xfcT\
\x5c\x22\x0a\xa2\xa2\xae\xebF=U\xcb|\x91q\x90\xca\
`\xdc\xec\xa5\xe8!\xe3\x1br\xf0\x9fUh9t\x1a\
\xe9\xf0#$\xef\xbe\x9a\xff\x00\xe2\xb0\x83b\xccg\x1c\
>\x02\xc4\x97 L\xf8\x89\x9f\x03LP\xa5^\xce\xf0\
\xef\xefP\xaa\xe5\xe3A\x0c\xad\xfbl\xcdlde\xb0\
\xad\x8a\x1e\x10\xb1\x92Gs!26l,+\x8b\xb7\
\xa0\x91\x0e\x1dl\xb8\x08\xc75\x06Oc\xc28\xdf\x9b\
\xa6'\xed\x042\x1e\xcbG\xe2\x82\x8b\x92\x04A\x98\xce\
.!\xc5\xc8,I%H*7a?'\xb3\xbc;\
\xfb\xd6\xa5\xc2\x08I_~D\x98\x9d\xfe\x08\x12\xf6\x1a\
\xc7#-\x85lP\xf0\xa60@\xeee\x83\xd9\x9c3\
\xd8v\xf4\x1f\x06B\x8d5\xa9\xbd\x85'\x06oc\xc6\
8_\x9c\x00\xc4\xfd\xcb\x1b\x86(~\x15\x13A\x13Q\
\x91\x05X\xc5qT\x92\xff\x00\x8e\x95\xbdWz\x08Z\
\xdf}4\x1b\xadw\xe0(\x80\x8a\x84\xc3u\xb3\x04b\
\x94\xecA\x02\x1f\xa6\x87\xe8\xb1\x0cD\x15B\x92^\xfd\
\x84\xa2\x88M\xab\x7f\xcd\xd5\x0a\xff\x00\x90vC\xb3\x19\
\x12U\x9cW\x15\x08/\xf8\xe9[\xd5L+\x89Dj\
yD\xbd\xd1.\xb6\xdfMG1Azm\xce2H\
\x87\xe9\xa1\xfa,C\x10\x96\xc2Z\xa0\xf8\x1e\xfd\x8a\xfe\
\xfc}\xfd\x04\xb2_\xe6\xc5\x7f\xc84\xd3\x867\x15g\
)\xca5\x83Xs\x1c\xc71\xcc6\xdb\x97\xef\x85\xe1\
\xdf\xd5L\xc9*\xbdtM(\x88n\xed\xa0\xf3w\xd1\
\x0b\xb3R\x10\x86P\x8d\x86\xbd7\x82S\xe9\xe7\xb1\x0c\
\x94@\x8d\xfc\x0fn\xfd\x0f\x83?\xf8\xb8I%\x08M\
'\xa3 \xd3\x93\x94\xe5\xfc\x8a\xc3\x22\x96\xceC\x90K\
\x84\xb8\xe79\xceC\x93\x00\x93n\x17\xbd\xbc;\xfa\xb1\
\xd5XL\xfdy\x18\x16\x17\xdf\xe0b\x8b\xac~\x96\x9b\
hd1\xfa\xb7#\x05\x83s\xe8\xa1\xec\xa3\xa5\x5cb\
\xa8\xd6\x86\xe9p\xd3\xdc\xc4\xb2_\xe4ZH6\x92\x97\
\xe8\xa6\xe4\x90\xe79\xff\x00\x1a\xa6\xa9\x05\x0a\xb22'\
fw\x13\xb3`&\xd3\x95\x8e\xb1\xad\xf9\xd3Ao\xa3\
\x16\xa7\xbeZ!#\xa9a2\x98\xc1\x02\xd8\xb9\x18=\
\x88\xc5, \x81/I\x0f\x16\xf0\x82\x04\x93\x93\xad\x97\
\x01&5\xc8j\x7f\xe1\xd2IB\x13I\xf9\x95J\x08\
|%X\x19\x11\xb3;\x89\xd9\x8bM8\x7f\xf0@k\
@I}\xfe\x18\xf7I\xe9\xf5\xa6\xa3J\xa1A\xacd\
\x92F\xb1X-\x8a=\x96\xc9'\x06\xf6\xf2\x1d\x84=\
\x84\x89$qZ\xc8Y\xab\xac\xb7\xa0\xf7a\xa5\x7f\xc3\
\xb4\x90m%/\xf33Y\x09E\x11\xcar\x972\xe5\
\x8dOEbJ\xad\x94\xa0Z\x0f\xde\xeb\x1a\xdf\x83\x88\
\x09\x92w\xb7\x8d\x04I)\x89\x04\xbdH b\x10\xc6\
\xb0\x920hb\xdaB\x1e\xca\x1e0U\x0aI{\xf6\
\x1a\xe5\xf8'\xc0+p^\x8b\x1b\xfeQ\xaa\xe8i\xa7\
\x0c\xe49\x0b\x99r\xc6\xa4\xa3'\xab\xb6\xca\xd2Cq\
\xefe\x92\xff\x00\x07\xc03$j\x99\xefM\x0a\x09\xfa\
N\xf8\xc981\x0cD\xe2\x9e\x0f\x07\xb2\x84=\x94<\
R\xd8KT\x1e\xea\x9b\xfc\x0f\x1f\xc0\xc9A\xc9_I\
\x8d\xff\x00#\x94\xc8)\xb8 L\x90U\x91\xd1\xdb\xdb\
\xc3!\xfe\x185\xb3xw\xf4\xd5R\xaeD'\x9d<\
h$\x9c<\xf6\x8f\x16\xbd\x08\xf4#\x1c\x8c\xb6\xaf\xe8\
\xb7nY\x9f\xdf\xb1\x9e/\xbb\xb6%\xa3\x166\xcd\xa1\
\x8d\xf8m#H\xd24\x8d#H\x84B!\x90\xc8d\
3H\xd2!\x90\xff\x00\x03\x94\xc8B\x0d\x8a:\xab\x10\
Q{}#K\xf0\xa9\xed\x0b\xc3\xbf\xa7\x13Q(\x1a\
\xe9\xb9x\xd0iT\xd9C\xf4\xa4[V/\x8eF^\
\xbc\xe4\xc8\x1b0\xb7\xec6G\x97\xf3\xf7\xee\xdc\x94\xd9\
\x0cm\x8bX1\xbf\x1bUU\xcar\x9c\xa7/\xbb\xae\
s\x9fo\xe3\x076-\xa4\xa5\x8d\xe6\xf1R\xaa\xdf\xb6\
\x09\x5c\xb8\xa7\xaf\xb5\xaf\x0e\xff\x00\x97T\x8c\x80\xda?\
\x9a`\xbd\x96\xd0\x97\xba\xa6\xb7\xfa\x1c{\x5c\x17\x1b\x22\
\xe5\x85r-b\xeb\xe0C\xa0\x85\xd0C\xead\x0fJ\
\xfb\xda\xd24\x88\x10\xfco)\xcb\xb7\x98\x5ci\x8by\
\xb1\xb9\xab\xc5\x91,\x84Q\xe0,o{+\xc3\xbf\xe6\
\x0aH3\xb9\xff\x004\x18\xe8\xff\x00\x1a\xc3/|\xf4\
\xf6\xa9i\x1a\x9c2\xe5\x85r-b\xeb\xe2K\xa9\x02\
\x91\x22\x86\x13;?\xf8\x9a\xaaJ(\x84&.J\x8e\
\x9c\x15\xed\xbb\x91s+IZv]X:\xbb\xfe\x16\
\x19\x0fbV\xd9J\x96\xf7Z\x0ama\x7f\xc6\x92\xe1\
\x09\xca^\xabEFM\x03\xa5&'\x22f\x82p:\
lt\x98\xe2\x882\x1c#\x8d\xb6\xee\x97\xbe\xf03\xa5\
ocX\xd6\xc71\x93f\xab\x9c\xe7\xf4y\xcer\x19\
\x0cPrf\xfc|!\x06\xe2\xaf\x17HrS\x0a\xf6\
\xdd\xc8\xb9\x95\xa0\xad\x1b*\xae\x15Y\xff\x00\x0b\xa4i\
lJ\xdb/c!\xe9]<i\xf9\x03>\xfd\xfbz\
\xaf\x0a\x12\x5ci\xa7\x0c\x9eD\x14v\x1b\xc88q\x22\
 \xceq\x8e\x16\xdd\x09(N\xcdf2z\xf5\x5c\xe7\
>.*L\x9f\x8a\x8a\xf1\x05Y\x1d\x1d\x8b2\xeff\
\x0a\xb2:;\x19L\x9b\x00\x5c\xc2\xc8\x97\x12\x5c}\xed\
\xe1\xdfh5\xeb\xa5\xe9\x80\xd7\xbdE<i\xe3B=\
\x1f\xe3\xd0\x19l\xd6\xc1\xdf\xc8\xef\xe0\xd65\xb1xC\
\x1e\x10\xbd\xcec&\xcc\x95v\x1b\xc9\xb3\x90\x85o{\
LN_\xa6/zW\x88\xea\xacAD]\x96{1\
\xd5X\x82\x88\xcad\xc5\xf1\x0a\x85\xfb%\xc0\x97\x0f{\
xw\xd9O\xd8\x80\xdf\xa2\x9f\xbe\x0d\xd1\xfe\xa1\x89\xdd\
e\xf8\xf4\xc4\x04\x90;\xc4\xddH\xbal\xac%\x0b\x09\
~\xe71\x93ff\x82S\xf8B\x83\x13\x85\xe8\xe4I\
\x99\x18\xb2$\xab8W\x88*\xc8\xe8\xec%\x04\x17\xf4\
S\xa4\xad\xfb\x1c\xd4\x0d\xb6\xe5\xec\x08\xc7\xb0\xdbn^\
\x03\x90\xe4\x1e0\x87\x8c?\xcf\xc3!\xfbz\xd2\xae&\
\x0b\xa7\x8d\x0d\x22\x89\xf8\xfbXr\x0fI{X#\xf2\
uRQ\x10Qz9\x90dN,\x88*\xc6\x15\xe2\
:\xab\x10Q\x10T[R\xfd\x14\xe9\x0b~\xe7%8\
\x04\x9bp\xb1\xe6Y\x1e\x01&\xdc#\x98\xe6\x1a\xa3W\
\xf3\xfaF\x97\xb7\x8c\xc2\x85\x10\xe6V-\xe1p/~\
CXz\x0c\x93\xda\xd5UI>\x8c2\x19,\x97\xf8\
x(\x88(\xbd4 \xd4\xd1\xe3\xb9\xf2e.E\xcc\
\xb9\x171\xf23\x1e\xf79\x8em\x99P=e\x09A\
\x98\xd9HJ\xd3X\xd6\xff\x00\x8fohk\x1a\xdb+\
G\x0d\xf9\x8bLoN\x9f\x92\xb5\xe9\xc3\x89\x0e>\xc5\
\xa1\xcb\xf7\xdd 7.}\xcdRsT!1\xdc\xf9\
2\x97\x22\xe6\x5c\x8b\x98\xcc\xad,\xe79\xf6eH\xf5\
\x84AQ\xa2\xa3\xd9HJ\xdf\xf9 \x96\xcc\xb2^\xcb\
\x8c\xa5\xa5;\xf2\x7f\x92\xb5\xe9\xc3\x81\x0e\x1e\xc92\xa2\
\xf7\xa0\x9d\xd7\xdc\x00\x7f\xff\xda\x00\x08\x01\x03\x03\x01?\
\x10K$B9\x93l&!\xc8a\x05T\x929%\
\xc5\xd4\xd9\x18\xb1\x18\xb0\xf8q\xf8H*.cY\x0e\
\xde\xc9\x89\xcb\xf6\x01 |\xb6ajE\xe7\xbfm\xb7\
JO\x0c\x971.fT\xec'\x0eD\xf3Bp1\
\xb6`\xab#\xa3\xb0\xa5A\x09C'\xbf\xf8r\xe3=\
\x15\x86\x88\x89{\xca\x1d5\xf7\x9e#\xe6\xa2\xd6p\xa0\
\xbd\xe3\x12\x12\x14\xed4\xb8MY\xf8\x09mIDI\
T;\xe8V\xd9\xccs\x1c\xe7>\x05\xdd\x8c\xe8\xf4Z\
l.\x7f\x95\xce'$(\xd8a-G\x1a$ea\
\xb2\x14\x8c\xac>\x11\xc3\xc1A\xe0x\xf8\xdeP\x99\x08\
;\xfb\x09'\x00\xc4\xe1z\xf7D\x14{0U\x88\xef\
\x97\x9fA)B\x1a\xacN\xe2\xc3\xdb\x86Z\x9cX\xc2\
mX\x82\x8e\xc2q\xb3\x1dU\x88(\xb0\x0d7\x15\x90\
\xa7\x14\xc9\xea\xec!k\xa8\xf7\xed\x1fE=\x09*L\
\xb1~\x9c\x92I>\xac\xce\x82\xe7\xb2\x91q\xe1\x87\x90\
\xb2\xa9\xef\xe7\xb5=\x1d\xc9*\xc7m\x0a\xfb9\xces\
\x9c\xe7\xc0\xbb\x8aP\x9f\xa5\x9c\xa8&u_\x95\x99\x8d\
c\xdb)XR~\xe7\x8e\xc8\x9f\xc8\x8f\x9c\xe0Y\xee\
\x8b\xb9)\xbb\xb3J\xb9\x12\xdd\x1c\xe8f\x902\xbe\x04\
\x88\xf0g\xc3\xa6R\xa9pJ_\xc2\x1e\xf06y5\
\x0f\xb9Np#2J\x02\xd6E\x82\xe1\xdf\xd9\xc9'\
\x19\x9a\xdbpF\xc2{\x0a\x9c\x0a2\xb6T\x9c\x84\xdb\
\x97\xa4{\x10.1q\xe3J%z\xefk}5\x19\
\xb44:\x8f\xd8\xad\x91[h\x90\xe5W\x91Al\xbb\
\x97Ew\xe2.{i@\x90\xbd\xb8L\xe4e\x0b\xd8\
\x844\xdc\x9c3L\xdd\xb7\xf8\x04=\xa6\xb6e\x12\xbd\
\x19p\x92\xee7\xc5=\xda*\xed\xe6\xd1\xd1vWa\
\xf8\x9a\xae\x10\xa2F\xad\x15U\x88H\xe5-\xc7\x14B\
\xd9\xe90\x22\x08\xc5B\x1d\x13\xc4\xcf\xb3H\xf8\x5co\
\x0e\xaa\xfcg6m*\xb6MS+\x89\xcc\xaeB$\
d\xc6X\xbb\x8eBc\x91\xc3G\x9abj\x13RM\
\xb7\x09KL\xaa]LA\xbej.\xf2\x16K\xa3n\
/\xad_(\xf1hwG\x0e\x03\x9a6\xcd\xb3dJ\
\xa4\xa5P\x95F\xb7\xc3\xa1\xc8Q\x0e<\x0e\xfe\xceI\
\x13\x12\xf4\xd6PNT\xe2Q\x85\xb3\x08\xc98z6\
\xc1\xack\x09\xdd\xc6E-\xec\xe6I\x02&\x8a\x9f\xe6\
\xa2\x17\xb1[\x22\xb6\xdd5\xdaw.\x89\x98\xab\xe3m\
\x22\x16\x94\xbb\xfbx\x10\x8aW\xb1\x08\x8bH\xa3\xa5\x0c\
\xa3+m\xfe\x01\x0fe?`\xab\x09\x9c\x9c7\x0b\x94\
\x92o\xa2\x965\x827f\x98 \x91:Ie{}\
\x9d\x96\x15\xa4V\xd0#T\x88ZC\xb9\x81\x97\x19/\
-\xc2)\x05\xb1\x12\xa8\x8a\x92`\x22\x196\xc6h\x91\
\xc9\xabF\x88\xe3(+\x13&5Qj \x82p\x1a\
\xc7{.\x12u\xd2\x04\xae\x9an\xc4\x18\xa0T\xcd\xe5\
\xa2\xaayApK\x83v\x08\x5c\x12\xa2\x8br\xdc\x0e\
\xfe\xe6Q(\x826U\xcb>\x8e\xfb\xfc(R^\xab\
S\xa5\x90\x94\xa7\x7f\x02U\xf7\xec).\x1b\xf2\x12\xb1\
\x15\xf3\x1bm\xcb\x1a\x8fU\xea\x99\x0e\xa3\x87\xb2\x04\xc5\
\x8a\xb6\xcc\xee\x1ee\x93\xb7f\x19CJ\x8e\x1e\xec\x89\
_\x0c\x8c\xfd\xaeS'\xe3A(\xa2\x10\x9e\xba\xe8\x8a\
\x95G\x9f\xfe\xb4\xbb\x96\xb5,\xf8\xa8\xba\xa3\x81z.\
8\xa5\xb6\xdc\xeb#\x80\xc5\xda\x838x\xe3)\xb9\xc8\
E\x09Jqd\xe6\xde\xe31m\xa4\xf1\x8d;\xad\x14\
\x8c\x9bH\xe2\x90\xc7Y \xb8\x91\xb5\xdc2\x9atB\
Y\x13\x94#\x90=r\x1c\x1eX\xbb\x8c\xd4\x14\xc3U\
 r\x8a\xdcN\xd5\x11*u\xf0P3\x07*+5\
\x13\x88\x91FT\xc9\xa5$$\x9c\xb0nP\xe4<\xa3\
J\xb5Ii\x8f\xb4\x8a\x8eJ,\xcc\x94\xad3HM\
KPu\x19\x13/\x08\xc6\xf2*\xd26\xe8A\xa1\xc1\
KG\xd3\xa1\xd1 \xe0\x92Ih$i\x0d\x09\xfcT\
\x18c1B&\xa2h\xa8\xe4\xea\x91\xc4\xa2ZW\xd9\
@ \x9b\xcc\xd4\xa2\x12\x95\x0d*\x12\x0a\x10\xa5}<\
\x1c\xd9f\xc3\xb7m\xb2MB*\xff\x00[\xac\x89\xab\
((I2\x88+r\xa8Hm\xa4\x92\xa4\xa7\x18I\
\xd0|\x1f\x80jdi\xf2\x8fbjS\x84\x12\xcd\x1a\
W\xac\x94\x14\x9e-\xc1!*\x09's'\x02\xe1\x1d\
\x1aA\x01\xc0\x82\x13^\xf2I\xc2,NXp\xb4\x8c\
\xdd\x90R\xd3\x99\x1d\xce\x03\xa3\x14r\xa5)(\xbaR\
%\x0a\xa4\xc94\xd9D\x94S\xa1)\x82R\x80jQ\
\xd0\xbb\x11\x08\xd1F7`\xdd\x03\x8b,K\x925l\
\xb1\xab\xa2*\xc97B\x04\x0c\x97o\xda\xa8\xf5d\xa0\
nA\x1bu\xd1\x0ep:\x86hr\xc8$ZJ\x95\
\xa4\xa1\xfe\xdbV\x15S\x07J\x11\x8b&\xbf\x19\x0b\x80\
;\xae\x9b\xb4TA$\x84\x97RI$\x92\xc9z2\
\x89D\x93\xb2\xaeY\xf4j\xe3.\xdf\xb7\xaa\x91\x0f\x11\
\xd3.\xbb\xf2&U\xf9\xdd\x09\xc0\x93n\x17\xaa\x95V\
\xf6\x1c\xd1\xec\xd6*\xdb-W\xccJO\xa1\x22\x0a\xa3\
qW\xee\xc8\xb4\xbd\xc5\x94\xc9\xf8\xda\x04 \xdcU\xfa\
\xee\xa0<\x0e\xfa$\xa7\xf4\x92\xc9\xea\x92\x92L\xc5\xe6\
\xa0\xbbHUcW\xb3W\xc7\x06U+:\x834D\
\xdfD\x8em\xaf.#\x12#\x14\xd1M$\xcd\x0dM\
)-\x9a\x1d\x0b4\xb7\x9a4\x96\x85\x14\x1b\x05w\xe4\
\xd2z4P\xcd6\x8a\xb7\x0c\xa9Q_\x89\xe0\xb8\x82\
P\xa5\xcd\xd8 n\xf8\xe3\xac\x8d\xa5QV\xad\x82\xb4\
\xd3\x13M\xa6\x9a\x89\xa6\xaa\x9a\xc9\xaa\xa1\x87\xc59$\
\xe1\xcb\xaef\x97<\x0c8\xf5\xfci]T\x83M\x0f\
\xbee\x1e\x8b\x91?\xb5M\x22U\x0eu4\x9d/i\
\x86%z'\xd0R\xcdE\xc2\x83\xce\xac\x92\xa9\xae\x91\
\xd6F\xabs\x08\x9b\xa4\x8f\xff\x00\x93\xb4\xd8\xb8p\xa0\
\xf2\xc98\xb8\xc2BF\x19\xe8\xe8Nj\xd4\x9a\xb02\
\xa9\xd1\x22\xa1a\x88[j\xcau+\xab\xa4aX\xd3\
2\xa9\x03\x17\x92A\xd3\xabz!B@#G\xc2\x8d\
x\xa1u\x14,S\x87\xbf\x05\xb7\x19i\x92\xea\x94L\
1\xf4\xa39\x83\xb05\x8c\x98%$\x0c\xb5f@\xa2\
\x8a\x8c\xb9)sa\x87\xf9b\xe8f\x90j\xa9\xb2M\
<\x9a\x18\x89N\x96\x9b\xae\xd8\xd8W\x140\xd15,\
\xe1\xabZ\xcd\x10\x5cDK\x99\x94\xa3\xa6\xf5\x95\x88\xc6\
\x1a\xb2=\xa1C4\x9e\xf8/\x06XZ\xa2\xb9\x95K\
\xa2\xb3D\xf3 \xf16\xa9\xcfE\xea\x9b\xbf\xe0\xf87\
\xdc\x04\x0ex\x08J\x9e\xad$\xe2\xb8NDM\xff\x00\
E\xa7\xa9,!\xef;\xe4+HI^\xd0\x15\xf6Q\
\xaa=\xeeJ\x94\xe5\x83\xbe\xd7\x83of\xb6\x96\xdb\xf5\
d\x9fF\xe7\xbf\x030\xe3\xa1\x06\x9f\x85\xd14}7\
oA\xad\xa9#\x84X%\x9a=Z\xba\xa9g:Z\
y&\x9a\x97cW\xcaji\x96\xc99\xb6S\xd5\x12\
\xe7=eA\xc7\x12K\xeb\xc1\x1e\xa5d-$x\xab\
\x99\xb4\xca\x8c\xa1*\x0a!xZ\xc2\x89\x0a\x12.\x05\
8\xa7C\x1c\xb4K\x94q\xa2\xdan\xc8F\xd4\x1b\xba\
\x94\xc8|\xe4\xa8*S\x94\xaf\x84\xa9)m\x91b\xd5\
H\xc0lJ\x0dM\xa0\xac1\x22\x5c\xf2\xcb\x0d\x92\x9f\
\x12r\xdd\xa8\x9b\x18\xf2%n\xb2\x98\xaa\x8b\xb4:\x08\
\x0c\xe3\xb3\xc8URIjUa~\xcdYHn\x5c\
\xa4\x05#q\xc5\xa9J\x12d\x95\xa4\xd2\xe4J^p\
\xac*u\x05\xc6\xb7\x11\xa4\xaa\x92\xe5\xd4r\xdc\x8d\x96\
\xe8\xbe\xd5}KP\xbf%\xc9\x8bWqs\x1a\x0e\x22\
\xa9\x0d\x22I]F\xbeK\x98\xe9V\xe8\xc5\x94\xa0\xdb\
\xd6\x1b\xa2\x97B\xcc1\xeeB>\xf3)\x96\xea\x82\xe5\
6\x10\xae\x15\x88Z\x06\x92Z\x98M\xb4\x89@\x9ay\
\x0e\x0bz\x95,\xac\xa1\xbb\xc8\x99)l\xd8\x88\xc0\xcb\
=\xc2\x22\xd6N \x9c!\xa8V^\x8a\xc2\x1d\x1a\xd9\
\xc0q\xf12\x04\x5cSp\xbd\x1d\x17(\x81(\x1a\xba\
B\xbe\x1am)7Z\x0e@feuZ\x94UJ\
\x9eJKtov_\xc8{Q\xb3\xc2\x99\x00\x81\x81\
\xdb\xf5\xd0\x99\xaaj\x08\x94m=\xa10\x81\xb0\xad\x1c\
\x1c\xaa\x87\x83\x7f\xbb\x14'0\xc9\xa14\xf2hR\x0e\
:\x9b\xc0 \xb0\x94\xd4 L\xf0BD\xb7D\xb5\x17\
\x22\x92\x12\x0f\xb2\x8e\x0c\xb45\x01\x99c2\xb3R\x93\
m\xca\xd9!\xb3\x10\xe5]\xa7&\xa59N3O5\
\xc1\x8fiW\xa66\xa2I5\xf5\xaa\x0a\xack\xf4\x96\
]92\x94\xe54\xd3M\xa6\x9c\xa7\x1e\xf4n*\xc7\
\x0bT{p\xfd\x84\x9av\x1b7&\xf1\xfc\x16\xe3\xf9\
\xea\x04^\x5c\xfbZ\xaf\xb2\xb0<)\xc1\xdfh\x9d\xfa\
\xfb5\xb2\xd8\xb6\xf3\xf6\xf7=\xf8\x19\x87=I5\xfc\
\x8b\xb7\xa4\xeepI\xa0n\xc9\xb2R\xf4S/A\x0d\
&\x99\xd8\xa7Q\xb5\x97$\x89XI&U\x84\x8d9\
N\x12\xcdtP\x9cj\xd3v\x85\xe4X\xda_\xeb\xd5\
\xfa\x8dh-\x1bD<M\xabJT\xe4W\xa8\xd4\xd1\
>hi\xd4\x22iYB8\x02= \xdf\x16\x95\x09\
j\x09\xc7\x14\x9e\x05`\xce\xc9\x1c\x9a\xacqVy\x89\
\x91\xcb7\xb3\x9bt\x9fD\xd6I\xe3\xdeD\xde\x92\x8b\
\x95\xf5N\xc5\xd8\x0c\xc9\xa7\x04\xa8\x91\x92\x12\x5c\x09r\
\xa6\xf5I\x9f\xcb/\xd0\xd6h\xb0\xd4\xa6n\x07D\x96\
\xdc(R\xdb\xcchT\xb0\xb7\x14\x8a\x8e\xd8\x1d\xc4\xdb\
&CD\xb07\x16\xdb}\xfd6\x12\xd1uN\x0dC\
]U\x1e\x9e\xd1`\x96\x81\x09C\xdb\xc8\x9321\xb4\
\x98\xb4\x86 h\xd4?c\x00\xa4\x97\x1d\xf4\x19L\xfa\
Bio\x91R\xbe\xce\x04\xc41%\x9e\x95\xde\x93q\
\xe8e2\xfa\xa4\xc5q\xa8~\xd5\xdfB\xb6\xf1[\xab\
\xcf\xf84:\xfeE\xdfe[\x18\x88\xc7\xb2i\xc0\xff\
\x00\xeb!%\x8d\xaa\xdf\x18\xb4\xd6\x07\xa8~Ce,\
rxs\xb9c|\x85\xc6@\xc8pa\xb9\xc6\x15\x17\
\x1e\xa3\xad\x81)\x92H4\xb1\xe4w\x1f\xe0\xa4NG\
%v\xf3 \xc8\x9cZ2\x9b\x1a\xddw\xecF\xd7\xd8\
\xa5\xb0M\xa41\xad\xef\xfa&I-\xfbz4!\x97\
J\xff\x00\xe7\xa3$\xfa)\x90!\x8f*,\xa9^\x8b\
U{,\xa6_RF\xa6\x8cj\x1c{Wm\x0a\xfb\
\xc5\xa5N\xf9\x09\xb7\x7f\xc2\xa7\xea;\xec\xabc(\x8d\
\x10\x8a\x8a\x8d-\x83.\x0c\xe1\x0a\xf5d\x95BFe\
a\xc5\x8c,:83[\x1ehC\xb8\xff\x00\x08\x94\
\x08J\x18\x9ehNj\xb6\x83M\xb6\xd4\x9co\xe0C\
\xaf\xb3'd\x8b\x00\xd5_ea8\xb9z2N\xdc\
\xe0\xd4\xa8\x1a\xc9\x95(:\x0cN\xcb\xbe,\x91B3\
\xf5\xd6\xd6X\x97\xb0\xbd\x8a\x9ex\x8fI\x9c[\xad\x06\
\xe3\xd9\xb1\x867+\xdb\x85\xdfQ\xbd\xa5\xed\x17Q\xde\
b\x0b\x14\x07\x9eG\x83x\xcaFP\x99\xa8d\x84\xf3\
X,F`\xb8\xc4a\x80\xc7rK`\xb7\x9b$\x1b\
\xa0\xed\xf8D%(n\x04\xdar\x84\xf3[.T\x18\
\x9c/@I\x8e\x1b\xf0\xf6bu\x94]\xfc\x0dD\xd6\
c\x17f\xc4\x94#|\x84\xdar\xbd\x92\x1a\x92\x09Q\
%\xa6\xff\x00\xb2\x9c\xa2\xfb.\xfb\x01i_]me\
\x89{\x0b\xd8\xa9c\x80\xf5\x85\x8b\x9a\x81\xcdOf\xc6\
\xe1\x8coow\xd5K\x1dSW\x0b\xfb7:\x95\x04\
\x82e\x98\xf5\x0d8\x8f\x84k\x19U`\xd9\x931B\
NcU\xc4\xb9\x0cB\xc2l\xce(\xdd\xd8m+\x92\
\x0d\xc8\xdc\xfe \xa02\x9cz\xc8-H\xb4\xa1\x90\xcc\
\xbdW\xb1L\xc8\x98\x8d\xfc\x0dr8\x9b.\x1d\x06L\
o\x96\xcc\x09\xfap\xc4H\xa8ISH\xd3\x10\xb6V\
FJ\xd3\xd8\xdd\xda\x16\x14\xa4Hs\xc7\x16\xca\xe2\x0d\
\xfb\xc9\xbfy\x16A\x05\x1f\xa4\xbd\xdaJ\x849\xc4\xd3\
\xdc!=\xa8\xd3\x863x\xf3&6d\xbcn'\x02\
:\xd3\x19F\xfe\x05\xc6$f\x81+\x02Y\x8d\x10\xf8\
F\x1b\x91\xb9\xc2\xff\x00\x86\xb6\x09\x1d\x07^\xb7*F\
&Y\x1e\xc6\x8b\x89\xb5cy8h4\xa6\xf6u\x1a\
\xcbzc(\x95\xea\xb1\x0d*X\xb8\xb0%\x98\x87\xb3\
p\xb6\xbd\x8d\xdd\xa1`\xd9\xd1\x8b\x16\x91\x0cHpU\
\x82J3#\xd2/v\x09\xcdW\xb8!=\xb0\xb9\x8d\
\x17\xf4U\x04\xe7\x09 g\x16\xe3Wv,\xf2s\xe2\
7\xc7\x04\xc8\xdc\x0d\xcf\xe2Z\x1c\xb3!\xdc\xe59}\
v\x9d\x05\x0a\x8e)C\xddc$\xfa\x85W\xcb\xf85\
w\x18\xd2\xb6Y\x11\x97\xf8Z\xfam\xcf\xa4\xe4\xe8|\
\xcc[!\xe9\xca\xb1\x96\xc3\x93\x91y=:zY}\
\x04\xfa\x0a\xdc\x169\xe3$\xfbY'a\xfe=\xb2\xab\
 \xa7\xa8\x81\x22eaq\xc9T\xa2D\xbc%\x10\xd8\
K%\xfe!2\xa29N_];\xa9`\x16\xdf\xb0\
nj\xc5x\x99\x0e\xd6\xde\x82\xca\x8d\x94\xc4\xc7\xa1\x05\
\xbd\x1f\x8e8\xa9m\x80\x90\xf6U7]\xeeQz,\
 G\xa5\x97\xd0\x04\x08z\x0d\xce^\x0f\xfe7)\xbb\
\xbf\xb0\x89\xa4\xa1\x91\xbe\x9b\xf2#[\xfc\x8ai\xd8G\
\xb1\x1c\xa7.\x22\x90\xa6\xb9\x89f\xaf\xd2\x00\x03\xd3\x97\
\x80D\xd1O\xf3\x98\x94\xce\xf4\xe8s\x9c\xfb\x0dt{\
\xdb\xd1\xb7\xa1\x19l[\x03\xd8|\xca\xcf\x07\xa4\x118\
\xf7\xef\x80hq\xb0\xaeK!\xa8\xa3\xfc\x0c@\xd4{\
\x22\xef\xb0\xbb\xe8\x99M\xdd\xfdt%+\x04\xb1l\x85\
%_\xc8\xa7\x9a\x13\x95>\xc4\xe79\xceS\x94d\xec\
5%oa\xb1\x01N\xc8\xd55v\x7fT\xd5\x1a\x81\
\xe9\xc2\x1c\x8d\xee\xb7#qe\x1a3\x94\xe5\xc6eE\
>/F}\x0d<g`\x8cW1\x9e\x14\xd3R\x86\
\xe7/\xd5O\xd4[O\x80ls\xb0\xaf\x81t\xfe\x05\
\xa8\xa3\x1d=\x91w\xd8]$\xa3\xf4\x86\xe4cr\xbd\
\x95q\xa0\xdc\xd0S\xaa\xbf\xe3\xd4\x15\x13MJ\xf71\
\x90e8\xea\x9a\xb8\x82P-(dt\xdf\xfc\xd0\x96\
\xb8\xd9lN\xf9z\xf5\xd8\xba-\x9a\x16\x97b\xdc\x8f\
I{bF',R\x5c6\xdd\xb6\x9c*&T^\
\xbeS/\xb0\x07\x7fr\x1a&\x8f\xa3\x94\xcb\xb2\x8b1\
cp\xc4\xa7\xd8\xa7\x18g\xa3\xb8\x93W\xf9\x0d\x95\x1e\
\xe6I1\xb4\x1a\xa6\xa8\xb4\xa5\x0d\xc0\x9c\xa5q\xad'\
\x87\xebM\x9d\xcf\x81\xa8q\xb7\x08\x85\xb3\x0c\x88\x12N\
\x17p\x9d\x9b\x1e\xc0\xf4\x18\x94\xfbq&\xe2\xdb\x1d\xb6\
\x94\xd4\x1f/_)\x97\xd8S\xbf\xb1\xd14}\x8eS\
.\xd2\xb1\x9c\xcd\xed\xa2\x12\x86%w\xa0\xa4G\xe3\xa6\
D\xfb\xe3Hj\xf0x\xc0\xd4\xdeN\xcb\xe4SI\xab\
\xc2\x1a\xa6\xb0\xee\x89\x98kR\xb7\xb0\x9e\xf1\xe9\x1e\x8c\
\x927(%S\x8c\x97qI\xc4$\x8d\x97\xa4\x118\
4\xcd?f\x09H\x99\xd8\x87\xadd\x09*\xbd\xeb\xb7\
\xa2\xc4?P\xbb\xeb\xb5$cr\xb6\xf3\x99\xbd\xabI\
,\x14\xce,d,\x1f\xe3X\xd9$S\xefI\xd4&\
\x91\x8a\x83\xf1q\xe7\x98\xd6\xf2!cz\xa2\xa4\x9b\xc3\
\xba\x22$K\xa8KJ\xde\xc6F\xf7\xb9$\xfa-X\
&\xbe\xc5\xecV\x94\xa1\xc8J*-\xa9f\xa9\xaaj\
\x9a\xa2i\xa9Cs\x96A\x1e\xcd%\xc0\x96H\xd14\
}X*\x8c\x87\xbdv\xf4X\x87\x8c\x93\xb3$\xe0]\
\xf6\x01MO\xc0\x9c\x09\x0aH\xcb}\x0a3\x88\xdc\x8d\
9\xfc;R2K}F\xe0i5\x0f\xda\x82I(\
Bs\xe9\x94\x8a\x07#\xba\x88\xe59E\xa4\xc4\xe3\x01\
\xecH\x96\xc8\xb6\x1f\x90\x90\xa1\xedF\xc2\xf5r\x99}\
\xca\xfc\x88|\xc8\xc1lS\xd9!\x93\xef\xc3X\x8b\x09\
=-\xbe\x87)\xc8&\xe4J\x7f\x0e\x92\xe80\xa7*\
P\x94{V\xa4m%/\xd3.\x11\xd4\xff\x00yr\
\xc4j\x05\xa0\x84\x9c\x0d#H\xe79\xf6d\x91\xaeC\
i){RI>\xbeS/\xb9[Y\x19~'\xef\
b\x85\xb1\x1e\xc9\x0f\xde\xc9\x1bP%w\xa0\x94DH\
\x89\x92O\xe1fh'\x02GD54~\xfc\x1b\x9a\
\xb1\xa84G\xf9\xa1\x09\x22\xbe)\xa2\x11\xbf\xb6\x14\xc1\
!(x6t\xb8\x9bU\xb0\xaa\xe0C\xc8\xc8t\xc5\
\x0b\xa0\x87\xd4\x95\x02\xd1\xces\xed\xe8\x9a8\xe8\x9a#\
\xb7\xa5$\xe3$\xfa\x19\xfaB\xbe\xcf)\xcaI;/\
X\x16\xd0\xc4\xe5\x8cm\xb7%\x06\xa7jY,\x97\xeb\
\xb1{\x87\xef`\x9d\xb9\xdc\x0dN\x11&\xe1o\xd8\xdd\
\xbc~\x1c \xa3\xb0\xdeBW1ai>\xfd8\x12\
\x9a!\x9a\xa3}\xe0{G\x7f\xf3`,\xa4\x918!\
)G\x04%.\x04\x8d\x8dQ\x0b\xb95\xec':\x8d\
\xe1\x07BN\xa2m9B\x92\xa4\xb8\x12\xe1\xea\xbb{\
\x0b\x91\xb5\x9f\xa4+\xed\xd4\x11\xb2\x9cU\x09\xf3\x18\xc3\
\x13\x85\xb6\x84\xa5\x09i\xf6\xfaB\xe0\xfby\xda\xcag\
\x13\x8a\xa1\x22\xb3\xfc\x0dB\x0d\xfb\xc1\xbbx\xc2\xa5\xb0\
+\xdb\x1b\x81\xa4\xd4?n\xed\xa4\x88\x92q\x92H#\
\x17\x84a;PN.\xc3\xd8,\xe3\x06\x15K\xd3\xca\
\xfdaD\x13\x9c!\xa4\xd4<N\x10\xc7\xc5\x02\xd2\xa4\
h\x1a\x1bJ\xc6\x89\xa21\x88\x9d\xbd3D\x94J\xf5\
\xf9\xf6\x8c{w2\xe5\xe8\xca%b\x8a\xc1\x13\xaa\x12\
IB\x13\x9f\x5c\x18\x9c\xb3\x84\xfc\x88e3\x8d\xc5X\
\xd9]\xfe\x06\x8c9\x8a\xf3$69\x0eC~\xf0o\
\xde6\xc4\xd3R\x84\xa3\xdc+\x09\x92\xc9x\xcb%\xec\
\xbc'\x17\xb3$b\xec=\x82\xce?\x18\x13\xd2\x1f\x13\
\xde\xda\x09(\xaf1m\x80\xb4\xe4PQ\x8a\xac\x1c\x0d\
\x03@\x826\x15\xb1J\x5c\x09d\xbd\x0a\x1e\xbb \xe7\
9\xb6X\xf6\xeee\xcb\xd5\x82\xa8\xc8\x0dH\xdaJ_\
\xab$\xe0\x190\xbf \x17\xc79\x98\x93C$\xd2\x88\
\xa0\x89\x15\x7f\x0f$\x92\xe2M\xe6n\xde\x0d\xdb\xc11\
3\xd8\x12/k3A8\xdbC^\x8ca\x181\xdf\
e4\xc9T;\x96E|aI\xb0\xe9Mo\xbc\x95\
!\xdcU\x18\xc6\x0bvB\x9a\x81\xa6\x84~\x82\xa93\
\xb6\xc5\x88#f\x08*We\xab*rJ/lI\
\xa2im\xd2\xf7\x06\x89\xa3\xefa\xab\xb8\xd1G\xe8\xb1\
m\xc9>\xc3,s\x99\x894\xb2M\x08iB,\x1f\
\xe2\x89\x0f\x09\x129\xf7\xf89\xf7\xf88\x22,\xbd\xac\
\x14v\x13/Bq\x9d\x86N2Tc\xbe\xca\x10N\
\x85\x91_\x19\xb2\xcaR\xe5\xe3A\xce7\xb6\xc3\x1e\x10\
\x87\xd6(p1\xa8q\xb7R\x82\xb6\xb6`\x8d\x98#\
m\x5c\xbf\xb1\xa0'\xf2\xa0<\xc8\x8e\x8a\xfe\x8b\x11$\
\xfbK~v\x0a\x12\xe2K\x89E\xb7\xec!\xa9\xdf\xc1\
\xccs\xe1\x02i\x89\xcd\x1d\xfd\xec\x10>\x22\xe0A\x18\
\xdd\xc4V\xc1cDCB\x16#\xb6\xc3r\x15\xa82\
\x07Tnn\xbd\x10\xa8\x85L_f\x19\x0f\xd1\x04\xa2\
\x88Bab\x08\x12\xc9\x09B\xc5%@\xd6Oe\x88\
_\x88\x1a\xaeK_M\xdb\xde\x0d\xe3\x7f\xcf\xce\x12\xe0\
K\x80\xa3\x96$\xda\x9c\x09\x1cE\xbf\xc1\xa1\xbf\xc0\x80\
\xd0\xf7\xb2H\xf8\x0b\x892x\xdd\xc4V\xc1b\xd2'\
\xbdD\xe5N%\x9b\x0dr&.:\xf8\x08\xd5-\xb3\
\x22X\xc3\x13J/\x5c\x01\x087\x15f\xa9\xacT\xa8\
\x92BQ\x8bR4\x9d\xf6X\x85\xf8\x81\xaeCGj\
zn\xde\xf4o\xd5\xcef9NO\xcb\xa8\x92\xab\x14\
\xa7\x0d\xe7\xf8&\xab\xbfa6{\xf6\x12\x94\xdf\xb0\xa1\
\xb8\xbb\x8a5\xf6\x0e\xde\xb5\xc3\x10\x13N\xc2s\x8a\xc1\
8r\xc4D\xb7\xde6A\xa6\xae0E\xa9r\x15\xb2\
\x082\x0ei\x92pTrA\xe9\x80h\x9a$\xa2P\
\xdbnX\xd4\x0d\x81\xd8\xbb\x8c\x82M\xdba?A1\
zU\x99\x9f\xaa\x90\x81\xb3,\x0b\xb8f\xbb{\x93\x9c\
\xe7\xf7S\xea\xe73\x1c\xe77\xe5\xdf!\xb3[\x0d\xce\
\x16L&\xd0\x94\xa1\x15\xafR\x0ao\xe0K(\xcf~\
\x05\xad}woZ\xc1\x88\x09\xc5P\x9c\xa9\xc5a5\
Q'J\x09R\xecZ\xc9\x8dE\x07\x15\x05i\xdc\x92\
L\xe2\x92\x9c$\x92X\x92\xc9{<\xa7)\x128\xa7\
\x02M\xb8C\xb6\x0e\xc5\xdcR\x97\x06\x8b\xd5^\x90!\
\xfa\xc9m\x81tn\xd7\xdf\xe4\xcd\xfc\x981/UJ\
\x82\x12\x87\xf9\x9b\xfa\xef\xf4o\xfczh\xb9\xbf\xba\x16\
\xb3\xdf\xe0\x95\xef\x1aR'\x9a\xdb\x14\xda\xbf\x84l\xc6\
\xcc\x12\xf9\xed\x0f\xaa\xe3\x08 \x82=t\x8cO\x19a\
.\x82\x1b\x8dd\xc6\xa2\x8fe\xa8 \xaa\xb0\xd3W\xd8\
\x0b\xde\x00\xa6\xa0}\x1b\xf93\xa3\xd4r\xa3\x1ai\xc3\
$\x92I\xf6\x0e\xfe\xbb\x17\xb0\x0d7\xfc\xca\xe0\x1f\x17\
\xaa\xd3N\x18\x94\xa1\x0do\xfc\x19\x13\xbf\x8fv\x9c\x09\
\xb5m\xb1\xc9+qb\xd7\xf5\x8d\x98$!\xda\xe4H\
\xe2\x85\xad\x17\xc6I!\x10\x88\x10\xf4\xe7\x1aQ\x08A\
,\x05T\x12\xdcjh\xc4\xc9\xec\xb1\x84\x865\x93\x1a\
\x87\x18\xafx\x05X\x08IT\x82\xf4z\x8dM\x1f\xb4\
w\xf5\xe9b\xde\xda\xa9\x04\xa2V\x0a\xdbfC7\xe4\
\x84\x96\x14*$_\xd8\xbc\xa4\xde?\x82\xdf\x7f\xd15\
\x18\x94\x1b\xbd\xad(9\x13\xcdm\xd5\xd0z\x9b\x1a\x18\
\xcd\x93\x18J\xa18Jv\xd8Jh\x84\xb2^\xc4\x04\
7!#\x82\xb4\x92I\xf6\x09\xe3$\xfbT\xb5\x0dh\
\x1d\xcb\xbe\xbd\xdf{\x1e\xc9[l\xc8f\xfc\x8c\x94\x18\
\x9c#0;{&\x0c$A]\xfb\x19\xe2\x7fj\x9c\
\x09\xac\xf4%`\xcdS!2\xa6+\x0c\xb1\xa2\xcap\
B\x18Y\xb6x\x82Y!(\xa2\xd9\xdd\xbc\x9b\xb7\x93\
\x9c\xe7\x10\xd6\x9e\x81\x09\xc0AeQ\x22\xc4\x11\xeb\xa7\
\xee\x92\xd05\xab!\xdc\xbb\xeb\xdd\xf7\xb3\xe9\xc98\xf1\
\x02\x12\x86J\xe4\xb1\x94J\xfc\x9d\x05Y\x05\x18\xd3U\
\xbd\x8a\x94\xf6\xf2\x85\xa4=\xfb\x09Q\xc1\x8b\xad?x\
\xac!\xd3c\x80o\x06\xc8\xcc\xc8O\x045\x08jq\
\x82\x05\xaa\xbb\x8a\x15#\x0d#K\xd5O\x98\xc7z\x12\
&L\xf8\xb2\xfe\xdd\x9b\x12!\xd38\x17\xa1$\x9aF\
\x97\xb1nG\xb7+\xd8\xb5*\x06\xb2~\xc6K{\x80\
\x84\xa5b)\x14\xcb\xf2\xd4\x15D\x14COQe\xc7\
\xb7\x97B\x13\xbb\x09\xa3\x14\xdf\x91bw\xed\xef\x15\x8a\
\xc4\x88\x1b\xef\x9e\x09\x0ca\xa8x\xa7\x22J\x09'\x18\
*\xc9j\xc8,@\x87\xa7\x08\x84*\xea\x86b\xa0\xe2\
\xa4\xc9\x8b/\xed\xd9\xb1$\x89\xc1{\xc0{p\xc4\xa7\
\xd8\xa1\x06\x93\xbf\xb1BR\x89+\xef`\xa9\x0e$K\
\x8d\x09\xe6\x84\xe6\xab\x01U_\x89\xa6\xe2\xaco6!\
\xa8C\x85=\xea\x93\x9d\xfc\x12\x96\x16bE\x98\xe6\x86\
\xd5\x9fJ\xb3\x85\xb6mE\xa8C\xc0P\xea\xb6\xd8\x9c\
\xb2\xe9\xd0Ho!,\x96'\xeb=\x8a\xbb\x12\x89[\
\x19\x09C\xc5\x8c\xcc{ \xb0\x88\x18\xd8\xafxJ%\
\x0d\x09\xcdM\x99$\x94J\xdb\xcfm\xec\xb8Tcr\
\xbd\x84\xfbH\xc6\x82BqT'\x9a+p\xc7\xb3?\
\xc4\xd5Sy\xb2\xf5cE\xbd\xf0e\xa2M\xdfC\x18\
{\xf63\xdbV}*\xce\xdd\xa8\xb5\x08c\xd9\x18\x8c\
\x16\x19\x10 *\xc0&h%;R\xe1\xfa2\xc9e\
\xdc\x12Ql\xa1)[\x19\x88\xc8{ \xb0k&:\
lO\xbd$L\x8a\x14\xf5\xf3\xf4'a\xa8\x10\xad\xeb\
\xbfq%\x04\xd3\xb0\xd2\xa8F\xe8&a1\xca\x84\x96\
\x14t \xd3\xf00Q\x5ch\x844\xa1\x0d,CP\
\x87\x0a~\x06P\xde\xc2\x1f!\x1b\x1e\x5c\xfbrB2\
\x07\xc9\xe3f\x0d\x0cc\x0cg1\xcd\x88O\xa0\xb6\x16\
D%\x0a\x09'a[mzCH\xc4\x91\x9f\xa0\xd9\
\x10U[\xd3\xcb\x82I\xf4u\x14Og\x04{\x14?\
s\x18'\x90NT\x89\xa6\xb5\x1b\x90\xb8\x84\x97\x0cS\
\xd4\x93_\xc0\xb4!\xb8\x18\x92\xc6$\xa1\xa2\xdf\x82\x12\
\x92\x1c\x94\x1a\xcc\xbe\xdc\x90\x86\x15SdLL\x85\xb6\
-\x9d#G\x09\xc6 Jm+m\xafHa\x13b\
\x93\xc2\xb8\xce\xc3\x18H~\x9e_P\x0f!\xf2\xf6r\
O\xb1C\xf7,D\x11\x8eqA@\x9c\x0e$\xa2\xb1\
\x98\x88/\xec\x82Ua\x16\x1b\x91\x8d\xca\xc7\x90\xe4\xd9\
\xa6\xe6\xacj=\xcb\xbf\xad2H5\xe5\xe3Ad#\
\xe3\x1e\x9d\xa9\x16\x94=\xb2\xc2\xd0\xae\x22\xce\x0d\xcdX\
\x99\xd5l\xa5id0\xa8J%zT\x99\xces\x89\
6\xe1\x09d\xb6\xc1\xbf!\x05U\xb6[\x91\xe9,$\
\xd9l\x0d5|\x04a\xa2.\x17\xbfZH\xf4\xc5\xc6\
Q=6\xfc\x84\x15V\xc6H\x1d\xbd\x81\x7f\xdeHd\
\x93\x8eQ\xcd\x04\x0fA6\x86\xc9\xdc\x9a\xaccp\xc8\
)\xecj\x9ct\x1b*=\xfb\x0cn\x18\x94\xe3\xccs\
l\x82p%4^\xe5\xdf\xd6r\xab\x1b\xa6\x04\x1eG\
\x8d\x06\xa9\xfa\x99S\xb6XZ\x15\xc4Y\xc1\xeb\x04\xaa\
&\xdb(:\x09Jm\xce\x09\x91\x8f9\xce%\x92\x15\
(\x89'f \x91\xa6\xcb\xd0bR!\x06\xe2\xafe\
\xdb\x06\xb2cP\xe0L\x8d\xa9\xc6I\xf6\xedM\x18\xd7\
!\xe0\xf9zm@\xb2\xd3\x18$v\xf6\x05\xd2\xef\xc0\
\xd4\xae\xcd&\x9d\x84\xd3\x13\xcd\x12\x9a\x94e3\x9c\xe7\
9\x9c\xf8\xf1\xe1\x1cbJ\x8d\xb2\xc4\x94\x9dGN\xdb\
5\xd1`75cQ\xf8\x960\xd2\xc8BL4R\
\xe0U.^4\x12\xbb>\xc7\xcaqj\xb2\x84\xab\x0f\
n\xe4]\x18\xb6\x8b\x0b8\x5c]\xb1w\x99\x9c\xceA\
\x1e\x84z \x0bm[n} nG9#D\xd1\
\xc7H\xd2\xf7\x80]\xc5mB\xc0!\xec\xb0\x8e\x8f\x18\
\xc2\x08\xc6I\xfcmJ\xe3\xad\x84\xb3!9R)N\
D\xdd\xd1\x94\xcer\x9c\xa7\xceN\x5cxG\x18M\x99\
%1'\x223w\xd9yV\x14\xd5\x13\x81)\xa2\xfc\
Kf3\xb0\x92j\x8a\x1a\x13\x93\x5c\xc9q\xd3\xc2\xe0\
<\xa4\xf1j\xb0\x84\xab/n\xe4]\x18\xb6\xc2\xce%\
\xdb\x17y\x99\xf0A\x18\xe8mRN\xd8\x02\xdbV\xf6\
 \xc7\x013\xf4d\x9fh\xde-\x82\x92p\x0bjX\
\x87\xb4\xb1#\x09'\xd1\x92E\xf9\x04\xd3\xb0\x9c\x90!\
\xc4\xe491R\xa0\x84\xa1\x9b\xb7\x83v\xf1\xf8\x99d\
\xbfE\x0dB\x1a\x93=\xaa\xf5\xb8\x94I\xb7\xa6\x98h\
iz0Xl\xb6\xed`)\xaa'\x18\x0a\xe5\x8b\x04\
X\xce\x86\xc9N3\xb5\xces\x90\xc8~\xba\xbf\xa1T\
{\xc4\x06\x91\xa5\xb3L[,U m\xabl\xa5\x14\
CEG\xe82\xec\xd4\xa9\x18f<X\xb6Z\x95\xcc\
Y\xd7\xf1\xab2\x1aT\xe1\xcbk\x0d79\xce\x7f\xc9\
\xa7\x22\x1a\x96!l\xbeA\xd9_}\x09\xa9=\xe8\xb4\
&S\x1e\x8b\x98\xd2\xa3\x86\xdd\xbc\x06L1\xa9\x18\x0a\
\xe2,\xc2GMW\x0f\xd8\x93\xb3\x15\x5cg\x1e|\x10\
\xc8x\xe8ah\x9a>\x8a\xbf\xa1\x90Kl\xc0\x87\xa2\
\x16p9N_kT\xd4\x09\x0fei$.b\xf8\
\xc9;\x0c\xb8\xc9%J\x93\x823\xc5\x0ff\xf05k\
\xf9\x1a\xb5\x80\x9a\x89\x1c\xd4\xbf\xa0\xd4c\xcar\x92\x89\
_\x93\x85\xae\xf2\x85\xab\x97\xa9J\xdbE\xacl\xec\x16\
\x11n\xcb}D.n\x96\xfc\x09o\xfe\x92\xdf\xfd\xc0\
\x96\x04\xc4\xe9\xd4\x82\xe5\x0ao\xdcbR\xb7\xee@\xa8\
\xdd\xd2\xe3\xaa\x12\xee(\xd1a\xces\x15f=cn\
B\x0a\xab\x0b\x98\xd0\xd4\x88Ld\xb7\xa4\x1b+W\x04\
2\x1e\xcbY1\xa8\xa3\x1b\x22\x0a\xabzu\x91\x96\xce\
\x89\xa3\xb2\xb0\x82\x06\xc8\x82\xaa\xd8\xd8\x22\xb4\x8fi\xe7\
<.\xed\x0f\xd0\xb60h\x9fb\xda\xc15\xdf\x82\x01\
\x02\xbc\xc7\xd0+\xb4\x9cls\x9c\xff\x00\x8c~\x8bZ\
\xd0\x81\x16[\xf0\xf5\x15\xb6\x8bX\xd9\xd8\x1e\x16J\xc8\
\xf8%\xa6\xf6d\x8c\xe5#\xc0\xd55F\x9c\xc8*\x86\
\xc6\xe5\x8f \x9b\x85W\x02V\x8c\x90j\x1c\x1c\xe79\
IX\xd4\x0b-\x08\xea\xac.d\x95W\x1a\x9cP\x94\
\xa2J\xfa9\x8e\xa2\xae\xeah\x9a;-&\xa1\x8dd\
\xc60\x90\xf6\xf9N\x5c\x11\x91\x91$\xe0\xdf\xa1S\x8b\
P$<T\x891\xe9\x8fi3\xb3\x13\x9a\xa2\xef\xb0\
$\x8e\x08\xfd\x8bk\x04\xd7~\x19\x88\xa5\x093\x1aS\
\x19\x0e_\x92\xf6\xa7\xd3\x9d\xa6\xdf)\xb0\x91P\xf7~\
\x8e@O\xd3\x04\xd3\xb6\xd2\x0a{\xf6\x1d#\x7f\xd0\xc4\
\xe5\x8d\xabg\xe36\xe4,n\xdeM\xdb\xc9\xb9\xbb%\
\xc3\x7f\x91\x85M\xfb\x8d\xf2\xdf\xb9\x02\x11\x0f\x01\xb2 \
\xaa\xb0\x92\x89\x0a\xb39\xc7Q\xac\x9e \xd4\x0fnW\
\xb1\xe7\x02O\xa7\x94sL\x92\x89XTI\xb6\x01\x0e\
\xe2\xe6IU\xe9\xe52\xfa\x88~\x85p\xc8W\x1a\x5c\
\xaf\xccA\x9e\xf7\xde\xa4Z\x0an\x10\x87\xf9\x10N}\
I\xa9\xf0/\x99\xaf\xd7\xa3%\x19\x91\xe9\x81L$\xd1\
l\xbd\x09^V\xf9\x88\x15\xcb\xf5\xa0\xa6\xa8\x83T\xd5\
\xc4(\x8d\xe2\x129NLZ\x9a1\xe8i\x1a8\x10\
\x1a\x81!\x92U\x5ch\xces\x9cP\x84\xd5v\x005\
\x1b:&\x89\xa4iz(/\x9b\xd3\xce)W\x1a\x82\
E\xa5(r\xa9b\xe4\x15FC\xd3\xcae\xf5\x10\xfd\
&\xce\x8f\xf3@\xe9)y\x93\xb3{\x10\xf0z\xb8\xa5\
\x9e\xff\x00\x05\x9f\x88\x12\x916\x9c\xa2$p\xcb\xd5J\
\xd3!\xa0\x854\x9a\xbc\x12OB\xb3\xb2\xc64\xa4l\
\xd6)\xc3\x91<\xd6\xcb\xc4\x8c\xf5\xa9\xbd\xb4\x22\x12w\
\xfeh\x84#\x85\xbd9\xe3\x1d]\xc8*\xf6yNS\
H\xd2\xd9\x92U\x1c\xa9\x81\x02\x19#v\xf2n\xdeF\
[Q\xcc\xd24\xb1\xf9\x0eA3$\xaa\xdb\x0b\xbbC\
R\xa1\x1f\x01\xa2h\x90!\x8f\x8b\x0b\xec\xac \x8cc\
cD\xd1\xc7\x98\xe6$\x8c+\x83\xcf}\x05\xc649\
{k\x98\xd6\xc4\xed\x5c7$\xcd=\x9d\xd2\x0f\xc4\x00\
\xd3\x06IF;\x8b#\x07;\xb9\xdf\x91%\x7f\x0e\xd3\
N\x18\xdc\x90AO^Z\xb0\xd5\xc5\xbf\xbf\xd2\xc3\xf4\
+\x22{\x0cbp&\xb3\x160\x9bV\xda\xc5aM\
o\xe0\x81\xd7\xfd\xe0\xb1\x82\xac\x92\xafal\x871\xcc\
B\xc0h\xa9b\xe0.\x09\xa3\x80\xb1\x1a*\xbd\xfb\x8e\
\xc2\xd9\x0fL\xd3#\xaa\xb0\x99\x90\xda.\xed\x8d'W\
\x8a\x1e\xef\xd8\xcc\x11\xb5$\x11\xea\x80\x10I\x04\x8bf\
8\xa1\x8dI\x12-\xb7\x1dU\x85\xcf\x15\xb7p\xdeB\
J+{M\x1f\xc4\x17v^\x0dW\x13\x9b\x7f\x82\xc5\
G\xe1B\xe2\xefb\xe6e\x8bH{\xd8\x92\x9c\xbd\xbb\
\x22\xbf\xa6\x17`Z\xc9\x0a\x98\xb9\x10\xdc\xf8(\xdb\xb2\
\x12\x13\xbb\xdf\x8b\x88\xaabd\xa1\x1bj6\x14E6\
Z\xd04\xb4\xd5\xc66\x0es\x9f\x0cx\x9c\xe3b\xa3\
{\x1c\xe70\xab\xb9\xce6V\xa8\xf8I`d1\xa6\
\x9c1\xa9P5\x93\xc6\x11\x08\xd14}\x19\xef\xfe\x9b\
\xb7\x91\xf0\x8e\x0fe3\x16\xea\x8d\x11\xf0\xf1\xb8\xb1Z\
H\xf4\xcb\xa3\xb1;OH\x18\xa7\xa7\x15#\xfe\x10.\
\xec\xbc\x15\xe4\x89CP\xb7\xf0L\x92\xdf\xc7\xe1n\xf6\
Bp\x92\xd26\xff\x00\xf7y(Sn\xc8\xaf\xe9\x85\
\xd8\x1a\x8a12\xa2\xc0\xae\xad\xfc\x895,n\x04\x85\
\xcb\xebNb\xa5>;o\x849h{ \x94\x86\xcb\
\xd65\x93\x22\x19\xces\x88\xf3\x9c\xe78\xd1R\xc2f\
\xa79\xces\xe0\xa2IA`\xd4\xd1\x8dd\xf0\x0d'\
\x7fD\x03D\xd1\xdbrQs3d\x01\x05P\x99\x90\
\xc2\x8d\xa6\xa6\x8ck\x91tv\xc2vf\x5c\xb2M}\
8\x92\xbbD\x95\x7f\x9dn\x86\xf1~\x83\x0ex\xef\xc0\
\x89J\xcf~\x04\x0a]{\xd6\xdbr\xc6\xa0CP\x86\
\xa7\xda\xa1\xa5\xef\xd9\x95\x1c\xbf\xce[oX&S\xb2\
\xc6Y\xd8\x18t\x1a*\x8b0\xb5\x80\xd2\x9b\xd8Op\
\x85j\xdf\x88\x87\xcb|\x91\x08&v+Oj\xd34\
M\x1cBI\x09\x11,\x0a\x04\x8bXi\xab\x8clB\
\x5c\x09\xf0\xd9\x06\xa5@\xd6OaXjh\xc6\x9ap\
\xf0\x13z\xe0\xe2\xa7\x7f#m\xa1b\xd9\x10U[b\
\xf1}\x8b\xd0=\xb9X-\x8a\xc1_\x1a\xd0G\x91\xad\
\x0d\xfa\xec\x9d\x22?]\x8be\xa56V\xdf\xe1\xe4D\
\x09%b\xfd\x067#\xa4I%\x91\xefS\x81&\xdc\
!9\x10\xd4\xbfj\x9a\x0e\xc2\xfe3\xbf\x07\xb6\xf5\x81\
j\xf9\xec\xb1\x96v\x07\xc9\x98\xce$\xb3\x0bX\x1dp\
\x89q\xfe\x0bj!\x8b)]\xf92Q\xa9\x05\x9c!\
\xb6\x10\xe0i\x1aX\x82z\x081\xa7 \x90\xc6\xb2c\
\xa65\x0c\x0d\x1d\x89\xa9\x1aN\xe6\xed\xe4\xdd\xbc\xe0\xad\
\x83SFi\x9a^\x8e\x91\xa0I8\xb5\x8cO6\xfa\
\xe1q\x8f\x0cH{\x17\xb6\xb3\xa0{`X+cZ\
\x88\xdb\x90\xb6\xbdv\xa4\x0b\x9f\xae\xc5\xb2\xdc\xd5\x8dM\
\x1f\xe1s\x99I\xe8\xeeOUr\x16L\xa9r\x08\xdb\
R\xa0\xb4\xa1\xe2\xb8\x85\x90os#\xdb\xc5\x84E\x86\
AOs\x19\xdd^D\xb8\x9bv}\x22\xce\xc1n\xfa\
\x99v\x1b\x16V\xf9h-\x0dY\x8d\x90\xe9\xf5\xc5\x1c\
\x94\xe3\x1f\xd4\xdf\xe4\x9e?\xa6h\x8d\xe4\x1a j\x1a\
xI\x98\x87\x98\x96\xc3z\x867(\x91\x0cv\xc0\x96\
!\xces\x99A\xca\xab\x10\xe69\xb1\x86C\x1b+\x8d\
F \xe4\xa6\x02\x08\xd9\x06eRyl\xb4\xd5\xc67\
\xa814\xec'$\x8enB\xce(\xde\xed\x19\x87\x1b\
m\xb8\xab\x1b\xcd\xfew9\x94\x8e\xae\xe4tW&U\
\xb9\x0b\xf4\xb2s\x8c\xf4b\xe2''\x15\xed\xde\xa3\xd4\
\xe4_\xdc\xb2qt<\xbfKn\xcf\xa4Y\xd8-\xdf\
S)\x98\xf0\xb3\x1a\xb6\x99\x12\x9e\xf6\xd0f6lV\
\xde\x828\x82D\x88\x1a\x84\xb2^ \xd4\x1345\x89\
\x8b\x08i5\x0cy\x19\x0c\xf6A\x15\x86\x93\xb8\x95\xb8\
H\x8f\x02\x1c1\xe79\xc7\x0a\xa3)\x8f9\xcf\x8e\x89\
\xa25\x14bC\x8cZ\x12\xd3\xb7H\xbd\xc5]\xd7e\
\xac\x98\xd48\xc2}\x17\xc0\x9ehNT\x8f;${\
\xfe\xc6\xb9\x1c[\x99\x07\x1bi\xb1\xbc\xd8\xdbn_\xe7\
\xe7\x0c9\xfa\x81#e\x0cK4\x14\x5c\xcc2\xa5}\
\x88A\x1e\xce\xc2\xcfO\xaeo\xc0\xb8^\xa5\x85\x9cm\
\xe1v![f\xb9\xc3\x18\xb7\xf0\x86\xadE]\x98\x98\
u\x12(\xe1\xa6s\x9c\xe3a\x19lS\x03,\xe3\x0c\
\x86%U`\xa4\x9c*=9b\x86\xde\x5c\x09\x08\x1a\
\xc9\xe3\xces\x1c\xe7>-M\x06\xa2\x8c\x81\x08jD\
 \xf6$\x91%B3\x15\x86\xc8\x82\xaa\xd8\xaed\xf5\
W\xd9\xc8\x12Ub75cQ\xb7\x04\x0eUV\x19\
\xab`\xfd\xc9Lk~\x1f6Zzj\x02\xda\x97\xb3\
bD\xca\xdd\x0drX/\xc2\xd8Y\xe9\xbdMd5\
\x0b{/R\xc2\xce6\xb0\xbb\x10\xad\xb3\x9c\xceH\xf7\
\xfb!\x96\x9b\xf0$p\xc6$\x5c\xec\x19\x8c\xb3\x83\xce\
s\x8d\x91\xc0\xa6\xc5NS\xe1\x05\x08D\x10@\x96q\
H#\x16\x9a\x18\x9c-\xbc\xb8\x1a\x91\xa5\xd8\xc7\x81\xc8\
r\x9c\xb8\xa1\x06\xa6\xe4\x06\x12U\x5cjG\xb7P\x86\
0\x90\xf1h\x5c\xf1\x84B\x1a2\x18\x89\xc0\x94\xd1m\
\xc9\x22Rw\xcb\x16\xf0$\xab\xf6\xf1\xf8\xa8\xb2\xfbf\
dE\x0b~\xc3Gj\x0d\xb6\xeb\xe8G\xe1\xfd\x10H\
\x90\x93y\xf4\x85\xa5\x1d\xf7\xd7f\xa04[l\x16\x13\
\x22r+\x0a\xd8\xac3\x99\xc6\x86\x98\x9a^\x9fZ\x0b\
\x96\xa4\xcb\x80\xc9\x94\xe0\x16\xa22\xf4\x82\xb1\xe2\x86\x88\
 I\x12vZ\x921\xb9X\xad'\x0d\xb5\xc3P5\
\x03\x1b\x94$\xdbcABW\xb7/H\x07R\x16\xdb\
Y1\xa8\xa3\xf4l\xec\x12\x89E\xfb\xe9\x8d\xde\xe60\
\xae?\xc3\x96_lk\xa2\xb1wQ\x8d\xc17]\xbc\
\xf0O\x0dc[\xf0hJP\xd1)7\x16\x9a1\x93\
;\xe5\xcbe\xe5\xd0s\x96\xd8,\x13\x9a\xa19R+\
\x0a\xdb\x12g3\x9f\x18\x13+2 \xf7\xb6\x82F\x8f\
\x09\xd1$\xcf\x7f\xd1-\x16~\x95c\xd8\x92I\x16\x94\
\xa1\xa3\xd9j\x0551jh\xc6\xb9\x0dM\x18\x92\x8c\
3P49W\x17\xc24v\xa1\x04c\xa2h\x9a^\
\x9c\xad_m\xa4\xd41\xe4~\x8d\x9d\xa2\xdd\xf4\xc18\
\xf6\x04\x93\xe9^'\xdb9\x10Qz\xefA\x0fA\xe2\
\xfd\x0es\x9f\xd7\x10\xd0\x9e\xff\x00\x02\x84$\xb9\x04~\
-\xa6\xc2\xdeE\xd6w\xfeh\x8b\x85\xb1Y\xf4l\x96\
\xad\x94#9\x9f\x1aF(*7Z\x09[\x84\x86\xad\
x\xc6\x89[}\x04#\x8e\xfa\x10E\x90[\x0b\xed\xc8\
\x96-I\x18\xdc\xacS2z\xab\x9a&\x8e\x0b\x11!\
\x03Y2\x16\x079\xcf\x84\x8bI\x18\x98\xdf!\xa8\xa3\
\xf4\xdb\xc85\x8bM\x5ccb\xd4\xa8\x1a\x9a?I\xec\
\x17\xb0\x945\xd9/tP\xbf\xee`\xa2 \xa2\xf5\xd6\
\xa3\x16\xa2\xc5\xfa\x1c\xa7/\xae)Y\x8a\xba{\xf6\xc1\
\x12O\xe2\xd1TE\x18\xdb\xe9\xcc\x88\xa7\x7f\x1b\x15\x9d\
\xb9$\xb2Z\xb6P\x8c\xe6|s\x85a\x90\xd7\xe7\xfc\
\xd0v\xd3o\x14\xa3\x06\xb5]\xfb\x0bw$\x97\x84m\
\xe9\x1a[\x01ML`\xaa\x13=\x9es\x9cjF\x97\
\x1a8\x5c\xe7>\x1054c\x5c\x844-g\xd3j\
\x09\x9ab\xf21\xa8q\x8bRD\xfaO`\xbc;\x12\
U\x96\xca+\xc7\xdd\xc8~\xcd\xfbD\x84\xad\xecP\xeb\
\xbd\xfd\xabi)cy\xbf@\xceC\x82\x99\x10\xa9\x7f\
\xc7\xa1\x93\xbc\x97\xeb\x80\x92\x92zv\xb1V\x13\x86'\
\x15[j\xf8KK\x8d\xe9\xcc[\x5c\x1b\xe4\x87\xc2U\
\xb6R+o\xd8^\xef\xe1\xacj\x12\xc4\xf5\xb0\x9ca\
\x90\xces\x9cI\xb0\xd4\xe2\xdelm2D\x8a#h\
\xa3\x16\xd4!\xc3\x10o67.v\xb3)\x9c\x97\xa1\
$\x12>#]\xeb\xb3\x12c\x0b8\x11\x03\x1b\x14\x9b\
zB\x83{\x90\xad\x5cr\x094~\x81w\xd7I%\
\x08hp\xf0\x8fj\xfd\xa3Z\xc74\xbd\xabsV7\
5~\x89$f\xbf\xc7\xc3x\x11\xab\x92\xde\x9e\x9d\xac\
U\x860\x9b[\x11\x8a\xbe\x13{\xb7\x5c\x06[o\xf3\
F>E\xcfe\x97\xb0\xa6\xa4\xd6#\xc4\x96K\x8e\x04\
\x8a\x11\xb3\x5c\x87 \x84\xa5\x0eU \x82\xa1\x8d\x8dK\
F%\xd04[\x05\xack\x0d\xb7q\xb9\xd9\xf9\x06\xdb\
r\xc5$\xaa@\xf55\x84mB\x1d|\x08t\xda\xd1\
d\x16KF\xb2c\xa6+JP\xe5]\xb0\x15\xb0\xd1\
;\x9c!\xb6\xef\xe8\x97I'\xd5ZIZ`^\xd2\
Y/\xda\x92\x92\x9b\x99\xf7\xe1\xe9\xe73\xfbk\xfe=\
\xf2+N\xf91\x17w\xa6\x88[Q\xc8\x92\xbb\xd1h\
c\x18O0\x9c\xacc\x05\x82\xb9g\x17$N\x95\xfb\
Z\x0a[Bi\xd8ND\xe2\xa8M5(\xab1\xca\
\xaf~\xfb?\xc8\xfe\xdb\x11\x90\xf2\xdc\x96\x8a\xd8\xa0\xb8\
\xcdT \xb60 k\x1a\xc6\xb6\xc4\x85\xb2\xdd\xdd\x0d\
w$,K\xd8]\x1d\xf6\x19}\x15\xa4\xe1\xa2j5\
>\x89\x0e\x92\xa8\xad\xa3\x87\xf0zTIx\xc9%\xdd\
\xb7\xe9\xdf\xf1\xc0Ma\xdbr\xfd<\xe6\x7fk\xa8k\
~>\xc5\x5c\xdcyh\xc8\x04\xed\xbe\x83JO\xd1L\
N\x04\xe4\x81\xae\xca\xc1\x5c\xb3\x8a\xb7Y\x8f\x19\xe1p\
\x13\xcd\x09\xca\x9c\x13\x8a\xa2V)\xa8\xd9\xfeG\xf6\xc6\
\x04\xacM\xd5\x08mm\x90|5&\xb5\x8a\x14\xd9\x08\
\x10\xc4\x10\xf6[\xab\xb1\xaa\xfb7\xb0\xba;\xec2\xfa\
-M\x18\xd7!\xa1<\xde\x89\x0a\x92\xa0\xd2\x97\x83I\
\xdff\xee\xdb\xf7\xf2O\xb3\x91H\x81@\xe59H(\
\xae'\x9b\xd3^\xda\xf4BY-\x9bC{C\xf4`\
\x8f^\x95\x22 \x9f\xfbm\x0d\xf4\xfa#2\x121m\
C\xbe$\xe1\xd4\x09^\x0c\xe2\xb9go1\x9c\xbef\
q\x15\x0b\xcf\xf82Y\xb8\xb8\xc4\xc4\xdd\xd0\x9auD\
H\xe3B\x83%Eq\x1c\xc5J\xe3\x18\x97\xb6\xe1\x10\
\x86\xa7`s\x1a\x9e\xc8\x03\xd0CE\xc2,\x18\xb0\xbb\
\xb4\xd4\xd1\x8d4\xe1\xed\xc4\xd4j}:!\xc3\x1cD\
\xb1\x09\x0b\x9e9\xcc\xb8\xdd\xf6\x0d\x89\xe6\xc2?\x0e\x93\
\xd4H\xe8s\x9c\xe4MF\xe3\xf0)d\x84\xa3\x1dp\
\xb5\xedi\xf4d\x9f`6\xc8\x91'\xbf\xc1\x0a\xb5_\
A9CJ\xd9:\x81*\xc1\x9cW,\xed\xe63\x99\
\x9c\x0b\xe3\x94j\xb6\xf7\xd0\x9e\x8e\xe2\xe3\x13\x8a\xa1<\
\xd1\xaek\x94)\x8b\xc3Q\xc3\xd0/\xed\xe9\x9ab\x1a\
\x95q\xa9\xc6\x1c\x08\xf0%\xc4\x97\x12\x5c{\x12\xe3\xd8\
\xe7\xdf\xe0Me\xbfb\xc1\x17\x0cx]\xdbjh\xf6\
\xe4\xaa\xb8\x9eoNJ\x90\xf1,\x5ce\x13\x1c\xe6\x5c\
o\xfb\x07\x85.7\x18N\xc2_\x86\x99\xd9\xec\xbfd\
\xd3N\x18\xdcU\xfa9\xcc\xbbn\xf8.2\x0a?Q\
\xe1\x181\x0f\x14_f}\x08\xf5\x11;\xdf\xb3\x16\x92\
\xdf\xb0o\x08\xb0/\x1e\x95\x9d\xb6\x94\x89\xe6\xb1\xca\x22\
 \x5c7\x12\xba\x1a\xa6\xa9\xa2h\xfb\xd0HA\x90\xf6\
\x19H'e\xfaOJ\x8ac\x9c\xf9\xce\xceC(\xde\
lcH\xec\x5c\xcc\xe6_\xf80\xca\xcfj?eC\
\x0d\x0d\xbfG9\x97\xd0\x86KF.?M\x93L%\
\xe0\x841<\x1d\x8b`\xde2F\xdac\xd9C\xd9\x8f\
\x04Zu\x8f\xe71I>^\x02KM\xfe1\xd55\
v\xac\xed\xa7\x02k68\x22%\xc7\xf8\x10\xf0jF\
\x97c\x9b\xd0?M\xa4\xee.42\xec\xe42\x8c\xb8\
nj\xc7b\xe6g2\xe3g\xe7\x80\x92\x88\x82\x8b\x00\
\xa6\xa7\xe0\xde\xa9\x0cn}\x14\xe4'\x9a\xc2D\xf6 \
\x9c`\xab \xab\xf4hP\xa1LU\x87m\xbc\x8c\xb1\
\xb9b\x856hH\xa8\xcf\xfb\x11\xa1\x02o?\xa45\
HdF\x09\xc0\xc6,\x8a\xd8\xe73\xe3\x9c\xcf\xb6)\
PZP\xc5G\x22y\xa3\x9c\xe7\xf4h9\xceq\xbc\
\xd8\xdc\xb9\xf5\x9d\xf6R\x10&L\x9a\x1ar+\xd1\x83\
\x92\x83S\xb0\xf0e\xf4W\x1a\x19qn*\xceQ\xb8\
\x1a\x5cd/E\x8f~\x06\x7fh;M\x99\x1f\x22\xa5\
\xf8\xd0\x82\x88\x8e\x8a\xe3R\x06\xff\x00\x06\xb5\x07\xe9\x0a\
\x90&\xd5\xb0\xb6\x09\xe3$c\x05Y%_\xa3\x0c\x86\
C!\xe2\xee+\xed\xe4e\x8d\xcbz\x13{!\x0d\xce\
\xf4\xd1\x8b\x1c\x9fZ!2H(\xec'\x05\x91[\x1c\
\xe6|s\x99\xfd\x004\xdcc\x12\xd5\xbdP\x00m\xbb\
\x8ccT\xd5\xc6Y/\xd0w\xd9jF\x97\x0bh\xa5\
\x8bIT\x81\xea\x81\x09J\x12\xd3\xb0\xf0e\xf4yO\
\x8cc\x94\xa84$\xccfB\xf4X\xf7\xe0g\xf6c\
\xc2H\x05!\xa7\xd7\xe59\x0eS\x97`#\xd9\xf3\x9c\
\xf8\xae4\xc0\xed\x83\xf4\x92\x1a\x93\xf8\x1ec\x98\xb5\x83\
\xe0\xa8\xd4\xa8\xf7\xb1\x1a\x91\xa0\xec+\x11\xeb#G\xc7\
\xec%K\xcf\xd2B-\x94\xf0\xa6\xae\xc0\xceg\x15\xb0\
3\x02\xbep,\xec\x82i\xd8Nq\x82=yD\xac\
]\xcb\xbe\x9b\xb0\xc6\xd7\x0d@\xaf\xb1wa$\x94!\
9\xf47v\xc78\xa0\xa0[P\x87\x01iB\xb8\xd1\
\x19\x08\xb4+\xa8\xce_\xbe\x9e\x83x\x17qZLN\
\x093\x1bm\xcb\xd9m\xb7,j\x09\x06\x97\xe9\xf2\x1c\
\x87.2\x18O\xb3\xe59vGl\x1f\xa4\xa6\xaf\xe0\
\x87!\xc9\x8c\xfc\xa8I\xcb\xde\xc2\xba\x8a\xe8+\x8e\xe4\
\xfa\xd5\x5c\x9c\xf4\xe3\x04:~V\xfd19\xb3\xfeh\
\xe0L\xa3\xcf\xe8LjF9\xcc\xe2\xb6\x035l\x87\
\xcb\x02\xc9\xaaj\xe2\x9cU\x0d\x09\xc6\x085MST\
\xd5\xc7T\xd5\xd8l\x96K\xd9w.\xfan\xc3\x1a\x9a\
1%\x02\xbe\xc5\xdd\x86\xa4m%/\xd0\xdd\xdb\x1c\xa3\
\x8b\x81\xa3\x08\xd0\x86\xe0\xc8C\xb5h=\xc8\xce_\xbe\
\x9bm\xe2]\xc5\xa8\x16\x82\x13\xe4\xc5\x0e\xd8F)\xc0\
\x94\xd1\x0d\x99%\x15\xbd\x8c\xe1\x12<\x0eS\x94u\xa3\
\x13{\xfa\xea\x8a\x88\xdai\x08\xb4J=7\xb7.\xc2\
f$9\x1a\x93\xedj\xd1X\x92\xab\xd1\x06\xb0P\xf3\
\xd8\x86\xdb$\x9c9\x13\xcdb\x86\xa1~\x08G\xa4\xea\
\x0eBU\xb9\xdd\xa9Lz\xf5\xfe\x08\xd2\xb7~{*\
\xdb!ge BC\xa4\x0d\x0ccz4)\xb3(\
\x95\xb4\xbd\x06\xf1v\xd8V,\xfb:BJ&c\xca\
r\x8d\xc8\xd2\xf6\x0d_f\xee\xdb[\xb0^\x88r\x9c\
\xb8\xc7\xb0\x09p\xc0\xe59EMw\xecI\xcf\xd7n\
P\xde\x0d5\x22!\x1e\x9aR1\x85\xb5D\xa7\xda\x84\
\x97'\xab\xf4A2a\x9e[\x92\xdbe\x8c&\xd5\xb6\
\x02\x1a\x97\xf8*\xa7\xa2\xb8n@,&\xf1\xa6\x8c^\
\xfd\xfad\xd9V\xd9\x0b;N\x03\xd3\x87a2%\x92\
\xc9d\xb2Y/\x18d?Qm\xb7\xb0\xed\xb1ag\
\xd9\x85\xe0\xd1\xc7\x94\xe5\x1b2J+l\x1a\xbe\xcd\xdd\
\x89$\x8c\x9a #\xd2\xe79\xfd\xce\xa1\x03~\xf0A\
o\xfc\x12\xbb\x8b\x8c\x86\xc1%\x11\x05\x10\xf2\x89|\xc6\
\xab\x89\xca\x98\xbfA\x0f\x0c\x91\x7fF|{\x13\xe3\xdb\
\xd3JD\xdar\xbdYI\xc0\xef1s\x1a.r\x1c\
\x83\x95\x09,DP@H\xb1\x90\xcb\xf8\xbb\xc5\xa1;\
/\xe6\x9a\x0b\xcf\x85\xd7N\x0aV\x89\x9ek\x80K@\
\xd8\xe5\xa1[\x039\x9fg AG\x8c\x15bf@\
\x82\x8c\x94J\xd9\x94J\xf4n\x8e\xdb\x09\x1d\xe8<\xe7\
\x8b{.\xd87\x83k\xbd\x00n*\xc6\xf3{\x0d\x15\
\x18\xa5U\xbfm\xa56\x10\xaf\xb4\xd1Q\x8f\x91p\xcc\
\x85q\xdc\x82\x8a\xe3q\x84\x13\xb2\xd6\xefjA\x1e\xcd\
\xf51\x8a\xa5C\x88C\x89\x0e8\xc1DGEr\xce\
\xe7\x1d\xbd\x06\xbb\x89\xca\xb8\xbfA\x0cJ\x05\xb5/\xd1\
\x9f\x0e\xe4\xf8w\xf4\xda\x8a1\xb9\xf5l\xe1E@\xd9\
U\x90P\xe59E\xc6$\xb8d\x01\xb8U\xc1\xb3!\
\x97\xdf\xcb%\xfa|h\x99\x18\xc8\x8d\xf3\x14]=\xb8\
,\x98\x91\x09\x98\xad\x81\x9c\xcf\xb3%\x19\x91\x89\xa2\x0a\
!3#\xd8\xae\x8e\xd8\xbb\x10\x0b)\xe0\xdf\xa4,0\
\xd0\xeb\x96\xd86\xae\xc7W/\x16\x85(\xc8V K\
\xdah\x14\x8d\xcd^\xcbB\x94A\x81\xb1\x81\xb3\xa3\xc1\
\xb8\x10\x82\xdaxH\xc4\xff\x00\x1er\x1a\xd18\xb2I\
\xf6\xa6\x89\xa3\xea\xbe\x0e\xff\x00\x03j\x97\xa3%\x14X\
\x81%\x86',\x92\xa4\x95\x1bd%Q\x19\x22\xd7\x10\
\x9b\xaa,\xa8@\x91\xe4\x0b2\xff\x00\x83\x88'\xd3Y\
\x85:i\xa8Nd7\xbb$^\x22\xa9\xfa\xc5a\xaa\
j\xfa \x09\xc6\x1bT\xd55MST\xd5\xf6\xe3x\
k\x9a\xde\x8e\xa9\xab\xb0\xec7\x8bcD^\x12 Z\
P\xae4X\xc9DGDI#rL\xd0\x82\x8a\xe3\
q\x87)\x9e%\xdfwR\xbe\xe9\x92\x84~\x14\xf4\xe2\
\xa8\x82\xfe\x8d \xdcU\x92Pbp\x89/\x80M\x99\
%\x04\xba\xa37\x03\xa1\x14U\x1a\xd9|\x05\x15G\x91\
q4&\xff\x00\x83\xaa\x92\xbd4\x99vW\xfb(m\
\xd9~\x98\xd1ho`\x94\xb9\xf3\xc5m\x06\xa9\xab\xb2\
\xc6\xe1\x89\xc6!(\x94J%z<\xa7/\xbd\x06\xa9\
\xa1\x89\xe3\x13Q\xb8\x1f(\xe4\xa8\xd0\x86\xe1c\x1d\x11\
\x01R\xa3y\x09(\xac7\x02\x10\xcae\xc1`]\xf6\
\xc8x9\xf7\xc9mP\x85\xb6\x90\xd4\x9fEmB\x1c\
)\xea\x89\xb0W=\x1b\x8d\x91\xc2\xcfe(CBO\
\x1a$\xcd\xff\x00x\xd7!\xc8'\x15BEg\xf80\
\x94J\x19\x91\x18$=\xb6\x9d2\xdf\x81\xc0\x05<k\
\x1c\xa9\xdfG\xfc\xe2o\xe8H\xf9\x8bj\x1d\xf1\xb3\xb6\
%\xbe \x8c\xc6\x97+\xd2l\x82\x84\x94\x1e\x18\xf2\xc6\
\xe4nG\x13A\x0dA\x04\xa1\x06\x81+\xbd\x06\x97\x0c\
,\x0b\xcc\x9dQ\x09\x08Z\x96\xdbr4\xdbd\x1b\xcd\
\x8d\xcb\x91\x09\x0a\xb24\x8d\xe6\xc7Q\xb8\xab\x1b\xcd\xe3\
1V7\x9b\xfc(\x8c\xff\x00\x04\xd9\x05\xb6#mM\
_H4[\xd6\x02F\xa8\xa1OF\x8a\x84\xd4\xd9J\
(\x84\xe2\xab\x14\xf9\x8aT\xc49NQ\xb8\xab\x1ec\
\xc3\x97\xe0\xc1\x08\xb6\x13\xe81\x14x K\x9c\xae\x14\
\xd3P\x90\xaa|+O\x84\x10\x83J\xc6\xce\xd0\xd0\x91\
\xab3T\xd5\x13+\xd4Jh\xbd\x16\xf0wfC\xbb\
\xb3\x22\x91F\xe4{p\xacs\xef\xf0$\xb2\xdf\xb1^\
Be\x93\x1b\x5c'W\xae\x05\xbc\x12ZdYO\xd0\
l\xe8=8[4\xdbw\x18\xc3\x96\x13#\x18o6\
75x\xb7\x9b&j\xfd\xf9]\x89(#?\xc2N\
\xcexIQ\x16\x14#\xd1jH\x94\xa1{{\x84q\
\x8c\xe6R1\x8d\x0f\xd1\x094\xa2M,\xc9\x08HF\
s0\x92\xa1\x0f\xcc\xe1\x0a\x0a\xfe\x14\x17\xa6D\x1d\x97\
\xf3M\x05\xf6\xc6\x5c\xed\xc1~\x04\x9a\xaf\xca\x0d.\xaa\
1\xa1\x9a\xa6\xae:\xa6\xae\xd1diH\x95\x98\xda\xbb\
$s\xb3\xfaF\x91\x0d\xff\x00\xc2v)4\xc61\x0e\
$8\x91\xe0G\x87\xa3\xfa\xa6\xae\x04\x06\xe4i\xb1\xaa\
j\xe2\xdeln\x5c\x88HU\x91\xa7\xd0\x0b\xb1\x92\x88\
\x82\x88\x8c.\xfa\xa5\xff\x00f7\xf8\xb89\xe1\x90\x1b\
\x7fE\x22\xc3\xe5\xed\xc2\xe1\x1cc9\x94l\xf2\xf4\x80\
I\xa1\x92hBB\xd1\x9c\xcc'5B\x5c\xce\x11\xc6\
\xbf\xe0\xeaY/\x09\xf4Z(\xa8iG'\xe4^l\
\xc2\x8c\xb4\xe0J\x83\x9a\xbe\xfaj%%g\xea\x00\x16\
pn\xaa6\xb8nM\x13G\x10\xe79\xc4\x9d\x9dF\
;b\xc6\x1bs\x08\x96\x079\xceh\x9a;r\xc9x\
\x83gA\xe9\xc2\xd9m\xbb\x8ca\xcbkT\xd5\xc2\xec\
`\xa2 \xa2\xc1\x97v\x86\x85\xb5\x7ff\xc2q\x89\x07\
\xe9%\xf87\xebB.O\x81\xc8w\x06\xc9\xe4d\x04\
\x95\x0b\xd4\x09\x17\xc0\x9b\xaa\xf4\x5c\xa8IbJ\x22J\
\xad\xb0\x8c\x86]\xb8/\xb4\x1e[\x92\xdbe@X\x1a\
B\xe1b\x8d\xa8C\x95\xfd\xdeQ\x9d\xe8@\xa5\xba\xff\
\x00}PX|8\xd7\xe9\x137\x06\xfc\x84\xac\xaf\xaf\
\xee\xdd\xcc\xb9\x12\xe2K\x8e\xcc\x10A\x04\x92r\x9c\xbb\
:\xa6\xa9\xaaj\x9a\xa6\xae\xcb\xa2\x83E\x8b\x85\xc6\xb4\
l\xb4Tc\xe1\xc4$\xa2\x1b\xd93\x18\xd2\x9d\xa9\xd8\
\x82}\x19\xe8\xacAE\xb38G\xe5\x1f\xab8\xf2\x1c\
\xa4\xce\x15\x88\xa9\x91%\x06\x9b\xfaj\x15\x10\xd4\xb1E\
Q\xe5_\xd1\x5cbK\x86IFIW\xb6\x11\x90\xcb\
\xb6\xc6\xe1\x90Se\xe7\xb1\x0d\xb6R\xd4\x22Uw\x12\
3\xc314\xea\x84\xb3_w\x9cem\xd3\x0a\x86\xff\
\x00\x814\xb1\x1c\x9f\x0e(\x89\x1d6\xec\x8aNV\xb5\
\xd3E\xb7s.D\xb8\x12\xe1\xb3$\x92N<\xa7/\
\xa3,\x97\xb2\xd0\xa8@'\x06\xc9A\xca\xbb.J\x0d\
\xa6\x84\xb2X\xd9\x1d\x15\xf6F\xd7\x0d\xce\xd4\xecI\x1e\
\x8c\x14DtW\xf4a\xfeI\xed!z\xdc\x88\xc2=\
\x04\xa6\x88K%\xec\xeb\xf4\xd41\x0c\xc88CR\xa0\
\xc9\xd7~x\x83\x95\x09,p\x8e1\xccs\x0fJ\x12\
 \xcee\x1b\x91\x8d\xca\x1d\xf0\xa1%\x09\xd9d\xec2\
\x10AVAV.d\x95_\x80\x94d\xb1B\x8ch\
\xc0\xb9%e\xcb('i?\x0e<\x17\x0b\x06q\xa7\
\xfc\xd44V\xa8\xd4\xd1\xec\x83\x13\x96H\xc6I\xd9\xd5\
\xda\xb5M_E\xe73X\xd55v\x9a*1\xc1M\
\x8c\x8d\x90AEq\xa2\xd8.\xed\xc9L96m\x0d\
V-\xe6\x1bM\xc9\xc8r\x88j\x10\xd6\x05bI\xfc\
\x98=\xa4/V=@K$%\x14^\xcf\xf4\xd51\
\x08\xcc8Cp\xa4\xc9\xd3~X\xd2\xe3\x12\x5c3\x84\
q\x8eC\x90y\xc0\x95<\x8c\xe6Q\x8d\xc3\x12\x9c!\
\x97;\xe4W\xbd\xf7\xae\xcf)\xceAVIVAT\
.\x7f\x80\x82J;\x8b#!o\xe1\xccEG\x919\
\xb1\x0f\x82\xfb\x91j\xaf\x1d4\xcc\x1e\xe6(&\xe3e\
\x81\xb70\xb1\x92}9d\xbd\x99\x12\xc5pAG\xb6\
\xd0\xa5\x19\x0a\xc3\xe1\x1c\x99,\x97\x8b\xc3Q\xb8\xd8.\
\xed\xd0\x83!\x93f\xd4\x8b\x1e.\xa4\x95\xc2\x8a\x18\x92\
k\x05o\xca\x03\xf79le3\x92\xe0K\x87\xa6\xd1\
q\xb2\x09(\xdf1\x90\x86\x96!\xa5m\xc9DIU\
\x8bM\x85\xccH\xb0\xd9\x12Q\x12U\x0bc\x1d;\x1c\
#\x8c%\x14D\x98\xf1\x07\xc5\x8f<\x14\x9a\x89n\xc0\
1\xb9[a\xa4q\xd1\xcar\x93\xef\xa44j#M\
5\x88\x13\xaf.\x05\xc8\x1f2G0\xd5\x17/\xd6\xd9\
\xab\x85\x18N\x1a\xa6\xaf\xa2\x12Q\x13\xd5_\x1dSW\
\xd0h\xa8\xc5\xb9[\xbb\x12\xed=X\xcb%\xed\xa5\x22\
\xa7\xe8Nb4XBq\xbf\x817\xcf}\x0c\xee;\
\xf0\xf4\xe5\x12\xbf \xfd\xe5\xcc\xa3\xdc\x97\x12\x5c}6\
i\x04I\x11\x0d)\xdf!\x8b(b\xcb\xdb\x92\x8c\x92\
\xaf\x19(&uBf4\x5c\x92\x8c\x92\xacf\xacq\
\x8e\x11\xc6$\x1b\x8a\xbcU+oa\xdd\x5c6*4\
\x94\x85\xa5\x18\xc6\xe1\xfa \x0d,B=\xfd#\x09[\
o\xc5\x11\x93\xf1\xa6\x9c\x02\xd2\x9d\xed\xe2r\x88n<\
\xfe\xb1\x0eS\x97fp\x8fP\x00'\xa3\xb8\xbd3B\
\x94d+`\x99\xd5m_\xc7T\xd5\xdb\x06\xd9\x12\xf6\
\xe5\x07\xa7]\xfb\x0dt\xdf\xc1\x97q\xb2\xb8\xd9\xbf3\
h\xc7\xb7>\xde\xd8\xb2\xd7\xa5s\x9c\xe6c \x90\xa1\
\x8b\x8c\x82\xf8\x80\xd4\xd1\x8b!\x09E\x16\xdeC6-\
d\xc6\xa2\x8fl\xb9\x8em\x9eS\x94J,\x22\xc1\xc9\
@\xb6\xf4\xc0\x11\xb5\x08~~\xfc)\x5c\xb9~\x85\xca\
\x92\xff\x00\x0a\xeb\x94M\x9e\x93\x90z\xcao\xc7\xd9\x85\
\xdfR-\xa6\x0a\x0a\xbd\xa1\xad(IS\xc0)\xa8;\
z\x0bA6V\xc5\xa6\x8a\x8d\xa47)}\xf4)\xad\
\xfe\x85;o\xd8nv\xd9$\xe3(\x95\xf9\x1bF=\
\xb8\xf7\x17\xc6\xd1\x1e\x8d\xccs\x19\x8c\x83E\x84\xb4\x0c\
n\x19\x05\x04\xe6\xa8\x80h\xae\x86\xa2\x8fo!\x9b\x16\
\xa6\x8ck'\xb6\x5c\x87&\xcf9\xcf\x82m*\xb2W\
\x10f\xf4\xc0\x13MJ\x22\xaf\xef\xc2\x91Qy4\xc6\
\xfc\xb8\x15\xc2:/\xd33\xb1o\xafG(\x95\xe8\xdd\
\xf4\xa4\x92\xd8\xf7\x85\xb6\x5c\x22\xd1\x8dH\x1b\x1d\xbd\x0a\
P\xac[,b[\xfe\x86'-o\xf05)\xbfa\
\xb9%$\xff\x00\xe1\xd0\xbd\xcc\xe0\xcc\x8eS\x90nh\
IbK\x89Y\xf4@!\xb8\xb2\xdb\x18|\x87%\x0f\
\x8c\x1c\xe2QE\x80\xcee\xc7\x9c\xe7\xc6\x93P\xc41\
s\x1a/\x8c\x03SG\xeaS\xf5\xc2i>\xdbD\xd1\
\xdbE\xb1E\xf1\xc8\xdf\x80\x96OM\x07\xf8b\xe0\xdf\
\xb6\xcd\xfd\x09p%\xc3\xd4\x12X\x82\xafd\x82p\x90\
\x838\xc5\xdc\xbb\x84\xd2'\x06\x87\x94<\x96e[\xff\
\x00\x06\xcd\xca\xdf\xb6\x1aCb\xdc\x8ajm\x8f\xfe\x09\
\x0b\xdc\xd3c\x94\xe5\x16V,\xc1\x8dX$\xb7\xa2\x01\
-\xcc\xdb\xe3\x09\x1d\x10\xe5S9\xf1\xe0\x1b\x8a\xb39\
\x97\x1eS\x97\x14\xd51\x08l\xaa\xc8)\x8asU\xeb\
\x02\xd5\x1f\x14\xd55}5\xa4Vq\xefk\xe4\xa7N\
\xfa\x89\x13iN\x1f\xb0\xc5\x22\x89\xbd\xe8MJ\xcf\xb9\
\x09(18[\x22\x1b \xa1$\x89\x12\xd9(\xb3\x82\
>F\xfd\xe0{\xb7C\x1a\x1b\xdc\x84mS\x11F-\
H\x18\x9c-\xb1\xfea\x8c~\xf20\x92v`\x82H\
\xc5*M\x5c\x16\x01\xa9\xa3\xd9\x08.(P\xb1%\xc8\
\x13fA_D\x0c\xe6R\xf0J\xdb\x14\x94x\xe5\x19\
X\xb19bq\x8aP$/U<\xc4\x94w\xdb\x05\
\xcd\x12U\x5c\x8b\xa17_wL<~\x98\xe5\xe5G\
\xeb\x8c\x8d\xf0?\xd22\x99[w}F\xe2\xaco7\
\xe8\x12\xc7\x94\xe5&\x5c\x11\x0dQ\xbfx7\xef\x03a\
\xa5\xd0xATAE\x8b{,[P\x87\x07\x1e\x9c\
\x93\xf9\x10\x96K\x18\xc7\xef\xa0\x8d\x99$\x82v%\x8a\
sU\xb4\x01!\xc2\x1f\x09r\x0b\x12AA\xb6[{\
\xce\x85\xe1\x9c\xca1}\x09g\x19\xd8\xd3P18X\
\xa4D\x15w\xd9xScT\xd5\x13\x92&\xbba\x05\
Q\x9c.L\x5c\x97\xbb\xb5W\xeb\xfa\x12\x8a\x0f&\xcf\
\xc9j/\xe3N\xfd\x1bw}Jo675~\x88\
j\x9a\xa7)\xca7\xc8|'9\xce6t\x1e\xdc+\
\x0f\x05Q#V=\x16\x85A\xec\x93\xff\x00\x05W\x17\
\xb5b\xd8L\xcc\xcf\x05\xb3$\xe3p\xb7a\x99\x8b\x11\
)\xa2\x12\xc9m\x06\xa6\x8cF\x87\x858\xe72\x9f\x18\
9\xf6ZSbT\x84*-\xfb\x0f\x85\xe1CGa\
(\xa2\xc4\x09,g3{4\xe1\xc8\x9ehW\x1b\xda\
W2z\xab\x9c\xa7(\xbd\xd6\x9e\x5c2\x8dB\xcfd\
\xfe\x90\x8a\xc3\xe8k\xc7\xeb\xd0h\xa8\xf1\x0eS\x94\x82\
\xaf\xd3.\xfa\xbb\xbbl\x17vn\x8d\xce\xca\xb6.\xd8\
?\xcf!\xfbV,Z\xc33<\x17\xa18\x8e+\xc8\
\xc7E\xbflR\xc9\x09E\x16\xcasU\x80XP3\
X\xe72\x99\xcf\x8fe\xb9\xab\x1a\x9a1)%\xb9\x0d\
U\xb1\x83qVIA\x89\xc23\x99\xbdg\xb2\xc6\x13\
j\xc4\x9d7\xf0:\x84\xf6`\xaa\x17?r\x12I$\
\x92\xd5\x18\x17&\xd6\xd1q\xa6LR3#\xebI'\
g\xcf\xf9\xb6\xcd)FFX\x9f)\xcb\xea\x17}]\
\xdd\xb6\x0b\xbb7v\x95\xb1v\xc1\xfe}\xafg\x1e\xdf\
\x90\x9bUD\xcdQ\x9bv\xb6\x07!\xc9\xb3\x9e\xcc\xf5\
\xb7g3m\xf0\x8e1%\x11%P\xa0\xc4\xaa\xc5\xc8\
,O\xa6\xf6#\xd0\x82\xa8h\xe9\xb7\x0e\x048\x12\x22\
OI\xed\xe5\xc8vR\xa7\x1e2\x22\x96T\xe7\x97\xec\
#&\xe1\xc6\x9f\x08J\x19\x9e\x7flIlp\x15\xe9\
\xfa\xf6-\xe6\xc7]\x9a\xb0\xb8\xf1B.\xfa\x00\x84X\
\xf7\xe0g\xff\x00\x8b\x04\xfd\xab$\x931\xfb5F&\
\xee\x87*\x8ety\xe3\xcar\xec\xe5\xb3-m\xd9\xcc\
\xdb|#\x8cIFIV5W\x1c\x19bK\x91\xeb\
\xa6=\xb9o\xfe\x09\x1a\x95\xe8\x84\x95W\x10\xf6\xed\x82\
\xf4x\xfb)h\xbc\x8d%Y2H\x8e_b\x99'\
\xe3N\x0c1\x8e?\xcd\x02\xa8g\xcf\xd8\xb6\xdd\xc66\
\xca\xe6=\xe2B.\xfa\x00\x84X\xf7\xe0g\xfc\xf4i\
xN\xdc\x92!{\x96\xf1C~\xb4\x93\xb2\xa4-(\
g!\xc8IDIU\xb6\xb2\x10\x94Q`\x22\xa2\xdf\
\xbf\xa5\x06\xa6\x8fe(\xa2\xda\x0d\xc8\xc6\xe5b\xf2\xdc\
\x96\xde\xbc\x19H\x84\x8es\x9f\xd5\x06\xbd\x09\xc5PC\
\xf3\x1b\x9c,\x04\x9b8\x15\xf5*-m\xf8\x0bM\xa7\
\xd6\xa20\xf2\xa0\x82\x91\xd1\xf3\xfe\x09\x90\xad\xad\xe94\
Te\x85\xdd\xbb\xb8\x19L\xa5\x9b\x19\x16\xba\xfdz9\
L\xa2\x10\xed\xe8\x03\xb7\xe3\x82Y,m\xb1\xed\xc2\xb0\
\xfd$/t\x96\x0b\x04\xbd\x8d\xf1\x0d+\x0f)%\x19\
%^\xdbEt5\x14g\x14Ku\xd8\xa0\xab\xd9N\
j\xb6\x84\x83qW\xb2\xc6\xe1\x89N9\xb6!\xb6\xcc\
zrH\x93T\xd5\xf5BD1i\x17\xaa\x12\xe7\x82\
RD\xb8\x13%\x81]\xa9\xe9\xb4\x94\xbc\x89\xa5\x86\x12\
\x9f\x8f\xe8\xaa\x1dR\x8e\x1a}\x06\xa9Q\xc7\xb1Vq\
\xe7\xf5\xaf\xa2\xecd+\x16\x17v\xee\xe0e2\x96l\
dZ\xeb\xf5\xe8\xe52\x88C\xb7\xa0\xed\xf8\xb7}\x99\
'\xd0\x92\x08\xf79\x99\xed'\xed\xe1\xc7h\xa6\xca\xec\
\xe7\x1b\x8a\xb1\xbc\xde0([\xd8JL\xe6lR\x8a\
/Pp\x8e6)E\x11'\xa9\xc8\x9fJ\x93\x87\x22\
y\xaf~\xb8\xc4\xc5\x83\xd4\xa6\xb91I\xbb\x7f\x9fB\
\xb5\xbd\x91\x85O\x90\xd5\x94\xe6y\x89\xa7a\x81\xc6\xe3\
E\xd0\xdeln\x5c\x89E\x10\x84\xdbnpb\x10\xd5\
\x09T#\x0c\xbe\x90\xd4\x91\x8d\xca\x12\x81\x09C\xfc\xa3\
\xbf\xaa\xf0\x92}\xcef{-{\xe5E\x09(\xc6\xf3\
csW\x8b\xdd\x13T\xcef\xd8\x0d\xc5_\xa7\xc28\
\xdb\x01\xb8\xab\xf6\xe0\xc6\x13j\xde\xfez;\x8b\x8ck\
\x9b\xaa\x1a\x03\xb9[\xf7\x1dPPS\xec\xbfB\xc4\xad\
\xcbu\x89\xebQa\x5c\xcb8M|\x86+\xfb\xfa&\
F0\x84\x1b\x8a\xbfA\xb1\x88BT%P\x9c2\xfa\
B\x04+\x08JP\xdc~=?\xc8A$\x93\xeb\xc9\
>\xa1\x01\xd5\x10icJlJ\x91\xc28\xc4\x94D\
\x95D\x7f\xbc7\xa5\x09\x10s\x9c\xe2\xe3\x1a\x1c\xb1+\
$\x16 \xa8\xc6\xe5cP\x0dM\x1f\xa319d\x95\
\xf5*\xa4\xcb\xf0\xe0\x84\xe6\xc2QD5cr\xe4z\
@\xd0\xf7\xd0\x8a\x08\x9a\x0c\xe79\xf6m\xd9r\xfd\x0b\
n'\xd4\xc4\x98\xf0mU\xf91fSJs\xf3\xfa\
\x10Ky\xfd\x0ch\xfc\xfe\x86\xddG\xe4q^\xbdF\
\xdb1\xc8o\xb5\x07DcS\x8f\xd0\x99%\xd8\xa5\x87\
\xa4\x15eg\xb2\x85\xb2\x93o\xc4\x06\xb9\x0dM\x1e\xdb\
#\xf1\xf2A\x04{\xd4\xcag\x06\xe6\xacjh\xce\x11\
\xc6$\xa3$\xab'\xfda\xbd\xa2T\xf29NQ\xc2\
\xa4\x16 \xb8\xd5\x8c\x04\x16\xc59\xaa\xf4\x85%\xfdQ\
G\xab\xaaj\xfb\x98\xadq\xf0o\xd8W\xaf\x85(Y\
\x0e\xe8\x1e\x82\x1e\x839\xce|e\x12\x89\xdf$\x06\x91\
B\xa2\x12Td\x84\xed\xfc\x14\xc6\xfc~\x8bs\xf1\xfa\
\x123\xf1\xfa\x13\x5cO`\x86r\xd0C\xd4'\x85\x0f\
\x80U\x1b\xf8\x17n\xfd\x87\x8d\x06\x85\x1cJ\x93\xb2\x85\
\xb2\xb4\xa5\x0eU\xf7\xab\x8d\xe9T\xfc\x86\x95/\xf1\xa9\
mN\xc6fc~\xc9\xfa\xd7\x12\xd8U\xaa!\xb7M\
\xb6',N1\x9a\x8a\xde\x93U\xca\xbf\xb3\x9b\x91\x8d\
\xca\xc6K\xfa*j\xec\x04\xd3\xb7\xb0\xe79q\xa5\xa6\
\xbf\x80\x15\x04&ao\xd8qB\xcb~\x03\x8a\x1e[\
\xf0'\xbf\xf8O\x7f\xf0\x84K~\xc3Jp%b\x84\
\x194\xfcl\x93\xf8\x86\xc9\xd9X\xe6g\x82^\xc5\xfa\
PF\xc4\x86\xa1\x89)-\xb6\xa0bp\xb6\x19\xaa\xed\
\xe8\xd5\x14\x9c\x88\xa6\xfa{9\x8d\xc3\x12\x9d\x85\xe8\xb1\
\xb8cR1S\x0b*\x9e\xbbP2\x11\x88MP\xc9\
\xa7\xbf\x96h\xa0\xca\xc8\xd2@\x80\xdd!1=\x0e\xfb\
\xe8-\xef\xf0\xde\xdd\x1a\x1b\xfc\x1a\x1b\xfc\x0dJ\xa2h\
\xbf\xe2\xe4\x9fU\xec\xb5\xef\xd8\xb1\xb7\xbeoiI\xd4\
Lg2\xe3\xf1\x99p:\x1d\x92\x07\x96\xe4\xb69N\
]\x8854x\xe43m\xe43zk\xd4\x83)\x10\
\x90\x9c9\x13\xcdm\xc98\xe7\x13\x8cg\xa2\xb1%W\
\xe4\xe1\xbf\xf8C\x7f\xf3\x10\xe69\x84\xa7\x0d\xa6i\xfe\
5\xec'\xf8\x06/\xc3\xb2`jPg2\xe3\xca|\
`Zm\x04\x19\xb6!\xb1\xces\xe3'5D\x18\xe4\
3m\xe43zo\x0e~\x9c\x92$c\x09\xb5m\xb8\
#\x1c\xa4\x88\x8cd\xa3'\xab\xb7\xe4\xe5\x12\xb1\x0dc\
XR\xa2\xdf\xb0\xb8\xf7\xed\xf8\xfaC\xf7Y(3\x18\
\xc4T\xae\x11\xf8\x99\xc2:!\xb6\xb1%F\xd9`\x1a\
\x9a<d\xa2$\xaa\xc0d\xb7\xecI\xa5\x12ifT\
\xe1\x9c\xcb\xe9\xd5VC7\xb1\xbaU\x18\xdd=55\
p\x0dX\xdc\xb9\xd8\x04\x84\xbf\xe1\xeb\xd3!*\xdb\x82\
\x8a\xe3E\xf8\x14?r\xa1Q\x0dK\x11\x98\xc4T\xaf\
\xe3d\xaa\x1bq6d\x94\x13\x9a\xad\x81%\x19%^\
\x03%\xbfrM\x0c\x93B\xc3Z\x939\x97j\x82\xaf\
f\xc8f\xf64\xe0):zln\x18\xd4\x81^\xbe\
\x10\xe2C\x89\x12\xa0\x85\x1e\xfd\xb1\x8es\x9f\xf1\xf2\xc9\
~\xcd\xd0>\x1d\xba\xaahCq\xe8\xcb%\xfb\x16G\
\xe0\xf33\xf5V\xff\x00\x08\xb3\x22f\xa8\x9d\xcb`@\
54x\x06\xa6\x8c\xe3\x1c-\x9c\xe6l`\xb8\xa1M\
\x9b\x98\xe6\xc0%\xdb3P[<\x09\xba\xa22}\xbc\
\xcb\xde\xac+D(w \x19\xd1\xf88#\xd7NE\
\xa5\x0f\xf0\x8e\xfe\xd2\x9f\x83\xcc\xcf\xf0\xec\x11\xe8\xcf\x01\
B\xa8Z\xa6D\xe3\x14\xe6\xab\x00\x9c\xd5`\x22R\xc9\
\x94\xad\x9c\xe6lR\x1c!\xf0\xec\xdc\x87!\x15\x0c\xee\
\xcbrA&(\xaa<\xab\x93\x91\xed\xe6^\xf5]\x85\
}\xf4 \xd4rPm\xb7/\xf0rO\xb0\xc9\xce2\
O\xe0\x1d\xfd\x18 \xa9R\xa5\x7f\x06\x87\xb2\xc5\xb3f\
\x0b\xf1S\x82\x93\xa0\xa9\xe45\xc8jh\xc4!\xb5\x0b\
\x00\xd4\xd1\xec\xb1\x8bv\xca\xed\xb4A\xf9\x09\x0a\x1e\xd5\
%\x18\x97Tf\xfa\xd5\xff\x00\xd7\xa4\x9f\xc3\xa1\xec\xb1\
m\x12/\xc5\xa1\x97Fc\x1f\x90\xd2\xa5\x88cj\x90\
\x9c\xd5m\x09\xd0-6\x85:\xec\x83\x5c\x86\xe2\xafn\
J\xa22}\x81\xa7\xfe.\xc4X\x9331\x0f\xda\xbf\
}q=p\x09ux\xc1}\x81r\x0b\x12^\x16\x9b\
6s0\x85E\xbfa\xf0\xbd\xbf\xc2 \xa8\x99Ql\
\xd7\x81\xe9\x18eO\xad/\xf8\xd1/t\x0d\x0cc~\
*F\x22\x0b\x19\x99\xfbw\xef\xe4%Z\x83\x22\x8b\x16\
7\x0c\x82\x98\xd8\x92\xe4\x16\x85\xe6\xcd\x9c\xcc%$\xb7\
\xdb\xfc!\x22\xc3\xe5\xb2\x91U\x0d\xc5Yz=Mg\
\x84\x8f\xd9\xca%~ho\xdc\xb18v\x13/\xc2\xa1\
\x91\xb1\x1f\x9eR\x22C\xc2H\xa8\xc57;`\x9eh\
Nj\xb0\x0dM\x1e<\xe79\x90\xcd\xe9\xe43z9\
\x8c\x86c'\xfc\xd3\xbf\xe5\xe7b\x7f;b\xa8f\xef\
\xb0$\xae\xd8'\x15By\xa19\xaa\xd8\x1c\xc71\x90\
\xcd\xe9\xe43z9\x8c\x86c'\xb1\x94J\xff\x00\x88\
w\xfc\xbc\x92!\x92I$\xfb\xf7\xf8\x0c\xec\x8e\x0d\xb6\
Z\xb1xg3\x0c\xb0Y\x96\xc5J\x82\x12\x86Z\x17\
\x9bhybh \xab\x15\x80jh\xfd\x15\xccxX\
\xa7\x15BEg\xeaS\xb7\xfc\x1aR'\x9a\xf4[m\
\xcb\x1a\x82I\xfcl\x22\x169\x08\x82\x06\x22\x08 \x8f\
~\xfdf\xbd\x96['Z\xda\x8cS9\x98kq\xbd\
\xbb\x19\xa6\xe5\xe1i\xe8\x08\xec:$>BsTA\
\xe8\xa2\x1a\x1e-\xc5X\xf3\x1f\xa8\xed\xff\x00\x06\xd6L\
n}\x14\xe0I\xb7\x08\x82?\x1a\xb1\x9fVI\xfc\xea\
\x90\x94\xa1\x92Q\x12U\x12Tm\x90\x84\x10\x943\x90\
\xe4\x171\xa2\xf8\xfc`\xe7\x11\xa1\xe1N0\xd5l\x09\
(\x89*\x8eC\x90\x92\x88\x92\xabm\xa8$\x833\x99\
\xb1br\xc4\xe0\xe49\x09\xf0%\xc0\x8f\xf8\x84\xa4O\
5\xf9\xc0\x8f\xf8\xc0\xd2IFIV&\xcc\x92\x82\x12\
\x94!\x0eS\x94l\xaa\xc8)\x8es\xe3\x16\x14\x0c\xd6\
-j\xa4\x97\xc6J2J\xb3\x94\xe5$\xa3$\xab\xdb\
\x8a\xa3\xd9\x19\xcc\xd8\xb5\x03\x13\x84r\x9c\xa79>%\
\x85\xff\x00\x0e\xd6Ln\x7f38I&fc\xc1\xbf\
\xc2I?\x84\xb0\xe4\x16\x81\x0dB\x1c)\xb2\x09H\x9c\
U\x09\xcdP\x94\xd1c\xc8r\x13P\x8a\x86s1\x05\
\xc5\x0a\x0e*L\xa2\x0a\xb2\x0a1\xad\xa2\xd6Dn\xc2\
/\xc7wc9\x90\xcb\x8bqV7\x9b3\x99vI\
\xff\x00\xc0)\x84\x10ff<R\xff\x00\x87\xcc\xb3\x0f\
(\xd1m\xac\xd4Q\x8d\xc8\xd41%%\x8f)\xca1\
\xaa\xe61*dg3\x09\x0e\x10\xf8Ei\x0eNH\
*\x88(\x84\xb0\xf7\xdeD\x8a-\xec*w.\x16;\
\xbb\x19\xcc\x86\x5c[\xcd\x8d\xcdY\x9c\xcb\xb4O\xe0\x97\
\xfc\xdb\x16\x11\x82\x7f\xf0o\xd8\x02\xde\xec-\xeb\x165\
L\xc6%\x5c\x89\x22\x922,\xbc\xf7\xfa\x22J\xde\xdb\
)uFh\x91U\x0e\x14\xd9\x1a\xb7\xe6<\xaf\x1c\xa6\
}\x90Is\xc0\x8dO\xa6\xb8\x11\xe9\xca%\x0d\xa8\x10\
\x9e\xb4\xfa\x0b\xf0\xf0A\x04\x10F\xdc\x11\xf86,Z\
\xf7\x10G\xe2\xdf\xb0{P\xf6\xbcf\xa9\x15p\x83D\
\x8d*bJ\x96\xcaU\x11\x92.c\x92\x9b@TW\
\x1c\xa6}\x96\xa2\x8cL\xa8\xbd\x1b\xe2\xb8z\xa8A%\
\x1e\xab\xda\x84B\xc1~<$\x92I\xf7pF\xdd\x89\
\xf4Q\xb6&\xd3\x95\x8c=\x90\xff\x00\xe2\x80\x19\x15\xb1\
\xd4$\x8aH\xc45\x08p\xa7\xb9\x08{\x81\xe0\xcb1\
\x8c\x18\x87\xef\xa0\x83\x9c\xe7\xfcl\x93\xb6\xfd&\x9a\xa3\
\x1b\x9c_\xb2\x7f\xf1]A\x91Ka\x06\x89\x1a-\xee\
\xb5\xbd\xb4`\xf0e\x98\xcf\xe1\x03\x9c\xe7\xfcj3\xc1\
\xed\xe6g\xb6\x87\xff\x00\x22\x92\xe7\x81\x1a\x9f\xc7\x17\xf5\
\x9e\x0dA`\xc4$\x13\x8a\xa1\x8bn\xc5\xc9'\x16-\
\x98#\xd1\x821\x81\xfb\xc7on\x19\x8f\x07\xb7\x99\x9e\
\xdb\x17\xfc,\x11\xe9\xb5\x14beE\xf9\xe1pN \
\xe58cH\x87\xea\xb1z\xf1#\xb0\xbd\xe3\xb7\xac\xf0\
O\xd0Lb\xd8\xb9R\xbe\xf5\xff\x00\xd7,)\x83\x11\
$\xfb\xd6-\xa8\xd9\xbf\xe2_\xa4\xc6\xbd\x06\xb0b\xc6\
\xf8T\xaf\xbd\x7f\xf5\xf2@\x82\xfc\x08\x03\x16\xca\xda\x85\
\xf8\x8a\x95\xc6qx'\xea_f\xdb\x10A$\xff\x00\
\xe1(k\xdb\x80\x07!\xc9\xe9\xc7\xe4\xaaW\x18\xc5\x8d\
b\x97\xa5m\xabc$\x8c_\x9f\x82?\xe2\xa7\xdb\xf2\
\x9c\xbf\x94o\xd7\xccffffb\xc2I\xd9\x8cV\
\xcd\x98I?\xf2\xb2O\xe6\x17\xa7B\x9e\xca\xde\xf6=\
\xf6c3333\xc32\x08\xd9\x9fB\xcf\xfcEz\
t)\xf8\x99D\xad\x99xJ%\x12\x89^\xcf\xff\xd9\
\
"

qt_resource_name = b"\
\x00\x04\
\x00\x06\x87\x9b\
\x00b\
\x00a\x00c\x00k\
\x00\x08\
\x08/^\xc7\
\x00w\
\x00a\x00l\x00l\x00.\x00j\x00p\x00g\
"

qt_resource_struct = b"\
\x00\x00\x00\x00\x00\x02\x00\x00\x00\x01\x00\x00\x00\x01\
\x00\x00\x00\x00\x00\x00\x00\x00\
\x00\x00\x00\x00\x00\x02\x00\x00\x00\x01\x00\x00\x00\x02\
\x00\x00\x00\x00\x00\x00\x00\x00\
\x00\x00\x00\x0e\x00\x00\x00\x00\x00\x01\x00\x00\x00\x00\
\x00\x00\x01\x8f$\x93\xac\x80\
"

def qInitResources():
    QtCore.qRegisterResourceData(0x03, qt_resource_struct, qt_resource_name, qt_resource_data)

def qCleanupResources():
    QtCore.qUnregisterResourceData(0x03, qt_resource_struct, qt_resource_name, qt_resource_data)

qInitResources()
